"DESCRIPTION","DURATION IN MS","NAME","PARENT SUITE","START TIME","STATUS","STOP TIME","SUB SUITE","SUITE","TEST CLASS","TEST METHOD"
"The test sets the value in the field via Popup using a unique id, and then checks the value in the field with what needs to be set.","10390","A test for setting a value in a field","","Mon Dec 08 13:15:59 UTC 2025","failed","Mon Dec 08 13:16:09 UTC 2025","","List. Checking the basic functions for the SuggestionPickList in the widget List","application.Samples.List.SuggestionPickListOnListTest","edit"
"The test sets the value in the field. After approval, by clicking on the save button, the popup window, the title, the text in it, and the buttons are validated","10333","Confirmation Popup Validation Test","","Mon Dec 08 13:59:09 UTC 2025","failed","Mon Dec 08 13:59:19 UTC 2025","","Form. Checking the basic functions for the Dictionary in the widget Form","application.Samples.Form.DictionaryOnFormTest","confirm"
"The test gets the value from the placeholder attribute and returns it in String format","10278","Test for getting the Placeholder value","","Mon Dec 08 13:40:43 UTC 2025","failed","Mon Dec 08 13:40:53 UTC 2025","","Form. Checking the basic functions for the Suggestion PickList in the widget Form","application.Samples.Form.SuggestionPickListOnFormTest","placeholder"
"The test sets the value in the field. After approval, the popup window, the title, the text in it, and the buttons are validated.","10415","Business Exception Validation Test","","Mon Dec 08 13:15:59 UTC 2025","failed","Mon Dec 08 13:16:09 UTC 2025","","List. Checking the basic functions for the Radio in the widget List","application.Samples.List.RadioOnListTest","businessException"
"The test sets the value in the field, and then checks the value in the field with what should be set","10296","A test for setting a value in a field","","Mon Dec 08 13:48:17 UTC 2025","failed","Mon Dec 08 13:48:28 UTC 2025","","Form. Checking the basic functions for the NumberDigits in the widget Form","application.Samples.Form.NumberDigitsOnFormTest","edit"
"The test clears the field and clicks the Save button. Then validates the message that the field is required.","10330","Required Message text Verification field test","","Mon Dec 08 13:26:11 UTC 2025","failed","Mon Dec 08 13:26:21 UTC 2025","","List. Checking the basic functions for the InlinePickList in the widget List","application.Samples.List.InlinePickListOnListTest","required"
"The test gets the value from the style attribute in RGB format, and then converts it to Hex format","10299","A test to get the field color value in Hex format","","Mon Dec 08 13:44:51 UTC 2025","failed","Mon Dec 08 13:45:01 UTC 2025","","Form. Checking the basic functions for the Radio in the widget Form","application.Samples.Form.RadioOnFormTest","color"
"Sorting is not available for the Form widget","10341","Sorting test","","Mon Dec 08 13:43:39 UTC 2025","failed","Mon Dec 08 13:43:49 UTC 2025","","Form. Checking the basic functions for the Radio in the widget Form","application.Samples.Form.RadioOnFormTest","sorting"
"The test sets the value in the field. After approval, by clicking on the save button, the popup window, the title, the text in it, and the buttons are validated.","10391","Confirmation Popup Validation Test","","Mon Dec 08 13:27:55 UTC 2025","failed","Mon Dec 08 13:28:06 UTC 2025","","List. Checking the basic functions for the PickList in the widget List","application.Samples.List.PickListOnListTest","confirm"
"","10331","The test for getting the value from the field","","Mon Dec 08 13:36:35 UTC 2025","failed","Mon Dec 08 13:36:45 UTC 2025","","Info. Checking the basic functions for the Number","application.Samples.Info.NumberOnInfoTest","read"
"Info Widget is always read-only","10301","A test to check the field for ""Read-only""","","Mon Dec 08 13:56:09 UTC 2025","failed","Mon Dec 08 13:56:19 UTC 2025","","Info. Checking the basic functions for the Radio","application.Samples.Info.RadioOnInfoTest","readonly"
"The test sets the value in the field, and then checks the value in the field with what should be set","10298","A test for setting a value in a field","","Mon Dec 08 13:53:17 UTC 2025","failed","Mon Dec 08 13:53:27 UTC 2025","","Form. Checking the basic functions for the DateTime in the widget Form","application.Samples.Form.DateTimeOnFormTest","edit"
"The test gets the value from the placeholder attribute and returns it in String format","10317","Test for getting the Placeholder value","","Mon Dec 08 13:58:17 UTC 2025","failed","Mon Dec 08 13:58:28 UTC 2025","","Form. Checking the basic functions for the Dictionary in the widget Form","application.Samples.Form.DictionaryOnFormTest","placeholder"
"","10381","A test to get a value for a multifield hint","","Mon Dec 08 13:22:54 UTC 2025","failed","Mon Dec 08 13:23:04 UTC 2025","","List. Checking the basic functions for the MultiField in the widget List","application.Samples.List.MultiFieldOnListTest","getValues"
"Checking the url before the transition and after the transition/click on a special element","10384","The DrillDown test","","Mon Dec 08 14:01:02 UTC 2025","failed","Mon Dec 08 14:01:12 UTC 2025","","List. Checking the basic functions for the MultipleSelect in the widget List","application.Samples.List.MultipleSelectOnListTest","drillDown"
"Checking the url before the transition and after the transition/click on a special element","10296","The DrillDown test","","Mon Dec 08 13:47:46 UTC 2025","failed","Mon Dec 08 13:47:57 UTC 2025","","Form. Checking the basic functions for the NumberDigits in the widget Form","application.Samples.Form.NumberDigitsOnFormTest","drillDown"
"The test clears the field and clicks the Save button. Then validates the message that the field is required","10356","Required Message text Verification field test","","Mon Dec 08 13:40:12 UTC 2025","failed","Mon Dec 08 13:40:22 UTC 2025","","Form. Checking the basic functions for the Suggestion PickList in the widget Form","application.Samples.Form.SuggestionPickListOnFormTest","required"
"The test clears the field and clicks the Save button. Then validates the message that the field is required.","10297","Required Message text Verification field test","","Mon Dec 08 13:48:18 UTC 2025","failed","Mon Dec 08 13:48:28 UTC 2025","","Form. Checking the basic functions for the MultiValue in the widget Form","application.Samples.Form.MultiValueOnFormTest","required"
"The test sets the value with the wrong data type in the field. After approval, it checks the text under the field, which informs about the correctness of the type of data entered.","10347","Required Message validation test for one field","","Mon Dec 08 13:26:00 UTC 2025","failed","Mon Dec 08 13:26:11 UTC 2025","","List. Checking the basic functions for the InlinePickList in the widget List","application.Samples.List.InlinePickListOnListTest","fieldLevelValidationAnnotation"
"The test sets the value in the field. After approval, by clicking on the save button, the popup window, the title, the text in it, and the buttons are validated","10315","Confirmation Popup Validation Test","","Mon Dec 08 13:51:03 UTC 2025","failed","Mon Dec 08 13:51:13 UTC 2025","","Form. Checking the basic functions for the MultipleSelect in the widget Form","application.Samples.Form.MultipleSelectOnFormTest","confirm"
"Filtering by the specified column.","10350","Filtering test","","Mon Dec 08 13:26:01 UTC 2025","failed","Mon Dec 08 13:26:11 UTC 2025","","List. Checking the basic functions for the PickList in the widget List","application.Samples.List.PickListOnListTest","filtration"
"The test deletes the value by checking the autocomplete in a blank field","10314","Auto-completion test after cleaning","","Mon Dec 08 13:48:04 UTC 2025","failed","Mon Dec 08 13:48:14 UTC 2025","","Form. Checking the basic functions for the Percent in the widget Form","application.Samples.Form.PercentOnFormTest","nullable"
"The test sets the value in the field. After approval, the popup window, the title, the text in it, and the buttons are validated.","10382","Business Exception Validation Test","","Mon Dec 08 13:28:46 UTC 2025","failed","Mon Dec 08 13:28:56 UTC 2025","","List. Checking the basic functions for the Dictionary in the widget List","application.Samples.List.DictionaryOnListTest","businessException"
"Test check max input at the field","10329","Max input test","","Mon Dec 08 13:19:27 UTC 2025","failed","Mon Dec 08 13:19:37 UTC 2025","","List. Checking the basic functions for the Input in the widget List","application.Samples.List.InputOnListTest","maxInput"
"Checking the url before the transition and after the transition/click on a special element","10298","The DrillDown test","","Mon Dec 08 13:52:15 UTC 2025","failed","Mon Dec 08 13:52:25 UTC 2025","","Form. Checking the basic functions for the DateTime in the widget Form","application.Samples.Form.DateTimeOnFormTest","drillDown"
"The test gets the value from the style attribute in RGB format, and then converts it to Hex format","10313","A test to get the field color value in Hex format","","Mon Dec 08 13:26:42 UTC 2025","failed","Mon Dec 08 13:26:52 UTC 2025","","List. Checking the basic functions for the InlinePickList in the widget List","application.Samples.List.InlinePickListOnListTest","color"
"","10297","digits()","","Mon Dec 08 13:58:13 UTC 2025","failed","Mon Dec 08 13:58:23 UTC 2025","","Form. Checking the basic functions for the Number in the widget Form","application.Samples.Form.NumberOnFormTest","digits"
"The test sets the value in the field. After approval, the popup window, the title, the text in it, and the buttons are validated","10295","Business Exception Validation Test","","Mon Dec 08 13:41:52 UTC 2025","failed","Mon Dec 08 13:42:03 UTC 2025","","Form. Checking the basic functions for the Date in the widget Form","application.Samples.Form.DateOnFormTest","businessException"
"Checking the url before the transition and after the transition/click on a special element","10348","The DrillDown test","","Mon Dec 08 13:16:51 UTC 2025","failed","Mon Dec 08 13:17:01 UTC 2025","","List. Checking the basic functions for the Number in the widget List","application.Samples.List.NumberOnListTest","drillDown"
"The test gets the value from the placeholder attribute and returns it in String format","10299","Test for getting the Placeholder value","","Mon Dec 08 13:49:47 UTC 2025","failed","Mon Dec 08 13:49:58 UTC 2025","","Form. Checking the basic functions for the Percent in the widget Form","application.Samples.Form.PercentOnFormTest","placeholder"
"The test sets a value with the wrong data type in several fields for different widgets. After approval, it checks the text under the field, which informs about the correctness of the type of data entered","10331","Required Message validation test for multiple fields","","Mon Dec 08 13:52:26 UTC 2025","failed","Mon Dec 08 13:52:36 UTC 2025","","Form. Checking the basic functions for the FileUpload in the widget Form","application.Samples.Form.FileUploadOnFormTest","fieldLevelValidation"
"The test checks for the disabled attribute","10299","A test to check the field for ""Read-only""","","Mon Dec 08 13:52:57 UTC 2025","failed","Mon Dec 08 13:53:07 UTC 2025","","Form. Checking the basic functions for the Money in the widget Form","application.Samples.Form.MoneyOnFormTest","readonly"
"The test clears the field and clicks the Save button. Then validates the message that the field is required","10331","Required Message text Verification field test","","Mon Dec 08 13:58:59 UTC 2025","failed","Mon Dec 08 13:59:09 UTC 2025","","Form. Checking the basic functions for the Dictionary in the widget Form","application.Samples.Form.DictionaryOnFormTest","required"
"The test sets the value in the field. After approval, by clicking on the save button, the popup window, the title, the text in it, and the buttons are validated.","10441","Confirmation Popup Validation Test","","Mon Dec 08 14:01:33 UTC 2025","failed","Mon Dec 08 14:01:44 UTC 2025","","List. Checking the basic functions for the Number in the widget List","application.Samples.List.NumberOnListTest","confirm"
"The test gets the value from the placeholder attribute and returns it in String format","10297","Test for getting the Placeholder value","","Mon Dec 08 13:57:42 UTC 2025","failed","Mon Dec 08 13:57:52 UTC 2025","","Form. Checking the basic functions for the Number in the widget Form","application.Samples.Form.NumberOnFormTest","placeholder"
"The test sets a value with the wrong data type in several fields for different widgets. After approval, it checks the text under the field, which informs about the correctness of the type of data entered","10280","Required Message validation test for multiple fields","","Mon Dec 08 13:47:33 UTC 2025","failed","Mon Dec 08 13:47:43 UTC 2025","","Form. Checking the basic functions for the Input in the widget Form","application.Samples.Form.InputOnFormTest","fieldLevelValidation"
"The test sets a value with the wrong data type in several fields for different widgets. After approval, it checks the text under the field, which informs about the correctness of the type of data entered","10298","Required Message validation test for multiple fields","","Mon Dec 08 13:54:36 UTC 2025","failed","Mon Dec 08 13:54:47 UTC 2025","","List. Checking the basic functions for the Percent in the widget List","application.Samples.List.PercentOnListTest","fieldLevelValidation"
"Filtering is not available for InfoWidget.","10357","Filtering test","","Mon Dec 08 13:36:14 UTC 2025","failed","Mon Dec 08 13:36:25 UTC 2025","","Info. Checking the basic functions for the Number","application.Samples.Info.NumberOnInfoTest","filtration"
"The test sets a value with the wrong data type in several fields for different widgets. After approval, it checks the text under the field, which informs about the correctness of the type of data entered","10299","Required Message validation test for multiple fields","","Mon Dec 08 13:47:16 UTC 2025","failed","Mon Dec 08 13:47:26 UTC 2025","","Form. Checking the basic functions for the PickList in the widget Form","application.Samples.Form.PickListOnFormTest","fieldLevelValidation"
"The test sets the value in the field. After approval, the popup window, the title, the text in it, and the buttons are validated","10298","Business Exception Validation Test","","Mon Dec 08 13:44:06 UTC 2025","failed","Mon Dec 08 13:44:17 UTC 2025","","Form. Checking the basic functions for the DateTimeWithSeconds in the widget Form","application.Samples.Form.DateTimeWithSecondsOnFormTest","businessException"
"Checking the url before the transition and after the transition/click on a special element","10298","The DrillDown test","","Mon Dec 08 13:49:19 UTC 2025","failed","Mon Dec 08 13:49:29 UTC 2025","","Form. Checking the basic functions for the MultipleSelect in the widget Form","application.Samples.Form.MultipleSelectOnFormTest","drillDown"
"","10330","The test for getting the value from the field","","Mon Dec 08 13:36:45 UTC 2025","failed","Mon Dec 08 13:36:56 UTC 2025","","Info. Checking the basic functions for the DateTimeWithSeconds","application.Samples.Info.DateTimeWithSecondsOnInfoTest","read"
"The test gets the value from the style attribute in RGB format, and then converts it to Hex format","10281","A test to get the field color value in Hex format","","Mon Dec 08 13:53:27 UTC 2025","failed","Mon Dec 08 13:53:37 UTC 2025","","Form. Checking the basic functions for the DateTime in the widget Form","application.Samples.Form.DateTimeOnFormTest","color"
"The test sets the value with the wrong data type in the field. After approval, it checks the text under the field, which informs about the correctness of the type of data entered.","10395","Required Message validation test for one field","","Mon Dec 08 13:26:42 UTC 2025","failed","Mon Dec 08 13:26:53 UTC 2025","","List. Checking the basic functions for the PickList in the widget List","application.Samples.List.PickListOnListTest","fieldLevelValidationAnnotation"
"The test clears the field and clicks the Save button. Then validates the message that the field is required.","10380","Required Message text Verification field test","","Mon Dec 08 13:24:17 UTC 2025","failed","Mon Dec 08 13:24:28 UTC 2025","","List. Checking the basic functions for the DateTimeWithSeconds in the widget List","application.Samples.List.DateTimeWithSecondsOnListTest","required"
"The test sets the value with the wrong data type in the field. After approval, it checks the text under the field, which informs about the correctness of the type of data entered","10349","Required Message validation test for one field","","Mon Dec 08 13:50:01 UTC 2025","failed","Mon Dec 08 13:50:11 UTC 2025","","Form. Checking the basic functions for the MultipleSelect in the widget Form","application.Samples.Form.MultipleSelectOnFormTest","fieldLevelValidationAnnotation"
"The test checks for the disabled attribute","10297","A test to check the field for ""Read-only""","","Mon Dec 08 13:40:02 UTC 2025","failed","Mon Dec 08 13:40:12 UTC 2025","","Form. Checking the basic functions for the Suggestion PickList in the widget Form","application.Samples.Form.SuggestionPickListOnFormTest","readonly"
"The test sets the value in the field, and then checks the value in the field with what should be set.","10316","A test for setting a value in a field","","Mon Dec 08 13:53:24 UTC 2025","failed","Mon Dec 08 13:53:34 UTC 2025","","List. Checking the basic functions for the Percent in the widget List","application.Samples.List.PercentOnListTest","edit"
"The test gets the value from the placeholder attribute and returns it in String format","10298","Test for getting the Placeholder value","","Mon Dec 08 13:57:14 UTC 2025","failed","Mon Dec 08 13:57:25 UTC 2025","","Form. Checking the basic functions for the CheckBox","application.Samples.Form.CheckBoxOnFormTest","placeholder"
"Info Widget is always read-only","10298","A test to check the field for ""Read-only""","","Mon Dec 08 13:37:24 UTC 2025","failed","Mon Dec 08 13:37:34 UTC 2025","","Info. Checking the basic functions for the Text","application.Samples.Info.TextOnInfoTest","readonly"
"The test checks for the disabled attribute.","10365","A test to check the field for ""Read-only""","","Mon Dec 08 13:26:32 UTC 2025","failed","Mon Dec 08 13:26:42 UTC 2025","","List. Checking the basic functions for the PickList in the widget List","application.Samples.List.PickListOnListTest","readonly"
"The test sets the value in the field. After approval, the popup window, the title, the text in it, and the buttons are validated","10299","Business Exception Validation Test","","Mon Dec 08 13:57:26 UTC 2025","failed","Mon Dec 08 13:57:36 UTC 2025","","Form. Checking the basic functions for the Dictionary in the widget Form","application.Samples.Form.DictionaryOnFormTest","businessException"
"Filtering is not available for the Form widget","10300","Filtering test","","Mon Dec 08 13:48:35 UTC 2025","failed","Mon Dec 08 13:48:45 UTC 2025","","Form. Checking the basic functions for the Percent in the widget Form","application.Samples.Form.PercentOnFormTest","filtration"
"The test sets the value in the field. After approval, the popup window, the title, the text in it, and the buttons are validated.","10397","Business Exception Validation Test","","Mon Dec 08 13:27:03 UTC 2025","failed","Mon Dec 08 13:27:14 UTC 2025","","List. Checking the basic functions for the PickList in the widget List","application.Samples.List.PickListOnListTest","businessException"
"The test sets the value in the field. After approval, the popup window, the title, the text in it, and the buttons are validated.","10311","Business Exception Validation Test","","Mon Dec 08 13:18:56 UTC 2025","failed","Mon Dec 08 13:19:06 UTC 2025","","List. Checking the basic functions for the Input in the widget List","application.Samples.List.InputOnListTest","businessException"
"The method returns Option-Status pairs, for all. The test checks each pair.","10444","Test to check the status of all options","","Mon Dec 08 14:00:51 UTC 2025","failed","Mon Dec 08 14:01:02 UTC 2025","","List. Checking the basic functions for the MultipleSelect in the widget List","application.Samples.List.MultipleSelectOnListTest","statusOptions"
"","10413","The test for getting the value from the field","","Mon Dec 08 13:31:23 UTC 2025","failed","Mon Dec 08 13:31:33 UTC 2025","","Info. Checking the basic functions for the MultiValueHover","application.Samples.Info.MultiValueHoverOnInfoTest","read"
"The test gets the value from the style attribute in RGB format, and then converts it to Hex format","10396","A test to get the field color value in Hex format","","Mon Dec 08 13:29:17 UTC 2025","failed","Mon Dec 08 13:29:27 UTC 2025","","List. Checking the basic functions for the Dictionary in the widget List","application.Samples.List.DictionaryOnListTest","color"
"Filtering is not available for the Form widget","10298","Filtering test","","Mon Dec 08 13:49:40 UTC 2025","failed","Mon Dec 08 13:49:50 UTC 2025","","Form. Checking the basic functions for the MultipleSelect in the widget Form","application.Samples.Form.MultipleSelectOnFormTest","filtration"
"The test checks for the disabled attribute.","10348","A test to check the field for ""Read-only""","","Mon Dec 08 13:54:05 UTC 2025","failed","Mon Dec 08 13:54:16 UTC 2025","","List. Checking the basic functions for the Percent in the widget List","application.Samples.List.PercentOnListTest","readonly"
"","10331","The test for getting the value from the field","","Mon Dec 08 13:30:42 UTC 2025","failed","Mon Dec 08 13:30:52 UTC 2025","","Info. Checking the basic functions for the FileUp","application.Samples.Info.FileUploadOnInfoTest","read"
"Info Widget is always read-only","10339","A test to check the field for ""Read-only""","","Mon Dec 08 13:36:25 UTC 2025","failed","Mon Dec 08 13:36:35 UTC 2025","","Info. Checking the basic functions for the Number","application.Samples.Info.NumberOnInfoTest","readonly"
"Sorting is not available for the Form widget","10295","Sorting test","","Mon Dec 08 13:52:04 UTC 2025","failed","Mon Dec 08 13:52:15 UTC 2025","","Form. Checking the basic functions for the DateTime in the widget Form","application.Samples.Form.DateTimeOnFormTest","sorting"
"The test opens a modal window, clears the field, closes the window, and then checks the message under the field.","10298","Required Message text Verification field test","","Mon Dec 08 13:49:10 UTC 2025","failed","Mon Dec 08 13:49:20 UTC 2025","","Form. Checking the basic functions for the MultiValue in the widget Form","application.Samples.Form.MultiValueOnFormTest","required_2"
"Info Widget is always read-only","10304","A test to check the field for ""Read-only""","","Mon Dec 08 13:54:19 UTC 2025","failed","Mon Dec 08 13:54:29 UTC 2025","","Info. Checking the basic functions for the MultiplySelect","application.Samples.Info.MultipleSelectOnInfoTest","readonly"
"The test sets the value in the field via Popup using a unique id, and then checks the value in the field with what needs to be set","10348","A test for setting a value in a field","","Mon Dec 08 13:46:45 UTC 2025","failed","Mon Dec 08 13:46:55 UTC 2025","","Form. Checking the basic functions for the PickList in the widget Form","application.Samples.Form.PickListOnFormTest","edit"
"Checking the url before the transition and after the transition/click on a special element","10315","The DrillDown test","","Mon Dec 08 13:25:29 UTC 2025","failed","Mon Dec 08 13:25:40 UTC 2025","","List. Checking the basic functions for the InlinePickList in the widget List","application.Samples.List.InlinePickListOnListTest","drillDown"
"The test clears the field and clicks the Save button. Then validates the message that the field is required.","10399","Required Message text Verification field test","","Mon Dec 08 13:26:53 UTC 2025","failed","Mon Dec 08 13:27:03 UTC 2025","","List. Checking the basic functions for the PickList in the widget List","application.Samples.List.PickListOnListTest","required"
"The test sets a value with the wrong data type in several fields for different widgets. After approval, it checks the text under the field, which informs about the correctness of the type of data entered","10314","Required Message validation test for multiple fields","","Mon Dec 08 13:49:51 UTC 2025","failed","Mon Dec 08 13:50:02 UTC 2025","","Form. Checking the basic functions for the MultiValue in the widget Form","application.Samples.Form.MultiValueOnFormTest","fieldLevelValidation"
"The test sets the value in the field. After approval, the popup window, the title, the text in it, and the buttons are validated.","10348","Run-time exception validation test","","Mon Dec 08 13:50:02 UTC 2025","failed","Mon Dec 08 13:50:12 UTC 2025","","Form. Checking the basic functions for the MultiValue in the widget Form","application.Samples.Form.MultiValueOnFormTest","runtimeException"
"Sorting is not available for InfoWidget.","10331","Sorting test","","Mon Dec 08 13:32:34 UTC 2025","failed","Mon Dec 08 13:32:45 UTC 2025","","Info. Checking the basic functions for the Percent","application.Samples.Info.PercentOnInfoTest","sorting"
"The test sets the value in the field. After approval, the popup window, the title, the text in it, and the buttons are validated.","10379","Business Exception Validation Test","","Mon Dec 08 13:17:53 UTC 2025","failed","Mon Dec 08 13:18:04 UTC 2025","","List. Checking the basic functions for the Number in the widget List","application.Samples.List.NumberOnListTest","businessException"
"The test sets the value in the field. After approval, the popup window, the title, the text in it, and the buttons are validated","10297","Run-time exception validation test","","Mon Dec 08 13:57:32 UTC 2025","failed","Mon Dec 08 13:57:42 UTC 2025","","Form. Checking the basic functions for the Number in the widget Form","application.Samples.Form.NumberOnFormTest","runtimeException"
"The test clears the field and clicks the Save button. Then validates the message that the field is required.","10297","Required Message text Verification field test","","Mon Dec 08 13:54:26 UTC 2025","failed","Mon Dec 08 13:54:36 UTC 2025","","List. Checking the basic functions for the Percent in the widget List","application.Samples.List.PercentOnListTest","required"
"The test sets the value in the field, and then checks the value in the field with what should be set","10297","A test for setting a value in a field","","Mon Dec 08 13:44:41 UTC 2025","failed","Mon Dec 08 13:44:51 UTC 2025","","Form. Checking the basic functions for the Radio in the widget Form","application.Samples.Form.RadioOnFormTest","edit"
"The test sets a value with the wrong data type in several fields for different widgets. After approval, it checks the text under the field, which informs about the correctness of the type of data entered","10396","Required Message validation test for multiple fields","","Mon Dec 08 13:18:45 UTC 2025","failed","Mon Dec 08 13:18:55 UTC 2025","","List. Checking the basic functions for the Number in the widget List","application.Samples.List.NumberOnListTest","fieldLevelValidation"
"The test sets the value with the wrong data type in the field. After approval, it checks the text under the field, which informs about the correctness of the type of data entered","10300","Required Message validation test for one field","","Mon Dec 08 13:41:32 UTC 2025","failed","Mon Dec 08 13:41:42 UTC 2025","","Form. Checking the basic functions for the Date in the widget Form","application.Samples.Form.DateOnFormTest","fieldLevelValidationAnnotation"
"The test sets the value in the field. After approval, the popup window, the title, the text in it, and the buttons are validated.","10299","Run-time exception validation test","","Mon Dec 08 13:59:30 UTC 2025","failed","Mon Dec 08 13:59:40 UTC 2025","","List. Checking the basic functions for the Money in the widget List","application.Samples.List.MoneyOnListTest","runtimeException"
"The test sets the value in the field. After approval, the popup window, the title, the text in it, and the buttons are validated.","10413","Run-time exception validation test","","Mon Dec 08 13:28:16 UTC 2025","failed","Mon Dec 08 13:28:27 UTC 2025","","List. Checking the basic functions for the PickList in the widget List","application.Samples.List.PickListOnListTest","runtimeException"
"Checking the url before the transition and after the transition/click on a special element","10329","The DrillDown test","","Mon Dec 08 13:37:27 UTC 2025","failed","Mon Dec 08 13:37:37 UTC 2025","","Form. Checking the basic functions for the Text in the widget Form","application.Samples.Form.TextOnFormTest","drillDown"
"The test gets the value from the style attribute in RGB format, and then converts it to Hex format","10349","A test to get the field color value in Hex format","","Mon Dec 08 13:29:49 UTC 2025","failed","Mon Dec 08 13:30:00 UTC 2025","","List. Checking the basic functions for the DateTime in the widget List","application.Samples.List.DateTimeOnListTest","color"
"The test checks for the disabled attribute.","10333","A test to check the field for ""Read-only""","","Mon Dec 08 13:28:15 UTC 2025","failed","Mon Dec 08 13:28:25 UTC 2025","","List. Checking the basic functions for the Dictionary in the widget List","application.Samples.List.DictionaryOnListTest","readonly"
"The test clears the field and clicks the Save button. Then validates the message that the field is required.","0","Required Message text Verification field test","","Mon Dec 08 13:21:21 UTC 2025","skipped","Mon Dec 08 13:21:21 UTC 2025","","List. Checking the basic functions for the CheckBox","application.Samples.List.CheckBoxOnListTest","required"
"The test gets the value from the style attribute in RGB format, and then converts it to Hex format","10387","A test to get the field color value in Hex format","","Mon Dec 08 13:27:34 UTC 2025","failed","Mon Dec 08 13:27:45 UTC 2025","","List. Checking the basic functions for the PickList in the widget List","application.Samples.List.PickListOnListTest","color"
"Filtering by the specified column.","10330","Filtering test","","Mon Dec 08 13:23:56 UTC 2025","failed","Mon Dec 08 13:24:07 UTC 2025","","List. Checking the basic functions for the DateTimeWithSeconds in the widget List","application.Samples.List.DateTimeWithSecondsOnListTest","filtration"
"The test checks the value in the field with what should be set","10346","A test to read value","","Mon Dec 08 13:34:41 UTC 2025","failed","Mon Dec 08 13:34:51 UTC 2025","","Info. Checking the basic functions for the Time","application.Samples.Info.TimeOnInfoTest","read3"
"The test sets a value with the wrong data type in several fields for different widgets. After approval, it checks the text under the field, which informs about the correctness of the type of data entered","10348","Required Message validation test for multiple fields","","Mon Dec 08 13:59:39 UTC 2025","failed","Mon Dec 08 13:59:49 UTC 2025","","List. Checking the basic functions for the MultipleSelect in the widget List","application.Samples.List.MultipleSelectOnListTest","fieldLevelValidation"
"The test sets the value in the field. After approval, by clicking on the save button, the popup window, the title, the text in it, and the buttons are validated.","10314","Confirmation Popup Validation Test","","Mon Dec 08 13:49:41 UTC 2025","failed","Mon Dec 08 13:49:51 UTC 2025","","Form. Checking the basic functions for the MultiValue in the widget Form","application.Samples.Form.MultiValueOnFormTest","confirm"
"Filtering is not available for InfoWidget.","10299","Filtering test","","Mon Dec 08 13:58:16 UTC 2025","failed","Mon Dec 08 13:58:26 UTC 2025","","Info. Checking the basic functions for the Hint","application.Samples.Info.HintOnInfoTest","filtration"
"Sorting is not available for InfoWidget.","10329","Sorting test","","Mon Dec 08 13:36:04 UTC 2025","failed","Mon Dec 08 13:36:14 UTC 2025","","Info. Checking the basic functions for the DateTimeWithSeconds","application.Samples.Info.DateTimeWithSecondsOnInfoTest","sorting"
"Sorting is not available for InfoWidget.","10346","Sorting test","","Mon Dec 08 13:29:50 UTC 2025","failed","Mon Dec 08 13:30:00 UTC 2025","","Info. Checking the basic functions for the FileUp","application.Samples.Info.FileUploadOnInfoTest","sorting"
"Checking the url before the transition and after the transition/click on a special element","10331","The DrillDown test","","Mon Dec 08 13:58:44 UTC 2025","failed","Mon Dec 08 13:58:54 UTC 2025","","Form. Checking the basic functions for the Number in the widget Form","application.Samples.Form.NumberOnFormTest","drillDown"
"The test sets the value in the field, and then checks the value in the field with what should be set. Предварительной очистки поля нет","10297","A test for setting a value in a field","","Mon Dec 08 13:50:32 UTC 2025","failed","Mon Dec 08 13:50:42 UTC 2025","","Form. Checking the basic functions for the MultipleSelect in the widget Form","application.Samples.Form.MultipleSelectOnFormTest","edit"
"Checking the url before the transition and after the transition/click on a special element","10365","The DrillDown test","","Mon Dec 08 13:53:38 UTC 2025","failed","Mon Dec 08 13:53:49 UTC 2025","","Form. Checking the basic functions for the Money in the widget Form","application.Samples.Form.MoneyOnFormTest","drillDown"
"A test to get the value from the field. Hint is always read-only, so it is impossible to set the value.","10401","A test to check the value in a field","","Mon Dec 08 13:22:13 UTC 2025","failed","Mon Dec 08 13:22:23 UTC 2025","","List. Checking the basic functions for the Hint in the widget List","application.Samples.List.HintOnListTest","edit"
"The test check icon's name from the drop-down list ","10380","A test for checking the icon","","Mon Dec 08 13:29:07 UTC 2025","failed","Mon Dec 08 13:29:17 UTC 2025","","List. Checking the basic functions for the Dictionary in the widget List","application.Samples.List.DictionaryOnListTest","icon"
"The test gets the value from the style attribute in RGB format, and then converts it to Hex format","10388","A test to get the field color value in Hex format","","Mon Dec 08 13:21:00 UTC 2025","failed","Mon Dec 08 13:21:10 UTC 2025","","List. Checking the basic functions for the MultiValue in the widget List","application.Samples.List.MultiValueOnListTest","color"
"Filtering by the specified column.","10298","Filtering test","","Mon Dec 08 13:53:45 UTC 2025","failed","Mon Dec 08 13:53:55 UTC 2025","","List. Checking the basic functions for the Percent in the widget List","application.Samples.List.PercentOnListTest","filtration"
"The test sets the value in the field. After approval, the popup window, the title, the text in it, and the buttons are validated.","10309","Business Exception Validation Test","","Mon Dec 08 13:59:04 UTC 2025","failed","Mon Dec 08 13:59:15 UTC 2025","","List. Checking the basic functions for the CheckBox","application.Samples.List.CheckBoxOnListTest","businessException"
"The test gets the value from the placeholder attribute and returns it in String format","10331","Test for getting the Placeholder value","","Mon Dec 08 13:47:02 UTC 2025","failed","Mon Dec 08 13:47:12 UTC 2025","","Form. Checking the basic functions for the Input in the widget Form","application.Samples.Form.InputOnFormTest","placeholder"
"The test sets the value in the field, and then checks the value in the field with what should be set","10298","A test for setting a value in a field","","Mon Dec 08 13:44:17 UTC 2025","failed","Mon Dec 08 13:44:27 UTC 2025","","Form. Checking the basic functions for the DateTimeWithSeconds in the widget Form","application.Samples.Form.DateTimeWithSecondsOnFormTest","edit"
"The test checks for the disabled attribute","10349","A test to check the field for ""Read-only""","","Mon Dec 08 13:41:45 UTC 2025","failed","Mon Dec 08 13:41:56 UTC 2025","","Form. Checking the basic functions for the InlinePickList in the widget Form","application.Samples.Form.InlinePickListOnFormTest","readonly"
"The test gets the value in the field, and then checks the value in the field with what should be.","0","A test for checking a value in a field","","Mon Dec 08 13:26:42 UTC 2025","skipped","Mon Dec 08 13:26:42 UTC 2025","","List. Checking the basic functions for the InlinePickList in the widget List","application.Samples.List.InlinePickListOnListTest","read"
"The test gets the value from the placeholder attribute and returns it in String format","10317","Test for getting the Placeholder value","","Mon Dec 08 13:54:57 UTC 2025","failed","Mon Dec 08 13:55:07 UTC 2025","","List. Checking the basic functions for the Percent in the widget List","application.Samples.List.PercentOnListTest","placeholder"
"The Hint field type is always read-only","10316","A test to check the field for ""Read-only""","","Mon Dec 08 13:44:00 UTC 2025","failed","Mon Dec 08 13:44:10 UTC 2025","","Form. Checking the basic functions for the Hint in the widget Form","application.Samples.Form.HintOnFormTest","readonly"
"Filtering is not available for InfoWidget.","10314","Filtering test","","Mon Dec 08 13:36:01 UTC 2025","failed","Mon Dec 08 13:36:12 UTC 2025","","Info. Checking the basic functions for the MultiValue","application.Samples.Info.MultiValueOnInfoTest","filtration"
"Sorting is not available for InfoWidget.","10347","Sorting test","","Mon Dec 08 13:30:09 UTC 2025","failed","Mon Dec 08 13:30:19 UTC 2025","","Info. Checking the basic functions for the Input","application.Samples.Info.InputOnInfoTest","sorting"
"The test clears the field and clicks the Save button. Then validates the message that the field is required","10382","Required Message text Verification field test","","Mon Dec 08 13:42:06 UTC 2025","failed","Mon Dec 08 13:42:16 UTC 2025","","Form. Checking the basic functions for the InlinePickList in the widget Form","application.Samples.Form.InlinePickListOnFormTest","required"
"The test sets the value in the field, and then checks the value in the field with what should be set.","10329","A test for setting a value in a field","","Mon Dec 08 13:19:06 UTC 2025","failed","Mon Dec 08 13:19:16 UTC 2025","","List. Checking the basic functions for the Input in the widget List","application.Samples.List.InputOnListTest","edit"
"The test sets the value in the field. After approval, the popup window, the title, the text in it, and the buttons are validated","10331","Run-time exception validation test","","Mon Dec 08 13:52:36 UTC 2025","failed","Mon Dec 08 13:52:47 UTC 2025","","Form. Checking the basic functions for the FileUpload in the widget Form","application.Samples.Form.FileUploadOnFormTest","runtimeException"
"The test gets the value in the field, and then checks the value in the field with what should be.","0","A test for checking a value in a field","","Mon Dec 08 13:19:16 UTC 2025","skipped","Mon Dec 08 13:19:16 UTC 2025","","List. Checking the basic functions for the Input in the widget List","application.Samples.List.InputOnListTest","read"
"Sorting is not available for the Form widget","10308","Sorting test","","Mon Dec 08 13:47:06 UTC 2025","failed","Mon Dec 08 13:47:16 UTC 2025","","Form. Checking the basic functions for the MultiValue in the widget Form","application.Samples.Form.MultiValueOnFormTest","sorting"
"The test gets the value from the placeholder attribute and returns it in String format","10316","Test for getting the Placeholder value","","Mon Dec 08 13:59:50 UTC 2025","failed","Mon Dec 08 14:00:01 UTC 2025","","List. Checking the basic functions for the Money in the widget List","application.Samples.List.MoneyOnListTest","placeholder"
"The test clear the value in the field , and then checks the value in the field, it must be null.","10365","A test for checking the possibility of an empty field","","Mon Dec 08 13:59:40 UTC 2025","failed","Mon Dec 08 13:59:50 UTC 2025","","List. Checking the basic functions for the Money in the widget List","application.Samples.List.MoneyOnListTest","nullable"
"The test gets the value from the placeholder attribute and returns it in String format","10326","Test for getting the Placeholder value","","Mon Dec 08 13:21:21 UTC 2025","failed","Mon Dec 08 13:21:31 UTC 2025","","List. Checking the basic functions for the MultiValue in the widget List","application.Samples.List.MultiValueOnListTest","placeholder"
"The test gets the value from the placeholder attribute and returns it in String format","10281","Test for getting the Placeholder value","","Mon Dec 08 13:48:38 UTC 2025","failed","Mon Dec 08 13:48:48 UTC 2025","","Form. Checking the basic functions for the NumberDigits in the widget Form","application.Samples.Form.NumberDigitsOnFormTest","placeholder"
"The test checks for the disabled attribute.","10333","A test to check the field for ""Read-only""","","Mon Dec 08 13:59:08 UTC 2025","failed","Mon Dec 08 13:59:18 UTC 2025","","List. Checking the basic functions for the MultipleSelect in the widget List","application.Samples.List.MultipleSelectOnListTest","readonly"
"Sorting is not available for the Form widget","10292","Sorting test","","Mon Dec 08 13:45:53 UTC 2025","failed","Mon Dec 08 13:46:03 UTC 2025","","Form. Checking the basic functions for the PickList in the widget Form","application.Samples.Form.PickListOnFormTest","sorting"
"The test checks the downloaded file with the template file that is contained in the resources","10342","A test to compare the downloaded file with the template","","Mon Dec 08 13:25:40 UTC 2025","failed","Mon Dec 08 13:25:51 UTC 2025","","List. Checking the basic functions for the FileUpload in the widget List","application.Samples.List.FileUploadOnListTest","compare"
"Checking the url before the transition and after the transition/click on a special element","10347","The DrillDown test","","Mon Dec 08 13:23:46 UTC 2025","failed","Mon Dec 08 13:23:56 UTC 2025","","List. Checking the basic functions for the DateTimeWithSeconds in the widget List","application.Samples.List.DateTimeWithSecondsOnListTest","drillDown"
"Sorting is not available for the Form widget","10312","Sorting test","","Mon Dec 08 13:58:48 UTC 2025","failed","Mon Dec 08 13:58:59 UTC 2025","","Form. Checking the basic functions for the Dictionary in the widget Form","application.Samples.Form.DictionaryOnFormTest","sorting"
"The test checks the creation and deletion in the dictionary and the result of this work on another screen.","10349","Test region at List","","Mon Dec 08 13:56:45 UTC 2025","failed","Mon Dec 08 13:56:55 UTC 2025","","Checking the basic functions for the Dictionary administration panel","application.Samples.DictionaryAdministrationTest","regionsList"
"Filtering by the specified column.","0","Filtering test","","Mon Dec 08 13:22:23 UTC 2025","skipped","Mon Dec 08 13:22:23 UTC 2025","","List. Checking the basic functions for the Time","application.Samples.List.TimeOnListTest","filtration"
"The Hint field type is always read-only","10406","A test to check the field for ""Read-only""","","Mon Dec 08 13:22:02 UTC 2025","failed","Mon Dec 08 13:22:13 UTC 2025","","List. Checking the basic functions for the Hint in the widget List","application.Samples.List.HintOnListTest","readonly"
"The test sets the value with the wrong data type in the field. After approval, it checks the text under the field, which informs about the correctness of the type of data entered.","10396","Required Message validation test for one field","","Mon Dec 08 13:27:03 UTC 2025","failed","Mon Dec 08 13:27:14 UTC 2025","","List. Checking the basic functions for the Date in the widget List","application.Samples.List.DateOnListTest","fieldLevelValidationAnnotation"
"The test gets the value from the style attribute in RGB format, and then converts it to Hex format","10282","A test to get the field color value in Hex format","","Mon Dec 08 13:48:28 UTC 2025","failed","Mon Dec 08 13:48:38 UTC 2025","","Form. Checking the basic functions for the NumberDigits in the widget Form","application.Samples.Form.NumberDigitsOnFormTest","color"
"Filtering is not available for InfoWidget.","10964","Filtering test","","Mon Dec 08 13:32:15 UTC 2025","failed","Mon Dec 08 13:32:26 UTC 2025","","Info. Checking the basic functions for the Dictionary","application.Samples.Info.DictionaryOnInfoTest","filtration"
"The test sets the value in the field. After approval, the popup window, the title, the text in it, and the buttons are validated","10365","Business Exception Validation Test","","Mon Dec 08 13:46:34 UTC 2025","failed","Mon Dec 08 13:46:45 UTC 2025","","Form. Checking the basic functions for the PickList in the widget Form","application.Samples.Form.PickListOnFormTest","businessException"
"Filtering is not available for the Form widget","10313","Filtering test","","Mon Dec 08 13:41:01 UTC 2025","failed","Mon Dec 08 13:41:11 UTC 2025","","Form. Checking the basic functions for the Date in the widget Form","application.Samples.Form.DateOnFormTest","filtration"
"The test sets the value in the field via Popup using a unique id, and then checks the value in the field with what needs to be set","10284","A test for setting a value in a field","","Mon Dec 08 13:40:33 UTC 2025","failed","Mon Dec 08 13:40:43 UTC 2025","","Form. Checking the basic functions for the Suggestion PickList in the widget Form","application.Samples.Form.SuggestionPickListOnFormTest","edit"
"The test checks for the disabled attribute","10330","A test to check the field for ""Read-only""","","Mon Dec 08 13:43:36 UTC 2025","failed","Mon Dec 08 13:43:46 UTC 2025","","Form. Checking the basic functions for the DateTimeWithSeconds in the widget Form","application.Samples.Form.DateTimeWithSecondsOnFormTest","readonly"
"The test checks for the disabled attribute.","10896","A test to check the field for ""Read-only""","","Mon Dec 08 14:01:24 UTC 2025","failed","Mon Dec 08 14:01:35 UTC 2025","","List. Checking the basic functions for the Money in the widget List","application.Samples.List.MoneyOnListTest","readonly"
"The test sets the value in the field, and then checks the value in the field with what should be set.","10299","A test for setting a number with a fractional part in a field","","Mon Dec 08 13:54:16 UTC 2025","failed","Mon Dec 08 13:54:26 UTC 2025","","List. Checking the basic functions for the Percent in the widget List","application.Samples.List.PercentOnListTest","digits"
"The test sets the value in the field. After approval, by clicking on the save button, the popup window, the title, the text in it, and the buttons are validated","10283","Confirmation Popup Validation Test","","Mon Dec 08 13:40:53 UTC 2025","failed","Mon Dec 08 13:41:03 UTC 2025","","Form. Checking the basic functions for the Suggestion PickList in the widget Form","application.Samples.Form.SuggestionPickListOnFormTest","confirm"
"The test gets the value from the placeholder attribute and returns it in String format","10332","Test for getting the Placeholder value","","Mon Dec 08 14:00:17 UTC 2025","failed","Mon Dec 08 14:00:27 UTC 2025","","List. Checking the basic functions for the CheckBox","application.Samples.List.CheckBoxOnListTest","placeholder"
"The test sets a value with the wrong data type in several fields for different widgets. After approval, it checks the text under the field, which informs about the correctness of the type of data entered","10330","Required Message validation test for multiple fields","","Mon Dec 08 13:45:32 UTC 2025","failed","Mon Dec 08 13:45:43 UTC 2025","","Form. Checking the basic functions for the Radio in the widget Form","application.Samples.Form.RadioOnFormTest","fieldLevelValidation"
"The test sets the value in the field. After approval, the popup window, the title, the text in it, and the buttons are validated","10315","Run-time exception validation test","","Mon Dec 08 13:42:54 UTC 2025","failed","Mon Dec 08 13:43:04 UTC 2025","","Form. Checking the basic functions for the Date in the widget Form","application.Samples.Form.DateOnFormTest","runtimeException"
"Filtering is not available for the Form widget","10297","Filtering test","","Mon Dec 08 13:43:59 UTC 2025","failed","Mon Dec 08 13:44:10 UTC 2025","","Form. Checking the basic functions for the Radio in the widget Form","application.Samples.Form.RadioOnFormTest","filtration"
"The test creates and delete a new field in the admin panel","10308","Test for creating admin value","","Mon Dec 08 13:55:22 UTC 2025","failed","Mon Dec 08 13:55:32 UTC 2025","","Checking the basic functions for the Dictionary administration panel","application.Samples.DictionaryAdministrationTest","create"
"Sorting by the specified column.","10396","Sorting test","","Mon Dec 08 13:27:33 UTC 2025","failed","Mon Dec 08 13:27:44 UTC 2025","","List. Checking the basic functions for the Dictionary in the widget List","application.Samples.List.DictionaryOnListTest","sorting"
"Filtering by the specified column.","10266","Filtering test","","Mon Dec 08 14:00:37 UTC 2025","failed","Mon Dec 08 14:00:48 UTC 2025","","List. Checking the basic functions for the CheckBox","application.Samples.List.CheckBoxOnListTest","filtration"
"","10347","Digits test","","Mon Dec 08 13:32:55 UTC 2025","failed","Mon Dec 08 13:33:05 UTC 2025","","Info. Checking the basic functions for the Percent","application.Samples.Info.PercentOnInfoTest","digits"
"The test sets the value in the field. After approval, the popup window, the title, the text in it, and the buttons are validated","10297","Business Exception Validation Test","","Mon Dec 08 13:44:30 UTC 2025","failed","Mon Dec 08 13:44:41 UTC 2025","","Form. Checking the basic functions for the Radio in the widget Form","application.Samples.Form.RadioOnFormTest","businessException"
"The test sets the value in the field, and then checks the value in the field with what should be set","10314","A test for setting a value in a field","","Mon Dec 08 13:38:29 UTC 2025","failed","Mon Dec 08 13:38:39 UTC 2025","","Form. Checking the basic functions for the Text in the widget Form","application.Samples.Form.TextOnFormTest","edit"
"The test sets the value in the field. After approval, the popup window, the title, the text in it, and the buttons are validated.","10330","Run-time exception validation test","","Mon Dec 08 14:00:20 UTC 2025","failed","Mon Dec 08 14:00:30 UTC 2025","","List. Checking the basic functions for the MultipleSelect in the widget List","application.Samples.List.MultipleSelectOnListTest","runtimeException"
"Sorting by the specified column.","10347","Sorting test","","Mon Dec 08 13:22:02 UTC 2025","failed","Mon Dec 08 13:22:13 UTC 2025","","List. Checking the basic functions for the Time","application.Samples.List.TimeOnListTest","sorting"
"The test gets the value in the field, and then checks the value in the field with what should be.","0","A test for checking a value in a field","","Mon Dec 08 13:21:00 UTC 2025","skipped","Mon Dec 08 13:21:00 UTC 2025","","List. Checking the basic functions for the MultiValue in the widget List","application.Samples.List.MultiValueOnListTest","read"
"The test clears the field and clicks the Save button. Then validates the message that the field is required","10298","Required Message text Verification field test","","Mon Dec 08 13:44:20 UTC 2025","failed","Mon Dec 08 13:44:30 UTC 2025","","Form. Checking the basic functions for the Radio in the widget Form","application.Samples.Form.RadioOnFormTest","required"
"Getting the field color is not available","10298","A test to get the field color value in Hex format","","Mon Dec 08 13:50:49 UTC 2025","failed","Mon Dec 08 13:50:59 UTC 2025","","Form. Checking the basic functions for the MultiValueHover in the widget Form","application.Samples.Form.MultiValueHoverOnFormTest","color"
"The test gets the value in the field, and then checks the value in the field with what should be.","0","A test for checking a value in a field","","Mon Dec 08 13:16:19 UTC 2025","skipped","Mon Dec 08 13:16:19 UTC 2025","","List. Checking the basic functions for the Radio in the widget List","application.Samples.List.RadioOnListTest","read"
"Sorting is not available for InfoWidget.","10333","Sorting test","","Mon Dec 08 13:58:37 UTC 2025","failed","Mon Dec 08 13:58:47 UTC 2025","","Info. Checking the basic functions for the Hint","application.Samples.Info.HintOnInfoTest","sorting"
"","10346","The test for getting the icon value from the field","","Mon Dec 08 13:32:36 UTC 2025","failed","Mon Dec 08 13:32:47 UTC 2025","","Info. Checking the basic functions for the Dictionary","application.Samples.Info.DictionaryOnInfoTest","icon"
"The test gets the value from the style attribute in RGB format, and then converts it to Hex format","10395","A test to get the field color value in Hex format","","Mon Dec 08 13:16:19 UTC 2025","failed","Mon Dec 08 13:16:30 UTC 2025","","List. Checking the basic functions for the Radio in the widget List","application.Samples.List.RadioOnListTest","color"
"Sorting is not available for the Form widget","10299","Sorting test","","Mon Dec 08 13:57:01 UTC 2025","failed","Mon Dec 08 13:57:11 UTC 2025","","Form. Checking the basic functions for the Number in the widget Form","application.Samples.Form.NumberOnFormTest","sorting"
"","10348","The test for getting the value from the field","","Mon Dec 08 13:32:47 UTC 2025","failed","Mon Dec 08 13:32:57 UTC 2025","","Info. Checking the basic functions for the Dictionary","application.Samples.Info.DictionaryOnInfoTest","read"
"The test gets the value in the field, and then checks the value in the field with what should be.","0","A test for checking a value in a field","","Mon Dec 08 13:25:09 UTC 2025","skipped","Mon Dec 08 13:25:09 UTC 2025","","List. Checking the basic functions for the FileUpload in the widget List","application.Samples.List.FileUploadOnListTest","read"
"Filtering is not available for InfoWidget.","10295","Filtering test","","Mon Dec 08 13:56:19 UTC 2025","failed","Mon Dec 08 13:56:30 UTC 2025","","Info. Checking the basic functions for the Radio","application.Samples.Info.RadioOnInfoTest","filtration"
"The InfoWidget doesn't have a Placeholder.","10397","Test for getting the Placeholder value","","Mon Dec 08 13:33:49 UTC 2025","failed","Mon Dec 08 13:33:59 UTC 2025","","Info. Checking the basic functions for the Money","application.Samples.Info.MoneyOnInfoTest","placeholder"
"Checking the url before the transition and after the transition/click on a special element","10348","The DrillDown test","","Mon Dec 08 13:17:54 UTC 2025","failed","Mon Dec 08 13:18:04 UTC 2025","","List. Checking the basic functions for the Input in the widget List","application.Samples.List.InputOnListTest","drillDown"
"The test sets the value in the field. After approval, the popup window, the title, the text in it, and the buttons are validated","10297","Run-time exception validation test","","Mon Dec 08 13:39:20 UTC 2025","failed","Mon Dec 08 13:39:31 UTC 2025","","Form. Checking the basic functions for the Text in the widget Form","application.Samples.Form.TextOnFormTest","runtimeException"
"The test sets the value in the field, and then checks the value in the field with what should be set","10347","A test for setting a value in a field","","Mon Dec 08 13:46:31 UTC 2025","failed","Mon Dec 08 13:46:41 UTC 2025","","Form. Checking the basic functions for the Input in the widget Form","application.Samples.Form.InputOnFormTest","edit"
"The test sets one value in the field, then checks the list with the expected value.","10300","A test for setting a single value in a field","","Mon Dec 08 13:47:37 UTC 2025","failed","Mon Dec 08 13:47:47 UTC 2025","","Form. Checking the basic functions for the MultiValue in the widget Form","application.Samples.Form.MultiValueOnFormTest","test_once"
"The test gets the value from the style attribute in RGB format, and then converts it to Hex format","10309","A test to get the field color value in Hex format","","Mon Dec 08 13:56:30 UTC 2025","failed","Mon Dec 08 13:56:40 UTC 2025","","Form. Checking the basic functions for the Number in the widget Form","application.Samples.Form.NumberOnFormTest","color"
"The test gets the value from the style attribute in RGB format, and then converts it to Hex format","10390","A test to get the field color value in Hex format","","Mon Dec 08 13:16:09 UTC 2025","failed","Mon Dec 08 13:16:19 UTC 2025","","List. Checking the basic functions for the SuggestionPickList in the widget List","application.Samples.List.SuggestionPickListOnListTest","color"
"The InfoWidget doesn't have a Placeholder.","10348","Test for getting the Placeholder value","","Mon Dec 08 13:55:48 UTC 2025","failed","Mon Dec 08 13:55:59 UTC 2025","","Info. Checking the basic functions for the Radio","application.Samples.Info.RadioOnInfoTest","placeholder"
"The test sets the value in the field. After approval, the popup window, the title, the text in it, and the buttons are validated.","10346","Run-time exception validation test","","Mon Dec 08 13:27:23 UTC 2025","failed","Mon Dec 08 13:27:33 UTC 2025","","List. Checking the basic functions for the InlinePickList in the widget List","application.Samples.List.InlinePickListOnListTest","runtimeException"
"Filtering by the specified column.","10516","Filtering test","","Mon Dec 08 13:17:12 UTC 2025","failed","Mon Dec 08 13:17:22 UTC 2025","","List. Checking the basic functions for the Number in the widget List","application.Samples.List.NumberOnListTest","filtration"
"The test sets the value in the field. After approval, the popup window, the title, the text in it, and the buttons are validated.","10316","Business Exception Validation Test","","Mon Dec 08 13:52:53 UTC 2025","failed","Mon Dec 08 13:53:03 UTC 2025","","List. Checking the basic functions for the Percent in the widget List","application.Samples.List.PercentOnListTest","businessException"
"The test sets a value with the wrong data type in several fields for different widgets. After approval, it checks the text under the field, which informs about the correctness of the type of data entered","10333","Required Message validation test for multiple fields","","Mon Dec 08 13:27:13 UTC 2025","failed","Mon Dec 08 13:27:23 UTC 2025","","List. Checking the basic functions for the InlinePickList in the widget List","application.Samples.List.InlinePickListOnListTest","fieldLevelValidation"
"The test gets the value from the style attribute in RGB format, and then converts it to Hex format","10366","A test to get the field color value in Hex format","","Mon Dec 08 13:36:45 UTC 2025","failed","Mon Dec 08 13:36:56 UTC 2025","","Info. Checking the basic functions for the Number","application.Samples.Info.NumberOnInfoTest","color"
"Filtering is not available for the Form widget","10297","Filtering test","","Mon Dec 08 13:43:25 UTC 2025","failed","Mon Dec 08 13:43:36 UTC 2025","","Form. Checking the basic functions for the DateTimeWithSeconds in the widget Form","application.Samples.Form.DateTimeWithSecondsOnFormTest","filtration"
"Filtering by the specified column.","10316","Filtering test","","Mon Dec 08 13:59:59 UTC 2025","failed","Mon Dec 08 14:00:10 UTC 2025","","List. Checking the basic functions for the MultipleSelect in the widget List","application.Samples.List.MultipleSelectOnListTest","filtration"
"The test gets the value from the style attribute in RGB format, and then converts it to Hex format","10348","A test to get the field color value in Hex format","","Mon Dec 08 13:42:37 UTC 2025","failed","Mon Dec 08 13:42:47 UTC 2025","","Form. Checking the basic functions for the InlinePickList in the widget Form","application.Samples.Form.InlinePickListOnFormTest","color"
"The test sets the value with the wrong data type in the field. After approval, it checks the text under the field, which informs about the correctness of the type of data entered","10331","Required Message validation test for one field","","Mon Dec 08 13:56:12 UTC 2025","failed","Mon Dec 08 13:56:23 UTC 2025","","Form. Checking the basic functions for the CheckBox","application.Samples.Form.CheckBoxOnFormTest","fieldLevelValidationAnnotation"
"The test gets the value from the style attribute in RGB format, and then converts it to Hex format","10345","A test to get the field color value in Hex format","","Mon Dec 08 13:22:54 UTC 2025","failed","Mon Dec 08 13:23:05 UTC 2025","","List. Checking the basic functions for the Time","application.Samples.List.TimeOnListTest","color"
"The test sets the value in the field, and then checks the value in the field with what should be set","10331","A test for setting a value in a field","","Mon Dec 08 13:51:51 UTC 2025","failed","Mon Dec 08 13:52:01 UTC 2025","","Form. Checking the basic functions for the Time","application.Samples.Form.TimeOnFormTest","edit"
"Checking the url before the transition and after the transition/click on a special element","10347","The DrillDown test","","Mon Dec 08 13:56:43 UTC 2025","failed","Mon Dec 08 13:56:54 UTC 2025","","Form. Checking the basic functions for the CheckBox","application.Samples.Form.CheckBoxOnFormTest","drillDown"
"The test checks for the disabled attribute","10282","A test to check the field for ""Read-only""","","Mon Dec 08 13:48:07 UTC 2025","failed","Mon Dec 08 13:48:17 UTC 2025","","Form. Checking the basic functions for the NumberDigits in the widget Form","application.Samples.Form.NumberDigitsOnFormTest","readonly"
"The test gets the value from the style attribute in RGB format, and then converts it to Hex format","10300","A test to get the field color value in Hex format","","Mon Dec 08 13:44:27 UTC 2025","failed","Mon Dec 08 13:44:37 UTC 2025","","Form. Checking the basic functions for the DateTimeWithSeconds in the widget Form","application.Samples.Form.DateTimeWithSecondsOnFormTest","color"
"Filtering by the specified column.","10356","Filtering test","","Mon Dec 08 13:22:44 UTC 2025","failed","Mon Dec 08 13:22:54 UTC 2025","","List. Checking the basic functions for the MultiValueHover in the widget List","application.Samples.List.MultiValueHoverOnListTest","filtration"
"The test gets the value from the placeholder attribute and returns it in String format","10398","Test for getting the Placeholder value","","Mon Dec 08 13:16:19 UTC 2025","failed","Mon Dec 08 13:16:30 UTC 2025","","List. Checking the basic functions for the SuggestionPickList in the widget List","application.Samples.List.SuggestionPickListOnListTest","placeholder"
"","10406","The test for getting the value from the field","","Mon Dec 08 13:35:12 UTC 2025","failed","Mon Dec 08 13:35:22 UTC 2025","","Info. Checking the basic functions for the DateTime","application.Samples.Info.DateTimeOnInfoTest","read"
"The test clears the field and clicks the Save button. Then validates the message that the field is required","10297","Required Message text Verification field test","","Mon Dec 08 13:49:06 UTC 2025","failed","Mon Dec 08 13:49:16 UTC 2025","","Form. Checking the basic functions for the Percent in the widget Form","application.Samples.Form.PercentOnFormTest","required"
"The test sets the value with the wrong data type in the field. After approval, it checks the text under the field, which informs about the correctness of the type of data entered.","10995","Required Message validation test for one field","","Mon Dec 08 14:01:22 UTC 2025","failed","Mon Dec 08 14:01:33 UTC 2025","","List. Checking the basic functions for the Number in the widget List","application.Samples.List.NumberOnListTest","fieldLevelValidationAnnotation"
"The test gets the value from the style attribute in RGB format, and then converts it to Hex format","10314","A test to get the field color value in Hex format","","Mon Dec 08 13:57:16 UTC 2025","failed","Mon Dec 08 13:57:26 UTC 2025","","Form. Checking the basic functions for the Dictionary in the widget Form","application.Samples.Form.DictionaryOnFormTest","color"
"The test verifies that after clearing the field, it is empty","10312","The test for deleting a file from a field","","Mon Dec 08 13:51:34 UTC 2025","failed","Mon Dec 08 13:51:45 UTC 2025","","Form. Checking the basic functions for the FileUpload in the widget Form","application.Samples.Form.FileUploadOnFormTest","clear"
"The test sets the value with the wrong data type in the field. After approval, it checks the text under the field, which informs about the correctness of the type of data entered","10297","Required Message validation test for one field","","Mon Dec 08 13:50:53 UTC 2025","failed","Mon Dec 08 13:51:03 UTC 2025","","Form. Checking the basic functions for the FileUpload in the widget Form","application.Samples.Form.FileUploadOnFormTest","fieldLevelValidationAnnotation"
"The test clears the field and clicks the Save button. Then validates the message that the field is required.","10388","Required Message text Verification field test","","Mon Dec 08 13:24:38 UTC 2025","failed","Mon Dec 08 13:24:48 UTC 2025","","List. Checking the basic functions for the FileUpload in the widget List","application.Samples.List.FileUploadOnListTest","required"
"The test sets the value in the field. After approval, the popup window, the title, the text in it, and the buttons are validated.","10330","Business Exception Validation Test","","Mon Dec 08 13:20:39 UTC 2025","failed","Mon Dec 08 13:20:50 UTC 2025","","List. Checking the basic functions for the MultiValue in the widget List","application.Samples.List.MultiValueOnListTest","businessException"
"The test gets the value from the style attribute in RGB format, and then converts it to Hex format","10356","A test to get the field color value in Hex format","","Mon Dec 08 13:34:10 UTC 2025","failed","Mon Dec 08 13:34:20 UTC 2025","","Info. Checking the basic functions for the Date","application.Samples.Info.DateOnInfoTest","color"
"The test sets the value in the field, and then checks the value in the field with what should be set.","10349","A test for setting a value in a field","","Mon Dec 08 13:18:45 UTC 2025","failed","Mon Dec 08 13:18:56 UTC 2025","","List. Checking the basic functions for the Money in the widget List","application.Samples.List.MoneyOnListTest","edit"
"The test checks the value in the field with what should be set","10401","A test to read value","","Mon Dec 08 13:34:10 UTC 2025","failed","Mon Dec 08 13:34:20 UTC 2025","","Info. Checking the basic functions for the Time","application.Samples.Info.TimeOnInfoTest","read"
"The test sets the value in the field. After approval, by clicking on the save button, the popup window, the title, the text in it, and the buttons are validated","10364","Confirmation Popup Validation Test","","Mon Dec 08 13:43:08 UTC 2025","failed","Mon Dec 08 13:43:18 UTC 2025","","Form. Checking the basic functions for the InlinePickList in the widget Form","application.Samples.Form.InlinePickListOnFormTest","confirm"
"The test sets the value in the field. After approval, the popup window, the title, the text in it, and the buttons are validated.","10381","Business Exception Validation Test","","Mon Dec 08 13:27:24 UTC 2025","failed","Mon Dec 08 13:27:34 UTC 2025","","List. Checking the basic functions for the Date in the widget List","application.Samples.List.DateOnListTest","businessException"
"The test checks for the disabled attribute","10298","A test to check the field for ""Read-only""","","Mon Dec 08 13:44:10 UTC 2025","failed","Mon Dec 08 13:44:20 UTC 2025","","Form. Checking the basic functions for the Radio in the widget Form","application.Samples.Form.RadioOnFormTest","readonly"
"Filtering is not available for InfoWidget.","10380","Filtering test","","Mon Dec 08 13:31:42 UTC 2025","failed","Mon Dec 08 13:31:53 UTC 2025","","Info. Checking the basic functions for the CheckBox","application.Samples.Info.CheckboxOnInfoTest","filtration"
"The test gets the value from the placeholder attribute and returns it in String format","10313","Test for getting the Placeholder value","","Mon Dec 08 13:45:01 UTC 2025","failed","Mon Dec 08 13:45:12 UTC 2025","","Form. Checking the basic functions for the Radio in the widget Form","application.Samples.Form.RadioOnFormTest","placeholder"
"Filtering is not available for the Form widget","10297","Filtering test","","Mon Dec 08 13:47:27 UTC 2025","failed","Mon Dec 08 13:47:37 UTC 2025","","Form. Checking the basic functions for the MultiValue in the widget Form","application.Samples.Form.MultiValueOnFormTest","filtration"
"Filtering is not available for the Form widget","10331","Filtering test","","Mon Dec 08 13:46:14 UTC 2025","failed","Mon Dec 08 13:46:24 UTC 2025","","Form. Checking the basic functions for the PickList in the widget Form","application.Samples.Form.PickListOnFormTest","filtration"
"Filtering is not available for InfoWidget.","10353","Filtering test","","Mon Dec 08 13:32:57 UTC 2025","failed","Mon Dec 08 13:33:07 UTC 2025","","Info. Checking the basic functions for the Money","application.Samples.Info.MoneyOnInfoTest","filtration"
"The test sets the value in the field. After approval, the popup window, the title, the text in it, and the buttons are validated","10281","Run-time exception validation test","","Mon Dec 08 13:57:35 UTC 2025","failed","Mon Dec 08 13:57:45 UTC 2025","","Form. Checking the basic functions for the CheckBox","application.Samples.Form.CheckBoxOnFormTest","runtimeException"
"The test edit a new field in the admin panel","10348","Test for edit admin value","","Mon Dec 08 13:55:32 UTC 2025","failed","Mon Dec 08 13:55:42 UTC 2025","","Checking the basic functions for the Dictionary administration panel","application.Samples.DictionaryAdministrationTest","edit"
"The test clears the field and clicks the Save button. Then validates the message that the field is required","10297","Required Message text Verification field test","","Mon Dec 08 13:46:10 UTC 2025","failed","Mon Dec 08 13:46:21 UTC 2025","","Form. Checking the basic functions for the Input in the widget Form","application.Samples.Form.InputOnFormTest","required"
"The test sets the value in the field. After approval, by clicking on the save button, the popup window, the title, the text in it, and the buttons are validated","10314","Confirmation Popup Validation Test","","Mon Dec 08 13:39:00 UTC 2025","failed","Mon Dec 08 13:39:10 UTC 2025","","Form. Checking the basic functions for the Text in the widget Form","application.Samples.Form.TextOnFormTest","confirm"
"","10431","fieldLevelValidation()","","Mon Dec 08 13:28:06 UTC 2025","failed","Mon Dec 08 13:28:16 UTC 2025","","List. Checking the basic functions for the PickList in the widget List","application.Samples.List.PickListOnListTest","fieldLevelValidation"
"The InfoWidget doesn't have a Placeholder.","10331","Test for getting the Placeholder value","","Mon Dec 08 13:33:07 UTC 2025","failed","Mon Dec 08 13:33:18 UTC 2025","","Info. Checking the basic functions for the Dictionary","application.Samples.Info.DictionaryOnInfoTest","placeholder"
"The test sets the value in the field, and then checks the value in the field with what should be set.","10379","A test for setting a value in a field","","Mon Dec 08 13:24:17 UTC 2025","failed","Mon Dec 08 13:24:27 UTC 2025","","List. Checking the basic functions for the Text in the widget List","application.Samples.List.TextOnListTest","edit"
"The test clears the field and clicks the Save button. Then validates the message that the field is required.","0","Required Message text Verification field test","","Mon Dec 08 13:15:59 UTC 2025","skipped","Mon Dec 08 13:15:59 UTC 2025","","List. Checking the basic functions for the Radio in the widget List","application.Samples.List.RadioOnListTest","required"
"Sorting by the specified column.","10432","Sorting test","","Mon Dec 08 14:00:48 UTC 2025","failed","Mon Dec 08 14:00:58 UTC 2025","","List. Checking the basic functions for the CheckBox","application.Samples.List.CheckBoxOnListTest","sorting"
"The test gets the value from the style attribute in RGB format, and then converts it to Hex format","10314","A test to get the field color value in Hex format","","Mon Dec 08 13:51:45 UTC 2025","failed","Mon Dec 08 13:51:55 UTC 2025","","Form. Checking the basic functions for the FileUpload in the widget Form","application.Samples.Form.FileUploadOnFormTest","color"
"The test sets the value in the field. After approval, the popup window, the title, the text in it, and the buttons are validated","10334","Run-time exception validation test","","Mon Dec 08 13:58:38 UTC 2025","failed","Mon Dec 08 13:58:48 UTC 2025","","Form. Checking the basic functions for the Dictionary in the widget Form","application.Samples.Form.DictionaryOnFormTest","runtimeException"
"","10353","digits()","","Mon Dec 08 13:36:04 UTC 2025","failed","Mon Dec 08 13:36:14 UTC 2025","","Info. Checking the basic functions for the Number","application.Samples.Info.NumberOnInfoTest","digits"
"The test sets the value in the field. After approval, by clicking on the save button, the popup window, the title, the text in it, and the buttons are validated.","10330","Confirmation Popup Validation Test","","Mon Dec 08 13:27:02 UTC 2025","failed","Mon Dec 08 13:27:13 UTC 2025","","List. Checking the basic functions for the InlinePickList in the widget List","application.Samples.List.InlinePickListOnListTest","confirm"
"Filtering is not available for InfoWidget.","10397","Filtering test","","Mon Dec 08 13:28:58 UTC 2025","failed","Mon Dec 08 13:29:08 UTC 2025","","Info. Checking the basic functions for the PickList","application.Samples.Info.PickListOnInfoTest","filtration"
"The test sets all the values in the field, then checks the list with the expected value.","10697","Test to set all values in the field","","Mon Dec 08 13:49:30 UTC 2025","failed","Mon Dec 08 13:49:41 UTC 2025","","Form. Checking the basic functions for the MultiValue in the widget Form","application.Samples.Form.MultiValueOnFormTest","test_set_all"
"The test sets the value in the field. After approval, the popup window, the title, the text in it, and the buttons are validated.","10356","Run-time exception validation test","","Mon Dec 08 13:28:27 UTC 2025","failed","Mon Dec 08 13:28:37 UTC 2025","","List. Checking the basic functions for the Date in the widget List","application.Samples.List.DateOnListTest","runtimeException"
"DrillDown is not available for InfoWidget.","10384","The DrillDown test","","Mon Dec 08 13:30:52 UTC 2025","failed","Mon Dec 08 13:31:02 UTC 2025","","Info. Checking the basic functions for the MultiValueHover","application.Samples.Info.MultiValueHoverOnInfoTest","drillDown"
"The test sets a value with the wrong data type in several fields for different widgets. After approval, it checks the text under the field, which informs about the correctness of the type of data entered","10420","Required Message validation test for multiple fields","","Mon Dec 08 13:21:41 UTC 2025","failed","Mon Dec 08 13:21:52 UTC 2025","","List. Checking the basic functions for the MultiValue in the widget List","application.Samples.List.MultiValueOnListTest","fieldLevelValidation"
"Sorting by the specified column.","43644","Sorting test","","Mon Dec 08 13:14:33 UTC 2025","failed","Mon Dec 08 13:15:16 UTC 2025","","List. Checking the basic functions for the Radio in the widget List","application.Samples.List.RadioOnListTest","sorting"
"Checking the url before the transition and after the transition/click on a special element","10332","The DrillDown test","","Mon Dec 08 13:27:44 UTC 2025","failed","Mon Dec 08 13:27:54 UTC 2025","","List. Checking the basic functions for the Dictionary in the widget List","application.Samples.List.DictionaryOnListTest","drillDown"
"The test checks for the disabled attribute.","10422","A test to check the field for ""Read-only""","","Mon Dec 08 13:17:22 UTC 2025","failed","Mon Dec 08 13:17:32 UTC 2025","","List. Checking the basic functions for the Number in the widget List","application.Samples.List.NumberOnListTest","readonly"
"The test checks for the disabled attribute","10314","A test to check the field for ""Read-only""","","Mon Dec 08 13:57:05 UTC 2025","failed","Mon Dec 08 13:57:16 UTC 2025","","Form. Checking the basic functions for the Dictionary in the widget Form","application.Samples.Form.DictionaryOnFormTest","readonly"
"The test sets a value with the wrong data type in several fields for different widgets. After approval, it checks the text under the field, which informs about the correctness of the type of data entered","10282","Required Message validation test for multiple fields","","Mon Dec 08 13:50:08 UTC 2025","failed","Mon Dec 08 13:50:18 UTC 2025","","Form. Checking the basic functions for the Percent in the widget Form","application.Samples.Form.PercentOnFormTest","fieldLevelValidation"
"The test gets the value from the placeholder attribute and returns it in String format","10413","Test for getting the Placeholder value","","Mon Dec 08 13:27:45 UTC 2025","failed","Mon Dec 08 13:27:55 UTC 2025","","List. Checking the basic functions for the PickList in the widget List","application.Samples.List.PickListOnListTest","placeholder"
"The test sets the value in the field. After approval, the popup window, the title, the text in it, and the buttons are validated","10298","Business Exception Validation Test","","Mon Dec 08 13:49:16 UTC 2025","failed","Mon Dec 08 13:49:26 UTC 2025","","Form. Checking the basic functions for the Percent in the widget Form","application.Samples.Form.PercentOnFormTest","businessException"
"Checking the url before the transition and after the transition/click on a special element","10300","The DrillDown test","","Mon Dec 08 13:50:22 UTC 2025","failed","Mon Dec 08 13:50:33 UTC 2025","","Form. Checking the basic functions for the FileUpload in the widget Form","application.Samples.Form.FileUploadOnFormTest","drillDown"
"The test sets the value in the field. After approval, the popup window, the title, the text in it, and the buttons are validated","10297","Run-time exception validation test","","Mon Dec 08 13:45:08 UTC 2025","failed","Mon Dec 08 13:45:19 UTC 2025","","Form. Checking the basic functions for the DateTimeWithSeconds in the widget Form","application.Samples.Form.DateTimeWithSecondsOnFormTest","runtimeException"
"The test gets the value from the style attribute in RGB format, and then converts it to Hex format","10406","A test to get the field color value in Hex format","","Mon Dec 08 13:24:48 UTC 2025","failed","Mon Dec 08 13:24:59 UTC 2025","","List. Checking the basic functions for the DateTimeWithSeconds in the widget List","application.Samples.List.DateTimeWithSecondsOnListTest","color"
"The test sets the value in the field, and then checks the value in the field with what should be set","10350","A test for setting a value in a field","","Mon Dec 08 13:53:49 UTC 2025","failed","Mon Dec 08 13:53:59 UTC 2025","","Form. Checking the basic functions for the Money in the widget Form","application.Samples.Form.MoneyOnFormTest","edit"
"The test gets the value from the style attribute in RGB format, and then converts it to Hex format","0","A test to get the field color value in Hex format","","Mon Dec 08 13:46:55 UTC 2025","skipped","Mon Dec 08 13:46:55 UTC 2025","","Form. Checking the basic functions for the PickList in the widget Form","application.Samples.Form.PickListOnFormTest","color"
"Info Widget is always read-only","10330","A test to check the field for ""Read-only""","","Mon Dec 08 13:30:40 UTC 2025","failed","Mon Dec 08 13:30:50 UTC 2025","","Info. Checking the basic functions for the Input","application.Samples.Info.InputOnInfoTest","readonly"
"Checking the url before the transition and after the transition/click on a special element","10405","The DrillDown test","","Mon Dec 08 13:15:17 UTC 2025","failed","Mon Dec 08 13:15:27 UTC 2025","","List. Checking the basic functions for the Radio in the widget List","application.Samples.List.RadioOnListTest","drillDown"
"The test gets the value from the style attribute in RGB format, and then converts it to Hex format","10298","A test to get the field color value in Hex format","","Mon Dec 08 13:48:59 UTC 2025","failed","Mon Dec 08 13:49:10 UTC 2025","","Form. Checking the basic functions for the MultiValue in the widget Form","application.Samples.Form.MultiValueOnFormTest","color"
"InfoWidget does not have a Hex field color for this type.","10383","A test to get the field color value in Hex format","","Mon Dec 08 13:30:52 UTC 2025","failed","Mon Dec 08 13:31:02 UTC 2025","","Info. Checking the basic functions for the FileUp","application.Samples.Info.FileUploadOnInfoTest","color"
"The method returns Option-Status pairs, for all. The test checks each pair.","10297","Test to check the status of all options","","Mon Dec 08 13:51:13 UTC 2025","failed","Mon Dec 08 13:51:23 UTC 2025","","Form. Checking the basic functions for the MultipleSelect in the widget Form","application.Samples.Form.MultipleSelectOnFormTest","statusOptions"
"The InfoWidget doesn't have a Placeholder.","10354","Test for getting the Placeholder value","","Mon Dec 08 13:35:33 UTC 2025","failed","Mon Dec 08 13:35:43 UTC 2025","","Info. Checking the basic functions for the DateTime","application.Samples.Info.DateTimeOnInfoTest","placeholder"
"Info Widget is always read-only","10398","A test to check the field for ""Read-only""","","Mon Dec 08 13:33:49 UTC 2025","failed","Mon Dec 08 13:33:59 UTC 2025","","Info. Checking the basic functions for the Date","application.Samples.Info.DateOnInfoTest","readonly"
"The test sets the value with the wrong data type in the field. After approval, it checks the text under the field, which informs about the correctness of the type of data entered","10298","Required Message validation test for one field","","Mon Dec 08 13:43:46 UTC 2025","failed","Mon Dec 08 13:43:56 UTC 2025","","Form. Checking the basic functions for the DateTimeWithSeconds in the widget Form","application.Samples.Form.DateTimeWithSecondsOnFormTest","fieldLevelValidationAnnotation"
"The InfoWidget doesn't have a Placeholder.","10398","Test for getting the Placeholder value","","Mon Dec 08 13:29:39 UTC 2025","failed","Mon Dec 08 13:29:50 UTC 2025","","Info. Checking the basic functions for the PickList","application.Samples.Info.PickListOnInfoTest","placeholder"
"Getting the field color is not available","10362","A test to get the field color value in Hex format","","Mon Dec 08 13:23:15 UTC 2025","failed","Mon Dec 08 13:23:25 UTC 2025","","List. Checking the basic functions for the MultiValueHover in the widget List","application.Samples.List.MultiValueHoverOnListTest","color"
"The test sets a value with the wrong data type in several fields for different widgets. After approval, it checks the text under the field, which informs about the correctness of the type of data entered","10362","Required Message validation test for multiple fields","","Mon Dec 08 13:41:03 UTC 2025","failed","Mon Dec 08 13:41:14 UTC 2025","","Form. Checking the basic functions for the Suggestion PickList in the widget Form","application.Samples.Form.SuggestionPickListOnFormTest","fieldLevelValidation"
"The test sets the value in the field. After approval, the popup window, the title, the text in it, and the buttons are validated","10298","Business Exception Validation Test","","Mon Dec 08 13:58:54 UTC 2025","failed","Mon Dec 08 13:59:04 UTC 2025","","Form. Checking the basic functions for the Number in the widget Form","application.Samples.Form.NumberOnFormTest","businessException"
"Filtering is not available for the Form widget","10331","Filtering test","","Mon Dec 08 13:45:39 UTC 2025","failed","Mon Dec 08 13:45:50 UTC 2025","","Form. Checking the basic functions for the Input in the widget Form","application.Samples.Form.InputOnFormTest","filtration"
"Filtering by the specified column.","10526","Filtering test","","Mon Dec 08 13:15:27 UTC 2025","failed","Mon Dec 08 13:15:38 UTC 2025","","List. Checking the basic functions for the Radio in the widget List","application.Samples.List.RadioOnListTest","filtration"
"","10331","The test for getting the file name in the field","","Mon Dec 08 13:30:11 UTC 2025","failed","Mon Dec 08 13:30:21 UTC 2025","","Info. Checking the basic functions for the FileUp","application.Samples.Info.FileUploadOnInfoTest","readNameFileInField"
"The test sets the value in the field, and then checks the value in the field with what should be set","10348","A test for setting a value in a field","","Mon Dec 08 13:23:15 UTC 2025","failed","Mon Dec 08 13:23:25 UTC 2025","","List. Checking the basic functions for the Time","application.Samples.List.TimeOnListTest","edit3"
"Filtering by the specified column.","10330","Filtering test","","Mon Dec 08 13:24:07 UTC 2025","failed","Mon Dec 08 13:24:17 UTC 2025","","List. Checking the basic functions for the FileUpload in the widget List","application.Samples.List.FileUploadOnListTest","filtration"
"DrillDown is not available for InfoWidget.","10378","The DrillDown test","","Mon Dec 08 13:28:47 UTC 2025","failed","Mon Dec 08 13:28:58 UTC 2025","","Info. Checking the basic functions for the PickList","application.Samples.Info.PickListOnInfoTest","drillDown"
"The test sets the value in the field. After approval, the popup window, the title, the text in it, and the buttons are validated","10297","Business Exception Validation Test","","Mon Dec 08 13:50:21 UTC 2025","failed","Mon Dec 08 13:50:32 UTC 2025","","Form. Checking the basic functions for the MultipleSelect in the widget Form","application.Samples.Form.MultipleSelectOnFormTest","businessException"
"The test sets the value with the wrong data type in the field. After approval, it checks the text under the field, which informs about the correctness of the type of data entered.","10413","Required Message validation test for one field","","Mon Dec 08 13:15:48 UTC 2025","failed","Mon Dec 08 13:15:59 UTC 2025","","List. Checking the basic functions for the Radio in the widget List","application.Samples.List.RadioOnListTest","fieldLevelValidationAnnotation"
"The test sets the value in the field, and then checks the value in the field with what should be set.","10330","A test for setting a value in a field","","Mon Dec 08 13:26:31 UTC 2025","failed","Mon Dec 08 13:26:42 UTC 2025","","List. Checking the basic functions for the InlinePickList in the widget List","application.Samples.List.InlinePickListOnListTest","edit"
"Checking the url before the transition and after the transition/click on a special element","10463","The DrillDown test","","Mon Dec 08 13:15:17 UTC 2025","failed","Mon Dec 08 13:15:27 UTC 2025","","List. Checking the basic functions for the SuggestionPickList in the widget List","application.Samples.List.SuggestionPickListOnListTest","drillDown"
"The test sets the value in the field. After approval, the popup window, the title, the text in it, and the buttons are validated.","10368","Run-time exception validation test","","Mon Dec 08 13:20:08 UTC 2025","failed","Mon Dec 08 13:20:18 UTC 2025","","List. Checking the basic functions for the Input in the widget List","application.Samples.List.InputOnListTest","runtimeException"
"DrillDown is not available for InfoWidget.","10356","The DrillDown test","","Mon Dec 08 13:36:14 UTC 2025","failed","Mon Dec 08 13:36:25 UTC 2025","","Info. Checking the basic functions for the DateTimeWithSeconds","application.Samples.Info.DateTimeWithSecondsOnInfoTest","drillDown"
"The test checks for the disabled attribute","10296","A test to check the field for ""Read-only""","","Mon Dec 08 13:48:45 UTC 2025","failed","Mon Dec 08 13:48:55 UTC 2025","","Form. Checking the basic functions for the Percent in the widget Form","application.Samples.Form.PercentOnFormTest","readonly"
"The test gets the value from the style attribute in RGB format, and then converts it to Hex format","10348","A test to get the field color value in Hex format","","Mon Dec 08 13:59:28 UTC 2025","failed","Mon Dec 08 13:59:39 UTC 2025","","List. Checking the basic functions for the MultipleSelect in the widget List","application.Samples.List.MultipleSelectOnListTest","color"
"The test checks for the disabled attribute.","10366","A test to check the field for ""Read-only""","","Mon Dec 08 13:24:07 UTC 2025","failed","Mon Dec 08 13:24:17 UTC 2025","","List. Checking the basic functions for the DateTimeWithSeconds in the widget List","application.Samples.List.DateTimeWithSecondsOnListTest","readonly"
"The test sets the value in the field, and then checks the value in the field with what should be set.","10395","A test for setting a value in a field","","Mon Dec 08 13:29:39 UTC 2025","failed","Mon Dec 08 13:29:49 UTC 2025","","List. Checking the basic functions for the DateTime in the widget List","application.Samples.List.DateTimeOnListTest","edit"
"The test gets the value from the style attribute in RGB format, and then converts it to Hex format","10369","A test to get the field color value in Hex format","","Mon Dec 08 13:31:33 UTC 2025","failed","Mon Dec 08 13:31:44 UTC 2025","","Info. Checking the basic functions for the MultiValueHover","application.Samples.Info.MultiValueHoverOnInfoTest","color"
"The test clears the field and clicks the Save button. Then validates the message that the field is required","10298","Required Message text Verification field test","","Mon Dec 08 13:51:41 UTC 2025","failed","Mon Dec 08 13:51:51 UTC 2025","","Form. Checking the basic functions for the Time","application.Samples.Form.TimeOnFormTest","required"
"Checking the url before the transition and after the transition/click on a special element","10332","The DrillDown test","","Mon Dec 08 13:23:57 UTC 2025","failed","Mon Dec 08 13:24:07 UTC 2025","","List. Checking the basic functions for the FileUpload in the widget List","application.Samples.List.FileUploadOnListTest","drillDown"
"Checking the url before the transition and after the transition/click on a special element","10313","The DrillDown test","","Mon Dec 08 13:53:14 UTC 2025","failed","Mon Dec 08 13:53:24 UTC 2025","","List. Checking the basic functions for the Percent in the widget List","application.Samples.List.PercentOnListTest","drillDown"
"Sorting by the specified column.","10340","Sorting test","","Mon Dec 08 13:23:36 UTC 2025","failed","Mon Dec 08 13:23:46 UTC 2025","","List. Checking the basic functions for the FileUpload in the widget List","application.Samples.List.FileUploadOnListTest","sorting"
"The test sets the value in the field. After approval, the popup window, the title, the text in it, and the buttons are validated.","10405","Business Exception Validation Test","","Mon Dec 08 13:24:28 UTC 2025","failed","Mon Dec 08 13:24:38 UTC 2025","","List. Checking the basic functions for the DateTimeWithSeconds in the widget List","application.Samples.List.DateTimeWithSecondsOnListTest","businessException"
"The test gets the value from the style attribute in RGB format, and then converts it to Hex format","10315","A test to get the field color value in Hex format","","Mon Dec 08 13:36:32 UTC 2025","failed","Mon Dec 08 13:36:43 UTC 2025","","Info. Checking the basic functions for the MultiValue","application.Samples.Info.MultiValueOnInfoTest","color"
"The test sets a value with the wrong data type in several fields for different widgets. After approval, it checks the text under the field, which informs about the correctness of the type of data entered","10297","Required Message validation test for multiple fields","","Mon Dec 08 13:57:11 UTC 2025","failed","Mon Dec 08 13:57:21 UTC 2025","","Form. Checking the basic functions for the Number in the widget Form","application.Samples.Form.NumberOnFormTest","fieldLevelValidation"
"Checking the url before the transition and after the transition/click on a special element","10331","The DrillDown test","","Mon Dec 08 13:45:29 UTC 2025","failed","Mon Dec 08 13:45:39 UTC 2025","","Form. Checking the basic functions for the Input in the widget Form","application.Samples.Form.InputOnFormTest","drillDown"
"The test sets the value in the field, and then checks the value in the field with what should be set","10299","A test for setting a value in a field","","Mon Dec 08 13:56:54 UTC 2025","failed","Mon Dec 08 13:57:04 UTC 2025","","Form. Checking the basic functions for the CheckBox","application.Samples.Form.CheckBoxOnFormTest","edit"
"The test clears the field and clicks the Save button. Then validates the message that the field is required","10298","Required Message text Verification field test","","Mon Dec 08 13:43:56 UTC 2025","failed","Mon Dec 08 13:44:06 UTC 2025","","Form. Checking the basic functions for the DateTimeWithSeconds in the widget Form","application.Samples.Form.DateTimeWithSecondsOnFormTest","required"
"","10331","The test for getting the value from the field","","Mon Dec 08 13:30:50 UTC 2025","failed","Mon Dec 08 13:31:01 UTC 2025","","Info. Checking the basic functions for the Input","application.Samples.Info.InputOnInfoTest","read"
"The InfoWidget doesn't have a Placeholder.","10348","Test for getting the Placeholder value","","Mon Dec 08 13:31:44 UTC 2025","failed","Mon Dec 08 13:31:54 UTC 2025","","Info. Checking the basic functions for the MultiValueHover","application.Samples.Info.MultiValueHoverOnInfoTest","placeholder"
"Checking the url before the transition and after the transition/click on a special element","10348","The DrillDown test","","Mon Dec 08 13:46:03 UTC 2025","failed","Mon Dec 08 13:46:14 UTC 2025","","Form. Checking the basic functions for the PickList in the widget Form","application.Samples.Form.PickListOnFormTest","drillDown"
"Filtering is not available for the Form widget","10315","Filtering test","","Mon Dec 08 13:43:50 UTC 2025","failed","Mon Dec 08 13:44:00 UTC 2025","","Form. Checking the basic functions for the Hint in the widget Form","application.Samples.Form.HintOnFormTest","filtration"
"The test sets the value in the field. After approval, the popup window, the title, the text in it, and the buttons are validated.","10330","Run-time exception validation test","","Mon Dec 08 13:25:30 UTC 2025","failed","Mon Dec 08 13:25:40 UTC 2025","","List. Checking the basic functions for the DateTimeWithSeconds in the widget List","application.Samples.List.DateTimeWithSecondsOnListTest","runtimeException"
"The test sets a value with the wrong data type in several fields for different widgets. After approval, it checks the text under the field, which informs about the correctness of the type of data entered","10341","Required Message validation test for multiple fields","","Mon Dec 08 13:19:58 UTC 2025","failed","Mon Dec 08 13:20:08 UTC 2025","","List. Checking the basic functions for the Input in the widget List","application.Samples.List.InputOnListTest","fieldLevelValidation"
"The test gets the value from the placeholder attribute and returns it in String format","10297","Test for getting the Placeholder value","","Mon Dec 08 13:44:37 UTC 2025","failed","Mon Dec 08 13:44:48 UTC 2025","","Form. Checking the basic functions for the DateTimeWithSeconds in the widget Form","application.Samples.Form.DateTimeWithSecondsOnFormTest","placeholder"
"The test sets the value in the field. After approval, the popup window, the title, the text in it, and the buttons are validated","10364","Business Exception Validation Test","","Mon Dec 08 13:42:16 UTC 2025","failed","Mon Dec 08 13:42:27 UTC 2025","","Form. Checking the basic functions for the InlinePickList in the widget Form","application.Samples.Form.InlinePickListOnFormTest","businessException"
"","10391","The test for getting the value from the field","","Mon Dec 08 13:33:59 UTC 2025","failed","Mon Dec 08 13:34:10 UTC 2025","","Info. Checking the basic functions for the Date","application.Samples.Info.DateOnInfoTest","read"
"The test gets the value from the style attribute in RGB format, and then converts it to Hex format","10299","A test to get the field color value in Hex format","","Mon Dec 08 13:37:45 UTC 2025","failed","Mon Dec 08 13:37:55 UTC 2025","","Info. Checking the basic functions for the Text","application.Samples.Info.TextOnInfoTest","color"
"The test sets the value in the field. After approval, the popup window, the title, the text in it, and the buttons are validated.","10381","Run-time exception validation test","","Mon Dec 08 13:29:58 UTC 2025","failed","Mon Dec 08 13:30:09 UTC 2025","","List. Checking the basic functions for the Dictionary in the widget List","application.Samples.List.DictionaryOnListTest","runtimeException"
"","10329","A test to check the options of the drop-down list","","Mon Dec 08 13:27:54 UTC 2025","failed","Mon Dec 08 13:28:04 UTC 2025","","List. Checking the basic functions for the Dictionary in the widget List","application.Samples.List.DictionaryOnListTest","options"
"Filtering is not available for InfoWidget.","10421","Filtering test","","Mon Dec 08 13:33:38 UTC 2025","failed","Mon Dec 08 13:33:49 UTC 2025","","Info. Checking the basic functions for the Date","application.Samples.Info.DateOnInfoTest","filtration"
"The test sets the value in the field. After approval, by clicking on the save button, the popup window, the title, the text in it, and the buttons are validated.","10398","Confirmation Popup Validation Test","","Mon Dec 08 14:01:12 UTC 2025","failed","Mon Dec 08 14:01:22 UTC 2025","","List. Checking the basic functions for the MultipleSelect in the widget List","application.Samples.List.MultipleSelectOnListTest","confirm"
"The test sets the value in the field, and then checks the value in the field with what should be set.","10331","A test for setting a value in a field","","Mon Dec 08 13:20:50 UTC 2025","failed","Mon Dec 08 13:21:00 UTC 2025","","List. Checking the basic functions for the MultiValue in the widget List","application.Samples.List.MultiValueOnListTest","edit"
"The test gets the value from the placeholder attribute and returns it in String format","10348","Test for getting the Placeholder value","","Mon Dec 08 13:55:11 UTC 2025","failed","Mon Dec 08 13:55:22 UTC 2025","","Form. Checking the basic functions for the Money in the widget Form","application.Samples.Form.MoneyOnFormTest","placeholder"
"Sorting is not available for the Form widget","10293","Sorting test","","Mon Dec 08 13:39:31 UTC 2025","failed","Mon Dec 08 13:39:41 UTC 2025","","Form. Checking the basic functions for the Suggestion PickList in the widget Form","application.Samples.Form.SuggestionPickListOnFormTest","sorting"
"The test clears the field and clicks the Save button. Then validates the message that the field is required","10298","Required Message text Verification field test","","Mon Dec 08 13:52:56 UTC 2025","failed","Mon Dec 08 13:53:06 UTC 2025","","Form. Checking the basic functions for the DateTime in the widget Form","application.Samples.Form.DateTimeOnFormTest","required"
"Filtering is not available for the Form widget","10295","Filtering test","","Mon Dec 08 13:47:57 UTC 2025","failed","Mon Dec 08 13:48:07 UTC 2025","","Form. Checking the basic functions for the NumberDigits in the widget Form","application.Samples.Form.NumberDigitsOnFormTest","filtration"
"The test sets the value in the field. After approval, the popup window, the title, the text in it, and the buttons are validated.","10298","Business Exception Validation Test","","Mon Dec 08 13:48:28 UTC 2025","failed","Mon Dec 08 13:48:39 UTC 2025","","Form. Checking the basic functions for the MultiValue in the widget Form","application.Samples.Form.MultiValueOnFormTest","businessException"
"The test sets several values in the field, then checks the list with the expected value.","10316","A test for setting multiple values in a field","","Mon Dec 08 13:47:47 UTC 2025","failed","Mon Dec 08 13:47:57 UTC 2025","","Form. Checking the basic functions for the MultiValue in the widget Form","application.Samples.Form.MultiValueOnFormTest","test_set"
"Checking the url before the transition and after the transition/click on a special element","10330","The DrillDown test","","Mon Dec 08 13:25:51 UTC 2025","failed","Mon Dec 08 13:26:01 UTC 2025","","List. Checking the basic functions for the PickList in the widget List","application.Samples.List.PickListOnListTest","drillDown"
"Filtering by the specified column.","10395","Filtering test","","Mon Dec 08 13:26:42 UTC 2025","failed","Mon Dec 08 13:26:53 UTC 2025","","List. Checking the basic functions for the Date in the widget List","application.Samples.List.DateOnListTest","filtration"
"The test checks for the disabled attribute","10315","A test to check the field for ""Read-only""","","Mon Dec 08 13:56:23 UTC 2025","failed","Mon Dec 08 13:56:33 UTC 2025","","Form. Checking the basic functions for the CheckBox","application.Samples.Form.CheckBoxOnFormTest","readonly"
"","10308","The test for getting the value from the field","","Mon Dec 08 13:36:22 UTC 2025","failed","Mon Dec 08 13:36:32 UTC 2025","","Info. Checking the basic functions for the MultiValue","application.Samples.Info.MultiValueOnInfoTest","read"
"The test sets the value, after which the method returns the full list of value-status","10363","Test to get all values with the status","","Mon Dec 08 13:16:40 UTC 2025","failed","Mon Dec 08 13:16:51 UTC 2025","","List. Checking the basic functions for the Radio in the widget List","application.Samples.List.RadioOnListTest","getValues"
"","10299","A test to get a value for a multifield","","Mon Dec 08 13:48:59 UTC 2025","failed","Mon Dec 08 13:49:09 UTC 2025","","Form. Checking the basic functions for the MultiField in the widget Form","application.Samples.Form.MultiFieldOnFormTest","getValues2"
"The test checks for the disabled attribute.","10340","A test to check the field for ""Read-only""","","Mon Dec 08 13:24:17 UTC 2025","failed","Mon Dec 08 13:24:28 UTC 2025","","List. Checking the basic functions for the FileUpload in the widget List","application.Samples.List.FileUploadOnListTest","readonly"
"The test adds a value after removing all previous values.","10314","Value setting test with field clearing","","Mon Dec 08 13:51:23 UTC 2025","failed","Mon Dec 08 13:51:33 UTC 2025","","Form. Checking the basic functions for the MultipleSelect in the widget Form","application.Samples.Form.MultipleSelectOnFormTest","setValue"
"Checking the url before the transition and after the transition/click on a special element","10358","The DrillDown test","","Mon Dec 08 13:28:37 UTC 2025","failed","Mon Dec 08 13:28:47 UTC 2025","","List. Checking the basic functions for the DateTime in the widget List","application.Samples.List.DateTimeOnListTest","drillDown"
"DrillDown is not available for InfoWidget.","10291","The DrillDown test","","Mon Dec 08 13:55:17 UTC 2025","failed","Mon Dec 08 13:55:28 UTC 2025","","Info. Checking the basic functions for the Radio","application.Samples.Info.RadioOnInfoTest","drillDown"
"The test clears the field and clicks the Save button. Then validates the message that the field is required.","10379","Required Message text Verification field test","","Mon Dec 08 13:17:43 UTC 2025","failed","Mon Dec 08 13:17:53 UTC 2025","","List. Checking the basic functions for the Number in the widget List","application.Samples.List.NumberOnListTest","required"
"Info Widget is always read-only","10416","A test to check the field for ""Read-only""","","Mon Dec 08 13:31:12 UTC 2025","failed","Mon Dec 08 13:31:23 UTC 2025","","Info. Checking the basic functions for the MultiValueHover","application.Samples.Info.MultiValueHoverOnInfoTest","readonly"
"Info Widget is always read-only","10298","A test to check the field for ""Read-only""","","Mon Dec 08 13:57:55 UTC 2025","failed","Mon Dec 08 13:58:06 UTC 2025","","Info. Checking the basic functions for the Hint","application.Samples.Info.HintOnInfoTest","readonly"
"DrillDown is not available for InfoWidget.","10380","The DrillDown test","","Mon Dec 08 13:32:04 UTC 2025","failed","Mon Dec 08 13:32:15 UTC 2025","","Info. Checking the basic functions for the Dictionary","application.Samples.Info.DictionaryOnInfoTest","drillDown"
"Filtering is not available for InfoWidget.","10332","Filtering test","","Mon Dec 08 13:35:20 UTC 2025","failed","Mon Dec 08 13:35:30 UTC 2025","","Info. Checking the basic functions for the MultiField","application.Samples.Info.MultiFieldOnInfoTest","filtration"
"The test sets the value in the field, and then checks the value in the field with what should be set","10296","A test for setting a value in a field","","Mon Dec 08 13:52:22 UTC 2025","failed","Mon Dec 08 13:52:32 UTC 2025","","Form. Checking the basic functions for the Time","application.Samples.Form.TimeOnFormTest","edit3"
"The test gets the value from the style attribute in RGB format, and then converts it to Hex format","10330","A test to get the field color value in Hex format","","Mon Dec 08 13:19:16 UTC 2025","failed","Mon Dec 08 13:19:27 UTC 2025","","List. Checking the basic functions for the Input in the widget List","application.Samples.List.InputOnListTest","color"
"The test gets the value from the style attribute in RGB format, and then converts it to Hex format","10298","A test to get the field color value in Hex format","","Mon Dec 08 13:50:42 UTC 2025","failed","Mon Dec 08 13:50:52 UTC 2025","","Form. Checking the basic functions for the MultipleSelect in the widget Form","application.Samples.Form.MultipleSelectOnFormTest","color"
"Sorting is not available for InfoWidget.","10376","Sorting test","","Mon Dec 08 13:34:30 UTC 2025","failed","Mon Dec 08 13:34:41 UTC 2025","","Info. Checking the basic functions for the DateTime","application.Samples.Info.DateTimeOnInfoTest","sorting"
"The test gets the value from the placeholder attribute and returns it in String format","10297","Test for getting the Placeholder value","","Mon Dec 08 13:50:52 UTC 2025","failed","Mon Dec 08 13:51:03 UTC 2025","","Form. Checking the basic functions for the MultipleSelect in the widget Form","application.Samples.Form.MultipleSelectOnFormTest","placeholder"
"The test check icon's name from the drop-down list ","10313","A test for checking the icon","","Mon Dec 08 13:58:07 UTC 2025","failed","Mon Dec 08 13:58:17 UTC 2025","","Form. Checking the basic functions for the Dictionary in the widget Form","application.Samples.Form.DictionaryOnFormTest","icon"
"The test gets the value from the placeholder attribute and returns it in String format","10346","Test for getting the Placeholder value","","Mon Dec 08 13:18:24 UTC 2025","failed","Mon Dec 08 13:18:35 UTC 2025","","List. Checking the basic functions for the Number in the widget List","application.Samples.List.NumberOnListTest","placeholder"
"Info Widget is always read-only","10330","A test to check the field for ""Read-only""","","Mon Dec 08 13:30:31 UTC 2025","failed","Mon Dec 08 13:30:42 UTC 2025","","Info. Checking the basic functions for the FileUp","application.Samples.Info.FileUploadOnInfoTest","readonly"
"Sorting is not available for the Form widget","10305","Sorting test","","Mon Dec 08 13:41:14 UTC 2025","failed","Mon Dec 08 13:41:25 UTC 2025","","Form. Checking the basic functions for the InlinePickList in the widget Form","application.Samples.Form.InlinePickListOnFormTest","sorting"
"The test gets the value from the style attribute in RGB format, and then converts it to Hex format","10413","A test to get the field color value in Hex format","","Mon Dec 08 13:27:45 UTC 2025","failed","Mon Dec 08 13:27:55 UTC 2025","","List. Checking the basic functions for the Date in the widget List","application.Samples.List.DateOnListTest","color"
"The test gets the value in the field, and then checks the value in the field with what should be.","0","A test for checking a value in a field","","Mon Dec 08 13:29:17 UTC 2025","skipped","Mon Dec 08 13:29:17 UTC 2025","","List. Checking the basic functions for the Dictionary in the widget List","application.Samples.List.DictionaryOnListTest","read"
"The test sets the value in the field, and then checks the value in the field with what should be set.","10331","A test for setting a value in a field","","Mon Dec 08 13:18:04 UTC 2025","failed","Mon Dec 08 13:18:14 UTC 2025","","List. Checking the basic functions for the Number in the widget List","application.Samples.List.NumberOnListTest","edit"
"The test gets the value from the style attribute in RGB format, and then converts it to Hex format","10397","A test to get the field color value in Hex format","","Mon Dec 08 13:24:27 UTC 2025","failed","Mon Dec 08 13:24:38 UTC 2025","","List. Checking the basic functions for the Text in the widget List","application.Samples.List.TextOnListTest","color"
"The test clears the field and clicks the Save button. Then validates the message that the field is required.","10398","Required Message text Verification field test","","Mon Dec 08 14:00:30 UTC 2025","failed","Mon Dec 08 14:00:41 UTC 2025","","List. Checking the basic functions for the MultipleSelect in the widget List","application.Samples.List.MultipleSelectOnListTest","required"
"The test checks for the disabled attribute.","10327","A test to check the field for ""Read-only""","","Mon Dec 08 13:47:57 UTC 2025","failed","Mon Dec 08 13:48:08 UTC 2025","","Form. Checking the basic functions for the MultiValue in the widget Form","application.Samples.Form.MultiValueOnFormTest","readonly"
"The test sets the value to false in the field, and then checks the value in the field with what should be set.","10365","A test for setting a value in a field","","Mon Dec 08 14:00:27 UTC 2025","failed","Mon Dec 08 14:00:37 UTC 2025","","List. Checking the basic functions for the CheckBox","application.Samples.List.CheckBoxOnListTest","edit"
"Filtering is not available for the Form widget","10298","Filtering test","","Mon Dec 08 13:52:25 UTC 2025","failed","Mon Dec 08 13:52:35 UTC 2025","","Form. Checking the basic functions for the DateTime in the widget Form","application.Samples.Form.DateTimeOnFormTest","filtration"
"The test sets the value with the wrong data type in the field. After approval, it checks the text under the field, which informs about the correctness of the type of data entered","10364","Required Message validation test for one field","","Mon Dec 08 13:54:09 UTC 2025","failed","Mon Dec 08 13:54:20 UTC 2025","","Form. Checking the basic functions for the Money in the widget Form","application.Samples.Form.MoneyOnFormTest","fieldLevelValidationAnnotation"
"Sorting is not available for InfoWidget.","10313","Sorting test","","Mon Dec 08 13:35:41 UTC 2025","failed","Mon Dec 08 13:35:51 UTC 2025","","Info. Checking the basic functions for the MultiValue","application.Samples.Info.MultiValueOnInfoTest","sorting"
"The test gets the value from the placeholder attribute and returns it in String format","10365","Test for getting the Placeholder value","","Mon Dec 08 13:53:37 UTC 2025","failed","Mon Dec 08 13:53:47 UTC 2025","","Form. Checking the basic functions for the DateTime in the widget Form","application.Samples.Form.DateTimeOnFormTest","placeholder"
"The test checks for the disabled attribute.","10314","A test to check the field for ""Read-only""","","Mon Dec 08 13:23:35 UTC 2025","failed","Mon Dec 08 13:23:46 UTC 2025","","List. Checking the basic functions for the Text in the widget List","application.Samples.List.TextOnListTest","readonly"
"The test sets the value in the field. After approval, the popup window, the title, the text in it, and the buttons are validated","10297","Run-time exception validation test","","Mon Dec 08 13:50:18 UTC 2025","failed","Mon Dec 08 13:50:28 UTC 2025","","Form. Checking the basic functions for the Percent in the widget Form","application.Samples.Form.PercentOnFormTest","runtimeException"
"Filtering by the specified column.","10363","Filtering test","","Mon Dec 08 13:17:53 UTC 2025","failed","Mon Dec 08 13:18:04 UTC 2025","","List. Checking the basic functions for the Money in the widget List","application.Samples.List.MoneyOnListTest","filtration"
"The test sets the value with the wrong data type in the field. After approval, it checks the text under the field, which informs about the correctness of the type of data entered.","10347","Required Message validation test for one field","","Mon Dec 08 13:29:08 UTC 2025","failed","Mon Dec 08 13:29:18 UTC 2025","","List. Checking the basic functions for the DateTime in the widget List","application.Samples.List.DateTimeOnListTest","fieldLevelValidationAnnotation"
"DrillDown is not available for InfoWidget.","10424","The DrillDown test","","Mon Dec 08 13:33:28 UTC 2025","failed","Mon Dec 08 13:33:38 UTC 2025","","Info. Checking the basic functions for the Date","application.Samples.Info.DateOnInfoTest","drillDown"
"The test calls Popup, the method returns a list with column headings","10298","The test for getting column headings","","Mon Dec 08 13:47:36 UTC 2025","failed","Mon Dec 08 13:47:46 UTC 2025","","Form. Checking the basic functions for the PickList in the widget Form","application.Samples.Form.PickListOnFormTest","getColumnName"
"A test to get the value from the field. MultiValueHover is always read-only, so it is impossible to set the value.","10345","A test for setting a value in a field","","Mon Dec 08 13:23:05 UTC 2025","failed","Mon Dec 08 13:23:15 UTC 2025","","List. Checking the basic functions for the MultiValueHover in the widget List","application.Samples.List.MultiValueHoverOnListTest","edit"
"Filtering is not available for the Form widget","10332","Filtering test","","Mon Dec 08 13:39:51 UTC 2025","failed","Mon Dec 08 13:40:02 UTC 2025","","Form. Checking the basic functions for the Suggestion PickList in the widget Form","application.Samples.Form.SuggestionPickListOnFormTest","filtration"
"The test sets the value in the field. After approval, the popup window, the title, the text in it, and the buttons are validated","10295","Run-time exception validation test","","Mon Dec 08 13:47:26 UTC 2025","failed","Mon Dec 08 13:47:36 UTC 2025","","Form. Checking the basic functions for the PickList in the widget Form","application.Samples.Form.PickListOnFormTest","runtimeException"
"Sorting by the specified column.","10373","Sorting test","","Mon Dec 08 13:16:30 UTC 2025","failed","Mon Dec 08 13:16:40 UTC 2025","","List. Checking the basic functions for the Number in the widget List","application.Samples.List.NumberOnListTest","sorting"
"Sorting is not available for InfoWidget.","10282","Sorting test","","Mon Dec 08 13:54:50 UTC 2025","failed","Mon Dec 08 13:55:00 UTC 2025","","Info. Checking the basic functions for the MultiplySelect","application.Samples.Info.MultipleSelectOnInfoTest","sorting"
"The test gets the value from the placeholder attribute and returns it in String format","10363","Test for getting the Placeholder value","","Mon Dec 08 13:30:00 UTC 2025","failed","Mon Dec 08 13:30:10 UTC 2025","","List. Checking the basic functions for the DateTime in the widget List","application.Samples.List.DateTimeOnListTest","placeholder"
"Checking the url before the transition and after the transition/click on a special element","10381","The DrillDown test","","Mon Dec 08 13:43:15 UTC 2025","failed","Mon Dec 08 13:43:25 UTC 2025","","Form. Checking the basic functions for the DateTimeWithSeconds in the widget Form","application.Samples.Form.DateTimeWithSecondsOnFormTest","drillDown"
"The test sets the value with the wrong data type in the field. After approval, it checks the text under the field, which informs about the correctness of the type of data entered.","10362","Required Message validation test for one field","","Mon Dec 08 13:20:19 UTC 2025","failed","Mon Dec 08 13:20:29 UTC 2025","","List. Checking the basic functions for the MultiValue in the widget List","application.Samples.List.MultiValueOnListTest","fieldLevelValidationAnnotation"
"The test gets the value from the placeholder attribute and returns it in String format","10316","Test for getting the Placeholder value","","Mon Dec 08 13:52:32 UTC 2025","failed","Mon Dec 08 13:52:43 UTC 2025","","Form. Checking the basic functions for the Time","application.Samples.Form.TimeOnFormTest","placeholder"
"Sorting by the specified column.","10339","Sorting test","","Mon Dec 08 13:28:27 UTC 2025","failed","Mon Dec 08 13:28:37 UTC 2025","","List. Checking the basic functions for the DateTime in the widget List","application.Samples.List.DateTimeOnListTest","sorting"
"The test gets the value from the style attribute in RGB format, and then converts it to Hex format","10477","A test to get the field color value in Hex format","","Mon Dec 08 14:00:52 UTC 2025","failed","Mon Dec 08 14:01:03 UTC 2025","","List. Checking the basic functions for the Money in the widget List","application.Samples.List.MoneyOnListTest","color"
"The test sets the value in the field. After approval, by clicking on the save button, the popup window, the title, the text in it, and the buttons are validated.","10363","Confirmation Popup Validation Test","","Mon Dec 08 13:16:51 UTC 2025","failed","Mon Dec 08 13:17:01 UTC 2025","","List. Checking the basic functions for the Radio in the widget List","application.Samples.List.RadioOnListTest","confirm"
"The test gets the value from the style attribute in RGB format, and then converts it to Hex format","10314","A test to get the field color value in Hex format","","Mon Dec 08 13:36:56 UTC 2025","failed","Mon Dec 08 13:37:06 UTC 2025","","Info. Checking the basic functions for the DateTimeWithSeconds","application.Samples.Info.DateTimeWithSecondsOnInfoTest","color"
"The test sets the value in the field. After approval, by clicking on the save button, the popup window, the title, the text in it, and the buttons are validated.","10324","Confirmation Popup Validation Test","","Mon Dec 08 13:19:47 UTC 2025","failed","Mon Dec 08 13:19:58 UTC 2025","","List. Checking the basic functions for the Input in the widget List","application.Samples.List.InputOnListTest","confirm"
"The Hint field type is always read-only","10409","A test to check the field for ""Read-only""","","Mon Dec 08 13:22:54 UTC 2025","failed","Mon Dec 08 13:23:05 UTC 2025","","List. Checking the basic functions for the MultiValueHover in the widget List","application.Samples.List.MultiValueHoverOnListTest","readonly"
"The test sets the value in the field. After approval, the popup window, the title, the text in it, and the buttons are validated","10346","Run-time exception validation test","","Mon Dec 08 13:55:01 UTC 2025","failed","Mon Dec 08 13:55:11 UTC 2025","","Form. Checking the basic functions for the Money in the widget Form","application.Samples.Form.MoneyOnFormTest","runtimeException"
"The test checks the value of the digits attributes","10314","Required Message text Verification field test","","Mon Dec 08 13:46:52 UTC 2025","failed","Mon Dec 08 13:47:02 UTC 2025","","Form. Checking the basic functions for the Input in the widget Form","application.Samples.Form.InputOnFormTest","maxInput"
"The test clears the field and clicks the Save button. Then validates the message that the field is required.","10381","Required Message text Verification field test","","Mon Dec 08 13:28:35 UTC 2025","failed","Mon Dec 08 13:28:46 UTC 2025","","List. Checking the basic functions for the Dictionary in the widget List","application.Samples.List.DictionaryOnListTest","required"
"Getting the field color is not available","10330","A test to get the field color value in Hex format","","Mon Dec 08 13:44:21 UTC 2025","failed","Mon Dec 08 13:44:31 UTC 2025","","Form. Checking the basic functions for the Hint in the widget Form","application.Samples.Form.HintOnFormTest","color"
"The test sets the value in the field. After approval, the popup window, the title, the text in it, and the buttons are validated.","10442","Business Exception Validation Test","","Mon Dec 08 14:01:13 UTC 2025","failed","Mon Dec 08 14:01:24 UTC 2025","","List. Checking the basic functions for the Money in the widget List","application.Samples.List.MoneyOnListTest","businessException"
"The test sets a value with the wrong data type in several fields for different widgets. After approval, it checks the text under the field, which informs about the correctness of the type of data entered","10299","Required Message validation test for multiple fields","","Mon Dec 08 13:57:25 UTC 2025","failed","Mon Dec 08 13:57:35 UTC 2025","","Form. Checking the basic functions for the CheckBox","application.Samples.Form.CheckBoxOnFormTest","fieldLevelValidation"
"A test to get the value from the field. MultiValueHover is always read-only, so it is impossible to set the value","10315","A test for setting a value in a field","","Mon Dec 08 13:50:39 UTC 2025","failed","Mon Dec 08 13:50:49 UTC 2025","","Form. Checking the basic functions for the MultiValueHover in the widget Form","application.Samples.Form.MultiValueHoverOnFormTest","edit"
"Filtering is not available for the Form widget","10348","Filtering test","","Mon Dec 08 13:37:37 UTC 2025","failed","Mon Dec 08 13:37:47 UTC 2025","","Form. Checking the basic functions for the Text in the widget Form","application.Samples.Form.TextOnFormTest","filtration"
"DrillDown is not available for InfoWidget.","10358","The DrillDown test","","Mon Dec 08 13:35:54 UTC 2025","failed","Mon Dec 08 13:36:04 UTC 2025","","Info. Checking the basic functions for the Number","application.Samples.Info.NumberOnInfoTest","drillDown"
"The test gets the value from the placeholder attribute and returns it in String format","10349","Test for getting the Placeholder value","","Mon Dec 08 14:00:10 UTC 2025","failed","Mon Dec 08 14:00:20 UTC 2025","","List. Checking the basic functions for the MultipleSelect in the widget List","application.Samples.List.MultipleSelectOnListTest","placeholder"
"The test sets the value in the field. After approval, the popup window, the title, the text in it, and the buttons are validated.","10405","Business Exception Validation Test","","Mon Dec 08 13:24:48 UTC 2025","failed","Mon Dec 08 13:24:59 UTC 2025","","List. Checking the basic functions for the FileUpload in the widget List","application.Samples.List.FileUploadOnListTest","businessException"
"The test checks for the disabled attribute","10363","A test to check the field for ""Read-only""","","Mon Dec 08 13:37:47 UTC 2025","failed","Mon Dec 08 13:37:58 UTC 2025","","Form. Checking the basic functions for the Text in the widget Form","application.Samples.Form.TextOnFormTest","readonly"
"The test sets a value with the wrong data type in several fields for different widgets. After approval, it checks the text under the field, which informs about the correctness of the type of data entered","10298","Required Message validation test for multiple fields","","Mon Dec 08 13:51:33 UTC 2025","failed","Mon Dec 08 13:51:44 UTC 2025","","Form. Checking the basic functions for the MultipleSelect in the widget Form","application.Samples.Form.MultipleSelectOnFormTest","fieldLevelValidation"
"The test sets a value with the wrong data type in several fields for different widgets. After approval, it checks the text under the field, which informs about the correctness of the type of data entered","10382","Required Message validation test for multiple fields","","Mon Dec 08 13:43:18 UTC 2025","failed","Mon Dec 08 13:43:29 UTC 2025","","Form. Checking the basic functions for the InlinePickList in the widget Form","application.Samples.Form.InlinePickListOnFormTest","fieldLevelValidation"
"","10361","test_2()","","Mon Dec 08 13:26:22 UTC 2025","failed","Mon Dec 08 13:26:32 UTC 2025","","List. Checking the basic functions for the PickList in the widget List","application.Samples.List.PickListOnListTest","test_2"
"The test sets the value in the field, and then checks the value in the field with what should be set.","10390","A test for setting a value in a field","","Mon Dec 08 13:16:09 UTC 2025","failed","Mon Dec 08 13:16:19 UTC 2025","","List. Checking the basic functions for the Radio in the widget List","application.Samples.List.RadioOnListTest","edit"
"The test gets the value from the placeholder attribute and returns it in String format","10437","Test for getting the Placeholder value","","Mon Dec 08 13:16:30 UTC 2025","failed","Mon Dec 08 13:16:40 UTC 2025","","List. Checking the basic functions for the Radio in the widget List","application.Samples.List.RadioOnListTest","placeholder"
"","10297","The test for getting the value from the field","","Mon Dec 08 13:54:39 UTC 2025","failed","Mon Dec 08 13:54:50 UTC 2025","","Info. Checking the basic functions for the MultiplySelect","application.Samples.Info.MultipleSelectOnInfoTest","read"
"A test to get the value from the field. Hint is always read-only, so it is impossible to set the value.","10313","A test to check the value in a field","","Mon Dec 08 13:44:10 UTC 2025","failed","Mon Dec 08 13:44:21 UTC 2025","","Form. Checking the basic functions for the Hint in the widget Form","application.Samples.Form.HintOnFormTest","edit"
"","10326","checkFilterOrSort()","","Mon Dec 08 13:18:25 UTC 2025","failed","Mon Dec 08 13:18:35 UTC 2025","","List. Checking the basic functions for the Input in the widget List","application.Samples.List.InputOnListTest","checkFilterOrSort"
"The InfoWidget doesn't have a Placeholder..","10331","Test for getting the Placeholder value","","Mon Dec 08 13:36:43 UTC 2025","failed","Mon Dec 08 13:36:53 UTC 2025","","Info. Checking the basic functions for the MultiValue","application.Samples.Info.MultiValueOnInfoTest","placeholder"
"","10298","The test for getting the value from the field","","Mon Dec 08 13:58:06 UTC 2025","failed","Mon Dec 08 13:58:16 UTC 2025","","Info. Checking the basic functions for the Hint","application.Samples.Info.HintOnInfoTest","read"
"The test checks for the disabled attribute","10315","A test to check the field for ""Read-only""","","Mon Dec 08 13:52:35 UTC 2025","failed","Mon Dec 08 13:52:46 UTC 2025","","Form. Checking the basic functions for the DateTime in the widget Form","application.Samples.Form.DateTimeOnFormTest","readonly"
"The test checks for the disabled attribute","10282","A test to check the field for ""Read-only""","","Mon Dec 08 13:49:50 UTC 2025","failed","Mon Dec 08 13:50:01 UTC 2025","","Form. Checking the basic functions for the MultipleSelect in the widget Form","application.Samples.Form.MultipleSelectOnFormTest","readonly"
"The test sets the value with the wrong data type in the field. After approval, it checks the text under the field, which informs about the correctness of the type of data entered.","10297","Required Message validation test for one field","","Mon Dec 08 13:59:15 UTC 2025","failed","Mon Dec 08 13:59:25 UTC 2025","","List. Checking the basic functions for the CheckBox","application.Samples.List.CheckBoxOnListTest","fieldLevelValidationAnnotation"
"The test sets the value in the field, and then checks the value in the field with what should be set.","10413","A test for setting a value in a field","","Mon Dec 08 13:27:34 UTC 2025","failed","Mon Dec 08 13:27:45 UTC 2025","","List. Checking the basic functions for the Date in the widget List","application.Samples.List.DateOnListTest","edit"
"The test sets the value with the wrong data type in the field. After approval, it checks the text under the field, which informs about the correctness of the type of data entered","10357","Required Message validation test for one field","","Mon Dec 08 13:56:55 UTC 2025","failed","Mon Dec 08 13:57:05 UTC 2025","","Form. Checking the basic functions for the Dictionary in the widget Form","application.Samples.Form.DictionaryOnFormTest","fieldLevelValidationAnnotation"
"The test sets the value in the field, and then checks the value in the field with what should be set","10347","A test for setting a value in a field","","Mon Dec 08 13:23:05 UTC 2025","failed","Mon Dec 08 13:23:15 UTC 2025","","List. Checking the basic functions for the Time","application.Samples.List.TimeOnListTest","edit2"
"The test sets the value in the field. After approval, by clicking on the save button, the popup window, the title, the text in it, and the buttons are validated.","10410","Confirmation Popup Validation Test","","Mon Dec 08 14:00:32 UTC 2025","failed","Mon Dec 08 14:00:42 UTC 2025","","List. Checking the basic functions for the Money in the widget List","application.Samples.List.MoneyOnListTest","confirm"
"The test gets the value from the placeholder attribute and returns it in String format","10347","Test for getting the Placeholder value","","Mon Dec 08 13:51:55 UTC 2025","failed","Mon Dec 08 13:52:05 UTC 2025","","Form. Checking the basic functions for the FileUpload in the widget Form","application.Samples.Form.FileUploadOnFormTest","placeholder"
"Checking the url before the transition and after the transition/click on a special element","10356","The DrillDown test","","Mon Dec 08 13:22:13 UTC 2025","failed","Mon Dec 08 13:22:23 UTC 2025","","List. Checking the basic functions for the Time","application.Samples.List.TimeOnListTest","drillDown"
"Info Widget is always read-only","10440","A test to check the field for ""Read-only""","","Mon Dec 08 13:35:02 UTC 2025","failed","Mon Dec 08 13:35:12 UTC 2025","","Info. Checking the basic functions for the DateTime","application.Samples.Info.DateTimeOnInfoTest","readonly"
"","10329","setValueGetValue()","","Mon Dec 08 13:23:46 UTC 2025","failed","Mon Dec 08 13:23:57 UTC 2025","","List. Checking the basic functions for the FileUpload in the widget List","application.Samples.List.FileUploadOnListTest","setValueGetValue"
"The test calls a modal window, after which the method returns Status-Value pairs depending on the column header.","10298","A test for checking values by column heading in a modal window","","Mon Dec 08 13:48:39 UTC 2025","failed","Mon Dec 08 13:48:49 UTC 2025","","Form. Checking the basic functions for the MultiValue in the widget Form","application.Samples.Form.MultiValueOnFormTest","test_status"
"The test sets the value with the wrong data type in the field. After approval, it checks the text under the field, which informs about the correctness of the type of data entered.","10316","Required Message validation test for one field","","Mon Dec 08 13:23:46 UTC 2025","failed","Mon Dec 08 13:23:56 UTC 2025","","List. Checking the basic functions for the Text in the widget List","application.Samples.List.TextOnListTest","fieldLevelValidationAnnotation"
"DrillDown is not available for InfoWidget.","10395","The DrillDown test","","Mon Dec 08 13:30:00 UTC 2025","failed","Mon Dec 08 13:30:11 UTC 2025","","Info. Checking the basic functions for the FileUp","application.Samples.Info.FileUploadOnInfoTest","drillDown"
"The test gets the value from the placeholder attribute and returns it in String format","10431","Test for getting the Placeholder value","","Mon Dec 08 13:24:59 UTC 2025","failed","Mon Dec 08 13:25:09 UTC 2025","","List. Checking the basic functions for the DateTimeWithSeconds in the widget List","application.Samples.List.DateTimeWithSecondsOnListTest","placeholder"
"Checking the url before the transition and after the transition/click on a special element","10298","The DrillDown test","","Mon Dec 08 13:43:49 UTC 2025","failed","Mon Dec 08 13:43:59 UTC 2025","","Form. Checking the basic functions for the Radio in the widget Form","application.Samples.Form.RadioOnFormTest","drillDown"
"The test verifies that after clearing the field, it is empty.","10409","The test for deleting a file from a field","","Mon Dec 08 13:25:09 UTC 2025","failed","Mon Dec 08 13:25:20 UTC 2025","","List. Checking the basic functions for the FileUpload in the widget List","application.Samples.List.FileUploadOnListTest","clear"
"The test sets a value with the wrong data type in several fields for different widgets. After approval, it checks the text under the field, which informs about the correctness of the type of data entered","10413","Required Message validation test for multiple fields","","Mon Dec 08 13:28:16 UTC 2025","failed","Mon Dec 08 13:28:27 UTC 2025","","List. Checking the basic functions for the Date in the widget List","application.Samples.List.DateOnListTest","fieldLevelValidation"
"Filtering is not available for InfoWidget.","10331","Filtering test","","Mon Dec 08 13:30:30 UTC 2025","failed","Mon Dec 08 13:30:40 UTC 2025","","Info. Checking the basic functions for the Input","application.Samples.Info.InputOnInfoTest","filtration"
"Checking the url before the transition and after the transition/click on a special element","10354","The DrillDown test","","Mon Dec 08 13:33:59 UTC 2025","failed","Mon Dec 08 13:34:10 UTC 2025","","Info. Checking the basic functions for the Time","application.Samples.Info.TimeOnInfoTest","drillDown"
"The test gets the value from the placeholder attribute and returns it in String format","10362","Test for getting the Placeholder value","","Mon Dec 08 13:42:58 UTC 2025","failed","Mon Dec 08 13:43:08 UTC 2025","","Form. Checking the basic functions for the InlinePickList in the widget Form","application.Samples.Form.InlinePickListOnFormTest","placeholder"
"The test clear the value in the field , and then checks the value in the field, it must be null.","10363","A test for checking the possibility of an empty field","","Mon Dec 08 13:16:40 UTC 2025","failed","Mon Dec 08 13:16:51 UTC 2025","","List. Checking the basic functions for the Number in the widget List","application.Samples.List.NumberOnListTest","nullable"
"The InfoWidget doesn't have a Placeholder.","10364","Test for getting the Placeholder value","","Mon Dec 08 13:32:24 UTC 2025","failed","Mon Dec 08 13:32:34 UTC 2025","","Info. Checking the basic functions for the CheckBox","application.Samples.Info.CheckboxOnInfoTest","placeholder"
"The test clears the field and clicks the Save button. Then validates the message that the field is required.","10313","Required Message text Verification field test","","Mon Dec 08 13:23:56 UTC 2025","failed","Mon Dec 08 13:24:06 UTC 2025","","List. Checking the basic functions for the Text in the widget List","application.Samples.List.TextOnListTest","required"
"The test sets the value with the wrong data type in the field. After approval, it checks the text under the field, which informs about the correctness of the type of data entered.","10329","Required Message validation test for one field","","Mon Dec 08 13:28:25 UTC 2025","failed","Mon Dec 08 13:28:35 UTC 2025","","List. Checking the basic functions for the Dictionary in the widget List","application.Samples.List.DictionaryOnListTest","fieldLevelValidationAnnotation"
"Checking the url before the transition and after the transition/click on a special element","10343","The DrillDown test","","Mon Dec 08 13:26:32 UTC 2025","failed","Mon Dec 08 13:26:42 UTC 2025","","List. Checking the basic functions for the Date in the widget List","application.Samples.List.DateOnListTest","drillDown"
"Sorting is not available for InfoWidget.","10366","Sorting test","","Mon Dec 08 13:31:21 UTC 2025","failed","Mon Dec 08 13:31:32 UTC 2025","","Info. Checking the basic functions for the CheckBox","application.Samples.Info.CheckboxOnInfoTest","sorting"
"The test sets a value with the wrong data type in several fields for different widgets. After approval, it checks the text under the field, which informs about the correctness of the type of data entered","10332","Required Message validation test for multiple fields","","Mon Dec 08 13:29:48 UTC 2025","failed","Mon Dec 08 13:29:58 UTC 2025","","List. Checking the basic functions for the Dictionary in the widget List","application.Samples.List.DictionaryOnListTest","fieldLevelValidation"
"The test sets the value with the wrong data type in the field. After approval, it checks the text under the field, which informs about the correctness of the type of data entered","10299","Required Message validation test for one field","","Mon Dec 08 13:48:55 UTC 2025","failed","Mon Dec 08 13:49:06 UTC 2025","","Form. Checking the basic functions for the Percent in the widget Form","application.Samples.Form.PercentOnFormTest","fieldLevelValidationAnnotation"
"The test sets the value in the field. After approval, the popup window, the title, the text in it, and the buttons are validated","10298","Run-time exception validation test","","Mon Dec 08 13:47:43 UTC 2025","failed","Mon Dec 08 13:47:53 UTC 2025","","Form. Checking the basic functions for the Input in the widget Form","application.Samples.Form.InputOnFormTest","runtimeException"
"The test sets the value in the field, and then checks the value in the field with what should be set.","10430","A test for setting a value in a field","","Mon Dec 08 13:24:59 UTC 2025","failed","Mon Dec 08 13:25:09 UTC 2025","","List. Checking the basic functions for the FileUpload in the widget List","application.Samples.List.FileUploadOnListTest","edit"
"The test sets the value in the field. After approval, the popup window, the title, the text in it, and the buttons are validated.","10330","Run-time exception validation test","","Mon Dec 08 13:26:11 UTC 2025","failed","Mon Dec 08 13:26:22 UTC 2025","","List. Checking the basic functions for the FileUpload in the widget List","application.Samples.List.FileUploadOnListTest","runtimeException"
"The test gets the value from the style attribute in RGB format, and then converts it to Hex format","10333","A test to get the field color value in Hex format","","Mon Dec 08 13:25:20 UTC 2025","failed","Mon Dec 08 13:25:30 UTC 2025","","List. Checking the basic functions for the FileUpload in the widget List","application.Samples.List.FileUploadOnListTest","color"
"Getting a Placeholder is not available","10298","Test for getting the Placeholder value","","Mon Dec 08 13:50:59 UTC 2025","failed","Mon Dec 08 13:51:10 UTC 2025","","Form. Checking the basic functions for the MultiValueHover in the widget Form","application.Samples.Form.MultiValueHoverOnFormTest","placeholder"
"Filtering is not available for InfoWidget.","10397","Filtering test","","Mon Dec 08 13:34:51 UTC 2025","failed","Mon Dec 08 13:35:02 UTC 2025","","Info. Checking the basic functions for the DateTime","application.Samples.Info.DateTimeOnInfoTest","filtration"
"Info Widget is always read-only","10382","A test to check the field for ""Read-only""","","Mon Dec 08 13:32:26 UTC 2025","failed","Mon Dec 08 13:32:36 UTC 2025","","Info. Checking the basic functions for the Dictionary","application.Samples.Info.DictionaryOnInfoTest","readonly"
"Checking the url before the transition and after the transition/click on a special element","10331","The DrillDown test","","Mon Dec 08 14:00:11 UTC 2025","failed","Mon Dec 08 14:00:21 UTC 2025","","List. Checking the basic functions for the Money in the widget List","application.Samples.List.MoneyOnListTest","drillDown"
"The test checks the status of one option, whether it is selected or not.","10482","A test to check the status of one option","","Mon Dec 08 14:00:41 UTC 2025","failed","Mon Dec 08 14:00:51 UTC 2025","","List. Checking the basic functions for the MultipleSelect in the widget List","application.Samples.List.MultipleSelectOnListTest","statusOption"
"The test gets the value from the placeholder attribute and returns it in String format","10330","Test for getting the Placeholder value","","Mon Dec 08 13:19:37 UTC 2025","failed","Mon Dec 08 13:19:47 UTC 2025","","List. Checking the basic functions for the Input in the widget List","application.Samples.List.InputOnListTest","placeholder"
"The test checks for the disabled attribute.","10316","A test to check the field for ""Read-only""","","Mon Dec 08 13:25:50 UTC 2025","failed","Mon Dec 08 13:26:00 UTC 2025","","List. Checking the basic functions for the InlinePickList in the widget List","application.Samples.List.InlinePickListOnListTest","readonly"
"Checking the url before the transition and after the transition/click on a special element","10313","The DrillDown test","","Mon Dec 08 13:51:10 UTC 2025","failed","Mon Dec 08 13:51:20 UTC 2025","","Form. Checking the basic functions for the Time","application.Samples.Form.TimeOnFormTest","drillDown"
"Info Widget is always read-only","10390","A test to check the field for ""Read-only""","","Mon Dec 08 13:29:08 UTC 2025","failed","Mon Dec 08 13:29:19 UTC 2025","","Info. Checking the basic functions for the PickList","application.Samples.Info.PickListOnInfoTest","readonly"
"The test sets the value in the field, and then checks the value in the field with what should be set","10330","A test for setting a value in a field","","Mon Dec 08 13:42:27 UTC 2025","failed","Mon Dec 08 13:42:37 UTC 2025","","Form. Checking the basic functions for the InlinePickList in the widget Form","application.Samples.Form.InlinePickListOnFormTest","edit"
"Sorting is not available for the Form widget","10315","Sorting test","","Mon Dec 08 13:54:40 UTC 2025","failed","Mon Dec 08 13:54:51 UTC 2025","","Form. Checking the basic functions for the Money in the widget Form","application.Samples.Form.MoneyOnFormTest","sorting"
"The test sets the value with the wrong data type in the field. After approval, it checks the text under the field, which informs about the correctness of the type of data entered","10295","Required Message validation test for one field","","Mon Dec 08 13:46:00 UTC 2025","failed","Mon Dec 08 13:46:10 UTC 2025","","Form. Checking the basic functions for the Input in the widget Form","application.Samples.Form.InputOnFormTest","fieldLevelValidationAnnotation"
"The test sets the value in the field. After approval, the popup window, the title, the text in it, and the buttons are validated","10364","Run-time exception validation test","","Mon Dec 08 13:54:08 UTC 2025","failed","Mon Dec 08 13:54:19 UTC 2025","","Form. Checking the basic functions for the DateTime in the widget Form","application.Samples.Form.DateTimeOnFormTest","runtimeException"
"The test gets the value from the style attribute in RGB format, and then converts it to Hex format","10315","A test to get the field color value in Hex format","","Mon Dec 08 13:38:39 UTC 2025","failed","Mon Dec 08 13:38:49 UTC 2025","","Form. Checking the basic functions for the Text in the widget Form","application.Samples.Form.TextOnFormTest","color"
"The test gets the value from the style attribute in RGB format, and then converts it to Hex format","10380","A test to get the field color value in Hex format","","Mon Dec 08 13:29:29 UTC 2025","failed","Mon Dec 08 13:29:39 UTC 2025","","Info. Checking the basic functions for the PickList","application.Samples.Info.PickListOnInfoTest","color"
"Sorting is not available for the Form widget","10292","Sorting test","","Mon Dec 08 13:49:09 UTC 2025","failed","Mon Dec 08 13:49:19 UTC 2025","","Form. Checking the basic functions for the MultipleSelect in the widget Form","application.Samples.Form.MultipleSelectOnFormTest","sorting"
"The Hint field type is always read-only","10334","A test to check the field for ""Read-only""","","Mon Dec 08 13:50:29 UTC 2025","failed","Mon Dec 08 13:50:39 UTC 2025","","Form. Checking the basic functions for the MultiValueHover in the widget Form","application.Samples.Form.MultiValueHoverOnFormTest","readonly"
"The test clears the field and clicks the Save button. Then validates the message that the field is required.","10420","Required Message text Verification field test","","Mon Dec 08 13:18:45 UTC 2025","failed","Mon Dec 08 13:18:56 UTC 2025","","List. Checking the basic functions for the Input in the widget List","application.Samples.List.InputOnListTest","required"
"The test sets the value with the wrong data type in the field. After approval, it checks the text under the field, which informs about the correctness of the type of data entered.","10449","Required Message validation test for one field","","Mon Dec 08 14:01:35 UTC 2025","failed","Mon Dec 08 14:01:45 UTC 2025","","List. Checking the basic functions for the Money in the widget List","application.Samples.List.MoneyOnListTest","fieldLevelValidationAnnotation"
"The test clears the field and clicks the Save button. Then validates the message that the field is required","10315","Required Message text Verification field test","","Mon Dec 08 13:51:03 UTC 2025","failed","Mon Dec 08 13:51:14 UTC 2025","","Form. Checking the basic functions for the FileUpload in the widget Form","application.Samples.Form.FileUploadOnFormTest","required"
"The test clears the field and clicks the Save button. Then validates the message that the field is required.","10416","Required Message text Verification field test","","Mon Dec 08 13:27:14 UTC 2025","failed","Mon Dec 08 13:27:24 UTC 2025","","List. Checking the basic functions for the Date in the widget List","application.Samples.List.DateOnListTest","required"
"The test checks the list of options that the method returns, with the expected result.","10317","Test to get a list of options","","Mon Dec 08 13:58:47 UTC 2025","failed","Mon Dec 08 13:58:57 UTC 2025","","List. Checking the basic functions for the MultipleSelect in the widget List","application.Samples.List.MultipleSelectOnListTest","getListOptions"
"Sorting is not available for the Form widget","10328","Sorting test","","Mon Dec 08 13:37:16 UTC 2025","failed","Mon Dec 08 13:37:27 UTC 2025","","Form. Checking the basic functions for the Text in the widget Form","application.Samples.Form.TextOnFormTest","sorting"
"Filtering by the specified column.","10380","Filtering test","","Mon Dec 08 13:23:25 UTC 2025","failed","Mon Dec 08 13:23:35 UTC 2025","","List. Checking the basic functions for the Text in the widget List","application.Samples.List.TextOnListTest","filtration"
"The test sets the value in the field. After approval, by clicking on the save button, the popup window, the title, the text in it, and the buttons are validated","10298","Confirmation Popup Validation Test","","Mon Dec 08 13:44:48 UTC 2025","failed","Mon Dec 08 13:44:58 UTC 2025","","Form. Checking the basic functions for the DateTimeWithSeconds in the widget Form","application.Samples.Form.DateTimeWithSecondsOnFormTest","confirm"
"The test sets the value in the field, and then checks the value in the field with what should be set","10315","A test for setting a value in a field","","Mon Dec 08 13:57:57 UTC 2025","failed","Mon Dec 08 13:58:07 UTC 2025","","Form. Checking the basic functions for the Dictionary in the widget Form","application.Samples.Form.DictionaryOnFormTest","edit"
"The test sets the value, after which the method returns the full list of value-status","10298","Test to get all values with the status","","Mon Dec 08 13:45:12 UTC 2025","failed","Mon Dec 08 13:45:22 UTC 2025","","Form. Checking the basic functions for the Radio in the widget Form","application.Samples.Form.RadioOnFormTest","getValues"
"Filtering is not available for the Form widget","10347","Filtering test","","Mon Dec 08 13:41:35 UTC 2025","failed","Mon Dec 08 13:41:45 UTC 2025","","Form. Checking the basic functions for the InlinePickList in the widget Form","application.Samples.Form.InlinePickListOnFormTest","filtration"
"The test sets the value in the field via Popup using a unique id, and then checks the value in the field with what needs to be set.","10416","A test for setting a value in a field","","Mon Dec 08 13:27:14 UTC 2025","failed","Mon Dec 08 13:27:24 UTC 2025","","List. Checking the basic functions for the PickList in the widget List","application.Samples.List.PickListOnListTest","edit"
"The test opens a modal window, clears the field, closes the window, and then checks the message under the field.","10424","Required Message text Verification field test","","Mon Dec 08 13:21:10 UTC 2025","failed","Mon Dec 08 13:21:21 UTC 2025","","List. Checking the basic functions for the MultiValue in the widget List","application.Samples.List.MultiValueOnListTest","required_2"
"Filtering by the specified column.","10331","Filtering test","","Mon Dec 08 13:19:58 UTC 2025","failed","Mon Dec 08 13:20:08 UTC 2025","","List. Checking the basic functions for the MultiValue in the widget List","application.Samples.List.MultiValueOnListTest","filtration"
"Filtering is not available for InfoWidget.","10331","Filtering test","","Mon Dec 08 13:30:21 UTC 2025","failed","Mon Dec 08 13:30:31 UTC 2025","","Info. Checking the basic functions for the FileUp","application.Samples.Info.FileUploadOnInfoTest","filtration"
"The test sets a value with the wrong data type in several fields for different widgets. After approval, it checks the text under the field, which informs about the correctness of the type of data entered","10329","Required Message validation test for multiple fields","","Mon Dec 08 13:30:21 UTC 2025","failed","Mon Dec 08 13:30:31 UTC 2025","","List. Checking the basic functions for the DateTime in the widget List","application.Samples.List.DateTimeOnListTest","fieldLevelValidation"
"Filtering is not available for InfoWidget.","10314","Filtering test","","Mon Dec 08 13:37:14 UTC 2025","failed","Mon Dec 08 13:37:24 UTC 2025","","Info. Checking the basic functions for the Text","application.Samples.Info.TextOnInfoTest","filtration"
"The test gets the value in the field, and then checks the value in the field with what should be.","0","A test for checking a value in a field","","Mon Dec 08 13:24:27 UTC 2025","skipped","Mon Dec 08 13:24:27 UTC 2025","","List. Checking the basic functions for the Text in the widget List","application.Samples.List.TextOnListTest","read"
"The test sets the value with the wrong data type in the field. After approval, it checks the text under the field, which informs about the correctness of the type of data entered.","10329","Required Message validation test for one field","","Mon Dec 08 13:59:18 UTC 2025","failed","Mon Dec 08 13:59:28 UTC 2025","","List. Checking the basic functions for the MultipleSelect in the widget List","application.Samples.List.MultipleSelectOnListTest","fieldLevelValidationAnnotation"
"InfoWidget does not have a Hex field color for this type.","10302","A test to get the field color value in Hex format","","Mon Dec 08 13:57:45 UTC 2025","failed","Mon Dec 08 13:57:55 UTC 2025","","Info. Checking the basic functions for the Hint","application.Samples.Info.HintOnInfoTest","color"
"Sorting is not available for InfoWidget.","10439","Sorting test","","Mon Dec 08 13:31:54 UTC 2025","failed","Mon Dec 08 13:32:04 UTC 2025","","Info. Checking the basic functions for the Dictionary","application.Samples.Info.DictionaryOnInfoTest","sorting"
"","10398","The test for getting the value from the field","","Mon Dec 08 13:33:26 UTC 2025","failed","Mon Dec 08 13:33:37 UTC 2025","","Info. Checking the basic functions for the Percent","application.Samples.Info.PercentOnInfoTest","read"
"Test click ""Export"" and check the file for standards.","10299","Test export button","","Mon Dec 08 13:56:24 UTC 2025","failed","Mon Dec 08 13:56:34 UTC 2025","","Checking the basic functions for the Dictionary administration panel","application.Samples.DictionaryAdministrationTest","testExprotFile"
"Тест устанавливает значение в поле, а после проверяет значение в поле с тем, что должно быть установлено. Предварительной очистки поля нет","10298","A test for setting a value in a field","","Mon Dec 08 13:59:49 UTC 2025","failed","Mon Dec 08 13:59:59 UTC 2025","","List. Checking the basic functions for the MultipleSelect in the widget List","application.Samples.List.MultipleSelectOnListTest","edit"
"Getting the field color is not available","10415","A test to get the field color value in Hex format","","Mon Dec 08 13:22:34 UTC 2025","failed","Mon Dec 08 13:22:44 UTC 2025","","List. Checking the basic functions for the Hint in the widget List","application.Samples.List.HintOnListTest","color"
"The test sets the value in the field. After approval, the popup window, the title, the text in it, and the buttons are validated","10365","Run-time exception validation test","","Mon Dec 08 13:43:29 UTC 2025","failed","Mon Dec 08 13:43:39 UTC 2025","","Form. Checking the basic functions for the InlinePickList in the widget Form","application.Samples.Form.InlinePickListOnFormTest","runtimeException"
"The test sets the value in the field. After approval, by clicking on the save button, the popup window, the title, the text in it, and the buttons are validated.","10332","Confirmation Popup Validation Test","","Mon Dec 08 13:25:51 UTC 2025","failed","Mon Dec 08 13:26:01 UTC 2025","","List. Checking the basic functions for the FileUpload in the widget List","application.Samples.List.FileUploadOnListTest","confirm"
"The test checks the status of one option, whether it is selected or not","10298","A test to check the status of one option","","Mon Dec 08 13:51:54 UTC 2025","failed","Mon Dec 08 13:52:04 UTC 2025","","Form. Checking the basic functions for the MultipleSelect in the widget Form","application.Samples.Form.MultipleSelectOnFormTest","statusOption"
"The InfoWidget doesn't have a Placeholder.","10346","Test for getting the Placeholder value","","Mon Dec 08 13:36:56 UTC 2025","failed","Mon Dec 08 13:37:06 UTC 2025","","Info. Checking the basic functions for the Number","application.Samples.Info.NumberOnInfoTest","placeholder"
"The test gets the value from the style attribute in RGB format, and then converts it to Hex format","10347","A test to get the field color value in Hex format","","Mon Dec 08 13:56:33 UTC 2025","failed","Mon Dec 08 13:56:43 UTC 2025","","Form. Checking the basic functions for the CheckBox","application.Samples.Form.CheckBoxOnFormTest","color"
"The test sets the value in the field. After approval, the popup window, the title, the text in it, and the buttons are validated","10295","Business Exception Validation Test","","Mon Dec 08 13:53:06 UTC 2025","failed","Mon Dec 08 13:53:17 UTC 2025","","Form. Checking the basic functions for the DateTime in the widget Form","application.Samples.Form.DateTimeOnFormTest","businessException"
"The test sets the value in the field. After approval, by clicking on the save button, the popup window, the title, the text in it, and the buttons are validated.","10374","Confirmation Popup Validation Test","","Mon Dec 08 13:21:31 UTC 2025","failed","Mon Dec 08 13:21:41 UTC 2025","","List. Checking the basic functions for the MultiValue in the widget List","application.Samples.List.MultiValueOnListTest","confirm"
"The InfoWidget doesn't have a Placeholder.","10331","Test for getting the Placeholder value","","Mon Dec 08 13:33:47 UTC 2025","failed","Mon Dec 08 13:33:57 UTC 2025","","Info. Checking the basic functions for the Percent","application.Samples.Info.PercentOnInfoTest","placeholder"
"The InfoWidget doesn't have a Placeholder.","10412","Test for getting the Placeholder value","","Mon Dec 08 13:31:11 UTC 2025","failed","Mon Dec 08 13:31:21 UTC 2025","","Info. Checking the basic functions for the Input","application.Samples.Info.InputOnInfoTest","placeholder"
"The test sets the value in the field, and then checks the value in the field with what should be set","10300","A test for setting a value in a field","","Mon Dec 08 13:52:12 UTC 2025","failed","Mon Dec 08 13:52:22 UTC 2025","","Form. Checking the basic functions for the Time","application.Samples.Form.TimeOnFormTest","edit2"
"The test gets the value from the placeholder attribute and returns it in String format","10343","Test for getting the Placeholder value","","Mon Dec 08 13:25:30 UTC 2025","failed","Mon Dec 08 13:25:40 UTC 2025","","List. Checking the basic functions for the FileUpload in the widget List","application.Samples.List.FileUploadOnListTest","placeholder"
"","10352","getTypeColumn()","","Mon Dec 08 13:20:18 UTC 2025","failed","Mon Dec 08 13:20:29 UTC 2025","","List. Checking the basic functions for the Input in the widget List","application.Samples.List.InputOnListTest","getTypeColumn"
"The test sets the value in the field. After approval, the popup window, the title, the text in it, and the buttons are validated.","10297","Business Exception Validation Test","","Mon Dec 08 13:58:57 UTC 2025","failed","Mon Dec 08 13:59:08 UTC 2025","","List. Checking the basic functions for the MultipleSelect in the widget List","application.Samples.List.MultipleSelectOnListTest","businessException"
"The test sets the value in the field. After approval, by clicking on the save button, the popup window, the title, the text in it, and the buttons are validated","10283","Confirmation Popup Validation Test","","Mon Dec 08 13:47:05 UTC 2025","failed","Mon Dec 08 13:47:16 UTC 2025","","Form. Checking the basic functions for the PickList in the widget Form","application.Samples.Form.PickListOnFormTest","confirm"
"The test sets a value with the wrong data type in several fields for different widgets. After approval, it checks the text under the field, which informs about the correctness of the type of data entered","11029","Required Message validation test for multiple fields","","Mon Dec 08 14:01:19 UTC 2025","failed","Mon Dec 08 14:01:30 UTC 2025","","Form. Checking the basic functions for the Date in the widget Form","application.Samples.Form.DateOnFormTest","fieldLevelValidation"
"Drill Down is not available for InfoWidget.","10280","The DrillDown test","","Mon Dec 08 13:58:26 UTC 2025","failed","Mon Dec 08 13:58:37 UTC 2025","","Info. Checking the basic functions for the Hint","application.Samples.Info.HintOnInfoTest","drillDown"
"The test sets a value with the wrong data type in several fields for different widgets. After approval, it checks the text under the field, which informs about the correctness of the type of data entered","10298","Required Message validation test for multiple fields","","Mon Dec 08 13:57:36 UTC 2025","failed","Mon Dec 08 13:57:46 UTC 2025","","Form. Checking the basic functions for the Dictionary in the widget Form","application.Samples.Form.DictionaryOnFormTest","fieldLevelValidation"
"DrillDown is not available for InfoWidget.","10332","The DrillDown test","","Mon Dec 08 13:32:45 UTC 2025","failed","Mon Dec 08 13:32:55 UTC 2025","","Info. Checking the basic functions for the Percent","application.Samples.Info.PercentOnInfoTest","drillDown"
"","10433","A test to compare the source file with the downloaded one","","Mon Dec 08 13:31:13 UTC 2025","failed","Mon Dec 08 13:31:23 UTC 2025","","Info. Checking the basic functions for the FileUp","application.Samples.Info.FileUploadOnInfoTest","compare"
"The test sets the value in the field. After approval, by clicking on the save button, the popup window, the title, the text in it, and the buttons are validated.","10372","Confirmation Popup Validation Test","","Mon Dec 08 13:25:09 UTC 2025","failed","Mon Dec 08 13:25:20 UTC 2025","","List. Checking the basic functions for the DateTimeWithSeconds in the widget List","application.Samples.List.DateTimeWithSecondsOnListTest","confirm"
"The test clear the value in the field , and then checks the value in the field, it must be null.","10363","A test for checking the possibility of an empty field","","Mon Dec 08 13:53:59 UTC 2025","failed","Mon Dec 08 13:54:09 UTC 2025","","Form. Checking the basic functions for the Money in the widget Form","application.Samples.Form.MoneyOnFormTest","nullable"
"Filtering is not available for InfoWidget.","10347","Filtering test","","Mon Dec 08 13:55:10 UTC 2025","failed","Mon Dec 08 13:55:21 UTC 2025","","Info. Checking the basic functions for the MultiplySelect","application.Samples.Info.MultipleSelectOnInfoTest","filtration"
"Sorting is not available for InfoWidget.","10326","Sorting test","","Mon Dec 08 13:36:53 UTC 2025","failed","Mon Dec 08 13:37:03 UTC 2025","","Info. Checking the basic functions for the Text","application.Samples.Info.TextOnInfoTest","sorting"
"Info Widget is always read-only","10331","A test to check the field for ""Read-only""","","Mon Dec 08 13:36:35 UTC 2025","failed","Mon Dec 08 13:36:45 UTC 2025","","Info. Checking the basic functions for the DateTimeWithSeconds","application.Samples.Info.DateTimeWithSecondsOnInfoTest","readonly"
"The InfoWidget doesn't have a Placeholder.","10348","Test for getting the Placeholder value","","Mon Dec 08 13:37:06 UTC 2025","failed","Mon Dec 08 13:37:16 UTC 2025","","Info. Checking the basic functions for the DateTimeWithSeconds","application.Samples.Info.DateTimeWithSecondsOnInfoTest","placeholder"
"The test checks for the disabled attribute.","10353","A test to check the field for ""Read-only""","","Mon Dec 08 13:18:14 UTC 2025","failed","Mon Dec 08 13:18:25 UTC 2025","","List. Checking the basic functions for the Input in the widget List","application.Samples.List.InputOnListTest","readonly"
"The test sets the value in the field. After approval, by clicking on the save button, the popup window, the title, the text in it, and the buttons are validated","10353","Confirmation Popup Validation Test","","Mon Dec 08 13:55:31 UTC 2025","failed","Mon Dec 08 13:55:41 UTC 2025","","Form. Checking the basic functions for the CheckBox","application.Samples.Form.CheckBoxOnFormTest","confirm"
"Checking the url before the transition and after the transition/click on a special element","10314","The DrillDown test","","Mon Dec 08 13:41:25 UTC 2025","failed","Mon Dec 08 13:41:35 UTC 2025","","Form. Checking the basic functions for the InlinePickList in the widget Form","application.Samples.Form.InlinePickListOnFormTest","drillDown"
"Sorting by the specified column.","10340","Sorting test","","Mon Dec 08 13:17:43 UTC 2025","failed","Mon Dec 08 13:17:54 UTC 2025","","List. Checking the basic functions for the Input in the widget List","application.Samples.List.InputOnListTest","sorting"
"The test sets the value in the field. After approval, the popup window, the title, the text in it, and the buttons are validated","10315","Business Exception Validation Test","","Mon Dec 08 13:51:14 UTC 2025","failed","Mon Dec 08 13:51:24 UTC 2025","","Form. Checking the basic functions for the FileUpload in the widget Form","application.Samples.Form.FileUploadOnFormTest","businessException"
"The test sets a value with the wrong data type in several fields for different widgets. After approval, it checks the text under the field, which informs about the correctness of the type of data entered","10363","Required Message validation test for multiple fields","","Mon Dec 08 13:26:01 UTC 2025","failed","Mon Dec 08 13:26:11 UTC 2025","","List. Checking the basic functions for the FileUpload in the widget List","application.Samples.List.FileUploadOnListTest","fieldLevelValidation"
"InfoWidget does not have a Hex field color for this type.","10281","A test to get the field color value in Hex format","","Mon Dec 08 13:54:29 UTC 2025","failed","Mon Dec 08 13:54:39 UTC 2025","","Info. Checking the basic functions for the MultiplySelect","application.Samples.Info.MultipleSelectOnInfoTest","color"
"The test clears the field and clicks the Save button. Then validates the message that the field is required.","10346","Required Message text Verification field test","","Mon Dec 08 13:20:29 UTC 2025","failed","Mon Dec 08 13:20:39 UTC 2025","","List. Checking the basic functions for the MultiValue in the widget List","application.Samples.List.MultiValueOnListTest","required"
"Filtering is not available for the Form widget","10314","Filtering test","","Mon Dec 08 13:53:28 UTC 2025","failed","Mon Dec 08 13:53:38 UTC 2025","","Form. Checking the basic functions for the Money in the widget Form","application.Samples.Form.MoneyOnFormTest","filtration"
"The test checks for the disabled attribute.","10333","A test to check the field for ""Read-only""","","Mon Dec 08 13:20:08 UTC 2025","failed","Mon Dec 08 13:20:19 UTC 2025","","List. Checking the basic functions for the MultiValue in the widget List","application.Samples.List.MultiValueOnListTest","readonly"
"The test sets the value in the field. After approval, by clicking on the save button, the popup window, the title, the text in it, and the buttons are validated","10332","Confirmation Popup Validation Test","","Mon Dec 08 13:45:22 UTC 2025","failed","Mon Dec 08 13:45:32 UTC 2025","","Form. Checking the basic functions for the Radio in the widget Form","application.Samples.Form.RadioOnFormTest","confirm"
"Checking the url before the transition and after the transition/click on a special element","10364","The DrillDown test","","Mon Dec 08 13:23:15 UTC 2025","failed","Mon Dec 08 13:23:25 UTC 2025","","List. Checking the basic functions for the Text in the widget List","application.Samples.List.TextOnListTest","drillDown"
"The test sets the value with the wrong data type in the field. After approval, it checks the text under the field, which informs about the correctness of the type of data entered","10363","Required Message validation test for one field","","Mon Dec 08 13:41:56 UTC 2025","failed","Mon Dec 08 13:42:06 UTC 2025","","Form. Checking the basic functions for the InlinePickList in the widget Form","application.Samples.Form.InlinePickListOnFormTest","fieldLevelValidationAnnotation"
"The test sets the value in the field. After approval, the popup window, the title, the text in it, and the buttons are validated","10329","Business Exception Validation Test","","Mon Dec 08 13:38:18 UTC 2025","failed","Mon Dec 08 13:38:29 UTC 2025","","Form. Checking the basic functions for the Text in the widget Form","application.Samples.Form.TextOnFormTest","businessException"
"The test checks the creation and deletion in the dictionary and the result of this work on another screen.","10365","Test region at Form","","Mon Dec 08 13:55:42 UTC 2025","failed","Mon Dec 08 13:55:53 UTC 2025","","Checking the basic functions for the Dictionary administration panel","application.Samples.DictionaryAdministrationTest","regionsForm"
"The test sets the value in the field, and then checks the value in the field with what should be set.","10388","A test for setting a value in a field","","Mon Dec 08 13:24:38 UTC 2025","failed","Mon Dec 08 13:24:48 UTC 2025","","List. Checking the basic functions for the DateTimeWithSeconds in the widget List","application.Samples.List.DateTimeWithSecondsOnListTest","edit"
"The test sets the value with the wrong data type in the field. After approval, it checks the text under the field, which informs about the correctness of the type of data entered","10346","Required Message validation test for one field","","Mon Dec 08 13:41:11 UTC 2025","failed","Mon Dec 08 13:41:21 UTC 2025","","Form. Checking the basic functions for the Date in the widget Form","application.Samples.Form.DateOnFormTest","fieldLevelValidationAnnotationAlternative"
"Filtering by the specified column.","10347","Filtering test","","Mon Dec 08 13:25:40 UTC 2025","failed","Mon Dec 08 13:25:50 UTC 2025","","List. Checking the basic functions for the InlinePickList in the widget List","application.Samples.List.InlinePickListOnListTest","filtration"
"The test sets the value in the field. After approval, by clicking on the save button, the popup window, the title, the text in it, and the buttons are validated.","10432","Confirmation Popup Validation Test","","Mon Dec 08 13:28:06 UTC 2025","failed","Mon Dec 08 13:28:16 UTC 2025","","List. Checking the basic functions for the Date in the widget List","application.Samples.List.DateOnListTest","confirm"
"Checking the url before the transition and after the transition/click on a special element","10331","The DrillDown test","","Mon Dec 08 13:39:41 UTC 2025","failed","Mon Dec 08 13:39:51 UTC 2025","","Form. Checking the basic functions for the Suggestion PickList in the widget Form","application.Samples.Form.SuggestionPickListOnFormTest","drillDown"
"Info Widget is always read-only","10397","A test to check the field for ""Read-only""","","Mon Dec 08 13:33:16 UTC 2025","failed","Mon Dec 08 13:33:26 UTC 2025","","Info. Checking the basic functions for the Percent","application.Samples.Info.PercentOnInfoTest","readonly"
"","10331","The test for getting the value from the field","","Mon Dec 08 13:35:30 UTC 2025","failed","Mon Dec 08 13:35:41 UTC 2025","","Info. Checking the basic functions for the MultiField","application.Samples.Info.MultiFieldOnInfoTest","read"
"DrillDown is not available for InfoWidget.","10361","The DrillDown test","","Mon Dec 08 13:34:41 UTC 2025","failed","Mon Dec 08 13:34:51 UTC 2025","","Info. Checking the basic functions for the DateTime","application.Samples.Info.DateTimeOnInfoTest","drillDown"
"Sorting is not available for the Form widget","10317","Sorting test","","Mon Dec 08 13:50:12 UTC 2025","failed","Mon Dec 08 13:50:22 UTC 2025","","Form. Checking the basic functions for the FileUpload in the widget Form","application.Samples.Form.FileUploadOnFormTest","sorting"
"The test sets a value with the wrong data type in several fields for different widgets. After approval, it checks the text under the field, which informs about the correctness of the type of data entered","10347","Required Message validation test for multiple fields","","Mon Dec 08 13:53:58 UTC 2025","failed","Mon Dec 08 13:54:08 UTC 2025","","Form. Checking the basic functions for the DateTime in the widget Form","application.Samples.Form.DateTimeOnFormTest","fieldLevelValidation"
"","10312","A test to check the options of the drop-down list","","Mon Dec 08 13:58:28 UTC 2025","failed","Mon Dec 08 13:58:38 UTC 2025","","Form. Checking the basic functions for the Dictionary in the widget Form","application.Samples.Form.DictionaryOnFormTest","options"
"The test sets the value in the field, and then checks the value in the field with what should be set","10346","A test for setting a value in a field","","Mon Dec 08 13:22:44 UTC 2025","failed","Mon Dec 08 13:22:54 UTC 2025","","List. Checking the basic functions for the Time","application.Samples.List.TimeOnListTest","edit"
"Sorting is not available for the Form widget","10366","Sorting test","","Mon Dec 08 13:55:41 UTC 2025","failed","Mon Dec 08 13:55:52 UTC 2025","","Form. Checking the basic functions for the CheckBox","application.Samples.Form.CheckBoxOnFormTest","sorting"
"The test checks for the disabled attribute.","10348","A test to check the field for ""Read-only""","","Mon Dec 08 13:15:38 UTC 2025","failed","Mon Dec 08 13:15:48 UTC 2025","","List. Checking the basic functions for the Radio in the widget List","application.Samples.List.RadioOnListTest","readonly"
"The test sets a value with the wrong data type in several fields for different widgets. After approval, it checks the text under the field, which informs about the correctness of the type of data entered","10314","Required Message validation test for multiple fields","","Mon Dec 08 13:39:10 UTC 2025","failed","Mon Dec 08 13:39:20 UTC 2025","","Form. Checking the basic functions for the Text in the widget Form","application.Samples.Form.TextOnFormTest","fieldLevelValidation"
"Filtering is not available for the Form widget","10296","Filtering test","","Mon Dec 08 13:57:04 UTC 2025","failed","Mon Dec 08 13:57:14 UTC 2025","","Form. Checking the basic functions for the CheckBox","application.Samples.Form.CheckBoxOnFormTest","filtration"
"The test sets the value in the field. After approval, the popup window, the title, the text in it, and the buttons are validated","10281","Business Exception Validation Test","","Mon Dec 08 13:46:21 UTC 2025","failed","Mon Dec 08 13:46:31 UTC 2025","","Form. Checking the basic functions for the Input in the widget Form","application.Samples.Form.InputOnFormTest","businessException"
"The test sets the value in the field. After approval, by clicking on the save button, the popup window, the title, the text in it, and the buttons are validated.","10331","Confirmation Popup Validation Test","","Mon Dec 08 13:29:38 UTC 2025","failed","Mon Dec 08 13:29:48 UTC 2025","","List. Checking the basic functions for the Dictionary in the widget List","application.Samples.List.DictionaryOnListTest","confirm"
"The InfoWidget doesn't have a Placeholder.","10348","Test for getting the Placeholder value","","Mon Dec 08 13:55:00 UTC 2025","failed","Mon Dec 08 13:55:10 UTC 2025","","Info. Checking the basic functions for the MultiplySelect","application.Samples.Info.MultipleSelectOnInfoTest","placeholder"
"Checking the url before the transition and after the transition/click on a special element","10314","The DrillDown test","","Mon Dec 08 13:59:56 UTC 2025","failed","Mon Dec 08 14:00:06 UTC 2025","","List. Checking the basic functions for the CheckBox","application.Samples.List.CheckBoxOnListTest","drillDown"
"The test sets the value in the field. After approval, the popup window, the title, the text in it, and the buttons are validated.","10316","Run-time exception validation test","","Mon Dec 08 13:54:47 UTC 2025","failed","Mon Dec 08 13:54:57 UTC 2025","","List. Checking the basic functions for the Percent in the widget List","application.Samples.List.PercentOnListTest","runtimeException"
"The test sets the value in the field. After approval, the popup window, the title, the text in it, and the buttons are validated","10332","Business Exception Validation Test","","Mon Dec 08 13:56:02 UTC 2025","failed","Mon Dec 08 13:56:12 UTC 2025","","Form. Checking the basic functions for the CheckBox","application.Samples.Form.CheckBoxOnFormTest","businessException"
"Filtering by the specified column.","10407","Filtering test","","Mon Dec 08 13:21:52 UTC 2025","failed","Mon Dec 08 13:22:02 UTC 2025","","List. Checking the basic functions for the Hint in the widget List","application.Samples.List.HintOnListTest","filtration"
"The test gets the value from the placeholder attribute and returns it in String format","10364","Test for getting the Placeholder value","","Mon Dec 08 13:23:25 UTC 2025","failed","Mon Dec 08 13:23:36 UTC 2025","","List. Checking the basic functions for the Time","application.Samples.List.TimeOnListTest","placeholder"
"Checking the url before the transition and after the transition/click on a special element","10375","The DrillDown test","","Mon Dec 08 14:01:30 UTC 2025","failed","Mon Dec 08 14:01:40 UTC 2025","","Form. Checking the basic functions for the Date in the widget Form","application.Samples.Form.DateOnFormTest","drillDown"
"The test gets the value in the field, and then checks the value in the field with what should be.","0","A test for checking a value in a field","","Mon Dec 08 13:18:14 UTC 2025","skipped","Mon Dec 08 13:18:14 UTC 2025","","List. Checking the basic functions for the Number in the widget List","application.Samples.List.NumberOnListTest","read"
"The test sets the characters in the field, and then returns a list of values that match or contain characters","10366","Character Matching test","","Mon Dec 08 13:42:47 UTC 2025","failed","Mon Dec 08 13:42:58 UTC 2025","","Form. Checking the basic functions for the InlinePickList in the widget Form","application.Samples.Form.InlinePickListOnFormTest","valuesInList"
"Info Widget is always read-only","10350","A test to check the field for ""Read-only""","","Mon Dec 08 13:33:07 UTC 2025","failed","Mon Dec 08 13:33:18 UTC 2025","","Info. Checking the basic functions for the Money","application.Samples.Info.MoneyOnInfoTest","readonly"
"The test sets the value to true in the field, and then checks the value in the field with what should be set.","10349","A test for setting a value in a field","","Mon Dec 08 13:59:35 UTC 2025","failed","Mon Dec 08 13:59:46 UTC 2025","","List. Checking the basic functions for the CheckBox","application.Samples.List.CheckBoxOnListTest","edit2"
"Filtering is not available for the Form widget","10330","Filtering test","","Mon Dec 08 13:50:33 UTC 2025","failed","Mon Dec 08 13:50:43 UTC 2025","","Form. Checking the basic functions for the FileUpload in the widget Form","application.Samples.Form.FileUploadOnFormTest","filtration"
"The test gets the value from the style attribute in RGB format, and then converts it to Hex format","10298","A test to get the field color value in Hex format","","Mon Dec 08 13:49:37 UTC 2025","failed","Mon Dec 08 13:49:47 UTC 2025","","Form. Checking the basic functions for the Percent in the widget Form","application.Samples.Form.PercentOnFormTest","color"
"Filtering by the specified column.","10348","Filtering test","","Mon Dec 08 13:28:04 UTC 2025","failed","Mon Dec 08 13:28:15 UTC 2025","","List. Checking the basic functions for the Dictionary in the widget List","application.Samples.List.DictionaryOnListTest","filtration"
"DrillDown is not available for InfoWidget.","10298","The DrillDown test","","Mon Dec 08 13:55:21 UTC 2025","failed","Mon Dec 08 13:55:31 UTC 2025","","Info. Checking the basic functions for the MultiplySelect","application.Samples.Info.MultipleSelectOnInfoTest","drillDown"
"Checking the url before the transition and after the transition/click on a special element","10298","The DrillDown test","","Mon Dec 08 13:48:14 UTC 2025","failed","Mon Dec 08 13:48:24 UTC 2025","","Form. Checking the basic functions for the Percent in the widget Form","application.Samples.Form.PercentOnFormTest","drillDown"
"The test sets the value in the field. After approval, by clicking on the save button, the popup window, the title, the text in it, and the buttons are validated.","10298","Confirmation Popup Validation Test","","Mon Dec 08 13:59:46 UTC 2025","failed","Mon Dec 08 13:59:56 UTC 2025","","List. Checking the basic functions for the CheckBox","application.Samples.List.CheckBoxOnListTest","confirm"
"The test checks the list of buttons","10334","Test getting all widget buttons","","Mon Dec 08 13:47:22 UTC 2025","failed","Mon Dec 08 13:47:33 UTC 2025","","Form. Checking the basic functions for the Input in the widget Form","application.Samples.Form.InputOnFormTest","getButtons"
"Drill Down is not available for InfoWidget.","10380","The DrillDown test","","Mon Dec 08 13:35:51 UTC 2025","failed","Mon Dec 08 13:36:01 UTC 2025","","Info. Checking the basic functions for the MultiValue","application.Samples.Info.MultiValueOnInfoTest","drillDown"
"The test gets the value from the style attribute in RGB format, and then converts it to Hex format","10314","A test to get the field color value in Hex format","","Mon Dec 08 13:53:55 UTC 2025","failed","Mon Dec 08 13:54:05 UTC 2025","","List. Checking the basic functions for the Percent in the widget List","application.Samples.List.PercentOnListTest","color"
"Filtering is not available for InfoWidget.","10413","Filtering test","","Mon Dec 08 13:31:02 UTC 2025","failed","Mon Dec 08 13:31:12 UTC 2025","","Info. Checking the basic functions for the MultiValueHover","application.Samples.Info.MultiValueHoverOnInfoTest","filtration"
"The test checks the creation and deletion in the dictionary and the result of this work on another screen.","10364","Test sorting at Form","","Mon Dec 08 13:55:53 UTC 2025","failed","Mon Dec 08 13:56:03 UTC 2025","","Checking the basic functions for the Dictionary administration panel","application.Samples.DictionaryAdministrationTest","sortingForm"
"The test clears the field and clicks the Save button. Then validates the message that the field is required","10296","Required Message text Verification field test","","Mon Dec 08 13:57:52 UTC 2025","failed","Mon Dec 08 13:58:02 UTC 2025","","Form. Checking the basic functions for the Number in the widget Form","application.Samples.Form.NumberOnFormTest","required"
"The test gets the value in the field, and then checks the value in the field with what should be.","0","A test for checking a value in a field","","Mon Dec 08 13:18:56 UTC 2025","skipped","Mon Dec 08 13:18:56 UTC 2025","","List. Checking the basic functions for the Money in the widget List","application.Samples.List.MoneyOnListTest","read"
"Filtering is not available for the Form widget","10299","Filtering test","","Mon Dec 08 13:51:20 UTC 2025","failed","Mon Dec 08 13:51:30 UTC 2025","","Form. Checking the basic functions for the Time","application.Samples.Form.TimeOnFormTest","filtration"
"The test gets the value in the field, and then checks the value in the field with what should be.","0","A test for checking a value in a field","","Mon Dec 08 13:23:15 UTC 2025","skipped","Mon Dec 08 13:23:15 UTC 2025","","List. Checking the basic functions for the MultiValueHover in the widget List","application.Samples.List.MultiValueHoverOnListTest","read"
"The test clears the field and clicks the Save button. Then validates the message that the field is required.","10364","Required Message text Verification field test","","Mon Dec 08 13:29:18 UTC 2025","failed","Mon Dec 08 13:29:29 UTC 2025","","List. Checking the basic functions for the DateTime in the widget List","application.Samples.List.DateTimeOnListTest","required"
"The test sets the value in the field, and then checks the value in the field with what should be set.","10398","A test for setting a value in a field","","Mon Dec 08 13:28:56 UTC 2025","failed","Mon Dec 08 13:29:07 UTC 2025","","List. Checking the basic functions for the Dictionary in the widget List","application.Samples.List.DictionaryOnListTest","edit"
"The test sets the value in the field. After approval, the popup window, the title, the text in it, and the buttons are validated.","10716","Run-time exception validation test","","Mon Dec 08 13:17:11 UTC 2025","failed","Mon Dec 08 13:17:22 UTC 2025","","List. Checking the basic functions for the Radio in the widget List","application.Samples.List.RadioOnListTest","runtimeException"
"Checking the url before the transition and after the transition/click on a special element","10314","The DrillDown test","","Mon Dec 08 13:47:16 UTC 2025","failed","Mon Dec 08 13:47:27 UTC 2025","","Form. Checking the basic functions for the MultiValue in the widget Form","application.Samples.Form.MultiValueOnFormTest","drillDown"
"The test sets the value in the field, and then checks the value in the field with what should be set","10298","A test for setting a value in a field","","Mon Dec 08 13:58:02 UTC 2025","failed","Mon Dec 08 13:58:13 UTC 2025","","Form. Checking the basic functions for the Number in the widget Form","application.Samples.Form.NumberOnFormTest","edit"
"The test gets the value from the placeholder attribute and returns it in String format","10299","Test for getting the Placeholder value","","Mon Dec 08 13:49:20 UTC 2025","failed","Mon Dec 08 13:49:30 UTC 2025","","Form. Checking the basic functions for the MultiValue in the widget Form","application.Samples.Form.MultiValueOnFormTest","placeholder"
"","10314","The test for getting the value from the field","","Mon Dec 08 13:37:34 UTC 2025","failed","Mon Dec 08 13:37:45 UTC 2025","","Info. Checking the basic functions for the Text","application.Samples.Info.TextOnInfoTest","read"
"Currency check at the field","10421","Currency test","","Mon Dec 08 13:33:38 UTC 2025","failed","Mon Dec 08 13:33:49 UTC 2025","","Info. Checking the basic functions for the Money","application.Samples.Info.MoneyOnInfoTest","currency"
"The test sets the value in the field. After approval, the popup window, the title, the text in it, and the buttons are validated.","10382","Business Exception Validation Test","","Mon Dec 08 13:29:29 UTC 2025","failed","Mon Dec 08 13:29:39 UTC 2025","","List. Checking the basic functions for the DateTime in the widget List","application.Samples.List.DateTimeOnListTest","businessException"
"The test gets the value from the style attribute in RGB format, and then converts it to Hex format","10364","A test to get the field color value in Hex format","","Mon Dec 08 14:00:06 UTC 2025","failed","Mon Dec 08 14:00:17 UTC 2025","","List. Checking the basic functions for the CheckBox","application.Samples.List.CheckBoxOnListTest","color"
"","10302","A test to get a value for a multifield hint","","Mon Dec 08 13:48:48 UTC 2025","failed","Mon Dec 08 13:48:59 UTC 2025","","Form. Checking the basic functions for the MultiField in the widget Form","application.Samples.Form.MultiFieldOnFormTest","getValues"
"Getting a Placeholder is not available","10382","Test for getting the Placeholder value","","Mon Dec 08 13:23:25 UTC 2025","failed","Mon Dec 08 13:23:36 UTC 2025","","List. Checking the basic functions for the MultiValueHover in the widget List","application.Samples.List.MultiValueHoverOnListTest","placeholder"
"The test gets the value from the placeholder attribute and returns it in String format","10391","Test for getting the Placeholder value","","Mon Dec 08 13:27:55 UTC 2025","failed","Mon Dec 08 13:28:06 UTC 2025","","List. Checking the basic functions for the Date in the widget List","application.Samples.List.DateOnListTest","placeholder"
"The test gets the value from the style attribute in RGB format, and then converts it to Hex format","10345","A test to get the field color value in Hex format","","Mon Dec 08 13:34:20 UTC 2025","failed","Mon Dec 08 13:34:30 UTC 2025","","Info. Checking the basic functions for the Time","application.Samples.Info.TimeOnInfoTest","color"
"Sorting by the specified column.","10342","Sorting test","","Mon Dec 08 13:25:19 UTC 2025","failed","Mon Dec 08 13:25:29 UTC 2025","","List. Checking the basic functions for the InlinePickList in the widget List","application.Samples.List.InlinePickListOnListTest","sorting"
"The test clears the field and clicks the Save button. Then validates the message that the field is required.","10379","Required Message text Verification field test","","Mon Dec 08 13:15:48 UTC 2025","failed","Mon Dec 08 13:15:59 UTC 2025","","List. Checking the basic functions for the SuggestionPickList in the widget List","application.Samples.List.SuggestionPickListOnListTest","required"
"The test sets the value in the field. After approval, by clicking on the save button, the popup window, the title, the text in it, and the buttons are validated","10314","Confirmation Popup Validation Test","","Mon Dec 08 13:42:34 UTC 2025","failed","Mon Dec 08 13:42:44 UTC 2025","","Form. Checking the basic functions for the Date in the widget Form","application.Samples.Form.DateOnFormTest","confirm"
"The test sets the value in the field. After approval, by clicking on the save button, the popup window, the title, the text in it, and the buttons are validated","10297","Confirmation Popup Validation Test","","Mon Dec 08 13:49:58 UTC 2025","failed","Mon Dec 08 13:50:08 UTC 2025","","Form. Checking the basic functions for the Percent in the widget Form","application.Samples.Form.PercentOnFormTest","confirm"
"The test gets the value from the placeholder attribute and returns it in String format","10314","Test for getting the Placeholder value","","Mon Dec 08 13:38:49 UTC 2025","failed","Mon Dec 08 13:39:00 UTC 2025","","Form. Checking the basic functions for the Text in the widget Form","application.Samples.Form.TextOnFormTest","placeholder"
"The test gets the value in the field, and then checks the value in the field with what should be.","0","A test for checking a value in a field","","Mon Dec 08 13:16:51 UTC 2025","skipped","Mon Dec 08 13:16:51 UTC 2025","","List. Checking the basic functions for the Percent in the widget List","application.Samples.List.PercentOnListTest","read"
"Sorting is not available for the Form widget","10306","Sorting test","","Mon Dec 08 13:47:53 UTC 2025","failed","Mon Dec 08 13:48:04 UTC 2025","","Form. Checking the basic functions for the Percent in the widget Form","application.Samples.Form.PercentOnFormTest","sorting"
"The test checks for the disabled attribute","10314","A test to check the field for ""Read-only""","","Mon Dec 08 13:51:30 UTC 2025","failed","Mon Dec 08 13:51:41 UTC 2025","","Form. Checking the basic functions for the Time","application.Samples.Form.TimeOnFormTest","readonly"
"","10330","The test for getting the value from the field","","Mon Dec 08 13:33:18 UTC 2025","failed","Mon Dec 08 13:33:28 UTC 2025","","Info. Checking the basic functions for the Money","application.Samples.Info.MoneyOnInfoTest","read"
"The test sets a value with the wrong data type in several fields for different widgets. After approval, it checks the text under the field, which informs about the correctness of the type of data entered","10315","Required Message validation test for multiple fields","","Mon Dec 08 13:44:58 UTC 2025","failed","Mon Dec 08 13:45:08 UTC 2025","","Form. Checking the basic functions for the DateTimeWithSeconds in the widget Form","application.Samples.Form.DateTimeWithSecondsOnFormTest","fieldLevelValidation"
"The test sets the value with the wrong data type in the field. After approval, it checks the text under the field, which informs about the correctness of the type of data entered.","10331","Required Message validation test for one field","","Mon Dec 08 13:18:35 UTC 2025","failed","Mon Dec 08 13:18:45 UTC 2025","","List. Checking the basic functions for the Input in the widget List","application.Samples.List.InputOnListTest","fieldLevelValidationAnnotation"
"The test gets the value from the placeholder attribute and returns it in String format","10331","Test for getting the Placeholder value","","Mon Dec 08 13:29:27 UTC 2025","failed","Mon Dec 08 13:29:38 UTC 2025","","List. Checking the basic functions for the Dictionary in the widget List","application.Samples.List.DictionaryOnListTest","placeholder"
"The test sets the value in the field. After approval, by clicking on the save button, the popup window, the title, the text in it, and the buttons are validated","10314","Confirmation Popup Validation Test","","Mon Dec 08 13:52:16 UTC 2025","failed","Mon Dec 08 13:52:26 UTC 2025","","Form. Checking the basic functions for the FileUpload in the widget Form","application.Samples.Form.FileUploadOnFormTest","confirm"
"The test clears the field and clicks the Save button. Then validates the message that the field is required","10363","Required Message text Verification field test","","Mon Dec 08 13:55:52 UTC 2025","failed","Mon Dec 08 13:56:02 UTC 2025","","Form. Checking the basic functions for the CheckBox","application.Samples.Form.CheckBoxOnFormTest","required"
"The test checks the value in the field with what should be set","10354","A test to read value","","Mon Dec 08 13:34:30 UTC 2025","failed","Mon Dec 08 13:34:41 UTC 2025","","Info. Checking the basic functions for the Time","application.Samples.Info.TimeOnInfoTest","read2"
"Sorting is not available for InfoWidget.","10408","Sorting test","","Mon Dec 08 13:28:37 UTC 2025","failed","Mon Dec 08 13:28:47 UTC 2025","","Info. Checking the basic functions for the PickList","application.Samples.Info.PickListOnInfoTest","sorting"
"Filtering is not available for InfoWidget.","10331","Filtering test","","Mon Dec 08 13:33:05 UTC 2025","failed","Mon Dec 08 13:33:16 UTC 2025","","Info. Checking the basic functions for the Percent","application.Samples.Info.PercentOnInfoTest","filtration"
"The test sets the value in the field. After approval, by clicking on the save button, the popup window, the title, the text in it, and the buttons are validated","10348","Confirmation Popup Validation Test","","Mon Dec 08 13:53:47 UTC 2025","failed","Mon Dec 08 13:53:58 UTC 2025","","Form. Checking the basic functions for the DateTime in the widget Form","application.Samples.Form.DateTimeOnFormTest","confirm"
"The test sets the value in the field, and then checks the value in the field with what should be set.","10398","A test for setting a number with a fractional part in a field","","Mon Dec 08 13:17:01 UTC 2025","failed","Mon Dec 08 13:17:12 UTC 2025","","List. Checking the basic functions for the Number in the widget List","application.Samples.List.NumberOnListTest","digits"
"The InfoWidget doesn't have a Placeholder.","10396","Test for getting the Placeholder value","","Mon Dec 08 13:31:02 UTC 2025","failed","Mon Dec 08 13:31:13 UTC 2025","","Info. Checking the basic functions for the FileUp","application.Samples.Info.FileUploadOnInfoTest","placeholder"
"","10297","The test for getting the value from the field","","Mon Dec 08 13:55:28 UTC 2025","failed","Mon Dec 08 13:55:38 UTC 2025","","Info. Checking the basic functions for the Radio","application.Samples.Info.RadioOnInfoTest","read"
"The test sets the value in the field. After approval, by clicking on the save button, the popup window, the title, the text in it, and the buttons are validated","10315","Confirmation Popup Validation Test","","Mon Dec 08 13:53:07 UTC 2025","failed","Mon Dec 08 13:53:18 UTC 2025","","Form. Checking the basic functions for the Money in the widget Form","application.Samples.Form.MoneyOnFormTest","confirm"
"The test checks for the disabled attribute","10315","A test to check the field for ""Read-only""","","Mon Dec 08 13:50:43 UTC 2025","failed","Mon Dec 08 13:50:53 UTC 2025","","Form. Checking the basic functions for the FileUpload in the widget Form","application.Samples.Form.FileUploadOnFormTest","readonly"
"The test checks for the disabled attribute","10299","A test to check the field for ""Read-only""","","Mon Dec 08 13:41:21 UTC 2025","failed","Mon Dec 08 13:41:32 UTC 2025","","Form. Checking the basic functions for the Date in the widget Form","application.Samples.Form.DateOnFormTest","readonly"
"The test gets the value from the placeholder attribute and returns it in String format","10333","Test for getting the Placeholder value","","Mon Dec 08 13:26:52 UTC 2025","failed","Mon Dec 08 13:27:02 UTC 2025","","List. Checking the basic functions for the InlinePickList in the widget List","application.Samples.List.InlinePickListOnListTest","placeholder"
"Sorting is not available for InfoWidget.","10349","Sorting test","","Mon Dec 08 13:30:41 UTC 2025","failed","Mon Dec 08 13:30:52 UTC 2025","","Info. Checking the basic functions for the MultiValueHover","application.Samples.Info.MultiValueHoverOnInfoTest","sorting"
"The test sets a value with the wrong data type in several fields for different widgets. After approval, it checks the text under the field, which informs about the correctness of the type of data entered","10422","Required Message validation test for multiple fields","","Mon Dec 08 14:01:03 UTC 2025","failed","Mon Dec 08 14:01:13 UTC 2025","","List. Checking the basic functions for the Money in the widget List","application.Samples.List.MoneyOnListTest","fieldLevelValidation"
"The InfoWidget doesn't have a Placeholder.","10296","Test for getting the Placeholder value","","Mon Dec 08 13:37:55 UTC 2025","failed","Mon Dec 08 13:38:05 UTC 2025","","Info. Checking the basic functions for the Text","application.Samples.Info.TextOnInfoTest","placeholder"
"The test gets the value from the placeholder attribute and returns it in String format","10348","Test for getting the Placeholder value","","Mon Dec 08 13:42:23 UTC 2025","failed","Mon Dec 08 13:42:34 UTC 2025","","Form. Checking the basic functions for the Date in the widget Form","application.Samples.Form.DateOnFormTest","placeholder"
"The test gets the value from the placeholder attribute and returns it in String format","10316","Test for getting the Placeholder value","","Mon Dec 08 13:24:38 UTC 2025","failed","Mon Dec 08 13:24:48 UTC 2025","","List. Checking the basic functions for the Text in the widget List","application.Samples.List.TextOnListTest","placeholder"
"The transition/Redirect is not available","10432","The DrillDown test","","Mon Dec 08 13:21:41 UTC 2025","failed","Mon Dec 08 13:21:52 UTC 2025","","List. Checking the basic functions for the Hint in the widget List","application.Samples.List.HintOnListTest","drillDown"
"The test sets a value with the wrong data type in several fields for different widgets. After approval, it checks the text under the field, which informs about the correctness of the type of data entered","10329","Required Message validation test for multiple fields","","Mon Dec 08 13:25:20 UTC 2025","failed","Mon Dec 08 13:25:30 UTC 2025","","List. Checking the basic functions for the DateTimeWithSeconds in the widget List","application.Samples.List.DateTimeWithSecondsOnListTest","fieldLevelValidation"
"The test sets the value in the field, and then checks the value in the field with what should be set","10366","A test for setting a value in a field","","Mon Dec 08 13:42:03 UTC 2025","failed","Mon Dec 08 13:42:13 UTC 2025","","Form. Checking the basic functions for the Date in the widget Form","application.Samples.Form.DateOnFormTest","edit"
"The test gets the value from the style attribute in RGB format, and then converts it to Hex format","10298","A test to get the field color value in Hex format","","Mon Dec 08 13:52:01 UTC 2025","failed","Mon Dec 08 13:52:12 UTC 2025","","Form. Checking the basic functions for the Time","application.Samples.Form.TimeOnFormTest","color"
"The test clears the field and clicks the Save button. Then validates the message that the field is required.","10331","Required Message text Verification field test","","Mon Dec 08 14:00:21 UTC 2025","failed","Mon Dec 08 14:00:32 UTC 2025","","List. Checking the basic functions for the Money in the widget List","application.Samples.List.MoneyOnListTest","required"
"The test sets the value in the field. After approval, the popup window, the title, the text in it, and the buttons are validated","10331","Run-time exception validation test","","Mon Dec 08 13:45:43 UTC 2025","failed","Mon Dec 08 13:45:53 UTC 2025","","Form. Checking the basic functions for the Radio in the widget Form","application.Samples.Form.RadioOnFormTest","runtimeException"
"The test clears the field and clicks the Save button. Then validates the message that the field is required","10349","Required Message text Verification field test","","Mon Dec 08 13:38:08 UTC 2025","failed","Mon Dec 08 13:38:18 UTC 2025","","Form. Checking the basic functions for the Text in the widget Form","application.Samples.Form.TextOnFormTest","required"
"DrillDown is not available for InfoWidget.","10380","The DrillDown test","","Mon Dec 08 13:31:32 UTC 2025","failed","Mon Dec 08 13:31:42 UTC 2025","","Info. Checking the basic functions for the CheckBox","application.Samples.Info.CheckboxOnInfoTest","drillDown"
"","10406","The test for getting the value from the field","","Mon Dec 08 13:29:19 UTC 2025","failed","Mon Dec 08 13:29:29 UTC 2025","","Info. Checking the basic functions for the PickList","application.Samples.Info.PickListOnInfoTest","read"
"The test sets the value in the field. After approval, by clicking on the save button, the popup window, the title, the text in it, and the buttons are validated.","10314","Confirmation Popup Validation Test","","Mon Dec 08 13:53:03 UTC 2025","failed","Mon Dec 08 13:53:14 UTC 2025","","List. Checking the basic functions for the Percent in the widget List","application.Samples.List.PercentOnListTest","confirm"
"Filtering by the specified column.","10347","Filtering test","","Mon Dec 08 13:28:47 UTC 2025","failed","Mon Dec 08 13:28:58 UTC 2025","","List. Checking the basic functions for the DateTime in the widget List","application.Samples.List.DateTimeOnListTest","filtration"
"The test sets the value with the wrong data type in the field. After approval, it checks the text under the field, which informs about the correctness of the type of data entered","10299","Required Message validation test for one field","","Mon Dec 08 13:52:46 UTC 2025","failed","Mon Dec 08 13:52:56 UTC 2025","","Form. Checking the basic functions for the DateTime in the widget Form","application.Samples.Form.DateTimeOnFormTest","fieldLevelValidationAnnotation"
"Filtering by the specified column.","10371","Filtering test","","Mon Dec 08 13:18:04 UTC 2025","failed","Mon Dec 08 13:18:14 UTC 2025","","List. Checking the basic functions for the Input in the widget List","application.Samples.List.InputOnListTest","filtration"
"The test gets the value from the style attribute in RGB format, and then converts it to Hex format","10298","A test to get the field color value in Hex format","","Mon Dec 08 13:42:13 UTC 2025","failed","Mon Dec 08 13:42:23 UTC 2025","","Form. Checking the basic functions for the Date in the widget Form","application.Samples.Form.DateOnFormTest","color"
"The test sets the value in the field, and then checks the value in the field with what should be set.","10298","A test for setting a value in a field","","Mon Dec 08 13:48:49 UTC 2025","failed","Mon Dec 08 13:48:59 UTC 2025","","Form. Checking the basic functions for the MultiValue in the widget Form","application.Samples.Form.MultiValueOnFormTest","edit"
"DrillDown is not available for InfoWidget.","10347","The DrillDown test","","Mon Dec 08 13:32:47 UTC 2025","failed","Mon Dec 08 13:32:57 UTC 2025","","Info. Checking the basic functions for the Money","application.Samples.Info.MoneyOnInfoTest","drillDown"
"The test sets the value with the wrong data type in the field. After approval, it checks the text under the field, which informs about the correctness of the type of data entered.","10298","Required Message validation test for one field","","Mon Dec 08 13:48:08 UTC 2025","failed","Mon Dec 08 13:48:18 UTC 2025","","Form. Checking the basic functions for the MultiValue in the widget Form","application.Samples.Form.MultiValueOnFormTest","fieldLevelValidationAnnotation"
"Filtering is not available for InfoWidget.","10323","Filtering test","","Mon Dec 08 13:36:25 UTC 2025","failed","Mon Dec 08 13:36:35 UTC 2025","","Info. Checking the basic functions for the DateTimeWithSeconds","application.Samples.Info.DateTimeWithSecondsOnInfoTest","filtration"
"The test sets the value with the wrong data type in the field. After approval, it checks the text under the field, which informs about the correctness of the type of data entered","10331","Required Message validation test for one field","","Mon Dec 08 13:56:50 UTC 2025","failed","Mon Dec 08 13:57:01 UTC 2025","","Form. Checking the basic functions for the Number in the widget Form","application.Samples.Form.NumberOnFormTest","fieldLevelValidationAnnotation"
"Info Widget is always read-only","10337","A test to check the field for ""Read-only""","","Mon Dec 08 13:36:12 UTC 2025","failed","Mon Dec 08 13:36:22 UTC 2025","","Info. Checking the basic functions for the MultiValue","application.Samples.Info.MultiValueOnInfoTest","readonly"
"The test sets the value in the field, and then checks the value in the field with what should be set. The Number Digits class is used for numbers with a fractional part.","10298","A test for entering numbers with a fractional part using the PercentDigits class","","Mon Dec 08 13:48:24 UTC 2025","failed","Mon Dec 08 13:48:35 UTC 2025","","Form. Checking the basic functions for the Percent in the widget Form","application.Samples.Form.PercentOnFormTest","digits"
"DrillDown is not available for InfoWidget.","10347","The DrillDown test","","Mon Dec 08 13:30:19 UTC 2025","failed","Mon Dec 08 13:30:30 UTC 2025","","Info. Checking the basic functions for the Input","application.Samples.Info.InputOnInfoTest","drillDown"
"Sorting by the specified column.","43618","Sorting test","","Mon Dec 08 13:14:33 UTC 2025","failed","Mon Dec 08 13:15:16 UTC 2025","","List. Checking the basic functions for the SuggestionPickList in the widget List","application.Samples.List.SuggestionPickListOnListTest","sorting"
"The test gets the value in the field, and then checks the value in the field with what should be.","10412","A test for checking a value in a field","","Mon Dec 08 13:22:23 UTC 2025","failed","Mon Dec 08 13:22:34 UTC 2025","","List. Checking the basic functions for the Hint in the widget List","application.Samples.List.HintOnListTest","read"
"Currency by the specified column.","10289","Currency test","","Mon Dec 08 14:00:42 UTC 2025","failed","Mon Dec 08 14:00:52 UTC 2025","","List. Checking the basic functions for the Money in the widget List","application.Samples.List.MoneyOnListTest","currency"
"Sorting is not available for the Form widget","10319","Sorting test","","Mon Dec 08 13:43:05 UTC 2025","failed","Mon Dec 08 13:43:15 UTC 2025","","Form. Checking the basic functions for the DateTimeWithSeconds in the widget Form","application.Samples.Form.DateTimeWithSecondsOnFormTest","sorting"
"The InfoWidget doesn't have a Placeholder.","10351","Test for getting the Placeholder value","","Mon Dec 08 13:34:20 UTC 2025","failed","Mon Dec 08 13:34:30 UTC 2025","","Info. Checking the basic functions for the Date","application.Samples.Info.DateOnInfoTest","placeholder"
"The test sets the value in the field. After approval, the popup window, the title, the text in it, and the buttons are validated.","10332","Business Exception Validation Test","","Mon Dec 08 13:26:21 UTC 2025","failed","Mon Dec 08 13:26:31 UTC 2025","","List. Checking the basic functions for the InlinePickList in the widget List","application.Samples.List.InlinePickListOnListTest","businessException"
"The test checks the downloaded file with the template file that is contained in the resources","10299","A test to compare the downloaded file with the template","","Mon Dec 08 13:52:05 UTC 2025","failed","Mon Dec 08 13:52:16 UTC 2025","","Form. Checking the basic functions for the FileUpload in the widget Form","application.Samples.Form.FileUploadOnFormTest","compare"
"The test gets the value from the style attribute in RGB format, and then converts it to Hex format","10347","A test to get the field color value in Hex format","","Mon Dec 08 13:35:22 UTC 2025","failed","Mon Dec 08 13:35:33 UTC 2025","","Info. Checking the basic functions for the DateTime","application.Samples.Info.DateTimeOnInfoTest","color"
"","10341","Filtering test","","Mon Dec 08 13:22:44 UTC 2025","failed","Mon Dec 08 13:22:54 UTC 2025","","List. Checking the basic functions for the MultiField in the widget List","application.Samples.List.MultiFieldOnListTest","filtration"
"The test clears the field and clicks the Save button. Then validates the message that the field is required","10298","Required Message text Verification field test","","Mon Dec 08 13:41:42 UTC 2025","failed","Mon Dec 08 13:41:52 UTC 2025","","Form. Checking the basic functions for the Date in the widget Form","application.Samples.Form.DateOnFormTest","required"
"DrillDown is not available for InfoWidget.","10297","The DrillDown test","","Mon Dec 08 13:37:03 UTC 2025","failed","Mon Dec 08 13:37:14 UTC 2025","","Info. Checking the basic functions for the Text","application.Samples.Info.TextOnInfoTest","drillDown"
"Sorting by the specified column.","10363","Sorting test","","Mon Dec 08 14:00:01 UTC 2025","failed","Mon Dec 08 14:00:11 UTC 2025","","List. Checking the basic functions for the Money in the widget List","application.Samples.List.MoneyOnListTest","sorting"
"The test gets the value from the style attribute in RGB format, and then converts it to Hex format","10298","A test to get the field color value in Hex format","","Mon Dec 08 13:46:41 UTC 2025","failed","Mon Dec 08 13:46:52 UTC 2025","","Form. Checking the basic functions for the Input in the widget Form","application.Samples.Form.InputOnFormTest","color"
"The test checks the creation and deletion in the dictionary and the result of this work on another screen.","10347","Test filtering at List","","Mon Dec 08 13:56:34 UTC 2025","failed","Mon Dec 08 13:56:45 UTC 2025","","Checking the basic functions for the Dictionary administration panel","application.Samples.DictionaryAdministrationTest","filterList"
"The test gets the value from the style attribute in RGB format, and then converts it to Hex format","10366","A test to get the field color value in Hex format","","Mon Dec 08 13:31:01 UTC 2025","failed","Mon Dec 08 13:31:11 UTC 2025","","Info. Checking the basic functions for the Input","application.Samples.Info.InputOnInfoTest","color"
"The test gets the value in the field, and then checks the value in the field with what should be.","0","A test for checking a value in a field","","Mon Dec 08 13:21:41 UTC 2025","skipped","Mon Dec 08 13:21:41 UTC 2025","","List. Checking the basic functions for the CheckBox","application.Samples.List.CheckBoxOnListTest","read"
"The test sets the value with the wrong data type in the field. After approval, it checks the text under the field, which informs about the correctness of the type of data entered.","10311","Required Message validation test for one field","","Mon Dec 08 13:52:43 UTC 2025","failed","Mon Dec 08 13:52:53 UTC 2025","","List. Checking the basic functions for the Percent in the widget List","application.Samples.List.PercentOnListTest","fieldLevelValidationAnnotation"
"The test sets the value with the wrong data type in the field. After approval, it checks the text under the field, which informs about the correctness of the type of data entered.","10365","Required Message validation test for one field","","Mon Dec 08 13:24:28 UTC 2025","failed","Mon Dec 08 13:24:38 UTC 2025","","List. Checking the basic functions for the FileUpload in the widget List","application.Samples.List.FileUploadOnListTest","fieldLevelValidationAnnotation"
"Sorting by the specified column.","10316","Sorting test","","Mon Dec 08 13:23:04 UTC 2025","failed","Mon Dec 08 13:23:15 UTC 2025","","List. Checking the basic functions for the Text in the widget List","application.Samples.List.TextOnListTest","sorting"
"","10357","test_1()","","Mon Dec 08 13:26:11 UTC 2025","failed","Mon Dec 08 13:26:22 UTC 2025","","List. Checking the basic functions for the PickList in the widget List","application.Samples.List.PickListOnListTest","test_1"
"Sorting by the specified column.","10296","Sorting test","","Mon Dec 08 13:55:07 UTC 2025","failed","Mon Dec 08 13:55:17 UTC 2025","","List. Checking the basic functions for the Percent in the widget List","application.Samples.List.PercentOnListTest","sorting"
"The test clears the field and clicks the Save button. Then validates the message that the field is required","10314","Required Message text Verification field test","","Mon Dec 08 13:54:30 UTC 2025","failed","Mon Dec 08 13:54:40 UTC 2025","","Form. Checking the basic functions for the Money in the widget Form","application.Samples.Form.MoneyOnFormTest","required"
"The test sets the value in the field. After approval, by clicking on the save button, the popup window, the title, the text in it, and the buttons are validated.","10349","Confirmation Popup Validation Test","","Mon Dec 08 13:30:10 UTC 2025","failed","Mon Dec 08 13:30:21 UTC 2025","","List. Checking the basic functions for the DateTime in the widget List","application.Samples.List.DateTimeOnListTest","confirm"
"The test delete a field in the admin panel","10348","Test for deleting admin value","","Mon Dec 08 13:56:03 UTC 2025","failed","Mon Dec 08 13:56:14 UTC 2025","","Checking the basic functions for the Dictionary administration panel","application.Samples.DictionaryAdministrationTest","delete"
"The test sets the value in the field. After approval, the popup window, the title, the text in it, and the buttons are validated.","10382","Run-time exception validation test","","Mon Dec 08 14:01:08 UTC 2025","failed","Mon Dec 08 14:01:19 UTC 2025","","List. Checking the basic functions for the CheckBox","application.Samples.List.CheckBoxOnListTest","runtimeException"
"The test checks for the disabled attribute.","10331","A test to check the field for ""Read-only""","","Mon Dec 08 13:59:25 UTC 2025","failed","Mon Dec 08 13:59:35 UTC 2025","","List. Checking the basic functions for the CheckBox","application.Samples.List.CheckBoxOnListTest","readonly"
"The test checks the creation and deletion in the dictionary and the result of this work on another screen.","10331","Test sorting at List","","Mon Dec 08 13:56:14 UTC 2025","failed","Mon Dec 08 13:56:24 UTC 2025","","Checking the basic functions for the Dictionary administration panel","application.Samples.DictionaryAdministrationTest","sortingList"
"Currency check at the field","10330","Currency test","","Mon Dec 08 13:53:18 UTC 2025","failed","Mon Dec 08 13:53:28 UTC 2025","","Form. Checking the basic functions for the Money in the widget Form","application.Samples.Form.MoneyOnFormTest","currency"
"The test gets the value from the style attribute in RGB format, and then converts it to Hex format","10298","A test to get the field color value in Hex format","","Mon Dec 08 13:54:20 UTC 2025","failed","Mon Dec 08 13:54:30 UTC 2025","","Form. Checking the basic functions for the Money in the widget Form","application.Samples.Form.MoneyOnFormTest","color"
"Sorting is not available for InfoWidget.","10298","Sorting test","","Mon Dec 08 13:55:59 UTC 2025","failed","Mon Dec 08 13:56:09 UTC 2025","","Info. Checking the basic functions for the Radio","application.Samples.Info.RadioOnInfoTest","sorting"
"The test sets the value in the field. After approval, the popup window, the title, the text in it, and the buttons are validated","10306","Business Exception Validation Test","","Mon Dec 08 13:40:22 UTC 2025","failed","Mon Dec 08 13:40:33 UTC 2025","","Form. Checking the basic functions for the Suggestion PickList in the widget Form","application.Samples.Form.SuggestionPickListOnFormTest","businessException"
"The test sets a value with the wrong data type in several fields for different widgets. After approval, it checks the text under the field, which informs about the correctness of the type of data entered","10315","Required Message validation test for multiple fields","","Mon Dec 08 13:54:51 UTC 2025","failed","Mon Dec 08 13:55:01 UTC 2025","","Form. Checking the basic functions for the Money in the widget Form","application.Samples.Form.MoneyOnFormTest","fieldLevelValidation"
"The test sets the value in the field. After approval, the popup window, the title, the text in it, and the buttons are validated","10331","Run-time exception validation test","","Mon Dec 08 13:41:14 UTC 2025","failed","Mon Dec 08 13:41:24 UTC 2025","","Form. Checking the basic functions for the Suggestion PickList in the widget Form","application.Samples.Form.SuggestionPickListOnFormTest","runtimeException"
"The test sets the value in the field. After approval, the popup window, the title, the text in it, and the buttons are validated.","10409","Run-time exception validation test","","Mon Dec 08 13:21:52 UTC 2025","failed","Mon Dec 08 13:22:02 UTC 2025","","List. Checking the basic functions for the MultiValue in the widget List","application.Samples.List.MultiValueOnListTest","runtimeException"
"The test sets the value in the field. After approval, by clicking on the save button, the popup window, the title, the text in it, and the buttons are validated","10297","Confirmation Popup Validation Test","","Mon Dec 08 13:47:12 UTC 2025","failed","Mon Dec 08 13:47:22 UTC 2025","","Form. Checking the basic functions for the Input in the widget Form","application.Samples.Form.InputOnFormTest","confirm"
"The test clears the field and clicks the Save button. Then validates the message that the field is required","10332","Required Message text Verification field test","","Mon Dec 08 13:46:24 UTC 2025","failed","Mon Dec 08 13:46:34 UTC 2025","","Form. Checking the basic functions for the PickList in the widget Form","application.Samples.Form.PickListOnFormTest","required"
"The test sets the value in the field. After approval, by clicking on the save button, the popup window, the title, the text in it, and the buttons are validated.","10312","Confirmation Popup Validation Test","","Mon Dec 08 13:24:48 UTC 2025","failed","Mon Dec 08 13:24:58 UTC 2025","","List. Checking the basic functions for the Text in the widget List","application.Samples.List.TextOnListTest","confirm"
"The test sets the value in the field. After approval, the popup window, the title, the text in it, and the buttons are validated.","10349","Business Exception Validation Test","","Mon Dec 08 13:24:06 UTC 2025","failed","Mon Dec 08 13:24:17 UTC 2025","","List. Checking the basic functions for the Text in the widget List","application.Samples.List.TextOnListTest","businessException"
"Тест удаляет значение, проверяя автозаполнение в чистом поле","10312","Тест на автозаполнение после очистки","","Mon Dec 08 13:53:34 UTC 2025","failed","Mon Dec 08 13:53:45 UTC 2025","","List. Checking the basic functions for the Percent in the widget List","application.Samples.List.PercentOnListTest","nullable"
"The test checks the list of options that the method returns, with the expected result","10612","Test to get a list of options","","Mon Dec 08 13:49:29 UTC 2025","failed","Mon Dec 08 13:49:40 UTC 2025","","Form. Checking the basic functions for the MultipleSelect in the widget Form","application.Samples.Form.MultipleSelectOnFormTest","getListOptions"
"The test sets the value with the wrong data type in the field. After approval, it checks the text under the field, which informs about the correctness of the type of data entered","10364","Required Message validation test for one field","","Mon Dec 08 13:37:58 UTC 2025","failed","Mon Dec 08 13:38:08 UTC 2025","","Form. Checking the basic functions for the Text in the widget Form","application.Samples.Form.TextOnFormTest","fieldLevelValidationAnnotation"
"The test gets the value from the style attribute in RGB format, and then converts it to Hex format","10401","A test to get the field color value in Hex format","","Mon Dec 08 13:33:28 UTC 2025","failed","Mon Dec 08 13:33:38 UTC 2025","","Info. Checking the basic functions for the Money","application.Samples.Info.MoneyOnInfoTest","color"
"The test checks for the disabled attribute.","10410","A test to check the field for ""Read-only""","","Mon Dec 08 13:22:23 UTC 2025","failed","Mon Dec 08 13:22:34 UTC 2025","","List. Checking the basic functions for the Time","application.Samples.List.TimeOnListTest","readonly"
"Sorting is not available for InfoWidget.","10372","Sorting test","","Mon Dec 08 13:33:18 UTC 2025","failed","Mon Dec 08 13:33:28 UTC 2025","","Info. Checking the basic functions for the Date","application.Samples.Info.DateOnInfoTest","sorting"
"Sorting by the specified column.","10364","Sorting test","","Mon Dec 08 13:26:22 UTC 2025","failed","Mon Dec 08 13:26:32 UTC 2025","","List. Checking the basic functions for the Date in the widget List","application.Samples.List.DateOnListTest","sorting"
"","10363","The test for getting the value from the field","","Mon Dec 08 13:32:03 UTC 2025","failed","Mon Dec 08 13:32:13 UTC 2025","","Info. Checking the basic functions for the CheckBox","application.Samples.Info.CheckboxOnInfoTest","read"
"The test checks for the disabled attribute.","10398","A test to check the field for ""Read-only""","","Mon Dec 08 13:26:53 UTC 2025","failed","Mon Dec 08 13:27:03 UTC 2025","","List. Checking the basic functions for the Date in the widget List","application.Samples.List.DateOnListTest","readonly"
"InfoWidget does not have a Hex field color for this type.","10647","A test to get the field color value in Hex format","","Mon Dec 08 13:32:13 UTC 2025","failed","Mon Dec 08 13:32:24 UTC 2025","","Info. Checking the basic functions for the CheckBox","application.Samples.Info.CheckboxOnInfoTest","color"
"Info Widget is always read-only","10416","A test to check the field for ""Read-only""","","Mon Dec 08 13:31:53 UTC 2025","failed","Mon Dec 08 13:32:03 UTC 2025","","Info. Checking the basic functions for the CheckBox","application.Samples.Info.CheckboxOnInfoTest","readonly"
"Checking the url before the transition and after the transition/click on a special element","10328","The DrillDown test","","Mon Dec 08 13:59:19 UTC 2025","failed","Mon Dec 08 13:59:30 UTC 2025","","Form. Checking the basic functions for the Dictionary in the widget Form","application.Samples.Form.DictionaryOnFormTest","drillDown"
"The test gets the value from the style attribute in RGB format, and then converts it to Hex format","10348","A test to get the field color value in Hex format","","Mon Dec 08 13:55:38 UTC 2025","failed","Mon Dec 08 13:55:48 UTC 2025","","Info. Checking the basic functions for the Radio","application.Samples.Info.RadioOnInfoTest","color"
"The test sets the value in the field. After approval, by clicking on the save button, the popup window, the title, the text in it, and the buttons are validated","10297","Confirmation Popup Validation Test","","Mon Dec 08 13:58:33 UTC 2025","failed","Mon Dec 08 13:58:44 UTC 2025","","Form. Checking the basic functions for the Number in the widget Form","application.Samples.Form.NumberOnFormTest","confirm"
"The test gets the value from the style attribute in RGB format, and then converts it to Hex format","10348","A test to get the field color value in Hex format","","Mon Dec 08 13:32:57 UTC 2025","failed","Mon Dec 08 13:33:07 UTC 2025","","Info. Checking the basic functions for the Dictionary","application.Samples.Info.DictionaryOnInfoTest","color"
"The test sets the value in the field. After approval, the popup window, the title, the text in it, and the buttons are validated.","10415","Run-time exception validation test","","Mon Dec 08 13:25:09 UTC 2025","failed","Mon Dec 08 13:25:19 UTC 2025","","List. Checking the basic functions for the Text in the widget List","application.Samples.List.TextOnListTest","runtimeException"
"The test sets the value in the field. After approval, the popup window, the title, the text in it, and the buttons are validated.","10331","Run-time exception validation test","","Mon Dec 08 13:18:55 UTC 2025","failed","Mon Dec 08 13:19:06 UTC 2025","","List. Checking the basic functions for the Number in the widget List","application.Samples.List.NumberOnListTest","runtimeException"
"The test sets a value with the wrong data type in several fields for different widgets. After approval, it checks the text under the field, which informs about the correctness of the type of data entered","10445","Required Message validation test for multiple fields","","Mon Dec 08 14:00:58 UTC 2025","failed","Mon Dec 08 14:01:08 UTC 2025","","List. Checking the basic functions for the CheckBox","application.Samples.List.CheckBoxOnListTest","fieldLevelValidation"
"The test checks for the disabled attribute.","10468","A test to check the field for ""Read-only""","","Mon Dec 08 13:15:38 UTC 2025","failed","Mon Dec 08 13:15:48 UTC 2025","","List. Checking the basic functions for the SuggestionPickList in the widget List","application.Samples.List.SuggestionPickListOnListTest","readonly"
"The test gets the value from the style attribute in RGB format, and then converts it to  Hex format","10344","A test to get the field color value in Hex format","","Mon Dec 08 13:18:14 UTC 2025","failed","Mon Dec 08 13:18:24 UTC 2025","","List. Checking the basic functions for the Number in the widget List","application.Samples.List.NumberOnListTest","color"
"The test sets a value with the wrong data type in several fields for different widgets. After approval, it checks the text under the field, which informs about the correctness of the type of data entered","10381","Required Message validation test for multiple fields","","Mon Dec 08 13:24:58 UTC 2025","failed","Mon Dec 08 13:25:09 UTC 2025","","List. Checking the basic functions for the Text in the widget List","application.Samples.List.TextOnListTest","fieldLevelValidation"
"The test checks for the disabled attribute","10335","A test to check the field for ""Read-only""","","Mon Dec 08 13:45:50 UTC 2025","failed","Mon Dec 08 13:46:00 UTC 2025","","Form. Checking the basic functions for the Input in the widget Form","application.Samples.Form.InputOnFormTest","readonly"
"The test checks for the disabled attribute.","10345","A test to check the field for ""Read-only""","","Mon Dec 08 13:28:58 UTC 2025","failed","Mon Dec 08 13:29:08 UTC 2025","","List. Checking the basic functions for the DateTime in the widget List","application.Samples.List.DateTimeOnListTest","readonly"
"Sorting is not available for the Form widget","10329","Sorting test","","Mon Dec 08 13:45:19 UTC 2025","failed","Mon Dec 08 13:45:29 UTC 2025","","Form. Checking the basic functions for the Input in the widget Form","application.Samples.Form.InputOnFormTest","sorting"
"The transition/Redirect is not available","10365","The DrillDown test","","Mon Dec 08 13:43:39 UTC 2025","failed","Mon Dec 08 13:43:50 UTC 2025","","Form. Checking the basic functions for the Hint in the widget Form","application.Samples.Form.HintOnFormTest","drillDown"
"The test sets the value in the field. After approval, the popup window, the title, the text in it, and the buttons are validated.","10333","Run-time exception validation test","","Mon Dec 08 13:30:31 UTC 2025","failed","Mon Dec 08 13:30:41 UTC 2025","","List. Checking the basic functions for the DateTime in the widget List","application.Samples.List.DateTimeOnListTest","runtimeException"
"The test sets the value in the field, and then checks the value in the field with what should be set","10317","A test for setting a value in a field","","Mon Dec 08 13:51:24 UTC 2025","failed","Mon Dec 08 13:51:34 UTC 2025","","Form. Checking the basic functions for the FileUpload in the widget Form","application.Samples.Form.FileUploadOnFormTest","edit"
"The test sets a value with the wrong data type in several fields for different widgets. After approval, it checks the text under the field, which informs about the correctness of the type of data entered","10429","Required Message validation test for multiple fields","","Mon Dec 08 13:17:01 UTC 2025","failed","Mon Dec 08 13:17:11 UTC 2025","","List. Checking the basic functions for the Radio in the widget List","application.Samples.List.RadioOnListTest","fieldLevelValidation"
"Filtering is not available for the Form widget","10315","Filtering test","","Mon Dec 08 13:57:46 UTC 2025","failed","Mon Dec 08 13:57:57 UTC 2025","","Form. Checking the basic functions for the Dictionary in the widget Form","application.Samples.Form.DictionaryOnFormTest","filtration"
"The test gets the value from the placeholder attribute and returns it in String format","10314","Test for getting the Placeholder value","","Mon Dec 08 13:46:55 UTC 2025","failed","Mon Dec 08 13:47:05 UTC 2025","","Form. Checking the basic functions for the PickList in the widget Form","application.Samples.Form.PickListOnFormTest","placeholder"
"Sorting is not available for the Form widget","10290","Sorting test","","Mon Dec 08 13:40:40 UTC 2025","failed","Mon Dec 08 13:40:50 UTC 2025","","Form. Checking the basic functions for the Date in the widget Form","application.Samples.Form.DateOnFormTest","sorting"
"The test gets the value from the style attribute in RGB format, and then converts it to Hex format","10331","A test to get the field color value in Hex format","","Mon Dec 08 13:33:37 UTC 2025","failed","Mon Dec 08 13:33:47 UTC 2025","","Info. Checking the basic functions for the Percent","application.Samples.Info.PercentOnInfoTest","color"
"Sorting is not available for InfoWidget.","10335","Sorting test","","Mon Dec 08 13:32:36 UTC 2025","failed","Mon Dec 08 13:32:47 UTC 2025","","Info. Checking the basic functions for the Money","application.Samples.Info.MoneyOnInfoTest","sorting"
"The test gets the value in the field, and then checks the value in the field with what should be.","0","A test for checking a value in a field","","Mon Dec 08 13:20:29 UTC 2025","skipped","Mon Dec 08 13:20:29 UTC 2025","","List. Checking the basic functions for the MultipleSelect in the widget List","application.Samples.List.MultipleSelectOnListTest","read"
"The test sets the value in the field, and then checks the value in the field with what should be set","10864","A test for setting a value in a field","","Mon Dec 08 13:49:26 UTC 2025","failed","Mon Dec 08 13:49:37 UTC 2025","","Form. Checking the basic functions for the Percent in the widget Form","application.Samples.Form.PercentOnFormTest","edit"
"The test checks for the disabled attribute","10298","A test to check the field for ""Read-only""","","Mon Dec 08 13:56:40 UTC 2025","failed","Mon Dec 08 13:56:50 UTC 2025","","Form. Checking the basic functions for the Number in the widget Form","application.Samples.Form.NumberOnFormTest","readonly"
"Sorting by the specified column.","10368","Sorting test","","Mon Dec 08 13:25:40 UTC 2025","failed","Mon Dec 08 13:25:51 UTC 2025","","List. Checking the basic functions for the PickList in the widget List","application.Samples.List.PickListOnListTest","sorting"
"Sorting is not available for InfoWidget.","10363","Sorting test","","Mon Dec 08 13:35:43 UTC 2025","failed","Mon Dec 08 13:35:54 UTC 2025","","Info. Checking the basic functions for the Number","application.Samples.Info.NumberOnInfoTest","sorting"
"The test clears the field and clicks the Save button. Then validates the message that the field is required.","10414","Required Message text Verification field test","","Mon Dec 08 13:22:34 UTC 2025","failed","Mon Dec 08 13:22:44 UTC 2025","","List. Checking the basic functions for the Time","application.Samples.List.TimeOnListTest","required"
"The test gets the value in the field, and then checks the value in the field with what should be.","10406","A test for checking a value in a field","","Mon Dec 08 13:27:24 UTC 2025","failed","Mon Dec 08 13:27:34 UTC 2025","","List. Checking the basic functions for the PickList in the widget List","application.Samples.List.PickListOnListTest","read"
"The test sets the value in the field. After approval, the popup window, the title, the text in it, and the buttons are validated","10314","Run-time exception validation test","","Mon Dec 08 13:51:44 UTC 2025","failed","Mon Dec 08 13:51:54 UTC 2025","","Form. Checking the basic functions for the MultipleSelect in the widget Form","application.Samples.Form.MultipleSelectOnFormTest","runtimeException"
"","10396","Test to get the name of the downloaded file","","Mon Dec 08 13:31:23 UTC 2025","failed","Mon Dec 08 13:31:33 UTC 2025","","Info. Checking the basic functions for the FileUp","application.Samples.Info.FileUploadOnInfoTest","getFileName"
"Sorting by the specified column.","10340","Sorting test","","Mon Dec 08 13:23:36 UTC 2025","failed","Mon Dec 08 13:23:46 UTC 2025","","List. Checking the basic functions for the DateTimeWithSeconds in the widget List","application.Samples.List.DateTimeWithSecondsOnListTest","sorting"
"The test clears the field and clicks the Save button. Then validates the message that the field is required","10298","Required Message text Verification field test","","Mon Dec 08 13:50:11 UTC 2025","failed","Mon Dec 08 13:50:21 UTC 2025","","Form. Checking the basic functions for the MultipleSelect in the widget Form","application.Samples.Form.MultipleSelectOnFormTest","required"
"Filtering is not available for the Form widget","10298","Filtering test","","Mon Dec 08 13:58:23 UTC 2025","failed","Mon Dec 08 13:58:33 UTC 2025","","Form. Checking the basic functions for the Number in the widget Form","application.Samples.Form.NumberOnFormTest","filtration"
"","10284","nullable()","","Mon Dec 08 13:57:21 UTC 2025","failed","Mon Dec 08 13:57:32 UTC 2025","","Form. Checking the basic functions for the Number in the widget Form","application.Samples.Form.NumberOnFormTest","nullable"
"Filtering by the specified column.","10519","Filtering test","","Mon Dec 08 13:15:27 UTC 2025","failed","Mon Dec 08 13:15:38 UTC 2025","","List. Checking the basic functions for the SuggestionPickList in the widget List","application.Samples.List.SuggestionPickListOnListTest","filtration"
"The test sets the value in the field. After approval, the popup window, the title, the text in it, and the buttons are validated","10334","Business Exception Validation Test","","Mon Dec 08 13:52:47 UTC 2025","failed","Mon Dec 08 13:52:57 UTC 2025","","Form. Checking the basic functions for the Money in the widget Form","application.Samples.Form.MoneyOnFormTest","businessException"
"Sorting is not available for InfoWidget.","10372","Sorting test","","Mon Dec 08 13:35:10 UTC 2025","failed","Mon Dec 08 13:35:20 UTC 2025","","Info. Checking the basic functions for the MultiField","application.Samples.Info.MultiFieldOnInfoTest","sorting"
