"DESCRIPTION","DURATION IN MS","NAME","PARENT SUITE","START TIME","STATUS","STOP TIME","SUB SUITE","SUITE","TEST CLASS","TEST METHOD"
"The test sets the value in the field, and then checks the value in the field with what should be set","10101","A test for setting a value in a field","","2026-09-21","passed","2026-09-21","","Form. Checking the basic functions for the Date in the widget Form","application.Samples.Form.DateOnFormTest","edit"
"The test clears the field and clicks the Save button. Then validates the message that the field is required.","4505","Required Message text Verification field test","","2026-09-21","passed","2026-09-21","","List. Checking the basic functions for the Time","application.Samples.List.TimeOnListTest","required"
"The test gets the value from the style attribute in RGB format, and then converts it to Hex format","3022","A test to get the field color value in Hex format","","2026-09-21","passed","2026-09-21","","Info. Checking the basic functions for the Time","application.Samples.Info.TimeOnInfoTest","color"
"The test sets the value in the field, and then checks the value in the field with what should be set.","29470","A test for setting a value in a field","","2026-09-21","passed","2026-09-21","","Form. Checking the basic functions for the MultiValueTree in the widget Form","application.Samples.Form.MultiValueTreeOnFormTest","edit"
"Sorting is not available for the Form widget","0","Sorting test","","2026-09-21","skipped","2026-09-21","","Form. Checking the basic functions for the MultipleSelect in the widget Form","application.Samples.Form.MultipleSelectOnFormTest","sorting"
"","2746","The test for getting the value from the field","","2026-09-21","passed","2026-09-21","","Info. Checking the basic functions for the DateTimeWithSeconds","application.Samples.Info.DateTimeWithSecondsTest","read"
"","2248","position()","","2026-09-21","passed","2026-09-21","","List. Checking the basic functions for the MultiValueHover in the widget List","application.Samples.List.MultiValueHoverOnListTest","position"
"","2614","position()","","2026-09-21","passed","2026-09-21","","Form. Checking the basic functions for the Dictionary in the widget Form","application.Samples.Form.DictionaryOnFormTest","position"
"","2334","position()","","2026-09-21","passed","2026-09-21","","Form. Checking the basic functions for the Suggestion PickList in the widget Form","application.Samples.Form.SuggestionPickListOnFormTest","position"
"Sorting is not available for the Form widget","0","Sorting test","","2026-09-21","skipped","2026-09-21","","Form. Checking the basic functions for the Text in the widget Form","application.Samples.Form.TextOnFormTest","sorting"
"Checking the url before the transition and after the transition/click on a special element","4561","The DrillDown test","","2026-09-21","passed","2026-09-21","","List. Checking the basic functions for the InlinePickList in the widget List","application.Samples.List.InlinePickListOnListTest","drillDown"
"The test clears the field and clicks the Save button. Then validates the message that the field is required.","7435","Required Message text Verification field test","","2026-09-21","passed","2026-09-21","","List. Checking the basic functions for the Number in the widget List","application.Samples.List.NumberOnListTest","required"
"The test sets the value with the wrong data type in the field. After approval, it checks the text under the field, which informs about the correctness of the type of data entered.","5804","Required Message validation test for one field","","2026-09-21","passed","2026-09-21","","List. Checking the basic functions for the MultiValueTree in the widget List","application.Samples.List.MultiValueTreeOnListTest","fieldLevelValidationAnnotation"
"Sorting is not available for the Form widget","0","Sorting test","","2026-09-21","skipped","2026-09-21","","Form. Checking the basic functions for the Money in the widget Form","application.Samples.Form.MoneyOnFormTest","sorting"
"The test sets the value in the field. After approval, the popup window, the title, the text in it, and the buttons are validated.","5478","Business Exception Validation Test","","2026-09-21","passed","2026-09-21","","List. Checking the basic functions for the MultiValue in the widget List","application.Samples.List.MultiValueOnListTest","businessException"
"Select, click a mark, select a part of it, click another mark: the way a user does it. Clicking the same mark twice turns it off.","4911","Overlaps built step by step","","2026-09-21","passed","2026-09-21","","Form. RichText regression suite for the RichText in the widget Form","application.Samples.Form.RichTextOnFormTest","overlapsByHand"
"Тест устанавливает значение в поле, а после проверяет значение в поле с тем, что должно быть установлено. Предварительной очистки поля ","17246","A test for setting a value in a field","","2026-09-21","passed","2026-09-21","","List. Checking the basic functions for the MultipleSelect in the widget List","application.Samples.List.MultipleSelectOnListTest","edit"
"After a sort the root rows are requested again and every node is collapsed","7927","Sorting collapses the tree","","2026-09-21","passed","2026-09-21","","Tree. Lazy load: roots, expand, More per node, sorting","application.Samples.Tree.TreeLazyLoadTest","sortingCollapses"
"","2585","position()","","2026-09-21","passed","2026-09-21","","Info. Checking the basic functions for the Dictionary","application.Samples.Info.DictionaryOnInfoTest","position"
"Filtering by the specified column.","4381","Filtering test","","2026-09-21","passed","2026-09-21","","application.Samples.List.TextOnListTest","application.Samples.List.TextOnListTest","filtration"
"The test sets the value in the field. After approval, the popup window, the title, the text in it, and the buttons are validated","4346","Run-time exception validation test","","2026-09-21","passed","2026-09-21","","Form. Checking the basic functions for the CheckBox","application.Samples.Form.CheckBoxOnFormTest","runtimeException"
"The test sets the value with the wrong data type in the field. After approval, it checks the text under the field, which informs about the correctness of the type of data entered","5723","Required Message validation test for one field","","2026-09-21","passed","2026-09-21","","Form. Checking the basic functions for the Text in the widget Form","application.Samples.Form.TextOnFormTest","fieldLevelValidationAnnotation"
"Filtering is not available for InfoWidget.","0","Filtering test","","2026-09-21","skipped","2026-09-21","","Info. Checking the basic functions for the Hint","application.Samples.Info.HintOnInfoTest","filtration"
"The root rows are loaded; a root with children is expanded and shows them","55506","Every Tree tab of the property samples opens and its root expands","","2026-09-21","passed","2026-09-21","","Tree. The Tree tabs of the widget property samples","application.Samples.Tree.TreePropertyTabsTest","everyTabShowsATree"
"The test sets the value in the field. After approval, the popup window, the title, the text in it, and the buttons are validated","3209","Run-time exception validation test","","2026-09-21","passed","2026-09-21","","Form. Checking the basic functions for the Dictionary in the widget Form","application.Samples.Form.DictionaryOnFormTest","runtimeException"
"The test gets the value from the style attribute in RGB format, and then converts it to Hex format","3085","A test to get the field color value in Hex format","","2026-09-21","passed","2026-09-21","","Info. Checking the basic functions for the Input","application.Samples.Info.InputTest","color"
"Id field should be automatically added to the API response when no fields of the Business Component (BC) are added to widgets on the screen during the initial load. Check when the BC has no visible fields but acts as a parent BC, child bc data should load","2662","Include Id when No Fields In Widgets On Bc","","2026-09-21","passed","2026-09-21","","Checking the functions for bug fix","application.Samples.BugFixTests","testIncludeIdWhenNoFieldsInWidgetsOnBc"
"The test opens the popup, sets the value in the field via the popup, saves the form and checks the value in the field","7293","A test for setting a value in a field","","2026-09-21","passed","2026-09-21","","Form. Checking the basic functions for the PickTree in the widget Form","application.Samples.Form.PickTreeOnFormTest","edit"
"The test gets the value from the placeholder attribute and returns it in String format","2600","Test for getting the Placeholder value","","2026-09-21","passed","2026-09-21","","Form. Checking the basic functions for the CheckBox","application.Samples.Form.CheckBoxOnFormTest","placeholder"
"","2815","position()","","2026-09-21","passed","2026-09-21","","Info. Checking the basic functions for the Money","application.Samples.Info.MoneyOnInfoTest","position"
"Info Widget is always read-only","0","A test to check the field for ""Read-only""","","2026-09-21","skipped","2026-09-21","","Info. Checking the basic functions for the Hint","application.Samples.Info.HintOnInfoTest","readonly"
"Info Widget is always read-only","0","A test to check the field for ""Read-only""","","2026-09-21","skipped","2026-09-21","","Info. Checking the basic functions for the MultiValueHover","application.Samples.Info.MultiValueHoverOnInfoTest","readonly"
"","2490","position()","","2026-09-21","passed","2026-09-21","","List. Checking the basic functions for the Date in the widget List","application.Samples.List.DateOnListTest","position"
"The InfoWidget doesn't have a Placeholder.","0","Test for getting the Placeholder value","","2026-09-21","skipped","2026-09-21","","Info. Checking the basic functions for the MultiValueHover","application.Samples.Info.MultiValueHoverOnInfoTest","placeholder"
"The first nextPage() of a collapsed row expands it, i.e. loads page 1 of its children","7470","Expanding a node loads its children, the siblings are untouched; collapsing hides them","","2026-09-21","passed","2026-09-21","","Tree. Lazy load: roots, expand, More per node, sorting","application.Samples.Tree.TreeLazyLoadTest","expandLoadsChildren"
"The test sets the value in the field. After approval, the popup window, the title, the text in it, and the buttons are validated","5064","Business Exception Validation Test","","2026-09-21","passed","2026-09-21","","Form. Checking the basic functions for the CheckBox","application.Samples.Form.CheckBoxOnFormTest","businessException"
"Drill Down is not available for InfoWidget.","0","The DrillDown test","","2026-09-21","skipped","2026-09-21","","Info. Checking the basic functions for the Hint","application.Samples.Info.HintOnInfoTest","drillDown"
"The test clears the field and clicks the Save button. Then validates the message that the field is required.","7267","Required Message text Verification field test","","2026-09-21","passed","2026-09-21","","List. Checking the basic functions for the MultiValue in the widget List","application.Samples.List.MultiValueOnListTest","required"
"DrillDown is not available for InfoWidget.","2417","The DrillDown test","","2026-09-21","passed","2026-09-21","","Info. Checking the basic functions for the Percent","application.Samples.Info.PercentOnInfoTest","drillDown"
"Two marks overlap by one character, or by everything but one, or run to the end, or happen twice in one line, or overlap on text with parentheses and Cyrillic.","2690","Overlaps of unusual sizes","","2026-09-21","passed","2026-09-21","","Form. RichText regression suite for the RichText in the widget Form","application.Samples.Form.RichTextOnFormTest","awkwardOverlaps"
"The test gets the value in the field, and then checks the value in the field with what should be.","0","A test for checking a value in a field","","2026-09-21","skipped","2026-09-21","","application.Samples.List.RadioOnListTest","application.Samples.List.RadioOnListTest","read"
"The test sets the value, after which the method returns the full list of value-status","4181","Test to get all values with the status","","2026-09-21","passed","2026-09-21","","application.Samples.Form.RadioOnFormTest","application.Samples.Form.RadioOnFormTest","getValues"
"The test clears the field and clicks the Save button. Then validates the message that the field is required","3732","Required Message text Verification field test","","2026-09-21","passed","2026-09-21","","Form. Checking the basic functions for the Date in the widget Form","application.Samples.Form.DateOnFormTest","required"
"Checking the url before the transition and after the transition/click on a special element","2937","The DrillDown test","","2026-09-21","passed","2026-09-21","","List. Checking the basic functions for the Date in the widget List","application.Samples.List.DateOnListTest","drillDown"
"Verify that all action will be displayed","4807","Check action with icon","","2026-09-21","passed","2026-09-21","","Form. Checking action group with only text, only icon and mixed","application.Samples.Feature.actionIcon.ActionGroupTest","checkActionGroupOnlyIcon"
"Filtering is not available for InfoWidget.","0","Filtering test","","2026-09-21","skipped","2026-09-21","","application.Samples.Info.TextOnInfoTest","application.Samples.Info.TextOnInfoTest","filtration"
"Info Widget is always read-only","0","A test to check the field for ""Read-only""","","2026-09-21","skipped","2026-09-21","","application.Samples.Info.TextOnInfoTest","application.Samples.Info.TextOnInfoTest","readonly"
"The test sets the value in the field. After approval, the popup window, the title, the text in it, and the buttons are validated","3156","Run-time exception validation test","","2026-09-21","passed","2026-09-21","","application.Samples.Form.RadioOnFormTest","application.Samples.Form.RadioOnFormTest","runtimeException"
"The test clears the field and clicks the Save button. Then validates the message that the field is required","4609","Required Message text Verification field test","","2026-09-21","passed","2026-09-21","","Form. Checking the basic functions for the FileUpload in the widget Form","application.Samples.Form.FileUploadOnFormTest","required"
"Filtering is not available for InfoWidget.","0","Filtering test","","2026-09-21","skipped","2026-09-21","","Info. Checking the basic functions for the MultiField","application.Samples.Info.MultiFieldOnInfoTest","filtration"
"Add opens the row form inside the popup (options.create.widget); the form is saved and the new row is shown.","11356","PickTreePopup: create inline-form","","2026-09-21","passed","2026-09-21","","PickTreePopup, AssocTreePopup. Row actions inside the popup","application.Samples.Tree.PopupRowActionsTest","pickCreateInlineForm"
"The test gets the value from the style attribute in RGB format, and then converts it to Hex format","2646","A test to get the field color value in Hex format","","2026-09-21","passed","2026-09-21","","Form. Checking the basic functions for the Date in the widget Form","application.Samples.Form.DateOnFormTest","color"
"The test sets the value in the field, and then checks the value in the field with what should be set","10104","A test for setting a value in a field","","2026-09-21","passed","2026-09-21","","Form. Checking the basic functions for the DateTime in the widget Form","application.Samples.Form.DateTimeOnFormTest","edit"
"","3487","The test for getting the value from the field","","2026-09-21","passed","2026-09-21","","Info. Checking the basic functions for the MultiValueHover","application.Samples.Info.MultiValueHoverOnInfoTest","read"
"The test sets a value with the wrong data type in several fields for different widgets. After approval, it checks the text under the field, which informs about the correctness of the type of data entered","7655","Required Message validation test for multiple fields","","2026-09-21","passed","2026-09-21","","List. Checking the basic functions for the InlinePickList in the widget List","application.Samples.List.InlinePickListOnListTest","fieldLevelValidation"
"","2352","position()","","2026-09-21","passed","2026-09-21","","List. Checking the basic functions for the CheckBox","application.Samples.List.CheckBoxOnListTest","position"
"The test sets the value with the wrong data type in the field. After approval, it checks the text under the field, which informs about the correctness of the type of data entered.","7988","Required Message validation test for one field","","2026-09-21","passed","2026-09-21","","List. Checking the basic functions for the PickList in the widget List","application.Samples.List.PickListOnListTest","fieldLevelValidationAnnotation"
"The test sets the value in the field. After approval, the popup window, the title, the text in it, and the buttons are validated","4318","Business Exception Validation Test","","2026-09-21","passed","2026-09-21","","Form. Checking the basic functions for the Suggestion PickList in the widget Form","application.Samples.Form.SuggestionPickListOnFormTest","businessException"
"The test gets the value from the placeholder attribute and returns it in String format","2643","Test for getting the Placeholder value","","2026-09-21","passed","2026-09-21","","Form. Checking the basic functions for the PickTree in the widget Form","application.Samples.Form.PickTreeOnFormTest","placeholder"
"","3205","The test for getting the value from the field","","2026-09-21","passed","2026-09-21","","application.Samples.Info.RadioOnInfoTest","application.Samples.Info.RadioOnInfoTest","read"
"The test gets the value from the style attribute in RGB format, and then converts it to Hex format","3064","A test to get the field color value in Hex format","","2026-09-21","passed","2026-09-21","","List. Checking the basic functions for the PickTree in the widget List","application.Samples.List.PickTreeOnListTest","color"
"Sorting is not available for InfoWidget.","0","Sorting test","","2026-09-21","skipped","2026-09-21","","Info. Checking the basic functions for the MultiValueTree","application.Samples.Info.MultiValueTreeOnInfoTest","sorting"
"The test gets the value in the field, and then checks the value in the field with what should be.","0","A test for checking a value in a field","","2026-09-21","skipped","2026-09-21","","application.Samples.List.TextOnListTest","application.Samples.List.TextOnListTest","read"
"A test to get the value from the field. MultiValueHover is always read-only, so it is impossible to set the value.","3483","A test for setting a value in a field","","2026-09-21","passed","2026-09-21","","List. Checking the basic functions for the MultiValueHover in the widget List","application.Samples.List.MultiValueHoverOnListTest","edit"
"The test gets the value from the placeholder attribute and returns it in String format","3165","Test for getting the Placeholder value","","2026-09-21","passed","2026-09-21","","List. Checking the basic functions for the CheckBox","application.Samples.List.CheckBoxOnListTest","placeholder"
"The test sets the value in the field, and then checks the value in the field with what should be set.","28358","A test for setting a value in a field","","2026-09-21","passed","2026-09-21","","List. Checking the basic functions for the MultiValueTree in the widget List","application.Samples.List.MultiValueTreeOnListTest","edit"
"The test gets the value in the field, and then checks the value in the field with what should be","2765","A test for checking a value in a field","","2026-09-21","passed","2026-09-21","","Form. Checking the basic functions for the PickTree in the widget Form","application.Samples.Form.PickTreeOnFormTest","read"
"","2220","position()","","2026-09-21","passed","2026-09-21","","List. Checking the basic functions for the dateTimeWithSec in the widget List","application.Samples.List.DateTimeWithSecondsOnListTest","position"
"Checking the url before the transition and after the transition/click on a special element","2204","The DrillDown test","","2026-09-21","passed","2026-09-21","","application.Samples.List.TextOnListTest","application.Samples.List.TextOnListTest","drillDown"
"DrillDown is not available for InfoWidget.","0","The DrillDown test","","2026-09-21","skipped","2026-09-21","","application.Samples.Info.RadioOnInfoTest","application.Samples.Info.RadioOnInfoTest","drillDown"
"The test gets the value from the placeholder attribute and returns it in String format","3026","Test for getting the Placeholder value","","2026-09-21","passed","2026-09-21","","Form. Checking the basic functions for the MultiValueTree in the widget Form","application.Samples.Form.MultiValueTreeOnFormTest","placeholder"
"","2518","position()","","2026-09-21","passed","2026-09-21","","Form. Checking the basic functions for the MultiValueHover in the widget Form","application.Samples.Form.MultiValueHoverOnFormTest","position"
"The test sets the value in the field, and then checks the value in the field with what should be set","6117","A test for setting a value in a field","","2026-09-21","passed","2026-09-21","","Form. Checking the basic functions for the Text in the widget Form","application.Samples.Form.TextOnFormTest","edit"
"Filtering by the specified column.","8197","Filtering test","","2026-09-21","passed","2026-09-21","","List. Checking the basic functions for the Dictionary in the widget List","application.Samples.List.DictionaryOnListTest","filtration"
"","2686","position()","","2026-09-21","passed","2026-09-21","","Info. Checking the basic functions for the Date","application.Samples.Info.DateOnInfoTest","position"
"The test gets the value from the style attribute in RGB format, and then converts it to Hex format","3424","A test to get the field color value in Hex format","","2026-09-21","passed","2026-09-21","","List. Checking the basic functions for the MultipleSelect in the widget List","application.Samples.List.MultipleSelectOnListTest","color"
"When bold and italic cross, the editor puts an invisible separator between *** and * so the markdown opens correctly. Here the crossing is next to parentheses, escaped stars, inline code and a second crossing.","5046","Bold crossing italic next to other characters","","2026-09-21","passed","2026-09-21","","Form. RichText regression suite for the RichText in the widget Form","application.Samples.Form.RichTextOnFormTest","boldMeetsItalic"
"The test sets the value in the field via Popup using a unique id, and then checks the value in the field with what needs to be set","4798","A test for setting a value in a field","","2026-09-21","passed","2026-09-21","","Form. Checking the basic functions for the Suggestion PickList in the widget Form","application.Samples.Form.SuggestionPickListOnFormTest","edit"
"The test clear the value in the field , and then checks the value in the field, it must be null.","4039","A test for checking the possibility of an empty field","","2026-09-21","passed","2026-09-21","","Form. Checking the basic functions for the Money in the widget Form","application.Samples.Form.MoneyOnFormTest","nullable"
"Filtering is not available for the Form widget","0","Filtering test","","2026-09-21","skipped","2026-09-21","","Form. Checking the basic functions for the FileUpload in the widget Form","application.Samples.Form.FileUploadOnFormTest","filtration"
"The test sets the value with the wrong data type in the field. After approval, it checks the text under the field, which informs about the correctness of the type of data entered","3877","Required Message validation test for one field","","2026-09-21","passed","2026-09-21","","Form. Checking the basic functions for the MultipleSelect in the widget Form","application.Samples.Form.MultipleSelectOnFormTest","fieldLevelValidationAnnotation"
"Info Widget is always read-only: the field shows its values and cannot be edited","2953","A test to check the field for ""Read-only""","","2026-09-21","passed","2026-09-21","","Info. Checking the basic functions for the MultiValueTree","application.Samples.Info.MultiValueTreeOnInfoTest","readonly"
"The test sets the value in the field. After approval, the popup window, the title, the text in it, and the buttons are validated.","4775","Business Exception Validation Test","","2026-09-21","passed","2026-09-21","","List. Checking the basic functions for the MultiValueTree in the widget List","application.Samples.List.MultiValueTreeOnListTest","businessException"
"The test sets the value with the wrong data type in the field. After approval, it checks the text under the field, which informs about the correctness of the type of data entered","8025","Required Message validation test for one field","","2026-09-21","passed","2026-09-21","","Form. Checking the basic functions for the Date in the widget Form","application.Samples.Form.DateOnFormTest","fieldLevelValidationAnnotationAlternative"
"","2285","The test for getting the value from the field","","2026-09-21","passed","2026-09-21","","Info. Checking the basic functions for the MultiField","application.Samples.Info.MultiFieldOnInfoTest","read"
"","2129","position()","","2026-09-21","passed","2026-09-21","","Info. Checking the basic functions for the MultiField","application.Samples.Info.MultiFieldOnInfoTest","position"
"The test sets the value in the field, and then checks the value in the field with what should be set. Предварительной очистки поля нет","9045","A test for setting a value in a field","","2026-09-21","passed","2026-09-21","","Form. Checking the basic functions for the MultipleSelect in the widget Form","application.Samples.Form.MultipleSelectOnFormTest","edit"
"The test sets the value in the field. After approval, by clicking on the save button, the popup window, the title, the text in it, and the buttons are validated.","7491","Confirmation Popup Validation Test","","2026-09-21","passed","2026-09-21","","application.Samples.List.TextOnListTest","application.Samples.List.TextOnListTest","confirm"
"The test checks the creation and deletion in the dictionary and the result of this work on another screen.","1809","Test filtering at List","","2026-09-21","passed","2026-09-21","","Checking the basic functions for the Dictionary administration panel","application.Samples.DictionaryAdministrationTest","filterList"
"The test sets the value in the field. After approval, the popup window, the title, the text in it, and the buttons are validated.","4622","Run-time exception validation test","","2026-09-21","passed","2026-09-21","","List. Checking the basic functions for the Dictionary in the widget List","application.Samples.List.DictionaryOnListTest","runtimeException"
"Sorting is not available for InfoWidget.","0","Sorting test","","2026-09-21","skipped","2026-09-21","","Info. Checking the basic functions for the MultiValue","application.Samples.Info.MultiValueOnInfoTest","sorting"
"","2984","The test for getting the file name in the field","","2026-09-21","passed","2026-09-21","","Info. Checking the basic functions for the FileUp","application.Samples.Info.FileUploadOnInfoTest","readNameFileInField"
"The test clears the field and clicks the Save button. Then validates the message that the field is required","16052","Required Message text Verification field test","","2026-09-21","passed","2026-09-21","","Form. Checking the basic functions for the MultipleSelect in the widget Form","application.Samples.Form.MultipleSelectOnFormTest","required"
"","2432","position()","","2026-09-21","passed","2026-09-21","","Form. Checking the basic functions for the PickList in the widget Form","application.Samples.Form.PickListOnFormTest","position"
"","6858","fieldLevelValidation()","","2026-09-21","passed","2026-09-21","","List. Checking the basic functions for the PickTree in the widget List","application.Samples.List.PickTreeOnListTest","fieldLevelValidation"
"The test sets the value in the field. After approval, the popup window, the title, the text in it, and the buttons are validated.","4850","Run-time exception validation test","","2026-09-21","passed","2026-09-21","","List. Checking the basic functions for the CheckBox","application.Samples.List.CheckBoxOnListTest","runtimeException"
"The InfoWidget doesn't have a Placeholder.","0","Test for getting the Placeholder value","","2026-09-21","skipped","2026-09-21","","Info. Checking the basic functions for the PickTree","application.Samples.Info.PickTreeOnInfoTest","placeholder"
"The test gets the value from the style attribute in RGB format, and then converts it to Hex format","2711","A test to get the field color value in Hex format","","2026-09-21","passed","2026-09-21","","Info. Checking the basic functions for the Dictionary","application.Samples.Info.DictionaryOnInfoTest","color"
"Filtering by the specified column.","3982","Filtering test","","2026-09-21","passed","2026-09-21","","List. Checking the basic functions for the MultiValue in the widget List","application.Samples.List.MultiValueOnListTest","filtration"
"Filtering by the specified column.","7720","Filtering test","","2026-09-21","passed","2026-09-21","","List. Checking the basic functions for the InlinePickList in the widget List","application.Samples.List.InlinePickListOnListTest","filtration"
"A click on the row switches it to the edit mode; the changed value is saved from the row menu and kept.","9044","Edit inline","","2026-09-21","passed","2026-09-21","","Tree. Standard actions: create and edit (inline, inline-form, with view)","application.Samples.Tree.TreeActionsTest","editInline"
"","2874","position()","","2026-09-21","passed","2026-09-21","","application.Samples.Info.RadioOnInfoTest","application.Samples.Info.RadioOnInfoTest","position"
"Filtering by the specified column.","5435","Filtering test","","2026-09-21","passed","2026-09-21","","List. Checking the basic functions for the MultiValueTree in the widget List","application.Samples.List.MultiValueTreeOnListTest","filtration"
"Filtering is not available for the Form widget","0","Filtering test","","2026-09-21","skipped","2026-09-21","","Form. Checking the basic functions for the Text in the widget Form","application.Samples.Form.TextOnFormTest","filtration"
"Sorting by the specified column.","28613","Sorting test","","2026-09-21","passed","2026-09-21","","List. Checking the basic functions for the DateTime in the widget List","application.Samples.List.DateTimeOnListTest","sorting"
"Cancel (cancel-create) removes the row added by Add.","6549","PickTreePopup: cancel of the created row","","2026-09-21","passed","2026-09-21","","PickTreePopup, AssocTreePopup. Row actions inside the popup","application.Samples.Tree.PopupRowActionsTest","pickCreateAndCancel"
"The test sets the value with the wrong data type in the field. After approval, it checks the text under the field, which informs about the correctness of the type of data entered","5550","Required Message validation test for one field","","2026-09-21","passed","2026-09-21","","application.Samples.Form.PercentOnFormTest","application.Samples.Form.PercentOnFormTest","fieldLevelValidationAnnotation"
"The test checks for the disabled attribute.","4962","A test to check the field for ""Read-only""","","2026-09-21","passed","2026-09-21","","List. Checking the basic functions for the MultipleSelect in the widget List","application.Samples.List.MultipleSelectOnListTest","readonly"
"The test gets the value from the placeholder attribute and returns it in String format","2609","Test for getting the Placeholder value","","2026-09-21","passed","2026-09-21","","Form. Checking the basic functions for the DateTime in the widget Form","application.Samples.Form.DateTimeOnFormTest","placeholder"
"Filtering is not available for InfoWidget.","0","Filtering test","","2026-09-21","skipped","2026-09-21","","Info. Checking the basic functions for the MultiplySelect","application.Samples.Info.MultipleSelectOnInfoTest","filtration"
"The test verifies that after clearing the field, it is empty","3990","The test for deleting a file from a field","","2026-09-21","passed","2026-09-21","","Form. Checking the basic functions for the FileUpload in the widget Form","application.Samples.Form.FileUploadOnFormTest","clear"
"The field of the Info widget is shown as a link when drillDown is set","2874","The DrillDown test","","2026-09-21","passed","2026-09-21","","Info. Checking the basic functions for the PickTree","application.Samples.Info.PickTreeOnInfoTest","drillDown"
"The test sets a value with the wrong data type in several fields for different widgets. After approval, it checks the text under the field, which informs about the correctness of the type of data entered","7887","Required Message validation test for multiple fields","","2026-09-21","passed","2026-09-21","","Form. Checking the basic functions for the InlinePickList in the widget Form","application.Samples.Form.InlinePickListOnFormTest","fieldLevelValidation"
"The test sets the value in the field. After approval, the popup window, the title, the text in it, and the buttons are validated.","6476","Business Exception Validation Test","","2026-09-21","passed","2026-09-21","","List. Checking the basic functions for the FileUpload in the widget List","application.Samples.List.FileUploadOnListTest","businessException"
"Add creates an empty root row inside the popup; the row is saved from its menu and then deleted from its menu.","10177","PickTreePopup: create inline, save, delete","","2026-09-21","passed","2026-09-21","","PickTreePopup, AssocTreePopup. Row actions inside the popup","application.Samples.Tree.PopupRowActionsTest","pickCreateInlineAndDelete"
"","2714","position()","","2026-09-21","passed","2026-09-21","","Form. Checking the basic functions for the MultiValueTree in the widget Form","application.Samples.Form.MultiValueTreeOnFormTest","position"
"The test gets the value from the style attribute in RGB format, and then converts it to Hex format","2875","A test to get the field color value in Hex format","","2026-09-21","passed","2026-09-21","","List. Checking the basic functions for the PickList in the widget List","application.Samples.List.PickListOnListTest","color"
"Checking the url before the transition and after the transition/click on a special element","0","The DrillDown test","","2026-09-21","skipped","2026-09-21","","Form. Checking the basic functions for the Text in the widget Form","application.Samples.Form.TextOnFormTest","drillDown"
"Sorting by the specified column.","6919","Sorting test","","2026-09-21","passed","2026-09-21","","List. Checking the basic functions for the PickTree in the widget List","application.Samples.List.PickTreeOnListTest","sorting"
"","2760","position()","","2026-09-21","passed","2026-09-21","","application.Samples.Form.PercentOnFormTest","application.Samples.Form.PercentOnFormTest","position"
"The test checks for the disabled attribute","2810","A test to check the field for ""Read-only""","","2026-09-21","passed","2026-09-21","","Form. Checking the basic functions for the Text in the widget Form","application.Samples.Form.TextOnFormTest","readonly"
"The test checks for the disabled attribute","2475","A test to check the field for ""Read-only""","","2026-09-21","passed","2026-09-21","","Form. Checking the basic functions for the MultipleSelect in the widget Form","application.Samples.Form.MultipleSelectOnFormTest","readonly"
"Sorting is not available for InfoWidget.","0","Sorting test","","2026-09-21","skipped","2026-09-21","","Info. Checking the basic functions for the Money","application.Samples.Info.MoneyOnInfoTest","sorting"
"Filtering is not available for the Form widget","0","Filtering test","","2026-09-21","skipped","2026-09-21","","Form. Checking the basic functions for the MultipleSelect in the widget Form","application.Samples.Form.MultipleSelectOnFormTest","filtration"
"The test sets the value in the field, and then checks the value in the field with what should be set","6817","A test for setting a value in a field","","2026-09-21","passed","2026-09-21","","Form. Checking the basic functions for the InlinePickList in the widget Form","application.Samples.Form.InlinePickListOnFormTest","edit"
"The InfoWidget doesn't have a Placeholder.","2929","Test for getting the Placeholder value","","2026-09-21","passed","2026-09-21","","Info. Checking the basic functions for the Date","application.Samples.Info.DateOnInfoTest","placeholder"
"The InfoWidget doesn't have a Placeholder.","0","Test for getting the Placeholder value","","2026-09-21","skipped","2026-09-21","","Info. Checking the basic functions for the Percent","application.Samples.Info.PercentOnInfoTest","placeholder"
"Add opens the row form inside the popup (options.create.widget); the form is saved and the new row is shown.","11270","AssocTreePopup: create inline-form","","2026-09-21","passed","2026-09-21","","PickTreePopup, AssocTreePopup. Row actions inside the popup","application.Samples.Tree.PopupRowActionsTest","assocCreateInlineForm"
"The test checks for the disabled attribute.","2907","A test to check the field for ""Read-only""","","2026-09-21","passed","2026-09-21","","List. Checking the basic functions for the DateTime in the widget List","application.Samples.List.DateTimeOnListTest","readonly"
"Checking the url before the transition and after the transition/click on a special element","3389","The DrillDown test","","2026-09-21","passed","2026-09-21","","Form. Checking the basic functions for the Input in the widget Form","application.Samples.Form.InputTest","drillDown"
"Info Widget is always read-only","2810","A test to check the field for ""Read-only""","","2026-09-21","passed","2026-09-21","","Info. Checking the basic functions for the DateTime","application.Samples.Info.DateTimeOnInfoTest","readonly"
"Currency check at the field","2931","Currency test","","2026-09-21","passed","2026-09-21","","Info. Checking the basic functions for the Money","application.Samples.Info.MoneyOnInfoTest","currency"
"The test sets a value with the wrong data type in several fields for different widgets. After approval, it checks the text under the field, which informs about the correctness of the type of data entered","7254","Required Message validation test for multiple fields","","2026-09-21","passed","2026-09-21","","List. Checking the basic functions for the MultiValue in the widget List","application.Samples.List.MultiValueOnListTest","fieldLevelValidation"
"Checking the url before the transition and after the transition/click on a special element","0","The DrillDown test","","2026-09-21","skipped","2026-09-21","","Form. Checking the basic functions for the Money in the widget Form","application.Samples.Form.MoneyOnFormTest","drillDown"
"The test gets the value from the style attribute in RGB format, and then converts it to Hex format","2785","A test to get the field color value in Hex format","","2026-09-21","passed","2026-09-21","","Info. Checking the basic functions for the Date","application.Samples.Info.DateOnInfoTest","color"
"The test gets the value from the placeholder attribute and returns it in String format","2305","Test for getting the Placeholder value","","2026-09-21","passed","2026-09-21","","application.Samples.Form.TimeOnFormTest","application.Samples.Form.TimeOnFormTest","placeholder"
"Sorting is not available for InfoWidget.","3","Sorting test","","2026-09-21","skipped","2026-09-21","","application.Samples.Info.RadioOnInfoTest","application.Samples.Info.RadioOnInfoTest","sorting"
"Checking the url before the transition and after the transition/click on a special element","0","The DrillDown test","","2026-09-21","skipped","2026-09-21","","Form. Checking the basic functions for the Number in the widget Form","application.Samples.Form.NumberOnFormTest","drillDown"
"The test sets the value in the field. After approval, the popup window, the title, the text in it, and the buttons are validated.","4932","Business Exception Validation Test","","2026-09-21","passed","2026-09-21","","List. Checking the basic functions for the PickList in the widget List","application.Samples.List.PickListOnListTest","businessException"
"The test sets the value in the field. After approval, by clicking on the save button, the popup window, the title, the text in it, and the buttons are validated","12775","Confirmation Popup Validation Test","","2026-09-21","passed","2026-09-21","","Form. Checking the basic functions for the Dictionary in the widget Form","application.Samples.Form.DictionaryOnFormTest","confirm"
"DrillDown is not available for InfoWidget.","0","The DrillDown test","","2026-09-21","skipped","2026-09-21","","Info. Checking the basic functions for the MultiValueHover","application.Samples.Info.MultiValueHoverOnInfoTest","drillDown"
"The test clears the field and clicks the Save button. Then validates the message that the field is required.","7206","Required Message text Verification field test","","2026-09-21","passed","2026-09-21","","List. Checking the basic functions for the FileUpload in the widget List","application.Samples.List.FileUploadOnListTest","required"
"The test gets the value in the field, and then checks the value in the field with what should be.","0","A test for checking a value in a field","","2026-09-21","skipped","2026-09-21","","List. Checking the basic functions for the MultiValueHover in the widget List","application.Samples.List.MultiValueHoverOnListTest","read"
"Sorting is not available for InfoWidget.","0","Sorting test","","2026-09-21","skipped","2026-09-21","","Info. Checking the basic functions for the Input","application.Samples.Info.InputTest","sorting"
"","9287","Restore path -> For all in the gear menu restores every found row","","2026-09-21","passed","2026-09-21","","Tree. Search modes: collapse, hide, restoring the path of the found rows","application.Samples.Tree.TreeSearchModesTest","restorePathForAll"
"The test sets the value in the field. After approval, the popup window, the title, the text in it, and the buttons are validated","3998","Run-time exception validation test","","2026-09-21","passed","2026-09-21","","Form. Checking the basic functions for the DateTime in the widget Form","application.Samples.Form.DateTimeOnFormTest","runtimeException"
"The test gets the value from the style attribute in RGB format, and then converts it to Hex format","2894","A test to get the field color value in Hex format","","2026-09-21","passed","2026-09-21","","application.Samples.List.RadioOnListTest","application.Samples.List.RadioOnListTest","color"
"Sample of the defaultLimitPage property on a Tree","4853","Default limit of the page: the root page is cut to the limit","","2026-09-21","passed","2026-09-21","","Tree. Lazy load: roots, expand, More per node, sorting","application.Samples.Tree.TreeLazyLoadTest","defaultLimit"
"Sorting by the specified column.","7723","Sorting test","","2026-09-21","passed","2026-09-21","","List. Checking the basic functions for the Number in the widget List","application.Samples.List.NumberOnListTest","sorting"
"","0","Test for getting the digits value","","2026-09-21","skipped","2026-09-21","","Info. Checking the basic functions for the Number","application.Samples.Info.NumberOnInfoTest","digits"
"","2679","The test for getting the value from the field","","2026-09-21","passed","2026-09-21","","Info. New Api.  Checking the basic functions for the CheckBox","application.Samples.Info.CheckboxTest","read"
"The InfoWidget doesn't have a Placeholder.","0","Test for getting the Placeholder value","","2026-09-21","skipped","2026-09-21","","application.Samples.Info.RadioOnInfoTest","application.Samples.Info.RadioOnInfoTest","placeholder"
"The test gets the value from the style attribute in RGB format, and then converts it to Hex format","3075","A test to get the field color value in Hex format","","2026-09-21","passed","2026-09-21","","List. Checking the basic functions for the DateTime in the widget List","application.Samples.List.DateTimeOnListTest","color"
"The test sets the value with the wrong data type in the field. After approval, it checks the text under the field, which informs about the correctness of the type of data entered","7687","Required Message validation test for one field","","2026-09-21","passed","2026-09-21","","Form. Checking the basic functions for the DateTimeWithSeconds in the widget Form","application.Samples.Form.DateTimeWithSecondsTest","fieldLevelValidationAnnotation"
"","2419","position()","","2026-09-21","passed","2026-09-21","","List. Checking the basic functions for the Input in the widget List","application.Samples.List.InputOnListTest","position"
"The test sets several values in the field, then checks the list with the expected value.","16051","A test for setting multiple values in a field","","2026-09-21","passed","2026-09-21","","Form. Checking the basic functions for the MultiValueTree in the widget Form","application.Samples.Form.MultiValueTreeOnFormTest","test_set"
"Checking the url before the transition and after the transition/click on a special element","3586","The DrillDown test","","2026-09-21","passed","2026-09-21","","List. Checking the basic functions for the FileUpload in the widget List","application.Samples.List.FileUploadOnListTest","drillDown"
"Sorting by the specified column.","18751","Sorting test","","2026-09-21","passed","2026-09-21","","List. Checking the basic functions for the Time","application.Samples.List.TimeOnListTest","sorting"
"The test sets the value in the field, and then checks the value in the field with what should be set.","28335","A test for setting a value in a field","","2026-09-21","passed","2026-09-21","","List. Checking the basic functions for the MultiValue in the widget List","application.Samples.List.MultiValueOnListTest","edit"
"The test sets the value in the field via Popup using a unique id, and then checks the value in the field with what needs to be set","3982","A test for setting a value in a field","","2026-09-21","passed","2026-09-21","","Form. Checking the basic functions for the PickList in the widget Form","application.Samples.Form.PickListOnFormTest","edit"
"The test gets the value from the placeholder attribute and returns it in String format","3520","Test for getting the Placeholder value","","2026-09-21","passed","2026-09-21","","List. Checking the basic functions for the Date in the widget List","application.Samples.List.DateOnListTest","placeholder"
"The test sets the value in the field, and then checks the value in the field with what should be set","4347","A test for setting a value in a field","","2026-09-21","passed","2026-09-21","","Form. Checking the basic functions for the Number in the widget Form","application.Samples.Form.NumberOnFormTest","edit"
"The method returns Option-Status pairs, for all. The test checks each pair.","3076","Test to check the status of all options","","2026-09-21","passed","2026-09-21","","Form. Checking the basic functions for the MultipleSelect in the widget Form","application.Samples.Form.MultipleSelectOnFormTest","statusOptions"
"","5178","test_2()","","2026-09-21","passed","2026-09-21","","List. Checking the basic functions for the PickTree in the widget List","application.Samples.List.PickTreeOnListTest","test_2"
"The test gets the value from the placeholder attribute and returns it in String format","2753","Test for getting the Placeholder value","","2026-09-21","passed","2026-09-21","","application.Samples.Form.RadioOnFormTest","application.Samples.Form.RadioOnFormTest","placeholder"
"","2523","position()","","2026-09-21","passed","2026-09-21","","Form. Checking the basic functions for the PickTree in the widget Form","application.Samples.Form.PickTreeOnFormTest","position"
"The test sets the value in the field, and then checks the value in the field with what should be set","11391","A test for setting a value in a field","","2026-09-21","passed","2026-09-21","","Form. Checking the basic functions for the Dictionary in the widget Form","application.Samples.Form.DictionaryOnFormTest","edit"
"A custom action without PostAction re-reads the record and updates its row; the node of the record is collapsed and its child rows are forgotten, the other rows of the tree stay as they were.","20069","Custom action refreshes only the node","","2026-09-21","passed","2026-09-21","","Tree. Node refresh after custom actions","application.Samples.Tree.TreeNodeRefreshTest","customActionRefreshesNode"
"The test sets the value in the field, and then checks the value in the field with what should be set","5736","A test for setting a value in a field","","2026-09-21","passed","2026-09-21","","application.Samples.Form.RadioOnFormTest","application.Samples.Form.RadioOnFormTest","edit"
"DrillDown is not available for InfoWidget.","2919","The DrillDown test","","2026-09-21","passed","2026-09-21","","Info. New Api.  Checking the basic functions for the CheckBox","application.Samples.Info.CheckboxTest","drillDown"
"The test sets a value with the wrong data type in several fields for different widgets. After approval, it checks the text under the field, which informs about the correctness of the type of data entered","6448","Required Message validation test for multiple fields","","2026-09-21","passed","2026-09-21","","Form. Checking the basic functions for the Suggestion PickList in the widget Form","application.Samples.Form.SuggestionPickListOnFormTest","fieldLevelValidation"
"The test sets the value in the field. After approval, the popup window, the title, the text in it, and the buttons are validated.","4200","Run-time exception validation test","","2026-09-21","passed","2026-09-21","","List. Checking the basic functions for the MultiValue in the widget List","application.Samples.List.MultiValueOnListTest","runtimeException"
"The test sets the value in the field, and then checks the value in the field with what should be set. The Number Digits class is used for numbers with a fractional part.","2310","A test for entering numbers with a fractional part using the PercentDigits class","","2026-09-21","passed","2026-09-21","","application.Samples.Form.PercentOnFormTest","application.Samples.Form.PercentOnFormTest","digits"
"Sorting by the specified column.","10251","Sorting test","","2026-09-21","passed","2026-09-21","","application.Samples.List.RadioOnListTest","application.Samples.List.RadioOnListTest","sorting"
"The test sets a value with the wrong data type in several fields for different widgets. After approval, it checks the text under the field, which informs about the correctness of the type of data entered","5626","Required Message validation test for multiple fields","","2026-09-21","passed","2026-09-21","","Form. Checking the basic functions for the FileUpload in the widget Form","application.Samples.Form.FileUploadOnFormTest","fieldLevelValidation"
"The test sets the value in the field, and then checks the value in the field with what should be set.","13664","A test for setting a value in a field","","2026-09-21","passed","2026-09-21","","List. Checking the basic functions for the Dictionary in the widget List","application.Samples.List.DictionaryOnListTest","edit"
"The test deletes the value by checking the autocomplete in a blank field","6100","Auto-completion test after cleaning","","2026-09-21","passed","2026-09-21","","application.Samples.Form.PercentOnFormTest","application.Samples.Form.PercentOnFormTest","nullable"
"The test gets the value from the style attribute in RGB format, and then converts it to Hex format","3205","A test to get the field color value in Hex format","","2026-09-21","passed","2026-09-21","","List. Checking the basic functions for the Dictionary in the widget List","application.Samples.List.DictionaryOnListTest","color"
"","2626","position()","","2026-09-21","passed","2026-09-21","","Info. Checking the basic functions for the Hint","application.Samples.Info.HintOnInfoTest","position"
"Currency by the specified column.","0","Currency test","","2026-09-21","skipped","2026-09-21","","List. Checking the basic functions for the Money in the widget List","application.Samples.List.MoneyOnListTest","currency"
"","2972","The test for getting the value from the field","","2026-09-21","passed","2026-09-21","","Info. Checking the basic functions for the DateTime","application.Samples.Info.DateTimeOnInfoTest","read"
"Checking the picklist behavior when required fields are present on the widget: the picklist should open.","7083","Open Picklist With RequiredFields","","2026-09-21","passed","2026-09-21","","List. Checking the basic functions for the PickList in the widget List","application.Samples.List.PickListOnListTest","openPicklistWithRequiredFields"
"The test checks for the disabled attribute.","3717","A test to check the field for ""Read-only""","","2026-09-21","passed","2026-09-21","","application.Samples.List.TextOnListTest","application.Samples.List.TextOnListTest","readonly"
"The test gets the value from the style attribute in RGB format, and then converts it to Hex format","2724","A test to get the field color value in Hex format","","2026-09-21","passed","2026-09-21","","Form. Checking the basic functions for the CheckBox","application.Samples.Form.CheckBoxOnFormTest","color"
"","4676","A test to get a value for a multifield hint","","2026-09-21","passed","2026-09-21","","List. Checking the basic functions for the MultiField in the widget List","application.Samples.List.MultiFieldOnListTest","getValues"
"The test opens a modal window, clears the field, closes the window, and then checks the message under the field.","5278","Required Message text Verification field test","","2026-09-21","passed","2026-09-21","","Form. Checking the basic functions for the MultiValueTree in the widget Form","application.Samples.Form.MultiValueTreeOnFormTest","required_2"
"Checking the url before the transition and after the transition/click on a special element","2512","The DrillDown test","","2026-09-21","passed","2026-09-21","","List. Checking the basic functions for the CheckBox","application.Samples.List.CheckBoxOnListTest","drillDown"
"The test gets the value from the style attribute in RGB format, and then converts it to Hex format","2989","A test to get the field color value in Hex format","","2026-09-21","passed","2026-09-21","","List. Checking the basic functions for the Time","application.Samples.List.TimeOnListTest","color"
"","2495","position()","","2026-09-21","passed","2026-09-21","","Form. Checking the basic functions for the Number in the widget Form","application.Samples.Form.NumberOnFormTest","position"
"The test sets a value with the wrong data type in several fields for different widgets. After approval, it checks the text under the field, which informs about the correctness of the type of data entered","4351","Required Message validation test for multiple fields","","2026-09-21","passed","2026-09-21","","Form. Checking the basic functions for the MultipleSelect in the widget Form","application.Samples.Form.MultipleSelectOnFormTest","fieldLevelValidation"
"The test checks for the disabled attribute.","2960","A test to check the field for ""Read-only""","","2026-09-21","passed","2026-09-21","","List. Checking the basic functions for the Time","application.Samples.List.TimeOnListTest","readonly"
"The test gets the value from the placeholder attribute and returns it in String format","2219","Test for getting the Placeholder value","","2026-09-21","passed","2026-09-21","","Form. Checking the basic functions for the PickList in the widget Form","application.Samples.Form.PickListOnFormTest","placeholder"
"The test sets the value with the wrong data type in the field. After approval, it checks the text under the field, which informs about the correctness of the type of data entered","5405","Required Message validation test for one field","","2026-09-21","passed","2026-09-21","","Form. Checking the basic functions for the InlinePickList in the widget Form","application.Samples.Form.InlinePickListOnFormTest","fieldLevelValidationAnnotation"
"The transition/Redirect is not available","0","The DrillDown test","","2026-09-21","skipped","2026-09-21","","Form. Checking the basic functions for the Hint in the widget Form","application.Samples.Form.HintOnFormTest","drillDown"
"","2624","position()","","2026-09-21","passed","2026-09-21","","Info. Checking the basic functions for the Number","application.Samples.Info.NumberOnInfoTest","position"
"","3751","Constant title of the popup","","2026-09-21","passed","2026-09-21","","PickListPopup. Basics and title","application.Samples.Popup.PickListPopupTest","constantTitle"
"The test gets the value from the placeholder attribute and returns it in String format","3796","Test for getting the Placeholder value","","2026-09-21","passed","2026-09-21","","List. Checking the basic functions for the FileUpload in the widget List","application.Samples.List.FileUploadOnListTest","placeholder"
"The test sets a value with the wrong data type in several fields for different widgets. After approval, it checks the text under the field, which informs about the correctness of the type of data entered","4058","Required Message validation test for multiple fields","","2026-09-21","passed","2026-09-21","","Form. Checking the basic functions for the MultiValueTree in the widget Form","application.Samples.Form.MultiValueTreeOnFormTest","fieldLevelValidation"
"The test sets the value in the field. After approval, the popup window, the title, the text in it, and the buttons are validated","4712","Business Exception Validation Test","","2026-09-21","passed","2026-09-21","","Form. Checking the basic functions for the Input in the widget Form","application.Samples.Form.InputTest","businessException"
"The test sets the value in the field, and then checks the value in the field with what should be set","7429","A test for setting a value in a field","","2026-09-21","passed","2026-09-21","","Form. Checking the basic functions for the Input in the widget Form","application.Samples.Form.InputTest","edit"
"The test clears the field and clicks the Save button. Then validates the message that the field is required.","4638","Required Message text Verification field test","","2026-09-21","passed","2026-09-21","","Form. Checking the basic functions for the MultiValue in the widget Form","application.Samples.Form.MultiValueOnFormTest","required"
"","3628","A test to compare the source file with the downloaded one","","2026-09-21","passed","2026-09-21","","Info. Checking the basic functions for the FileUp","application.Samples.Info.FileUploadOnInfoTest","compare"
"The test opens a modal window, clears the field, closes the window, and then checks the message under the field.","5243","Required Message text Verification field test","","2026-09-21","passed","2026-09-21","","Form. Checking the basic functions for the MultiValue in the widget Form","application.Samples.Form.MultiValueOnFormTest","required_2"
"Sorting is not available for the Form widget","0","Sorting test","","2026-09-21","skipped","2026-09-21","","Form. Checking the basic functions for the InlinePickList in the widget Form","application.Samples.Form.InlinePickListOnFormTest","sorting"
"The test clears the field and clicks the Save button. Then validates the message that the field is required.","0","Required Message text Verification field test","","2026-09-21","skipped","2026-09-21","","application.Samples.List.RadioOnListTest","application.Samples.List.RadioOnListTest","required"
"The cancel of the created row runs the onCancel action of the sample; the row is removed.","9736","PickTreePopup: cancel-create with the onCancel action","","2026-09-21","passed","2026-09-21","","PickTreePopup, AssocTreePopup. Row actions inside the popup","application.Samples.Tree.PopupRowActionsTest","pickCreateAndCancelOnCancel"
"The test sets the value in the field. After approval, by clicking on the save button, the popup window, the title, the text in it, and the buttons are validated.","8653","Confirmation Popup Validation Test","","2026-09-21","passed","2026-09-21","","List. Checking the basic functions for the MultiValueTree in the widget List","application.Samples.List.MultiValueTreeOnListTest","confirm"
"The test sets the value in the field. After approval, the popup window, the title, the text in it, and the buttons are validated.","4070","Run-time exception validation test","","2026-09-21","passed","2026-09-21","","Form. Checking the basic functions for the MultiValue in the widget Form","application.Samples.Form.MultiValueOnFormTest","runtimeException"
"Filtering by the specified column.","7574","Filtering test","","2026-09-21","passed","2026-09-21","","List. Checking the basic functions for the Number in the widget List","application.Samples.List.NumberOnListTest","filtration"
"confirms = paginationUnselect: the node has the More row, so the switch to the manual selection is confirmed; Cancel keeps the node selected","20352","Unchecking a child of a selected node with unloaded children asks for a confirmation","","2026-09-21","passed","2026-09-21","","AssocTreePopup. Selection of a node and of its children","application.Samples.Tree.AssocTreePopupSelectionTest","confirmUnselectWithUnloadedChildren"
"The test checks for the disabled attribute","2721","A test to check the field for ""Read-only""","","2026-09-21","passed","2026-09-21","","Form. Checking the basic functions for the DateTime in the widget Form","application.Samples.Form.DateTimeOnFormTest","readonly"
"The test sets the value in the field. After approval, the popup window, the title, the text in it, and the buttons are validated.","7905","Business Exception Validation Test","","2026-09-21","passed","2026-09-21","","List. Checking the basic functions for the Dictionary in the widget List","application.Samples.List.DictionaryOnListTest","businessException"
"DrillDown is not available for InfoWidget.","3096","The DrillDown test","","2026-09-21","passed","2026-09-21","","application.Samples.Info.TextOnInfoTest","application.Samples.Info.TextOnInfoTest","drillDown"
"DrillDown is not available for InfoWidget.","2619","The DrillDown test","","2026-09-21","passed","2026-09-21","","Info. Checking the basic functions for the Money","application.Samples.Info.MoneyOnInfoTest","drillDown"
"The test sets the value in the field. After approval, by clicking on the save button, the popup window, the title, the text in it, and the buttons are validated","5257","Confirmation Popup Validation Test","","2026-09-21","passed","2026-09-21","","Form. Checking the basic functions for the Suggestion PickList in the widget Form","application.Samples.Form.SuggestionPickListOnFormTest","confirm"
"Filtering is not available for InfoWidget.","1","Filtering test","","2026-09-21","skipped","2026-09-21","","Info. Checking the basic functions for the FileUp","application.Samples.Info.FileUploadOnInfoTest","filtration"
"","2627","Digits test","","2026-09-21","passed","2026-09-21","","Info. Checking the basic functions for the Percent","application.Samples.Info.PercentOnInfoTest","digits"
"Filtering is not available for InfoWidget.","0","Filtering test","","2026-09-21","skipped","2026-09-21","","Info. Checking the basic functions for the MultiValue","application.Samples.Info.MultiValueOnInfoTest","filtration"
"Info Widget is always read-only","0","A test to check the field for ""Read-only""","","2026-09-21","skipped","2026-09-21","","Info. Checking the basic functions for the Number","application.Samples.Info.NumberOnInfoTest","readonly"
"Verify that all action will be displayed","5077","Check action with text","","2026-09-21","passed","2026-09-21","","Form. Checking action group with only text, only icon and mixed","application.Samples.Feature.actionIcon.ActionGroupTest","checkActionGroupOnlyText"
"The test sets the value in the field. After approval, by clicking on the save button, the popup window, the title, the text in it, and the buttons are validated","5698","Confirmation Popup Validation Test","","2026-09-21","passed","2026-09-21","","application.Samples.Form.PercentOnFormTest","application.Samples.Form.PercentOnFormTest","confirm"
"The cancel of the created row runs the onCancel action of the sample; the row is removed.","7989","Cancel-create with the onCancel action","","2026-09-21","passed","2026-09-21","","PickListPopup. Row actions inside the popup","application.Samples.Popup.PickListPopupRowActionsTest","createAndCancelOnCancel"
"The InfoWidget doesn't have a Placeholder..","0","Test for getting the Placeholder value","","2026-09-21","skipped","2026-09-21","","Info. Checking the basic functions for the MultiValue","application.Samples.Info.MultiValueOnInfoTest","placeholder"
"Filtering by the specified column.","5920","Filtering test","","2026-09-21","passed","2026-09-21","","application.Samples.List.RadioOnListTest","application.Samples.List.RadioOnListTest","filtration"
"The test gets the value from the style attribute in RGB format, and then converts it to Hex format","2658","A test to get the field color value in Hex format","","2026-09-21","passed","2026-09-21","","Form. Checking the basic functions for the DateTime in the widget Form","application.Samples.Form.DateTimeOnFormTest","color"
"","3155","position()","","2026-09-21","passed","2026-09-21","","List. Checking the basic functions for the MultipleSelect in the widget List","application.Samples.List.MultipleSelectOnListTest","position"
"The Hint field type is always read-only","0","A test to check the field for ""Read-only""","","2026-09-21","skipped","2026-09-21","","List. Checking the basic functions for the MultiValueHover in the widget List","application.Samples.List.MultiValueHoverOnListTest","readonly"
"The missing parents are requested and expanded; the row leaves the unallocated block","16907",">... restores the path: the row moves under its parent","","2026-09-21","passed","2026-09-21","","Tree. Search modes: collapse, hide, restoring the path of the found rows","application.Samples.Tree.TreeSearchModesTest","restorePathByButton"
"Checking the url before the transition and after the transition/click on a special element","3974","The DrillDown test","","2026-09-21","passed","2026-09-21","","List. Checking the basic functions for the Number in the widget List","application.Samples.List.NumberOnListTest","drillDown"
"A custom action with PostAction.refreshBc updates the record and reloads the whole tree: the expanded node is collapsed.","0","PostAction.refreshBc collapses the tree","","2026-09-21","skipped","2026-09-21","","Tree. Node refresh after custom actions","application.Samples.Tree.TreeNodeRefreshTest","refreshBcCollapsesTree"
"Filtering is not available for InfoWidget.","0","Filtering test","","2026-09-21","skipped","2026-09-21","","Info. Checking the basic functions for the Number","application.Samples.Info.NumberOnInfoTest","filtration"
"The test sets the value with the wrong data type in the field. After approval, it checks the text under the field, which informs about the correctness of the type of data entered.","10721","Required Message validation test for one field","","2026-09-21","passed","2026-09-21","","List. Checking the basic functions for the InlinePickList in the widget List","application.Samples.List.InlinePickListOnListTest","fieldLevelValidationAnnotation"
"","2557","position()","","2026-09-21","passed","2026-09-21","","application.Samples.List.RadioOnListTest","application.Samples.List.RadioOnListTest","position"
"The test sets the value in the field. After approval, the popup window, the title, the text in it, and the buttons are validated.","5624","Run-time exception validation test","","2026-09-21","passed","2026-09-21","","List. Checking the basic functions for the PickTree in the widget List","application.Samples.List.PickTreeOnListTest","runtimeException"
"The test checks the list of buttons","2592","Test getting all widget buttons","","2026-09-21","passed","2026-09-21","","Form. Checking the basic functions for the Input in the widget Form","application.Samples.Form.InputTest","getButtons"
"A mark is clicked twice, or Clear format is clicked, or the colour is set back to default: the text must come back plain.","3947","Formatting switched on and off again","","2026-09-21","passed","2026-09-21","","Form. RichText regression suite for the RichText in the widget Form","application.Samples.Form.RichTextOnFormTest","builtByClicking"
"The test gets the value from the placeholder attribute and returns it in String format","2454","Test for getting the Placeholder value","","2026-09-21","passed","2026-09-21","","Form. Checking the basic functions for the MultiValue in the widget Form","application.Samples.Form.MultiValueOnFormTest","placeholder"
"The InfoWidget doesn't have a Placeholder.","0","Test for getting the Placeholder value","","2026-09-21","skipped","2026-09-21","","Info. Checking the basic functions for the DateTime","application.Samples.Info.DateTimeOnInfoTest","placeholder"
"The test gets the value from the placeholder attribute and returns it in String format","2369","Test for getting the Placeholder value","","2026-09-21","passed","2026-09-21","","Form. Checking the basic functions for the Date in the widget Form","application.Samples.Form.DateOnFormTest","placeholder"
"","2603","position()","","2026-09-21","passed","2026-09-21","","Form. Checking the basic functions for the FileUpload in the widget Form","application.Samples.Form.FileUploadOnFormTest","position"
"Checking the url before the transition and after the transition/click on a special element","2798","The DrillDown test","","2026-09-21","passed","2026-09-21","","Form. Checking the basic functions for the FileUpload in the widget Form","application.Samples.Form.FileUploadOnFormTest","drillDown"
"The test gets the value from the style attribute in RGB format, and then converts it to Hex format","2344","A test to get the field color value in Hex format","","2026-09-21","passed","2026-09-21","","Form. Checking the basic functions for the Number in the widget Form","application.Samples.Form.NumberOnFormTest","color"
"The test sets the value in the field. After approval, by clicking on the save button, the popup window, the title, the text in it, and the buttons are validated","5504","Confirmation Popup Validation Test","","2026-09-21","passed","2026-09-21","","Form. Checking the basic functions for the PickTree in the widget Form","application.Samples.Form.PickTreeOnFormTest","confirm"
"The test clears the field and clicks the Save button. Then validates the message that the field is required","3988","Required Message text Verification field test","","2026-09-21","passed","2026-09-21","","application.Samples.Form.PercentOnFormTest","application.Samples.Form.PercentOnFormTest","required"
"DrillDown is not available for InfoWidget.","2864","The DrillDown test","","2026-09-21","passed","2026-09-21","","Info. Checking the basic functions for the Number","application.Samples.Info.NumberOnInfoTest","drillDown"
"The test gets the value from the style attribute in RGB format, and then converts it to Hex format","2717","A test to get the field color value in Hex format","","2026-09-21","passed","2026-09-21","","Info. Checking the basic functions for the PickList","application.Samples.Info.PickListOnInfoTest","color"
"The test sets a value with the wrong data type in several fields for different widgets. After approval, it checks the text under the field, which informs about the correctness of the type of data entered","4831","Required Message validation test for multiple fields","","2026-09-21","passed","2026-09-21","","Form. Checking the basic functions for the Dictionary in the widget Form","application.Samples.Form.DictionaryOnFormTest","fieldLevelValidation"
"","2579","position()","","2026-09-21","passed","2026-09-21","","Form. Checking the basic functions for the MultipleSelect in the widget Form","application.Samples.Form.MultipleSelectOnFormTest","position"
"The test sets the value in the field, and then checks the value in the field with what should be set","6211","A test for setting a value in a field","","2026-09-21","passed","2026-09-21","","Form. Checking the basic functions for the Money in the widget Form","application.Samples.Form.MoneyOnFormTest","edit"
"The test gets the value from the style attribute in RGB format, and then converts it to Hex format","2605","A test to get the field color value in Hex format","","2026-09-21","passed","2026-09-21","","Form. Checking the basic functions for the MultiValueTree in the widget Form","application.Samples.Form.MultiValueTreeOnFormTest","color"
"Checking the url before the transition and after the transition/click on a special element","0","The DrillDown test","","2026-09-21","skipped","2026-09-21","","Form. Checking the basic functions for the MultipleSelect in the widget Form","application.Samples.Form.MultipleSelectOnFormTest","drillDown"
"","2907","The test for getting the value from the field","","2026-09-21","passed","2026-09-21","","Info. Checking the basic functions for the FileUp","application.Samples.Info.FileUploadOnInfoTest","read"
"The test gets the value from the style attribute in RGB format, and then converts it to Hex format","2475","A test to get the field color value in Hex format","","2026-09-21","passed","2026-09-21","","Info. Checking the basic functions for the MultiValueTree","application.Samples.Info.MultiValueTreeOnInfoTest","color"
"The InfoWidget doesn't have a Placeholder.","2930","Test for getting the Placeholder value","","2026-09-21","passed","2026-09-21","","Info. Checking the basic functions for the Input","application.Samples.Info.InputTest","placeholder"
"","2697","position()","","2026-09-21","passed","2026-09-21","","Form. Checking the basic functions for the MultiValue in the widget Form","application.Samples.Form.MultiValueOnFormTest","position"
"","2417","position()","","2026-09-21","passed","2026-09-21","","Info. Checking the basic functions for the DateTimeWithSeconds","application.Samples.Info.DateTimeWithSecondsTest","position"
"The test sets the value in the field. After approval, the popup window, the title, the text in it, and the buttons are validated","2937","Run-time exception validation test","","2026-09-21","passed","2026-09-21","","Form. Checking the basic functions for the FileUpload in the widget Form","application.Samples.Form.FileUploadOnFormTest","runtimeException"
"The test sets the value in the field. After approval, the popup window, the title, the text in it, and the buttons are validated.","4551","Business Exception Validation Test","","2026-09-21","passed","2026-09-21","","application.Samples.List.RadioOnListTest","application.Samples.List.RadioOnListTest","businessException"
"Filtering is not available for the Form widget","0","Filtering test","","2026-09-21","skipped","2026-09-21","","Form. Checking the basic functions for the Number in the widget Form","application.Samples.Form.NumberOnFormTest","filtration"
"The test gets the value from the style attribute in RGB format, and then converts it to  Hex format","2963","A test to get the field color value in Hex format","","2026-09-21","passed","2026-09-21","","List. Checking the basic functions for the Number in the widget List","application.Samples.List.NumberOnListTest","color"
"The same lines over text with an emoji. An emoji is one character for the user but two for Java, so a mark next to it checks that positions are counted correctly.","21101","The same marks on text with an emoji","","2026-09-21","passed","2026-09-21","","Form. RichText regression suite for the RichText in the widget Form","application.Samples.Form.RichTextOnFormTest","markCombinationsOverEmoji"
"The test gets the value from the style attribute in RGB format, and then converts it to Hex format","2636","A test to get the field color value in Hex format","","2026-09-21","passed","2026-09-21","","Form. Checking the basic functions for the DateTimeWithSeconds in the widget Form","application.Samples.Form.DateTimeWithSecondsTest","color"
"The test gets the value from the style attribute in RGB format, and then converts it to Hex format","2752","A test to get the field color value in Hex format","","2026-09-21","passed","2026-09-21","","List. Checking the basic functions for the dateTimeWithSec in the widget List","application.Samples.List.DateTimeWithSecondsOnListTest","color"
"The test sets the value in the field. After approval, by clicking on the save button, the popup window, the title, the text in it, and the buttons are validated","3753","Confirmation Popup Validation Test","","2026-09-21","passed","2026-09-21","","Form. Checking the basic functions for the FileUpload in the widget Form","application.Samples.Form.FileUploadOnFormTest","confirm"
"Info Widget is always read-only","0","A test to check the field for ""Read-only""","","2026-09-21","skipped","2026-09-21","","Info. Checking the basic functions for the Percent","application.Samples.Info.PercentOnInfoTest","readonly"
"Sorting is not available for the Form widget","0","Sorting test","","2026-09-21","skipped","2026-09-21","","Form. Checking the basic functions for the Number in the widget Form","application.Samples.Form.NumberOnFormTest","sorting"
"The test clicks Save with the wrong values in several fields. After approval, it checks the text under the fields, which informs about the correctness of the type of data entered","4562","Required Message validation test for multiple fields","","2026-09-21","passed","2026-09-21","","Form. Checking the basic functions for the PickTree in the widget Form","application.Samples.Form.PickTreeOnFormTest","fieldLevelValidation"
"The test sets the value in the field, and then checks the value in the field with what should be set.","9328","A test for setting a value in a field","","2026-09-21","passed","2026-09-21","","application.Samples.List.TextOnListTest","application.Samples.List.TextOnListTest","edit"
"The test sets the value in the field. After approval, the popup window, the title, the text in it, and the buttons are validated","4556","Run-time exception validation test","","2026-09-21","passed","2026-09-21","","Form. Checking the basic functions for the PickTree in the widget Form","application.Samples.Form.PickTreeOnFormTest","runtimeException"
"The test checks for the disabled attribute.","2983","A test to check the field for ""Read-only""","","2026-09-21","passed","2026-09-21","","List. Checking the basic functions for the Dictionary in the widget List","application.Samples.List.DictionaryOnListTest","readonly"
"The test gets the value from the style attribute in RGB format, and then converts it to Hex format","2791","A test to get the field color value in Hex format","","2026-09-21","passed","2026-09-21","","application.Samples.Info.RadioOnInfoTest","application.Samples.Info.RadioOnInfoTest","color"
"","2549","position()","","2026-09-21","passed","2026-09-21","","Form. Checking the basic functions for the Hint in the widget Form","application.Samples.Form.HintOnFormTest","position"
"The test sets the value in the field. After approval, the popup window, the title, the text in it, and the buttons are validated","4480","Business Exception Validation Test","","2026-09-21","passed","2026-09-21","","Form. Checking the basic functions for the Money in the widget Form","application.Samples.Form.MoneyOnFormTest","businessException"
"The InfoWidget doesn't have a Placeholder.","0","Test for getting the Placeholder value","","2026-09-21","skipped","2026-09-21","","Info. Checking the basic functions for the Money","application.Samples.Info.MoneyOnInfoTest","placeholder"
"The same lines as the first test, but the text is ab(cd)ef*gh_ij: parentheses, a star and an underscore. These characters are markdown syntax, so a mark next to them must be escaped correctly. Many lines end with REFUSED: the toolbar does not allow a mark that starts or ends next to punctuation inside a word, because such markdown would not open again.","11914","The same marks on text made of markdown characters","","2026-09-21","passed","2026-09-21","","Form. RichText regression suite for the RichText in the widget Form","application.Samples.Form.RichTextOnFormTest","markCombinationsOverSyntax"
"The test gets the value from the placeholder attribute and returns it in String format","3762","Test for getting the Placeholder value","","2026-09-21","passed","2026-09-21","","List. Checking the basic functions for the Money in the widget List","application.Samples.List.MoneyOnListTest","placeholder"
"The test check icon's name from the drop-down list ","0","A test for checking the icon","","2026-09-21","skipped","2026-09-21","","List. Checking the basic functions for the Dictionary in the widget List","application.Samples.List.DictionaryOnListTest","icon"
"Test check max input at the field","6878","Max input test","","2026-09-21","passed","2026-09-21","","List. Checking the basic functions for the Input in the widget List","application.Samples.List.InputOnListTest","maxInput"
"The test gets the value from the placeholder attribute and returns it in String format","2794","Test for getting the Placeholder value","","2026-09-21","passed","2026-09-21","","Form. Checking the basic functions for the FileUpload in the widget Form","application.Samples.Form.FileUploadOnFormTest","placeholder"
"The test sets the value in the field. After approval, by clicking on the save button, the popup window, the title, the text in it, and the buttons are validated","14251","Confirmation Popup Validation Test","","2026-09-21","passed","2026-09-21","","Form. Checking the basic functions for the MultipleSelect in the widget Form","application.Samples.Form.MultipleSelectOnFormTest","confirm"
"The test gets the value in the field, and then checks the value in the field with what should be.","2711","A test for checking a value in a field","","2026-09-21","passed","2026-09-21","","List. Checking the basic functions for the CheckBox","application.Samples.List.CheckBoxOnListTest","read"
"Filtering is not available for the Form widget","0","Filtering test","","2026-09-21","skipped","2026-09-21","","Form. Checking the basic functions for the MultiValue in the widget Form","application.Samples.Form.MultiValueOnFormTest","filtration"
"The test sets the value in the field, and then checks the value in the field with what should be set.","8485","A test for setting a value in a field","","2026-09-21","passed","2026-09-21","","application.Samples.List.RadioOnListTest","application.Samples.List.RadioOnListTest","edit"
"Sorting is not available for InfoWidget.","0","Sorting test","","2026-09-21","skipped","2026-09-21","","Info. Checking the basic functions for the Number","application.Samples.Info.NumberOnInfoTest","sorting"
"The title is built from the field of the parent record: customFieldPick: ${customFieldPick}","3662","Calculated title of the popup","","2026-09-21","passed","2026-09-21","","PickListPopup. Basics and title","application.Samples.Popup.PickListPopupTest","calculatedTitle"
"The test sets the value in the field. After approval, by clicking on the save button, the popup window, the title, the text in it, and the buttons are validated.","6809","Confirmation Popup Validation Test","","2026-09-21","passed","2026-09-21","","List. Checking the basic functions for the FileUpload in the widget List","application.Samples.List.FileUploadOnListTest","confirm"
"Checking the url before the transition and after the transition/click on a special element","3344","The DrillDown test","","2026-09-21","passed","2026-09-21","","List. Checking the basic functions for the DateTime in the widget List","application.Samples.List.DateTimeOnListTest","drillDown"
"The test checks for the disabled attribute","2875","A test to check the field for ""Read-only""","","2026-09-21","passed","2026-09-21","","application.Samples.Form.RadioOnFormTest","application.Samples.Form.RadioOnFormTest","readonly"
"The test sets the value in the field. After approval, by clicking on the save button, the popup window, the title, the text in it, and the buttons are validated","11610","Confirmation Popup Validation Test","","2026-09-21","passed","2026-09-21","","Form. Checking the basic functions for the Date in the widget Form","application.Samples.Form.DateOnFormTest","confirm"
"The test gets the value from the style attribute in RGB format, and then converts it to Hex format","2894","A test to get the field color value in Hex format","","2026-09-21","passed","2026-09-21","","List. Checking the basic functions for the MultiValueTree in the widget List","application.Samples.List.MultiValueTreeOnListTest","color"
"","1463","test_1()","","2026-09-21","passed","2026-09-21","","List. Checking the basic functions for the PickList in the widget List","application.Samples.List.PickListOnListTest","test_1"
"Filtering by the specified column.","7066","Filtering test","","2026-09-21","passed","2026-09-21","","List. Checking the basic functions for the DateTime in the widget List","application.Samples.List.DateTimeOnListTest","filtration"
"The test sets the value in the field. After approval, the popup window, the title, the text in it, and the buttons are validated.","4004","Run-time exception validation test","","2026-09-21","passed","2026-09-21","","List. Checking the basic functions for the dateTimeWithSec in the widget List","application.Samples.List.DateTimeWithSecondsOnListTest","runtimeException"
"","3490","The test for getting the value from the field","","2026-09-21","passed","2026-09-21","","Info. Checking the basic functions for the Money","application.Samples.Info.MoneyOnInfoTest","read"
"The test gets the value from the style attribute in RGB format, and then converts it to Hex format","3014","A test to get the field color value in Hex format","","2026-09-21","passed","2026-09-21","","List. Checking the basic functions for the Input in the widget List","application.Samples.List.InputOnListTest","color"
"The test sets the value in the field, and then checks the value in the field with what should be set.","8774","A test for setting a value in a field","","2026-09-21","passed","2026-09-21","","List. Checking the basic functions for the Money in the widget List","application.Samples.List.MoneyOnListTest","edit"
"Info Widget is always read-only","0","A test to check the field for ""Read-only""","","2026-09-21","skipped","2026-09-21","","Info. Checking the basic functions for the FileUp","application.Samples.Info.FileUploadOnInfoTest","readonly"
"Info widgets are always read-only","0","A test to check the field for ""Read-only""","","2026-09-21","skipped","2026-09-21","","Info. Checking the basic functions for the Time","application.Samples.Info.TimeOnInfoTest","readonly"
"The test gets the value from the placeholder attribute and returns it in String format","2909","Test for getting the Placeholder value","","2026-09-21","passed","2026-09-21","","application.Samples.List.SuggestionPickListOnListTest","application.Samples.List.SuggestionPickListOnListTest","placeholder"
"Default search mode; every shown row matches the filter, no row gets the disabled dot","14456","collapse: only the found rows are shown, the panel counts them, the arrows stay active","","2026-09-21","passed","2026-09-21","","Tree. Search modes: collapse, hide, restoring the path of the found rows","application.Samples.Tree.TreeSearchModesTest","collapseMode"
"","2520","position()","","2026-09-21","passed","2026-09-21","","Form. Checking the basic functions for the DateTimeWithSeconds in the widget Form","application.Samples.Form.DateTimeWithSecondsTest","position"
"The test sets the value in the field via Popup using a unique id, and then checks the value in the field with what needs to be set.","7899","A test for setting a value in a field","","2026-09-21","passed","2026-09-21","","application.Samples.List.SuggestionPickListOnListTest","application.Samples.List.SuggestionPickListOnListTest","edit"
"","2189","position()","","2026-09-21","passed","2026-09-21","","List. Checking the basic functions for the DateTime in the widget List","application.Samples.List.DateTimeOnListTest","position"
"The test gets the value from the style attribute in RGB format, and then converts it to Hex format","2152","A test to get the field color value in Hex format","","2026-09-21","passed","2026-09-21","","Form. Checking the basic functions for the FileUpload in the widget Form","application.Samples.Form.FileUploadOnFormTest","color"
"The test sets a value with the wrong data type in several fields for different widgets. After approval, it checks the text under the field, which informs about the correctness of the type of data entered","6659","Required Message validation test for multiple fields","","2026-09-21","passed","2026-09-21","","Form. Checking the basic functions for the Money in the widget Form","application.Samples.Form.MoneyOnFormTest","fieldLevelValidation"
"The test checks for the disabled attribute","2482","A test to check the field for ""Read-only""","","2026-09-21","passed","2026-09-21","","application.Samples.Form.PercentOnFormTest","application.Samples.Form.PercentOnFormTest","readonly"
"The pages accumulate: after More the previously loaded rows stay on the screen","6293","More loads the next page of the root rows and keeps the loaded ones","","2026-09-21","passed","2026-09-21","","Tree. Lazy load: roots, expand, More per node, sorting","application.Samples.Tree.TreeLazyLoadTest","rootMoreAccumulates"
"The test sets the value with the wrong data type in the field. After approval, it checks the text under the field, which informs about the correctness of the type of data entered","4585","Required Message validation test for one field","","2026-09-21","passed","2026-09-21","","Form. Checking the basic functions for the Input in the widget Form","application.Samples.Form.InputTest","fieldLevelValidationAnnotation"
"Sorting is not available for InfoWidget.","0","Sorting test","","2026-09-21","skipped","2026-09-21","","Info. Checking the basic functions for the Percent","application.Samples.Info.PercentOnInfoTest","sorting"
"Loading a page of one node does not change the neighbouring node","47879","Every node has its own More","","2026-09-21","passed","2026-09-21","","Tree. Lazy load: roots, expand, More per node, sorting","application.Samples.Tree.TreeLazyLoadTest","morePerNode"
"The InfoWidget doesn't have a Placeholder.","0","Test for getting the Placeholder value","","2026-09-21","skipped","2026-09-21","","Info. Checking the basic functions for the FileUp","application.Samples.Info.FileUploadOnInfoTest","placeholder"
"","2536","position()","","2026-09-21","passed","2026-09-21","","application.Samples.List.TextOnListTest","application.Samples.List.TextOnListTest","position"
"Sorting by the specified column.","13063","Sorting test","","2026-09-21","passed","2026-09-21","","List. Checking the basic functions for the FileUpload in the widget List","application.Samples.List.FileUploadOnListTest","sorting"
"The test sets a value with the wrong data type in several fields for different widgets. After approval, it checks the text under the field, which informs about the correctness of the type of data entered","15497","Required Message validation test for multiple fields","","2026-09-21","passed","2026-09-21","","List. Checking the basic functions for the Date in the widget List","application.Samples.List.DateOnListTest","fieldLevelValidation"
"The test clears the field and clicks the Save button. Then validates the message that the field is required.","8917","Required Message text Verification field test","","2026-09-21","passed","2026-09-21","","List. Checking the basic functions for the InlinePickList in the widget List","application.Samples.List.InlinePickListOnListTest","required"
"The test sets the value with the wrong data type in the field. After approval, it checks the text under the field, which informs about the correctness of the type of data entered.","3416","Required Message validation test for one field","","2026-09-21","passed","2026-09-21","","Form. Checking the basic functions for the MultiValueTree in the widget Form","application.Samples.Form.MultiValueTreeOnFormTest","fieldLevelValidationAnnotation"
"The test gets the value from the style attribute in RGB format, and then converts it to Hex format","2817","A test to get the field color value in Hex format","","2026-09-21","passed","2026-09-21","","application.Samples.List.TextOnListTest","application.Samples.List.TextOnListTest","color"
"","2730","position()","","2026-09-21","passed","2026-09-21","","Info. Checking the basic functions for the MultiplySelect","application.Samples.Info.MultipleSelectOnInfoTest","position"
"","2724","position()","","2026-09-21","passed","2026-09-21","","Info. Checking the basic functions for the MultiValueTree","application.Samples.Info.MultiValueTreeOnInfoTest","position"
"The test gets the value from the style attribute in RGB format, and then converts it to Hex format","2851","A test to get the field color value in Hex format","","2026-09-21","passed","2026-09-21","","application.Samples.Info.TextOnInfoTest","application.Samples.Info.TextOnInfoTest","color"
"Filtering is not available for the Form widget","0","Filtering test","","2026-09-21","skipped","2026-09-21","","Form. Checking the basic functions for the Money in the widget Form","application.Samples.Form.MoneyOnFormTest","filtration"
"The test sets the value in the field, and then checks the value in the field with what should be set.","4980","A test for setting a value in a field","","2026-09-21","passed","2026-09-21","","List. Checking the basic functions for the FileUpload in the widget List","application.Samples.List.FileUploadOnListTest","edit"
"The test gets the value from the placeholder attribute and returns it in String format","3014","Test for getting the Placeholder value","","2026-09-21","passed","2026-09-21","","application.Samples.List.TextOnListTest","application.Samples.List.TextOnListTest","placeholder"
"The test checks for the disabled attribute","2772","A test to check the field for ""Read-only""","","2026-09-21","passed","2026-09-21","","Form. Checking the basic functions for the Money in the widget Form","application.Samples.Form.MoneyOnFormTest","readonly"
"","4485","The popup opens from the multivalueTree field of a list and of a form","","2026-09-21","passed","2026-09-21","","AssocTreePopup. Basics, action button, title, color, lazy load, search modes","application.Samples.Tree.AssocTreePopupTest","basics"
"The test checks for the disabled attribute","2668","A test to check the field for ""Read-only""","","2026-09-21","passed","2026-09-21","","Form. Checking the basic functions for the CheckBox","application.Samples.Form.CheckBoxOnFormTest","readonly"
"Filtering is not available for InfoWidget.","0","Filtering test","","2026-09-21","skipped","2026-09-21","","Info. Checking the basic functions for the Percent","application.Samples.Info.PercentOnInfoTest","filtration"
"The test sets a value with the wrong data type in several fields for different widgets. After approval, it checks the text under the field, which informs about the correctness of the type of data entered","7592","Required Message validation test for multiple fields","","2026-09-21","passed","2026-09-21","","List. Checking the basic functions for the Dictionary in the widget List","application.Samples.List.DictionaryOnListTest","fieldLevelValidation"
"The test gets the value from the placeholder attribute and returns it in String format","2121","Test for getting the Placeholder value","","2026-09-21","passed","2026-09-21","","Form. Checking the basic functions for the Number in the widget Form","application.Samples.Form.NumberOnFormTest","placeholder"
"The test gets the value from the style attribute in RGB format, and then converts it to Hex format","3327","A test to get the field color value in Hex format","","2026-09-21","passed","2026-09-21","","List. Checking the basic functions for the FileUpload in the widget List","application.Samples.List.FileUploadOnListTest","color"
"The test sets the value in the field. After approval, the popup window, the title, the text in it, and the buttons are validated","3745","Business Exception Validation Test","","2026-09-21","passed","2026-09-21","","application.Samples.Form.PercentOnFormTest","application.Samples.Form.PercentOnFormTest","businessException"
"Filtering is not available for InfoWidget.","0","Filtering test","","2026-09-21","skipped","2026-09-21","","application.Samples.Info.RadioOnInfoTest","application.Samples.Info.RadioOnInfoTest","filtration"
"Getting a Placeholder is not available","0","Test for getting the Placeholder value","","2026-09-21","skipped","2026-09-21","","List. Checking the basic functions for the MultiValueHover in the widget List","application.Samples.List.MultiValueHoverOnListTest","placeholder"
"The test gets the value from the style attribute in RGB format, and then converts it to Hex format","2936","A test to get the field color value in Hex format","","2026-09-21","passed","2026-09-21","","List. Checking the basic functions for the CheckBox","application.Samples.List.CheckBoxOnListTest","color"
"The test clears the field and clicks the Save button. Then validates the message that the field is required.","7431","Required Message text Verification field test","","2026-09-21","passed","2026-09-21","","List. Checking the basic functions for the Money in the widget List","application.Samples.List.MoneyOnListTest","required"
"The test gets the value from the placeholder attribute and returns it in String format","2065","Test for getting the Placeholder value","","2026-09-21","passed","2026-09-21","","Form. Checking the basic functions for the Dictionary in the widget Form","application.Samples.Form.DictionaryOnFormTest","placeholder"
"The test gets the value from the placeholder attribute and returns it in String format","2713","Test for getting the Placeholder value","","2026-09-21","passed","2026-09-21","","application.Samples.Form.PercentOnFormTest","application.Samples.Form.PercentOnFormTest","placeholder"
"Checking the url before the transition and after the transition/click on a special element","2867","The DrillDown test","","2026-09-21","passed","2026-09-21","","List. Checking the basic functions for the Input in the widget List","application.Samples.List.InputOnListTest","drillDown"
"The test gets the value from the placeholder attribute and returns it in String format","2580","Test for getting the Placeholder value","","2026-09-21","passed","2026-09-21","","Form. Checking the basic functions for the Suggestion PickList in the widget Form","application.Samples.Form.SuggestionPickListOnFormTest","placeholder"
"Filtering by the specified column.","4600","Filtering test","","2026-09-21","passed","2026-09-21","","List. Checking the basic functions for the CheckBox","application.Samples.List.CheckBoxOnListTest","filtration"
"The transition/Redirect is not available","0","The DrillDown test","","2026-09-21","skipped","2026-09-21","","List. Checking the basic functions for the Hint in the widget List","application.Samples.List.HintOnListTest","drillDown"
"","2711","position()","","2026-09-21","passed","2026-09-21","","Form. Checking the basic functions for the Date in the widget Form","application.Samples.Form.DateOnFormTest","position"
"The test sets the value in the field. After approval, by clicking on the save button, the popup window, the title, the text in it, and the buttons are validated.","6264","Confirmation Popup Validation Test","","2026-09-21","passed","2026-09-21","","List. Checking the basic functions for the PickList in the widget List","application.Samples.List.PickListOnListTest","confirm"
"The test checks for the disabled attribute","2592","A test to check the field for ""Read-only""","","2026-09-21","passed","2026-09-21","","Form. Checking the basic functions for the Date in the widget Form","application.Samples.Form.DateOnFormTest","readonly"
"Add opens the row form inside the tree; the form is filled and saved, the new root row shows the value.","14891","Create inline-form","","2026-09-21","passed","2026-09-21","","Tree. Standard actions: create and edit (inline, inline-form, with view)","application.Samples.Tree.TreeActionsTest","createInlineForm"
"The test sets the value in the field, and then checks the value in the field with what should be set.","28458","A test for setting a value in a field","","2026-09-21","passed","2026-09-21","","Form. Checking the basic functions for the MultiValue in the widget Form","application.Samples.Form.MultiValueOnFormTest","edit"
"The test sets the value in the field. After approval, the popup window, the title, the text in it, and the buttons are validated.","6197","Business Exception Validation Test","","2026-09-21","passed","2026-09-21","","List. Checking the basic functions for the Number in the widget List","application.Samples.List.NumberOnListTest","businessException"
"The test gets the value in the field, and then checks the value in the field with what should be.","0","A test for checking a value in a field","","2026-09-21","skipped","2026-09-21","","List. Checking the basic functions for the MultiValueTree in the widget List","application.Samples.List.MultiValueTreeOnListTest","read"
"The test gets the value from the style attribute in RGB format, and then converts it to Hex format","3330","A test to get the field color value in Hex format","","2026-09-21","passed","2026-09-21","","List. Checking the basic functions for the Money in the widget List","application.Samples.List.MoneyOnListTest","color"
"The test gets the value in the field, and then checks the value in the field with what should be.","2775","A test for checking a value in a field","","2026-09-21","passed","2026-09-21","","List. Checking the basic functions for the PickList in the widget List","application.Samples.List.PickListOnListTest","read"
"","2811","position()","","2026-09-21","passed","2026-09-21","","Form. Checking the basic functions for the Money in the widget Form","application.Samples.Form.MoneyOnFormTest","position"
"The test sets a value with the wrong data type in several fields for different widgets. After approval, it checks the text under the field, which informs about the correctness of the type of data entered","12518","Required Message validation test for multiple fields","","2026-09-21","passed","2026-09-21","","List. Checking the basic functions for the Number in the widget List","application.Samples.List.NumberOnListTest","fieldLevelValidation"
"The test checks the list of options that the method returns, with the expected result","14035","Test to get a list of options","","2026-09-21","passed","2026-09-21","","Form. Checking the basic functions for the MultipleSelect in the widget Form","application.Samples.Form.MultipleSelectOnFormTest","getListOptions"
"The test clears the field and clicks the Save button. Then validates the message that the field is required","3369","Required Message text Verification field test","","2026-09-21","passed","2026-09-21","","application.Samples.Form.RadioOnFormTest","application.Samples.Form.RadioOnFormTest","required"
"Checking the url before the transition and after the transition/click on a special element","2880","The DrillDown test","","2026-09-21","passed","2026-09-21","","Form. Checking the basic functions for the DateTimeWithSeconds in the widget Form","application.Samples.Form.DateTimeWithSecondsTest","drillDown"
"Filtering by the specified column.","9421","Filtering test","","2026-09-21","passed","2026-09-21","","List. Checking the basic functions for the Date in the widget List","application.Samples.List.DateOnListTest","filtration"
"The test checks for the disabled attribute.","3629","A test to check the field for ""Read-only""","","2026-09-21","passed","2026-09-21","","application.Samples.List.RadioOnListTest","application.Samples.List.RadioOnListTest","readonly"
"The test checks for the disabled attribute","2099","A test to check the field for ""Read-only""","","2026-09-21","passed","2026-09-21","","application.Samples.Form.TimeOnFormTest","application.Samples.Form.TimeOnFormTest","readonly"
"Info Widget is always read-only","2961","A test to check the field for ""Read-only""","","2026-09-21","passed","2026-09-21","","Info. Checking the basic functions for the DateTimeWithSeconds","application.Samples.Info.DateTimeWithSecondsTest","readonly"
"The test checks for the disabled attribute.","2614","A test to check the field for ""Read-only""","","2026-09-21","passed","2026-09-21","","Form. Checking the basic functions for the MultiValueTree in the widget Form","application.Samples.Form.MultiValueTreeOnFormTest","readonly"
"The test sets a value with the wrong data type in several fields for different widgets. After approval, it checks the text under the field, which informs about the correctness of the type of data entered","8216","Required Message validation test for multiple fields","","2026-09-21","passed","2026-09-21","","List. Checking the basic functions for the MultipleSelect in the widget List","application.Samples.List.MultipleSelectOnListTest","fieldLevelValidation"
"The test sets the value in the field. After approval, the popup window, the title, the text in it, and the buttons are validated.","7018","Business Exception Validation Test","","2026-09-21","passed","2026-09-21","","List. Checking the basic functions for the dateTimeWithSec in the widget List","application.Samples.List.DateTimeWithSecondsOnListTest","businessException"
"The test opens a modal window, clears the field, closes the window, and then checks the message under the field.","8118","Required Message text Verification field test","","2026-09-21","passed","2026-09-21","","List. Checking the basic functions for the MultiValue in the widget List","application.Samples.List.MultiValueOnListTest","required_2"
"The test sets the value in the field. After approval, by clicking on the save button, the popup window, the title, the text in it, and the buttons are validated.","6697","Confirmation Popup Validation Test","","2026-09-21","passed","2026-09-21","","List. Checking the basic functions for the Number in the widget List","application.Samples.List.NumberOnListTest","confirm"
"The text has a line break inside one paragraph. A mark that spans the break must be closed before the break and opened again after it in the stored markdown, and the value must open again unchanged.","4821","Marks across a line break (Shift+Enter)","","2026-09-21","passed","2026-09-21","","Form. RichText regression suite for the RichText in the widget Form","application.Samples.Form.RichTextOnFormTest","lineBreaks"
"Filtering is not available for InfoWidget.","0","Filtering test","","2026-09-21","skipped","2026-09-21","","Info. Checking the basic functions for the Dictionary","application.Samples.Info.DictionaryOnInfoTest","filtration"
"Sorting by the specified column.","8978","Sorting test","","2026-09-21","passed","2026-09-21","","List. Checking the basic functions for the Dictionary in the widget List","application.Samples.List.DictionaryOnListTest","sorting"
"The test gets the value from the style attribute in RGB format, and then converts it to Hex format","2570","A test to get the field color value in Hex format","","2026-09-21","passed","2026-09-21","","application.Samples.Form.TimeOnFormTest","application.Samples.Form.TimeOnFormTest","color"
"The test clear the value in the field , and then checks the value in the field, it must be null.","16815","A test for checking the possibility of an empty field","","2026-09-21","passed","2026-09-21","","List. Checking the basic functions for the Money in the widget List","application.Samples.List.MoneyOnListTest","nullable"
"","4480","Colored rows of the popup","","2026-09-21","passed","2026-09-21","","AssocTreePopup. Basics, action button, title, color, lazy load, search modes","application.Samples.Tree.AssocTreePopupTest","color"
"The pencil of the popup row opens its form (options.edit.widget); the changed value is saved and shown.","19098","PickTreePopup: edit inline-form","","2026-09-21","passed","2026-09-21","","PickTreePopup, AssocTreePopup. Row actions inside the popup","application.Samples.Tree.PopupRowActionsTest","pickEditInlineForm"
"The test sets the value in the field. After approval, by clicking on the save button, the popup window, the title, the text in it, and the buttons are validated","5493","Confirmation Popup Validation Test","","2026-09-21","passed","2026-09-21","","Form. Checking the basic functions for the InlinePickList in the widget Form","application.Samples.Form.InlinePickListOnFormTest","confirm"
"The test checks the value in the field with what should be set","3867","A test to read value","","2026-09-21","passed","2026-09-21","","Info. Checking the basic functions for the Time","application.Samples.Info.TimeOnInfoTest","read3"
"The method returns Option-Status pairs, for all. The test checks each pair.","11007","Test to check the status of all options","","2026-09-21","passed","2026-09-21","","List. Checking the basic functions for the MultipleSelect in the widget List","application.Samples.List.MultipleSelectOnListTest","statusOptions"
"Sorting by the specified column.","0","Sorting test","","2026-09-21","skipped","2026-09-21","","List. Checking the basic functions for the CheckBox","application.Samples.List.CheckBoxOnListTest","sorting"
"The test sets the value with the wrong data type in the field. After approval, it checks the text under the field, which informs about the correctness of the type of data entered.","5553","Required Message validation test for one field","","2026-09-21","passed","2026-09-21","","List. Checking the basic functions for the MultiValue in the widget List","application.Samples.List.MultiValueOnListTest","fieldLevelValidationAnnotation"
"The test sets a value with the wrong data type in several fields for different widgets. After approval, it checks the text under the field, which informs about the correctness of the type of data entered","6460","Required Message validation test for multiple fields","","2026-09-21","passed","2026-09-21","","application.Samples.Form.PercentOnFormTest","application.Samples.Form.PercentOnFormTest","fieldLevelValidation"
"The test sets the value with the wrong data type in the field. After approval, it checks the text under the field, which informs about the correctness of the type of data entered.","10377","Required Message validation test for one field","","2026-09-21","passed","2026-09-21","","List. Checking the basic functions for the Date in the widget List","application.Samples.List.DateOnListTest","fieldLevelValidationAnnotation"
"Checking the url before the transition and after the transition/click on a special element","0","The DrillDown test","","2026-09-21","skipped","2026-09-21","","application.Samples.Form.PercentOnFormTest","application.Samples.Form.PercentOnFormTest","drillDown"
"","2196","A test to check the options of the drop-down list","","2026-09-21","passed","2026-09-21","","Form. Checking the basic functions for the Dictionary in the widget Form","application.Samples.Form.DictionaryOnFormTest","options"
"Filtering is not available for InfoWidget.","0","Filtering test","","2026-09-21","skipped","2026-09-21","","Info. Checking the basic functions for the PickTree","application.Samples.Info.PickTreeOnInfoTest","filtration"
"The test sets the value in the field. After approval, by clicking on the save button, the popup window, the title, the text in it, and the buttons are validated","8561","Confirmation Popup Validation Test","","2026-09-21","passed","2026-09-21","","Form. Checking the basic functions for the Text in the widget Form","application.Samples.Form.TextOnFormTest","confirm"
"The test sets the value in the field. After approval, by clicking on the save button, the popup window, the title, the text in it, and the buttons are validated.","8956","Confirmation Popup Validation Test","","2026-09-21","passed","2026-09-21","","List. Checking the basic functions for the DateTime in the widget List","application.Samples.List.DateTimeOnListTest","confirm"
"The test sets a value with the wrong data type in several fields for different widgets. After approval, it checks the text under the field, which informs about the correctness of the type of data entered","7733","Required Message validation test for multiple fields","","2026-09-21","passed","2026-09-21","","List. Checking the basic functions for the MultiValueTree in the widget List","application.Samples.List.MultiValueTreeOnListTest","fieldLevelValidation"
"The test gets the value from the style attribute in RGB format, and then converts it to Hex format","2729","A test to get the field color value in Hex format","","2026-09-21","passed","2026-09-21","","Form. Checking the basic functions for the InlinePickList in the widget Form","application.Samples.Form.InlinePickListOnFormTest","color"
"A node is expanded on demand; the full text search shows the found rows, the hide mode replaces the arrows by the dot","16495","Lazy load and the search modes of the popup","","2026-09-21","passed","2026-09-21","","PickTreePopup. Title, color, lazy load, search modes, selection","application.Samples.Tree.PickTreePopupTest","lazyLoadAndSearch"
"The InfoWidget doesn't have a Placeholder.","2822","Test for getting the Placeholder value","","2026-09-21","passed","2026-09-21","","Info. New Api.  Checking the basic functions for the CheckBox","application.Samples.Info.CheckboxTest","placeholder"
"The test clears the field and clicks the Save button. Then validates the message that the field is required.","8178","Required Message text Verification field test","","2026-09-21","passed","2026-09-21","","application.Samples.List.TextOnListTest","application.Samples.List.TextOnListTest","required"
"","2933","The test for getting the value from the field","","2026-09-21","passed","2026-09-21","","application.Samples.Info.TextOnInfoTest","application.Samples.Info.TextOnInfoTest","read"
"The test sets the value with the wrong data type in the field. After approval, it checks the text under the field, which informs about the correctness of the type of data entered.","9557","Required Message validation test for one field","","2026-09-21","passed","2026-09-21","","List. Checking the basic functions for the MultipleSelect in the widget List","application.Samples.List.MultipleSelectOnListTest","fieldLevelValidationAnnotation"
"The test sets the value, after which the method returns the full list of value-status","6754","Test to get all values with the status","","2026-09-21","passed","2026-09-21","","application.Samples.List.RadioOnListTest","application.Samples.List.RadioOnListTest","getValues"
"Filtering is not available for the Form widget","0","Filtering test","","2026-09-21","skipped","2026-09-21","","application.Samples.Form.TimeOnFormTest","application.Samples.Form.TimeOnFormTest","filtration"
"The test sets the value in the field. After approval, by clicking on the save button, the popup window, the title, the text in it, and the buttons are validated","10952","Confirmation Popup Validation Test","","2026-09-21","passed","2026-09-21","","Form. Checking the basic functions for the DateTimeWithSeconds in the widget Form","application.Samples.Form.DateTimeWithSecondsTest","confirm"
"The test sets a value with the wrong data type in several fields for different widgets. After approval, it checks the text under the field, which informs about the correctness of the type of data entered","13641","Required Message validation test for multiple fields","","2026-09-21","passed","2026-09-21","","List. Checking the basic functions for the CheckBox","application.Samples.List.CheckBoxOnListTest","fieldLevelValidation"
"Checking the url before the transition and after the transition/click on a special element","1691","The DrillDown test","","2026-09-21","passed","2026-09-21","","Form. Checking the basic functions for the Dictionary in the widget Form","application.Samples.Form.DictionaryOnFormTest","drillDown"
"The test sets a value with the wrong data type in several fields for different widgets. After approval, it checks the text under the field, which informs about the correctness of the type of data entered","10755","Required Message validation test for multiple fields","","2026-09-21","passed","2026-09-21","","Form. Checking the basic functions for the DateTime in the widget Form","application.Samples.Form.DateTimeOnFormTest","fieldLevelValidation"
"The test gets the value from the placeholder attribute and returns it in String format","2930","Test for getting the Placeholder value","","2026-09-21","passed","2026-09-21","","List. Checking the basic functions for the Number in the widget List","application.Samples.List.NumberOnListTest","placeholder"
"Verify that when the value of a field with forceActive is changed, the fields associated with it are populated.","6687","Set Force Active","","2026-09-21","passed","2026-09-21","","List. Checking the basic functions for the PickList in the widget List","application.Samples.Feature.ForceActive.ForceActiveTest","setForceActive"
"The test sets the value in the field. After approval, the popup window, the title, the text in it, and the buttons are validated","5086","Business Exception Validation Test","","2026-09-21","passed","2026-09-21","","Form. Checking the basic functions for the Date in the widget Form","application.Samples.Form.DateOnFormTest","businessException"
"Sorting by the specified column.","1","Sorting test","","2026-09-21","skipped","2026-09-21","","application.Samples.List.SuggestionPickListOnListTest","application.Samples.List.SuggestionPickListOnListTest","sorting"
"The test sets the value with the wrong data type in the field. After approval, it checks the text under the field, which informs about the correctness of the type of data entered.","8470","Required Message validation test for one field","","2026-09-21","passed","2026-09-21","","List. Checking the basic functions for the PickTree in the widget List","application.Samples.List.PickTreeOnListTest","fieldLevelValidationAnnotation"
"The InfoWidget doesn't have a Placeholder.","0","Test for getting the Placeholder value","","2026-09-21","skipped","2026-09-21","","Info. Checking the basic functions for the Dictionary","application.Samples.Info.DictionaryOnInfoTest","placeholder"
"","6849","More of a node in the nextAndPreviousSmart mode","","2026-09-21","passed","2026-09-21","","Tree. Lazy load: roots, expand, More per node, sorting","application.Samples.Tree.TreeLazyLoadTest","nodeMoreSmart"
"The test sets the value in the field. After approval, the popup window, the title, the text in it, and the buttons are validated.","4994","Business Exception Validation Test","","2026-09-21","passed","2026-09-21","","List. Checking the basic functions for the Input in the widget List","application.Samples.List.InputOnListTest","businessException"
"Sorting is not available for the Form widget","0","Sorting test","","2026-09-21","skipped","2026-09-21","","Form. Checking the basic functions for the MultiValueTree in the widget Form","application.Samples.Form.MultiValueTreeOnFormTest","sorting"
"The test clears the field and clicks the Save button. Then validates the message that the field is required.","4598","Required Message text Verification field test","","2026-09-21","passed","2026-09-21","","List. Checking the basic functions for the CheckBox","application.Samples.List.CheckBoxOnListTest","required"
"Filtering is not available for InfoWidget.","0","Filtering test","","2026-09-21","skipped","2026-09-21","","Info. Checking the basic functions for the Money","application.Samples.Info.MoneyOnInfoTest","filtration"
"The test sets the value with the wrong data type in the field. After approval, it checks the text under the field, which informs about the correctness of the type of data entered","7706","Required Message validation test for one field","","2026-09-21","passed","2026-09-21","","Form. Checking the basic functions for the Date in the widget Form","application.Samples.Form.DateOnFormTest","fieldLevelValidationAnnotation"
"","2080","position()","","2026-09-21","passed","2026-09-21","","List. Checking the basic functions for the PickList in the widget List","application.Samples.List.PickListOnListTest","position"
"The test clears the field and clicks the Save button. Then validates the message that the field is required","3403","Required Message text Verification field test","","2026-09-21","passed","2026-09-21","","application.Samples.Form.TimeOnFormTest","application.Samples.Form.TimeOnFormTest","required"
"The test sets the value in the field. After approval, the popup window, the title, the text in it, and the buttons are validated.","4776","Business Exception Validation Test","","2026-09-21","passed","2026-09-21","","Form. Checking the basic functions for the MultiValueTree in the widget Form","application.Samples.Form.MultiValueTreeOnFormTest","businessException"
"","2847","position()","","2026-09-21","passed","2026-09-21","","Info. Checking the basic functions for the Time","application.Samples.Info.TimeOnInfoTest","position"
"","4871","Constant title of the popup and a popup without a title","","2026-09-21","passed","2026-09-21","","AssocTreePopup. Basics, action button, title, color, lazy load, search modes","application.Samples.Tree.AssocTreePopupTest","title"
"The test sets the value in the field, and then checks the value in the field with what should be set.","6492","A test for setting a value in a field","","2026-09-21","passed","2026-09-21","","List. Checking the basic functions for the Number in the widget List","application.Samples.List.NumberOnListTest","edit"
"A test to get the value from the field. Hint is always read-only, so it is impossible to set the value.","0","A test to check the value in a field","","2026-09-21","skipped","2026-09-21","","List. Checking the basic functions for the Hint in the widget List","application.Samples.List.HintOnListTest","edit"
"The test sets a value with the wrong data type in several fields for different widgets. After approval, it checks the text under the field, which informs about the correctness of the type of data entered","5457","Required Message validation test for multiple fields","","2026-09-21","passed","2026-09-21","","application.Samples.Form.RadioOnFormTest","application.Samples.Form.RadioOnFormTest","fieldLevelValidation"
"The test delete a field in the admin panel","1226","Test for deleting admin value","","2026-09-21","passed","2026-09-21","","Checking the basic functions for the Dictionary administration panel","application.Samples.DictionaryAdministrationTest","delete"
"The test sets the value in the field via Popup using a unique id, and then checks the value in the field with what needs to be set","2651","A test for setting a value in a field","","2026-09-21","passed","2026-09-21","","Form. Checking the basic functions for the PickList in the widget Form","application.Samples.Form.PickListOnFormTest","read"
"The test clears the field and clicks the Save button. Then validates the message that the field is required.","6706","Required Message text Verification field test","","2026-09-21","passed","2026-09-21","","List. Checking the basic functions for the PickTree in the widget List","application.Samples.List.PickTreeOnListTest","required"
"DrillDown is not available for InfoWidget.","2971","The DrillDown test","","2026-09-21","passed","2026-09-21","","Info. Checking the basic functions for the Dictionary","application.Samples.Info.DictionaryOnInfoTest","drillDown"
"The test sets a value with the wrong data type in several fields for different widgets. After approval, it checks the text under the field, which informs about the correctness of the type of data entered","7036","Required Message validation test for multiple fields","","2026-09-21","passed","2026-09-21","","Form. Checking the basic functions for the Text in the widget Form","application.Samples.Form.TextOnFormTest","fieldLevelValidation"
"A colour is stored as {red}(text), so a parenthesis inside the text must be escaped, or the colour would end early. Lines: real texts with parentheses, colour together with other marks, colour next to another colour, and values that can only be DB input.","11664","Colour, and parentheses inside it","","2026-09-21","passed","2026-09-21","","Form. RichText regression suite for the RichText in the widget Form","application.Samples.Form.RichTextOnFormTest","colour"
"Add creates an empty root row in the tree; the row is filled and saved from the row menu, the value stays after save.","12902","Create inline","","2026-09-21","passed","2026-09-21","","Tree. Standard actions: create and edit (inline, inline-form, with view)","application.Samples.Tree.TreeActionsTest","createInline"
"The test gets the value from the placeholder attribute and returns it in String format","3270","Test for getting the Placeholder value","","2026-09-21","passed","2026-09-21","","List. Checking the basic functions for the PickList in the widget List","application.Samples.List.PickListOnListTest","placeholder"
"Sorting by the specified column.","29051","Sorting test","","2026-09-21","passed","2026-09-21","","List. Checking the basic functions for the Date in the widget List","application.Samples.List.DateOnListTest","sorting"
"The test sets the value in the field. After approval, by clicking on the save button, the popup window, the title, the text in it, and the buttons are validated","3398","Confirmation Popup Validation Test","","2026-09-21","passed","2026-09-21","","application.Samples.Form.RadioOnFormTest","application.Samples.Form.RadioOnFormTest","confirm"
"The InfoWidget doesn't have a Placeholder.","0","Test for getting the Placeholder value","","2026-09-21","skipped","2026-09-21","","Info. Checking the basic functions for the PickList","application.Samples.Info.PickListOnInfoTest","placeholder"
"The test gets the value from the placeholder attribute and returns it in String format","2915","Test for getting the Placeholder value","","2026-09-21","passed","2026-09-21","","Form. Checking the basic functions for the InlinePickList in the widget Form","application.Samples.Form.InlinePickListOnFormTest","placeholder"
"Filtering by the specified column.","4443","Filtering test","","2026-09-21","passed","2026-09-21","","List. Checking the basic functions for the FileUpload in the widget List","application.Samples.List.FileUploadOnListTest","filtration"
"Filtering by the specified column.","6347","Filtering test","","2026-09-21","passed","2026-09-21","","List. Checking the basic functions for the Money in the widget List","application.Samples.List.MoneyOnListTest","filtration"
"Checking the url before the transition and after the transition/click on a special element","2730","The DrillDown test","","2026-09-21","passed","2026-09-21","","List. Checking the basic functions for the dateTimeWithSec in the widget List","application.Samples.List.DateTimeWithSecondsOnListTest","drillDown"
"Info Widget is always read-only: the field shows its value and cannot be edited","2992","A test to check the field for ""Read-only""","","2026-09-21","passed","2026-09-21","","Info. Checking the basic functions for the PickTree","application.Samples.Info.PickTreeOnInfoTest","readonly"
"Filtering by the specified column.","5210","Filtering test","","2026-09-21","passed","2026-09-21","","application.Samples.List.SuggestionPickListOnListTest","application.Samples.List.SuggestionPickListOnListTest","filtration"
"The test sets a value with the wrong data type in several fields for different widgets. After approval, it checks the text under the field, which informs about the correctness of the type of data entered","6521","Required Message validation test for multiple fields","","2026-09-21","passed","2026-09-21","","Form. Checking the basic functions for the Input in the widget Form","application.Samples.Form.InputTest","fieldLevelValidation"
"The test checks the status of one option, whether it is selected or not.","15121","A test to check the status of one option","","2026-09-21","passed","2026-09-21","","List. Checking the basic functions for the MultipleSelect in the widget List","application.Samples.List.MultipleSelectOnListTest","statusOption"
"","2305","position()","","2026-09-21","passed","2026-09-21","","List. Checking the basic functions for the PickTree in the widget List","application.Samples.List.PickTreeOnListTest","position"
"InfoWidget does not have a Hex field color for this type.","0","A test to get the field color value in Hex format","","2026-09-21","skipped","2026-09-21","","Info. Checking the basic functions for the FileUp","application.Samples.Info.FileUploadOnInfoTest","color"
"","2769","The test for getting the value from the field","","2026-09-21","passed","2026-09-21","","Info. Checking the basic functions for the PickTree","application.Samples.Info.PickTreeOnInfoTest","read"
"The test gets the value from the placeholder attribute and returns it in String format","3081","Test for getting the Placeholder value","","2026-09-21","passed","2026-09-21","","List. Checking the basic functions for the PickTree in the widget List","application.Samples.List.PickTreeOnListTest","placeholder"
"The test checks for the disabled attribute","2336","A test to check the field for ""Read-only""","","2026-09-21","passed","2026-09-21","","Form. Checking the basic functions for the Number in the widget Form","application.Samples.Form.NumberOnFormTest","readonly"
"Sorting is not available for the Form widget","0","Sorting test","","2026-09-21","skipped","2026-09-21","","Form. Checking the basic functions for the Suggestion PickList in the widget Form","application.Samples.Form.SuggestionPickListOnFormTest","sorting"
"The Hint field type is always read-only","0","A test to check the field for ""Read-only""","","2026-09-21","skipped","2026-09-21","","Form. Checking the basic functions for the Hint in the widget Form","application.Samples.Form.HintOnFormTest","readonly"
"The children are checked explicitly; the node only reflects them","12981","Checking every child manually does not turn into the selection of the node","","2026-09-21","passed","2026-09-21","","AssocTreePopup. Selection of a node and of its children","application.Samples.Tree.AssocTreePopupSelectionTest","selectAllChildrenManually"
"The test sets the value with the wrong data type in the field. After approval, it checks the text under the field, which informs about the correctness of the type of data entered","4329","Required Message validation test for one field","","2026-09-21","passed","2026-09-21","","Form. Checking the basic functions for the FileUpload in the widget Form","application.Samples.Form.FileUploadOnFormTest","fieldLevelValidationAnnotation"
"The same lines over Cyrillic text. The rule that decides if a mark is allowed looks at the type of the neighbouring character, and Cyrillic letters go through a different code path than Latin ones.","17962","The same marks on Cyrillic text","","2026-09-21","passed","2026-09-21","","Form. RichText regression suite for the RichText in the widget Form","application.Samples.Form.RichTextOnFormTest","markCombinationsOverCyrillic"
"The test checks for the disabled attribute.","3504","A test to check the field for ""Read-only""","","2026-09-21","passed","2026-09-21","","List. Checking the basic functions for the MultiValueTree in the widget List","application.Samples.List.MultiValueTreeOnListTest","readonly"
"","7673","fieldLevelValidation()","","2026-09-21","passed","2026-09-21","","List. Checking the basic functions for the PickList in the widget List","application.Samples.List.PickListOnListTest","fieldLevelValidation"
"The test sets the value in the field. After approval, the popup window, the title, the text in it, and the buttons are validated.","4233","Run-time exception validation test","","2026-09-21","passed","2026-09-21","","List. Checking the basic functions for the DateTime in the widget List","application.Samples.List.DateTimeOnListTest","runtimeException"
"The test sets the value in the field. After approval, by clicking on the save button, the popup window, the title, the text in it, and the buttons are validated","6374","Confirmation Popup Validation Test","","2026-09-21","passed","2026-09-21","","Form. Checking the basic functions for the Input in the widget Form","application.Samples.Form.InputTest","confirm"
"","2884","position()","","2026-09-21","passed","2026-09-21","","Info. Checking the basic functions for the DateTime","application.Samples.Info.DateTimeOnInfoTest","position"
"Test click ""Export"" and check the file for standards.","1714","Test export button","","2026-09-21","passed","2026-09-21","","Checking the basic functions for the Dictionary administration panel","application.Samples.DictionaryAdministrationTest","testExprotFile"
"Currency check at the field","2844","Currency test","","2026-09-21","passed","2026-09-21","","Form. Checking the basic functions for the Money in the widget Form","application.Samples.Form.MoneyOnFormTest","currency"
"DrillDown is  available for InfoWidget.","2907","The DrillDown test","","2026-09-21","passed","2026-09-21","","Info. Checking the basic functions for the DateTimeWithSeconds","application.Samples.Info.DateTimeWithSecondsTest","drillDown"
"The test checks for the disabled attribute.","3153","A test to check the field for ""Read-only""","","2026-09-21","passed","2026-09-21","","List. Checking the basic functions for the FileUpload in the widget List","application.Samples.List.FileUploadOnListTest","readonly"
"The test clears the field and clicks the Save button. Then validates the message that the field is required.","6723","Required Message text Verification field test","","2026-09-21","passed","2026-09-21","","List. Checking the basic functions for the MultiValueTree in the widget List","application.Samples.List.MultiValueTreeOnListTest","required"
"Sorting is not available for the Form widget","0","Sorting test","","2026-09-21","skipped","2026-09-21","","application.Samples.Form.RadioOnFormTest","application.Samples.Form.RadioOnFormTest","sorting"
"Add opens the row form inside the popup (options.create.widget); the form is saved and the new row is shown.","10159","Create inline-form","","2026-09-21","passed","2026-09-21","","PickListPopup. Row actions inside the popup","application.Samples.Popup.PickListPopupRowActionsTest","createInlineForm"
"The test sets the value in the field. After approval, by clicking on the save button, the popup window, the title, the text in it, and the buttons are validated.","9110","Confirmation Popup Validation Test","","2026-09-21","passed","2026-09-21","","List. Checking the basic functions for the Date in the widget List","application.Samples.List.DateOnListTest","confirm"
"The test calls a modal window, after which the method returns Status-Value pairs depending on the column header.","0","A test for checking values by column heading in a modal window","","2026-09-21","skipped","2026-09-21","","Form. Checking the basic functions for the MultiValue in the widget Form","application.Samples.Form.MultiValueOnFormTest","test_status"
"The ""..."" button of the column filter opens the PickTreePopup; the chosen record filters the list by id.","6220","The filtration by popup test","","2026-09-21","passed","2026-09-21","","List. Checking the basic functions for the PickTree in the widget List","application.Samples.List.PickTreeOnListTest","filtrationPopup"
"The test checks the creation and deletion in the dictionary and the result of this work on another screen.","1491","Test sorting at Form","","2026-09-21","passed","2026-09-21","","Checking the basic functions for the Dictionary administration panel","application.Samples.DictionaryAdministrationTest","sortingForm"
"The test sets the value in the field. After approval, by clicking on the save button, the popup window, the title, the text in it, and the buttons are validated.","6371","Confirmation Popup Validation Test","","2026-09-21","passed","2026-09-21","","List. Checking the basic functions for the PickTree in the widget List","application.Samples.List.PickTreeOnListTest","confirm"
"The title is built from the field of the parent record: customFieldPick: ${customFieldPick}","2910","Calculated title of the popup","","2026-09-21","passed","2026-09-21","","PickTreePopup. Title, color, lazy load, search modes, selection","application.Samples.Tree.PickTreePopupTest","calculatedTitle"
"The test gets the value from the style attribute in RGB format, and then converts it to Hex format","2822","A test to get the field color value in Hex format","","2026-09-21","passed","2026-09-21","","application.Samples.Form.RadioOnFormTest","application.Samples.Form.RadioOnFormTest","color"
"","2937","The test for getting the value from the field","","2026-09-21","passed","2026-09-21","","Info. Checking the basic functions for the MultiValueTree","application.Samples.Info.MultiValueTreeOnInfoTest","read"
"The test sets the value in the field, and then checks the value in the field with what should be set.","8979","A test for setting a value in a field","","2026-09-21","passed","2026-09-21","","List. Checking the basic functions for the InlinePickList in the widget List","application.Samples.List.InlinePickListOnListTest","edit"
"The test sets a value with the wrong data type in several fields for different widgets. After approval, it checks the text under the field, which informs about the correctness of the type of data entered","5814","Required Message validation test for multiple fields","","2026-09-21","passed","2026-09-21","","Form. Checking the basic functions for the Number in the widget Form","application.Samples.Form.NumberOnFormTest","fieldLevelValidation"
"The test clears the field and clicks the Save button. Then validates the message that the field is required.","6916","Required Message text Verification field test","","2026-09-21","passed","2026-09-21","","List. Checking the basic functions for the Input in the widget List","application.Samples.List.InputOnListTest","required"
"Filtering is not available for the Form widget","0","Filtering test","","2026-09-21","skipped","2026-09-21","","Form. Checking the basic functions for the Input in the widget Form","application.Samples.Form.InputTest","filtration"
"","5140","Test for checking nullable field","","2026-09-21","passed","2026-09-21","","Form. Checking the basic functions for the Number in the widget Form","application.Samples.Form.NumberOnFormTest","nullable"
"The test sets the value in the field, and then checks the value in the field with what should be set","9669","A test for setting a value in a field","","2026-09-21","passed","2026-09-21","","Form. Checking the basic functions for the DateTimeWithSeconds in the widget Form","application.Samples.Form.DateTimeWithSecondsTest","edit"
"","2662","position()","","2026-09-21","passed","2026-09-21","","Info. Checking the basic functions for the MultiValueHover","application.Samples.Info.MultiValueHoverOnInfoTest","position"
"The test gets the value from the style attribute in RGB format, and then converts it to Hex format","2817","A test to get the field color value in Hex format","","2026-09-21","passed","2026-09-21","","application.Samples.Form.PercentOnFormTest","application.Samples.Form.PercentOnFormTest","color"
"PostAction.refreshBc is not supported for the Tree widget in this release: the action succeeds without an error, the record is updated in its row, the root page is reloaded, the expanded node stays expanded with its child rows.","12364","PostAction.refreshBc: current behaviour, the tree is not collapsed","","2026-09-21","passed","2026-09-21","","Tree. Node refresh after custom actions","application.Samples.Tree.TreeNodeRefreshTest","refreshBcKeepsTreeExpanded"
"The test sets the value in the field. After approval, the popup window, the title, the text in it, and the buttons are validated","4562","Business Exception Validation Test","","2026-09-21","passed","2026-09-21","","Form. Checking the basic functions for the PickTree in the widget Form","application.Samples.Form.PickTreeOnFormTest","businessException"
"The test sets the value in the field. After approval, by clicking on the save button, the popup window, the title, the text in it, and the buttons are validated.","6412","Confirmation Popup Validation Test","","2026-09-21","passed","2026-09-21","","application.Samples.List.RadioOnListTest","application.Samples.List.RadioOnListTest","confirm"
"The test sets a value with the wrong data type in several fields for different widgets. After approval, it checks the text under the field, which informs about the correctness of the type of data entered","11910","Required Message validation test for multiple fields","","2026-09-21","passed","2026-09-21","","List. Checking the basic functions for the dateTimeWithSec in the widget List","application.Samples.List.DateTimeWithSecondsOnListTest","fieldLevelValidation"
"The test sets a value with the wrong data type in several fields for different widgets. After approval, it checks the text under the field, which informs about the correctness of the type of data entered","10211","Required Message validation test for multiple fields","","2026-09-21","passed","2026-09-21","","Form. Checking the basic functions for the Date in the widget Form","application.Samples.Form.DateOnFormTest","fieldLevelValidation"
"","1384","test_1()","","2026-09-21","passed","2026-09-21","","List. Checking the basic functions for the PickTree in the widget List","application.Samples.List.PickTreeOnListTest","test_1"
"The test sets the value with the wrong data type in the field. After approval, it checks the text under the field, which informs about the correctness of the type of data entered","5281","Required Message validation test for one field","","2026-09-21","passed","2026-09-21","","Form. Checking the basic functions for the CheckBox","application.Samples.Form.CheckBoxOnFormTest","fieldLevelValidationAnnotation"
"We type one text and put marks on it: one mark, two marks, three marks, in every order and in every position they can have (one inside the other, same end, same start, crossing). Each line checks three things: user input - the markdown the editor stores after the clicks; DB input - the same markdown opens and is stored again unchanged; and a second open changes nothing.","39685","Two and three marks on one text: every combination, every position","","2026-09-21","passed","2026-09-21","","Form. RichText regression suite for the RichText in the widget Form","application.Samples.Form.RichTextOnFormTest","markCombinations"
"","2797","The test for getting the value from the field","","2026-09-21","passed","2026-09-21","","Info. Checking the basic functions for the PickList","application.Samples.Info.PickListOnInfoTest","read"
"The test checks the creation and deletion in the dictionary and the result of this work on another screen.","1363","Test region at List","","2026-09-21","passed","2026-09-21","","Checking the basic functions for the Dictionary administration panel","application.Samples.DictionaryAdministrationTest","regionsList"
"The test sets the value in the field. After approval, by clicking on the save button, the popup window, the title, the text in it, and the buttons are validated.","5556","Confirmation Popup Validation Test","","2026-09-21","passed","2026-09-21","","List. Checking the basic functions for the MultiValue in the widget List","application.Samples.List.MultiValueOnListTest","confirm"
"The InfoWidget doesn't have a Placeholder.","0","Test for getting the Placeholder value","","2026-09-21","skipped","2026-09-21","","Info. Checking the basic functions for the MultiplySelect","application.Samples.Info.MultipleSelectOnInfoTest","placeholder"
"The test sets the value in the field. After approval, the popup window, the title, the text in it, and the buttons are validated.","4858","Business Exception Validation Test","","2026-09-21","passed","2026-09-21","","List. Checking the basic functions for the CheckBox","application.Samples.List.CheckBoxOnListTest","businessException"
"The test clears the field and clicks the Save button. Then validates the message that the field is required.","6082","Required Message text Verification field test","","2026-09-21","passed","2026-09-21","","application.Samples.List.SuggestionPickListOnListTest","application.Samples.List.SuggestionPickListOnListTest","required"
"The test sets the value in the field. After approval, the popup window, the title, the text in it, and the buttons are validated","6941","Business Exception Validation Test","","2026-09-21","passed","2026-09-21","","Form. Checking the basic functions for the Dictionary in the widget Form","application.Samples.Form.DictionaryOnFormTest","businessException"
"The test sets the value in the field. After approval, by clicking on the save button, the popup window, the title, the text in it, and the buttons are validated.","12654","Confirmation Popup Validation Test","","2026-09-21","passed","2026-09-21","","List. Checking the basic functions for the Money in the widget List","application.Samples.List.MoneyOnListTest","confirm"
"The test sets the value in the field, and then checks the value in the field with what should be set.","6336","A test for setting a value in a field","","2026-09-21","passed","2026-09-21","","List. Checking the basic functions for the Input in the widget List","application.Samples.List.InputOnListTest","edit"
"The test sets a value with the wrong data type in several fields for different widgets. After approval, it checks the text under the field, which informs about the correctness of the type of data entered","8968","Required Message validation test for multiple fields","","2026-09-21","passed","2026-09-21","","List. Checking the basic functions for the Input in the widget List","application.Samples.List.InputOnListTest","fieldLevelValidation"
"The test sets the value in the field. After approval, the popup window, the title, the text in it, and the buttons are validated","3040","Run-time exception validation test","","2026-09-21","passed","2026-09-21","","Form. Checking the basic functions for the InlinePickList in the widget Form","application.Samples.Form.InlinePickListOnFormTest","runtimeException"
"The Hint field type is always read-only","0","A test to check the field for ""Read-only""","","2026-09-21","skipped","2026-09-21","","Form. Checking the basic functions for the MultiValueHover in the widget Form","application.Samples.Form.MultiValueHoverOnFormTest","readonly"
"The test gets the value from the style attribute in RGB format, and then converts it to Hex format","3253","A test to get the field color value in Hex format","","2026-09-21","passed","2026-09-21","","application.Samples.List.SuggestionPickListOnListTest","application.Samples.List.SuggestionPickListOnListTest","color"
"Filtering by the specified column.","3191","Filtering test","","2026-09-21","passed","2026-09-21","","List. Checking the basic functions for the MultiValueHover in the widget List","application.Samples.List.MultiValueHoverOnListTest","filtration"
"Info Widget is always read-only","0","A test to check the field for ""Read-only""","","2026-09-21","skipped","2026-09-21","","Info. Checking the basic functions for the MultiValue","application.Samples.Info.MultiValueOnInfoTest","readonly"
"The test sets the value with the wrong data type in the field. After approval, it checks the text under the field, which informs about the correctness of the type of data entered","5112","Required Message validation test for one field","","2026-09-21","passed","2026-09-21","","Form. Checking the basic functions for the Money in the widget Form","application.Samples.Form.MoneyOnFormTest","fieldLevelValidationAnnotation"
"Cancel (cancel-create) removes the row added by Add.","5840","Cancel of the created row","","2026-09-21","passed","2026-09-21","","PickListPopup. Row actions inside the popup","application.Samples.Popup.PickListPopupRowActionsTest","createAndCancel"
"The test clears the field and clicks the Save button. Then validates the message that the field is required","4264","Required Message text Verification field test","","2026-09-21","passed","2026-09-21","","Form. Checking the basic functions for the Input in the widget Form","application.Samples.Form.InputTest","required"
"The test creates and delete a new field in the admin panel","1206","Test for creating admin value","","2026-09-21","passed","2026-09-21","","Checking the basic functions for the Dictionary administration panel","application.Samples.DictionaryAdministrationTest","create"
"Checking the url before the transition and after the transition/click on a special element","3086","The DrillDown test","","2026-09-21","passed","2026-09-21","","Info. Checking the basic functions for the Time","application.Samples.Info.TimeOnInfoTest","drillDown"
"The test checks for the disabled attribute.","3065","A test to check the field for ""Read-only""","","2026-09-21","passed","2026-09-21","","List. Checking the basic functions for the MultiValue in the widget List","application.Samples.List.MultiValueOnListTest","readonly"
"The test sets a value with the wrong data type in several fields for different widgets. After approval, it checks the text under the field, which informs about the correctness of the type of data entered","12061","Required Message validation test for multiple fields","","2026-09-21","passed","2026-09-21","","List. Checking the basic functions for the Money in the widget List","application.Samples.List.MoneyOnListTest","fieldLevelValidation"
"The test gets the value from the style attribute in RGB format, and then converts it to Hex format","2899","A test to get the field color value in Hex format","","2026-09-21","passed","2026-09-21","","Info. Checking the basic functions for the MultiValueHover","application.Samples.Info.MultiValueHoverOnInfoTest","color"
"The InfoWidget doesn't have a Placeholder..","0","Test for getting the Placeholder value","","2026-09-21","skipped","2026-09-21","","Info. Checking the basic functions for the MultiValueTree","application.Samples.Info.MultiValueTreeOnInfoTest","placeholder"
"The test gets the value from the style attribute in RGB format, and then converts it to Hex format","2782","A test to get the field color value in Hex format","","2026-09-21","passed","2026-09-21","","Form. Checking the basic functions for the Input in the widget Form","application.Samples.Form.InputTest","color"
"The hidden fields are not shown as columns; the settings menu lists the columns of the widget","4867","Customization of the displayed columns: the gear menu, hidden and added columns","","2026-09-21","passed","2026-09-21","","Tree. Lazy load: roots, expand, More per node, sorting","application.Samples.Tree.TreeLazyLoadTest","columns"
"The test sets the value in the field. After approval, the popup window, the title, the text in it, and the buttons are validated.","7551","Run-time exception validation test","","2026-09-21","passed","2026-09-21","","List. Checking the basic functions for the MultipleSelect in the widget List","application.Samples.List.MultipleSelectOnListTest","runtimeException"
"The test gets the value in the field, and then checks the value in the field with what should be.","3265","A test for checking a value in a field","","2026-09-21","passed","2026-09-21","","List. Checking the basic functions for the Dictionary in the widget List","application.Samples.List.DictionaryOnListTest","read"
"","2533","A test to get a value for a multifield hint","","2026-09-21","passed","2026-09-21","","Form. Checking the basic functions for the MultiField in the widget Form","application.Samples.Form.MultiFieldOnFormTest","getValues"
"The test sets all the values in the field, then checks the list with the expected value.","20112","Test to set all values in the field","","2026-09-21","passed","2026-09-21","","Form. Checking the basic functions for the MultiValueTree in the widget Form","application.Samples.Form.MultiValueTreeOnFormTest","test_set_all"
"","2658","position()","","2026-09-21","passed","2026-09-21","","application.Samples.Form.TimeOnFormTest","application.Samples.Form.TimeOnFormTest","position"
"The test sets the value in the field. After approval, by clicking on the save button, the popup window, the title, the text in it, and the buttons are validated.","9235","Confirmation Popup Validation Test","","2026-09-21","passed","2026-09-21","","List. Checking the basic functions for the InlinePickList in the widget List","application.Samples.List.InlinePickListOnListTest","confirm"
"Sorting by the specified column.","24618","Sorting test","","2026-09-21","passed","2026-09-21","","List. Checking the basic functions for the Money in the widget List","application.Samples.List.MoneyOnListTest","sorting"
"The test gets the value from the style attribute in RGB format, and then converts it to Hex format","2852","A test to get the field color value in Hex format","","2026-09-21","passed","2026-09-21","","Info. Checking the basic functions for the MultiValue","application.Samples.Info.MultiValueOnInfoTest","color"
"","4506","setValueGetValue()","","2026-09-21","passed","2026-09-21","","List. Checking the basic functions for the FileUpload in the widget List","application.Samples.List.FileUploadOnListTest","setValueGetValue"
"The test checks the status of one option, whether it is selected or not","8342","A test to check the status of one option","","2026-09-21","passed","2026-09-21","","Form. Checking the basic functions for the MultipleSelect in the widget Form","application.Samples.Form.MultipleSelectOnFormTest","statusOption"
"The test sets the value in the field. After approval, the popup window, the title, the text in it, and the buttons are validated.","4419","Run-time exception validation test","","2026-09-21","passed","2026-09-21","","List. Checking the basic functions for the FileUpload in the widget List","application.Samples.List.FileUploadOnListTest","runtimeException"
"Filtering is not available for the Form widget","0","Filtering test","","2026-09-21","skipped","2026-09-21","","application.Samples.Form.PercentOnFormTest","application.Samples.Form.PercentOnFormTest","filtration"
"The test gets the value from the placeholder attribute and returns it in String format","3488","Test for getting the Placeholder value","","2026-09-21","passed","2026-09-21","","List. Checking the basic functions for the DateTime in the widget List","application.Samples.List.DateTimeOnListTest","placeholder"
"The test clear the value in the field , and then checks the value in the field, it must be null.","9865","A test for checking the possibility of an empty field","","2026-09-21","passed","2026-09-21","","List. Checking the basic functions for the Number in the widget List","application.Samples.List.NumberOnListTest","nullable"
"Checking the url before the transition and after the transition/click on a special element","1","The DrillDown test","","2026-09-21","skipped","2026-09-21","","Form. Checking the basic functions for the InlinePickList in the widget Form","application.Samples.Form.InlinePickListOnFormTest","drillDown"
"The test sets the value in the field. After approval, the popup window, the title, the text in it, and the buttons are validated","6653","Run-time exception validation test","","2026-09-21","passed","2026-09-21","","Form. Checking the basic functions for the MultipleSelect in the widget Form","application.Samples.Form.MultipleSelectOnFormTest","runtimeException"
"The test sets the value with the wrong data type in the field. After approval, it checks the text under the field, which informs about the correctness of the type of data entered.","8318","Required Message validation test for one field","","2026-09-21","passed","2026-09-21","","List. Checking the basic functions for the Number in the widget List","application.Samples.List.NumberOnListTest","fieldLevelValidationAnnotation"
"The test sets the value in the field. After approval, the popup window, the title, the text in it, and the buttons are validated.","6047","Run-time exception validation test","","2026-09-21","passed","2026-09-21","","List. Checking the basic functions for the Number in the widget List","application.Samples.List.NumberOnListTest","runtimeException"
"Checking the url before the transition and after the transition/click on a special element","0","The DrillDown test","","2026-09-21","skipped","2026-09-21","","Form. Checking the basic functions for the MultiValueTree in the widget Form","application.Samples.Form.MultiValueTreeOnFormTest","drillDown"
"The test sets the value in the field. After approval, by clicking on the save button, the popup window, the title, the text in it, and the buttons are validated.","6486","Confirmation Popup Validation Test","","2026-09-21","passed","2026-09-21","","List. Checking the basic functions for the dateTimeWithSec in the widget List","application.Samples.List.DateTimeWithSecondsOnListTest","confirm"
"Getting the field color is not available","3112","A test to get the field color value in Hex format","","2026-09-21","passed","2026-09-21","","List. Checking the basic functions for the MultiValueHover in the widget List","application.Samples.List.MultiValueHoverOnListTest","color"
"Sorting is not available for InfoWidget.","0","Sorting test","","2026-09-21","skipped","2026-09-21","","Info. Checking the basic functions for the DateTimeWithSeconds","application.Samples.Info.DateTimeWithSecondsTest","sorting"
"Sorting is not available for the Form widget","0","Sorting test","","2026-09-21","skipped","2026-09-21","","Form. Checking the basic functions for the FileUpload in the widget Form","application.Samples.Form.FileUploadOnFormTest","sorting"
"Sorting by the specified column.","6772","Sorting test","","2026-09-21","passed","2026-09-21","","List. Checking the basic functions for the PickList in the widget List","application.Samples.List.PickListOnListTest","sorting"
"Sorting is not available for InfoWidget.","0","Sorting test","","2026-09-21","skipped","2026-09-21","","Info. Checking the basic functions for the Dictionary","application.Samples.Info.DictionaryOnInfoTest","sorting"
"","3079","The test for getting the value from the field","","2026-09-21","passed","2026-09-21","","Info. Checking the basic functions for the MultiplySelect","application.Samples.Info.MultipleSelectOnInfoTest","read"
"Sorting is not available for InfoWidget.","0","Sorting test","","2026-09-21","skipped","2026-09-21","","Info. Checking the basic functions for the MultiField","application.Samples.Info.MultiFieldOnInfoTest","sorting"
"The test gets the value from the style attribute in RGB format, and then converts it to Hex format","3020","A test to get the field color value in Hex format","","2026-09-21","passed","2026-09-21","","Info. Checking the basic functions for the Number","application.Samples.Info.NumberOnInfoTest","color"
"The test gets the value in the field, and then checks the value in the field with what should be.","0","A test for checking a value in a field","","2026-09-21","skipped","2026-09-21","","List. Checking the basic functions for the MultiValue in the widget List","application.Samples.List.MultiValueOnListTest","read"
"The test sets a value with the wrong data type in several fields for different widgets. After approval, it checks the text under the field, which informs about the correctness of the type of data entered","10623","Required Message validation test for multiple fields","","2026-09-21","passed","2026-09-21","","application.Samples.List.RadioOnListTest","application.Samples.List.RadioOnListTest","fieldLevelValidation"
"Checking the url before the transition and after the transition/click on a special element","2749","The DrillDown test","","2026-09-21","passed","2026-09-21","","List. Checking the basic functions for the PickList in the widget List","application.Samples.List.PickListOnListTest","drillDown"
"The test gets the value from the placeholder attribute and returns it in String format","2461","Test for getting the Placeholder value","","2026-09-21","passed","2026-09-21","","Form. Checking the basic functions for the MultipleSelect in the widget Form","application.Samples.Form.MultipleSelectOnFormTest","placeholder"
"The test sets the value with the wrong data type in the field. After approval, it checks the text under the field, which informs about the correctness of the type of data entered.","9011","Required Message validation test for one field","","2026-09-21","passed","2026-09-21","","application.Samples.List.TextOnListTest","application.Samples.List.TextOnListTest","fieldLevelValidationAnnotation"
"A click on the cell switches the popup row into the edit mode; the changed value is saved from the row menu.","12963","AssocTreePopup: edit inline","","2026-09-21","passed","2026-09-21","","PickTreePopup, AssocTreePopup. Row actions inside the popup","application.Samples.Tree.PopupRowActionsTest","assocEditInline"
"The test clears the field and clicks the Save button. Then validates the message that the field is required","4233","Required Message text Verification field test","","2026-09-21","passed","2026-09-21","","Form. Checking the basic functions for the Dictionary in the widget Form","application.Samples.Form.DictionaryOnFormTest","required"
"The test checks for the disabled attribute","2558","A test to check the field for ""Read-only""","","2026-09-21","passed","2026-09-21","","Form. Checking the basic functions for the Input in the widget Form","application.Samples.Form.InputTest","readonly"
"The test sets the value in the field, and then checks the value in the field with what should be set","16240","A test for setting a value in a field","","2026-09-21","passed","2026-09-21","","List. Checking the basic functions for the Time","application.Samples.List.TimeOnListTest","edit"
"The test for getting all options from the field","3042","A test for get all options from the field","","2026-09-21","passed","2026-09-21","","Form. Checking the basic functions for the InlinePickList in the widget Form","application.Samples.Form.InlinePickListOnFormTest","getOptions"
"The test checks for the disabled attribute.","3326","A test to check the field for ""Read-only""","","2026-09-21","passed","2026-09-21","","application.Samples.List.SuggestionPickListOnListTest","application.Samples.List.SuggestionPickListOnListTest","readonly"
"InfoWidget does not have a Hex field color for this type.","0","A test to get the field color value in Hex format","","2026-09-21","skipped","2026-09-21","","Info. Checking the basic functions for the Hint","application.Samples.Info.HintOnInfoTest","color"
"The test sets the value in the field. After approval, the popup window, the title, the text in it, and the buttons are validated","4825","Business Exception Validation Test","","2026-09-21","passed","2026-09-21","","Form. Checking the basic functions for the Text in the widget Form","application.Samples.Form.TextOnFormTest","businessException"
"The same lines over text made only of characters that must be escaped: backslash, star, underscore, brackets, braces. Each must come back as the same character, and the escaping must not grow or shrink when a mark is next to it.","12434","The same marks on characters that must be escaped","","2026-09-21","passed","2026-09-21","","Form. RichText regression suite for the RichText in the widget Form","application.Samples.Form.RichTextOnFormTest","markCombinationsOverEscapes"
"The test sets one value in the field, then checks the list with the expected value.","13614","A test for setting a single value in a field","","2026-09-21","passed","2026-09-21","","Form. Checking the basic functions for the MultiValue in the widget Form","application.Samples.Form.MultiValueOnFormTest","test_once"
"The test sets the value with the wrong data type in the field. After approval, it checks the text under the field, which informs about the correctness of the type of data entered.","9145","Required Message validation test for one field","","2026-09-21","passed","2026-09-21","","List. Checking the basic functions for the Money in the widget List","application.Samples.List.MoneyOnListTest","fieldLevelValidationAnnotation"
"Filtering is not available for the Form widget","0","Filtering test","","2026-09-21","skipped","2026-09-21","","Form. Checking the basic functions for the Hint in the widget Form","application.Samples.Form.HintOnFormTest","filtration"
"","2614","position()","","2026-09-21","passed","2026-09-21","","List. Checking the basic functions for the Number in the widget List","application.Samples.List.NumberOnListTest","position"
"The pencil of the popup row opens its form (options.edit.widget); the changed value is saved and shown.","24123","Edit inline-form","","2026-09-21","passed","2026-09-21","","PickListPopup. Row actions inside the popup","application.Samples.Popup.PickListPopupRowActionsTest","editInlineForm"
"Getting the field color is not available","2458","A test to get the field color value in Hex format","","2026-09-21","passed","2026-09-21","","Form. Checking the basic functions for the MultiValueHover in the widget Form","application.Samples.Form.MultiValueHoverOnFormTest","color"
"Info Widget is always read-only","0","A test to check the field for ""Read-only""","","2026-09-21","skipped","2026-09-21","","Info. Checking the basic functions for the Dictionary","application.Samples.Info.DictionaryOnInfoTest","readonly"
"The test sets the value in the field. After approval, the popup window, the title, the text in it, and the buttons are validated","5309","Business Exception Validation Test","","2026-09-21","passed","2026-09-21","","Form. Checking the basic functions for the InlinePickList in the widget Form","application.Samples.Form.InlinePickListOnFormTest","businessException"
"The test checks for the disabled attribute.","3625","A test to check the field for ""Read-only""","","2026-09-21","passed","2026-09-21","","List. Checking the basic functions for the InlinePickList in the widget List","application.Samples.List.InlinePickListOnListTest","readonly"
"InfoWidget does not have a Hex field color for this type.","3144","A test to get the field color value in Hex format","","2026-09-21","passed","2026-09-21","","Info. New Api.  Checking the basic functions for the CheckBox","application.Samples.Info.CheckboxTest","color"
"The test gets the value from the placeholder attribute and returns it in String format","3340","Test for getting the Placeholder value","","2026-09-21","passed","2026-09-21","","application.Samples.List.RadioOnListTest","application.Samples.List.RadioOnListTest","placeholder"
"Checking the url before the transition and after the transition/click on a special element","2897","The DrillDown test","","2026-09-21","passed","2026-09-21","","List. Checking the basic functions for the Dictionary in the widget List","application.Samples.List.DictionaryOnListTest","drillDown"
"Add drills down to the form view; Save and Close returns to the tree with the new root row.","16332","Create with view","","2026-09-21","passed","2026-09-21","","Tree. Standard actions: create and edit (inline, inline-form, with view)","application.Samples.Tree.TreeActionsTest","createWithView"
"A test to get the value from the field. Hint is always read-only, so it is impossible to set the value.","2805","A test to check the value in a field","","2026-09-21","passed","2026-09-21","","Form. Checking the basic functions for the Hint in the widget Form","application.Samples.Form.HintOnFormTest","edit"
"","4120","Colored rows of the popup","","2026-09-21","passed","2026-09-21","","PickTreePopup. Title, color, lazy load, search modes, selection","application.Samples.Tree.PickTreePopupTest","color"
"","2326","position()","","2026-09-21","passed","2026-09-21","","List. Checking the basic functions for the Time","application.Samples.List.TimeOnListTest","position"
"The InfoWidget doesn't have a Placeholder.","0","Test for getting the Placeholder value","","2026-09-21","skipped","2026-09-21","","application.Samples.Info.TextOnInfoTest","application.Samples.Info.TextOnInfoTest","placeholder"
"The test clears the field and clicks the Save button. Then validates the message that the field is required.","6722","Required Message text Verification field test","","2026-09-21","passed","2026-09-21","","List. Checking the basic functions for the Date in the widget List","application.Samples.List.DateOnListTest","required"
"The test sets the value in the field. After approval, the popup window, the title, the text in it, and the buttons are validated.","4146","Run-time exception validation test","","2026-09-21","passed","2026-09-21","","List. Checking the basic functions for the InlinePickList in the widget List","application.Samples.List.InlinePickListOnListTest","runtimeException"
"The test clears the field and clicks the Save button. Then validates the message that the field is required.","7096","Required Message text Verification field test","","2026-09-21","passed","2026-09-21","","List. Checking the basic functions for the dateTimeWithSec in the widget List","application.Samples.List.DateTimeWithSecondsOnListTest","required"
"Filtering by the specified column.","10556","Filtering test","","2026-09-21","passed","2026-09-21","","List. Checking the basic functions for the Time","application.Samples.List.TimeOnListTest","filtration"
"The test clears the field and clicks the Save button. Then validates the message that the field is required","4653","Required Message text Verification field test","","2026-09-21","passed","2026-09-21","","Form. Checking the basic functions for the Money in the widget Form","application.Samples.Form.MoneyOnFormTest","required"
"","1794","checkFilterOrSort()","","2026-09-21","passed","2026-09-21","","List. Checking the basic functions for the Input in the widget List","application.Samples.List.InputOnListTest","checkFilterOrSort"
"Filtering is not available for InfoWidget.","0","Filtering test","","2026-09-21","skipped","2026-09-21","","Info. Checking the basic functions for the DateTimeWithSeconds","application.Samples.Info.DateTimeWithSecondsTest","filtration"
"The test sets the value in the field. After approval, the popup window, the title, the text in it, and the buttons are validated.","5652","Business Exception Validation Test","","2026-09-21","passed","2026-09-21","","List. Checking the basic functions for the Date in the widget List","application.Samples.List.DateOnListTest","businessException"
"The test sets a value with the wrong data type in several fields for different widgets. After approval, it checks the text under the field, which informs about the correctness of the type of data entered","14821","Required Message validation test for multiple fields","","2026-09-21","passed","2026-09-21","","List. Checking the basic functions for the DateTime in the widget List","application.Samples.List.DateTimeOnListTest","fieldLevelValidation"
"Checking the url before the transition and after the transition/click on a special element","0","The DrillDown test","","2026-09-21","skipped","2026-09-21","","application.Samples.Form.TimeOnFormTest","application.Samples.Form.TimeOnFormTest","drillDown"
"The test gets the value in the field, and then checks the value in the field with what should be.","0","A test for checking a value in a field","","2026-09-21","skipped","2026-09-21","","List. Checking the basic functions for the FileUpload in the widget List","application.Samples.List.FileUploadOnListTest","read"
"","2877","The test for getting the value from the field","","2026-09-21","passed","2026-09-21","","Info. Checking the basic functions for the Dictionary","application.Samples.Info.DictionaryOnInfoTest","read"
"The test sets a value with the wrong data type in several fields for different widgets. After approval, it checks the text under the field, which informs about the correctness of the type of data entered","13132","Required Message validation test for multiple fields","","2026-09-21","passed","2026-09-21","","application.Samples.List.TextOnListTest","application.Samples.List.TextOnListTest","fieldLevelValidation"
"Drill Down is not available for InfoWidget.","0","The DrillDown test","","2026-09-21","skipped","2026-09-21","","Info. Checking the basic functions for the MultiValueTree","application.Samples.Info.MultiValueTreeOnInfoTest","drillDown"
"","2619","position()","","2026-09-21","passed","2026-09-21","","Info. Checking the basic functions for the MultiValue","application.Samples.Info.MultiValueOnInfoTest","position"
"The test gets the value from the style attribute in RGB format, and then converts it to Hex format","2576","A test to get the field color value in Hex format","","2026-09-21","passed","2026-09-21","","Info. Checking the basic functions for the Percent","application.Samples.Info.PercentOnInfoTest","color"
"Info Widget is always read-only","3016","A test to check the field for ""Read-only""","","2026-09-21","passed","2026-09-21","","Info. Checking the basic functions for the Input","application.Samples.Info.InputTest","readonly"
"The test verifies that after clearing the field, it is empty.","7170","The test for deleting a file from a field","","2026-09-21","passed","2026-09-21","","List. Checking the basic functions for the FileUpload in the widget List","application.Samples.List.FileUploadOnListTest","clear"
"","13062","Clearing the filter forgets the unallocated rows; the root page is loaded by More","","2026-09-21","passed","2026-09-21","","Tree. Search modes: collapse, hide, restoring the path of the found rows","application.Samples.Tree.TreeSearchModesTest","clearFilterForgetsUnallocated"
"InfoWidget does not have a Hex field color for this type.","0","A test to get the field color value in Hex format","","2026-09-21","skipped","2026-09-21","","Info. Checking the basic functions for the MultiplySelect","application.Samples.Info.MultipleSelectOnInfoTest","color"
"The test sets the value in the field, and then checks the value in the field with what should be set.","4542","A test for setting a value in a field","","2026-09-21","passed","2026-09-21","","List. Checking the basic functions for the InlinePickList in the widget List","application.Samples.List.InlinePickListOnListTest","getOptions"
"The test sets the value with the wrong data type in the field. After approval, it checks the text under the field, which informs about the correctness of the type of data entered","7134","Required Message validation test for one field","","2026-09-21","passed","2026-09-21","","Form. Checking the basic functions for the DateTime in the widget Form","application.Samples.Form.DateTimeOnFormTest","fieldLevelValidationAnnotation"
"The test sets the value in the field. After approval, the popup window, the title, the text in it, and the buttons are validated","6019","Run-time exception validation test","","2026-09-21","passed","2026-09-21","","Form. Checking the basic functions for the Date in the widget Form","application.Samples.Form.DateOnFormTest","runtimeException"
"Filtering by the specified column.","5871","Filtering test","","2026-09-21","passed","2026-09-21","","List. Checking the basic functions for the Hint in the widget List","application.Samples.List.HintOnListTest","filtration"
"The test gets the value from the placeholder attribute and returns it in String format","2787","Test for getting the Placeholder value","","2026-09-21","passed","2026-09-21","","Form. Checking the basic functions for the DateTimeWithSeconds in the widget Form","application.Samples.Form.DateTimeWithSecondsTest","placeholder"
"The test checks for the disabled attribute","2862","A test to check the field for ""Read-only""","","2026-09-21","passed","2026-09-21","","Form. Checking the basic functions for the InlinePickList in the widget Form","application.Samples.Form.InlinePickListOnFormTest","readonly"
"","3569","Popup without a title","","2026-09-21","passed","2026-09-21","","PickListPopup. Basics and title","application.Samples.Popup.PickListPopupTest","withoutTitle"
"The test gets the value from the style attribute in RGB format, and then converts it to Hex format","2972","A test to get the field color value in Hex format","","2026-09-21","passed","2026-09-21","","List. Checking the basic functions for the InlinePickList in the widget List","application.Samples.List.InlinePickListOnListTest","color"
"","2092","position()","","2026-09-21","passed","2026-09-21","","application.Samples.Form.RadioOnFormTest","application.Samples.Form.RadioOnFormTest","position"
"The user types characters that markdown uses: stars, underscores, backticks, brackets, &, <, >. The editor must escape them so they come back as the same text, and must not add or remove backslashes on the second save.","14462","Plain text that looks like markdown","","2026-09-21","passed","2026-09-21","","Form. RichText regression suite for the RichText in the widget Form","application.Samples.Form.RichTextOnFormTest","syntaxText"
"Checking the picklist behavior when required fields are present on the widget: the picklist should open.","7650","Open Picklist With RequiredFields","","2026-09-21","passed","2026-09-21","","List. Checking the basic functions for the PickTree in the widget List","application.Samples.List.PickTreeOnListTest","openPicklistWithRequiredFields"
"The test sets the value in the field. After approval, the popup window, the title, the text in it, and the buttons are validated.","6117","Business Exception Validation Test","","2026-09-21","passed","2026-09-21","","application.Samples.List.TextOnListTest","application.Samples.List.TextOnListTest","businessException"
"The test sets the value in the field. After approval, the popup window, the title, the text in it, and the buttons are validated.","5466","Run-time exception validation test","","2026-09-21","passed","2026-09-21","","List. Checking the basic functions for the Date in the widget List","application.Samples.List.DateOnListTest","runtimeException"
"The test sets all the values in the field, then checks the list with the expected value.","4295","Test to set all values in the field","","2026-09-21","passed","2026-09-21","","Form. Checking the basic functions for the MultiValue in the widget Form","application.Samples.Form.MultiValueOnFormTest","test_set_all"
"A test to get the value from the field. MultiValueHover is always read-only, so it is impossible to set the value","2640","A test for setting a value in a field","","2026-09-21","passed","2026-09-21","","Form. Checking the basic functions for the MultiValueHover in the widget Form","application.Samples.Form.MultiValueHoverOnFormTest","edit"
"","2379","A test to get a value for a multifield","","2026-09-21","passed","2026-09-21","","Form. Checking the basic functions for the MultiField in the widget Form","application.Samples.Form.MultiFieldOnFormTest","getValues2"
"The test opens a modal window, clears the field, closes the window, and then checks the message under the field.","7284","Required Message text Verification field test","","2026-09-21","passed","2026-09-21","","List. Checking the basic functions for the MultiValueTree in the widget List","application.Samples.List.MultiValueTreeOnListTest","required_2"
"Sorting is not available for InfoWidget.","0","Sorting test","","2026-09-21","skipped","2026-09-21","","Info. Checking the basic functions for the PickTree","application.Samples.Info.PickTreeOnInfoTest","sorting"
"Checking the url before the transition and after the transition/click on a special element","0","The DrillDown test","","2026-09-21","skipped","2026-09-21","","application.Samples.Form.RadioOnFormTest","application.Samples.Form.RadioOnFormTest","drillDown"
"The test gets the value from the style attribute in RGB format, and then converts it to Hex format","2806","A test to get the field color value in Hex format","","2026-09-21","passed","2026-09-21","","Info. Checking the basic functions for the DateTime","application.Samples.Info.DateTimeOnInfoTest","color"
"The test sets the value to true in the field, and then checks the value in the field with what should be set.","3020","A test for setting a value in a field","","2026-09-21","passed","2026-09-21","","List. Checking the basic functions for the CheckBox","application.Samples.List.CheckBoxOnListTest","edit2"
"Filtering by the specified column.","8547","Filtering test","","2026-09-21","passed","2026-09-21","","List. Checking the basic functions for the MultipleSelect in the widget List","application.Samples.List.MultipleSelectOnListTest","filtration"
"The test gets the value from the placeholder attribute and returns it in String format","4455","Test for getting the Placeholder value","","2026-09-21","passed","2026-09-21","","List. Checking the basic functions for the InlinePickList in the widget List","application.Samples.List.InlinePickListOnListTest","placeholder"
"","1891","position()","","2026-09-21","passed","2026-09-21","","application.Samples.List.SuggestionPickListOnListTest","application.Samples.List.SuggestionPickListOnListTest","position"
"The test sets one value in the field, then checks the list with the expected value.","15389","A test for setting a single value in a field","","2026-09-21","passed","2026-09-21","","Form. Checking the basic functions for the MultiValueTree in the widget Form","application.Samples.Form.MultiValueTreeOnFormTest","test_once"
"The test calls a modal window, after which the method returns Status-Value pairs depending on the column header.","0","A test for checking values by column heading in a modal window","","2026-09-21","skipped","2026-09-21","","Form. Checking the basic functions for the MultiValueTree in the widget Form","application.Samples.Form.MultiValueTreeOnFormTest","test_status"
"","3176","Colored rows of the popup","","2026-09-21","passed","2026-09-21","","PickListPopup. Basics and title","application.Samples.Popup.PickListPopupTest","color"
"The test gets the value in the field, and then checks the value in the field with what should be.","0","A test for checking a value in a field","","2026-09-21","skipped","2026-09-21","","List. Checking the basic functions for the Number in the widget List","application.Samples.List.NumberOnListTest","read"
"The test checks the downloaded file with the template file that is contained in the resources","5000","A test to compare the downloaded file with the template","","2026-09-21","passed","2026-09-21","","List. Checking the basic functions for the FileUpload in the widget List","application.Samples.List.FileUploadOnListTest","compare"
"The test sets a value with the wrong data type in several fields for different widgets. After approval, it checks the text under the field, which informs about the correctness of the type of data entered","4865","Required Message validation test for multiple fields","","2026-09-21","passed","2026-09-21","","Form. Checking the basic functions for the MultiValue in the widget Form","application.Samples.Form.MultiValueOnFormTest","fieldLevelValidation"
"Filtering is not available for the Form widget","0","Filtering test","","2026-09-21","skipped","2026-09-21","","Form. Checking the basic functions for the InlinePickList in the widget Form","application.Samples.Form.InlinePickListOnFormTest","filtration"
"The test sets the value in the field. After approval, the popup window, the title, the text in it, and the buttons are validated.","6088","Business Exception Validation Test","","2026-09-21","passed","2026-09-21","","List. Checking the basic functions for the Money in the widget List","application.Samples.List.MoneyOnListTest","businessException"
"The ""..."" button of the column filter opens the PickListPopup; the chosen record filters the list by id.","4624","The filtration by popup test","","2026-09-21","passed","2026-09-21","","List. Checking the basic functions for the PickList in the widget List","application.Samples.List.PickListOnListTest","filtrationPopup"
"The test sets the value in the field. After approval, the popup window, the title, the text in it, and the buttons are validated","5291","Run-time exception validation test","","2026-09-21","passed","2026-09-21","","Form. Checking the basic functions for the Text in the widget Form","application.Samples.Form.TextOnFormTest","runtimeException"
"Filtering by the specified column.","4923","Filtering test","","2026-09-21","passed","2026-09-21","","List. Checking the basic functions for the PickTree in the widget List","application.Samples.List.PickTreeOnListTest","filtration"
"","2352","position()","","2026-09-21","passed","2026-09-21","","Form. Checking the basic functions for the CheckBox","application.Samples.Form.CheckBoxOnFormTest","position"
"The test gets the value from the style attribute in RGB format, and then converts it to Hex format","2570","A test to get the field color value in Hex format","","2026-09-21","passed","2026-09-21","","Form. Checking the basic functions for the Money in the widget Form","application.Samples.Form.MoneyOnFormTest","color"
"The test gets the value from the style attribute in RGB format, and then converts it to Hex format","2236","A test to get the field color value in Hex format","","2026-09-21","passed","2026-09-21","","Info. Checking the basic functions for the DateTimeWithSeconds","application.Samples.Info.DateTimeWithSecondsTest","color"
"The test clears the field and clicks the Save button. Then validates the message that the field is required","3808","Required Message text Verification field test","","2026-09-21","passed","2026-09-21","","Form. Checking the basic functions for the PickTree in the widget Form","application.Samples.Form.PickTreeOnFormTest","required"
"The test sets the value in the field. After approval, the popup window, the title, the text in it, and the buttons are validated.","5920","Business Exception Validation Test","","2026-09-21","passed","2026-09-21","","List. Checking the basic functions for the DateTime in the widget List","application.Samples.List.DateTimeOnListTest","businessException"
"","2383","position()","","2026-09-21","passed","2026-09-21","","List. Checking the basic functions for the Money in the widget List","application.Samples.List.MoneyOnListTest","position"
"Add creates an empty row inside the popup; the row is saved from its menu and then deleted from its menu.","8587","Create inline, save, delete","","2026-09-21","passed","2026-09-21","","PickListPopup. Row actions inside the popup","application.Samples.Popup.PickListPopupRowActionsTest","createInlineAndDelete"
"The test gets the value from the style attribute in RGB format, and then converts it to Hex format","0","A test to get the field color value in Hex format","","2026-09-21","skipped","2026-09-21","","Form. Checking the basic functions for the PickList in the widget Form","application.Samples.Form.PickListOnFormTest","color"
"The test checks for the disabled attribute","1622","A test to check the field for ""Read-only""","","2026-09-21","passed","2026-09-21","","Form. Checking the basic functions for the Dictionary in the widget Form","application.Samples.Form.DictionaryOnFormTest","readonly"
"","2988","The test for getting the value from the field","","2026-09-21","passed","2026-09-21","","Info. Checking the basic functions for the MultiValue","application.Samples.Info.MultiValueOnInfoTest","read"
"The test gets the value in the field, and then checks the value in the field with what should be.","0","A test for checking a value in a field","","2026-09-21","skipped","2026-09-21","","List. Checking the basic functions for the Input in the widget List","application.Samples.List.InputOnListTest","read"
"","2993","The test for getting the icon value from the field","","2026-09-21","passed","2026-09-21","","Info. Checking the basic functions for the Dictionary","application.Samples.Info.DictionaryOnInfoTest","icon"
"The test gets the value from the style attribute in RGB format, and then converts it to Hex format","2912","A test to get the field color value in Hex format","","2026-09-21","passed","2026-09-21","","Info. Checking the basic functions for the PickTree","application.Samples.Info.PickTreeOnInfoTest","color"
"The test sets the value in the field. After approval, the popup window, the title, the text in it, and the buttons are validated","6826","Business Exception Validation Test","","2026-09-21","passed","2026-09-21","","Form. Checking the basic functions for the MultipleSelect in the widget Form","application.Samples.Form.MultipleSelectOnFormTest","businessException"
"Lazy load: the widget opens collapsed; the children are not requested until the node is expanded","6915","Only the root rows are loaded; a node is collapsed, a leaf has no arrow","","2026-09-21","passed","2026-09-21","","Tree. Lazy load: roots, expand, More per node, sorting","application.Samples.Tree.TreeLazyLoadTest","rootsOnly"
"Markdown does not allow a mark to start or end next to punctuation inside a word, so the toolbar greys the button out there. Lines check where the line is: punctuation refuses, letters and digits allow. A mark already applied stays clickable so it can be removed. Symbols are allowed but should not be: a known bug.","6777","Marks the toolbar greys out","","2026-09-21","passed","2026-09-21","","Form. RichText regression suite for the RichText in the widget Form","application.Samples.Form.RichTextOnFormTest","toolbarRefuses"
"The test clears the field and clicks the Save button. Then validates the message that the field is required.","16503","Required Message text Verification field test","","2026-09-21","passed","2026-09-21","","List. Checking the basic functions for the MultipleSelect in the widget List","application.Samples.List.MultipleSelectOnListTest","required"
"The test sets the value in the field. After approval, the popup window, the title, the text in it, and the buttons are validated","4043","Run-time exception validation test","","2026-09-21","passed","2026-09-21","","application.Samples.Form.PercentOnFormTest","application.Samples.Form.PercentOnFormTest","runtimeException"
"The test gets the value from the placeholder attribute and returns it in String format","2843","Test for getting the Placeholder value","","2026-09-21","passed","2026-09-21","","Form. Checking the basic functions for the Money in the widget Form","application.Samples.Form.MoneyOnFormTest","placeholder"
"The test sets the value in the field. After approval, the popup window, the title, the text in it, and the buttons are validated","4038","Business Exception Validation Test","","2026-09-21","passed","2026-09-21","","Form. Checking the basic functions for the Number in the widget Form","application.Samples.Form.NumberOnFormTest","businessException"
"The test checks the creation and deletion in the dictionary and the result of this work on another screen.","1818","Test sorting at List","","2026-09-21","passed","2026-09-21","","Checking the basic functions for the Dictionary administration panel","application.Samples.DictionaryAdministrationTest","sortingList"
"The test gets the value from the style attribute in RGB format, and then converts it to Hex format","0","A test to get the field color value in Hex format","","2026-09-21","skipped","2026-09-21","","Form. Checking the basic functions for the PickTree in the widget Form","application.Samples.Form.PickTreeOnFormTest","color"
"The test sets the value in the field via Popup using a unique id, and then checks the value in the field with what needs to be set.","4970","A test for setting a value in a field","","2026-09-21","passed","2026-09-21","","List. Checking the basic functions for the PickList in the widget List","application.Samples.List.PickListOnListTest","edit"
"Add creates an empty root row inside the popup; the row is saved from its menu and then deleted from its menu.","11235","AssocTreePopup: create inline, save, delete","","2026-09-21","passed","2026-09-21","","PickTreePopup, AssocTreePopup. Row actions inside the popup","application.Samples.Tree.PopupRowActionsTest","assocCreateInlineAndDelete"
"Sorting is not available for the Form widget","0","Sorting test","","2026-09-21","skipped","2026-09-21","","Form. Checking the basic functions for the Input in the widget Form","application.Samples.Form.InputTest","sorting"
"","2748","position()","","2026-09-21","passed","2026-09-21","","Form. Checking the basic functions for the Text in the widget Form","application.Samples.Form.TextOnFormTest","position"
"","2945","The test for getting the value from the field","","2026-09-21","passed","2026-09-21","","Info. Checking the basic functions for the Number","application.Samples.Info.NumberOnInfoTest","read"
"","2804","position()","","2026-09-21","passed","2026-09-21","","Info. Checking the basic functions for the Percent","application.Samples.Info.PercentOnInfoTest","position"
"","2325","position()","","2026-09-21","passed","2026-09-21","","Form. Checking the basic functions for the Input in the widget Form","application.Samples.Form.InputTest","position"
"The test clears the field and clicks the Save button. Then validates the message that the field is required.","5650","Required Message text Verification field test","","2026-09-21","passed","2026-09-21","","Form. Checking the basic functions for the MultiValueTree in the widget Form","application.Samples.Form.MultiValueTreeOnFormTest","required"
"selection = node: the node is checked explicitly, the children get the dimmed checkbox","11722","Checking a node marks its loaded children as implicitly selected","","2026-09-21","passed","2026-09-21","","AssocTreePopup. Selection of a node and of its children","application.Samples.Tree.AssocTreePopupSelectionTest","selectNodeCoversChildren"
"The test sets the value in the field. After approval, the popup window, the title, the text in it, and the buttons are validated","6459","Business Exception Validation Test","","2026-09-21","passed","2026-09-21","","Form. Checking the basic functions for the DateTimeWithSeconds in the widget Form","application.Samples.Form.DateTimeWithSecondsTest","businessException"
"The test checks for the disabled attribute","2376","A test to check the field for ""Read-only""","","2026-09-21","passed","2026-09-21","","Form. Checking the basic functions for the DateTimeWithSeconds in the widget Form","application.Samples.Form.DateTimeWithSecondsTest","readonly"
"The test sets the value in the field, and then checks the value in the field with what should be set","3331","A test for setting a value in a field","","2026-09-21","passed","2026-09-21","","Form. Checking the basic functions for the FileUpload in the widget Form","application.Samples.Form.FileUploadOnFormTest","edit"
"The test checks the list of options that the method returns, with the expected result.","8806","Test to get a list of options","","2026-09-21","passed","2026-09-21","","List. Checking the basic functions for the MultipleSelect in the widget List","application.Samples.List.MultipleSelectOnListTest","getListOptions"
"","8349","More of a node in the nextAndPreviousWithHasNext mode","","2026-09-21","passed","2026-09-21","","Tree. Lazy load: roots, expand, More per node, sorting","application.Samples.Tree.TreeLazyLoadTest","nodeMoreHasNext"
"The test checks for the disabled attribute","2935","A test to check the field for ""Read-only""","","2026-09-21","passed","2026-09-21","","Form. Checking the basic functions for the Suggestion PickList in the widget Form","application.Samples.Form.SuggestionPickListOnFormTest","readonly"
"Info Widget is always read-only","0","A test to check the field for ""Read-only""","","2026-09-21","skipped","2026-09-21","","Info. Checking the basic functions for the MultiplySelect","application.Samples.Info.MultipleSelectOnInfoTest","readonly"
"Sorting is not available for the Form widget","0","Sorting test","","2026-09-21","skipped","2026-09-21","","Form. Checking the basic functions for the MultiValue in the widget Form","application.Samples.Form.MultiValueOnFormTest","sorting"
"The test gets the value from the placeholder attribute and returns it in String format","3579","Test for getting the Placeholder value","","2026-09-21","passed","2026-09-21","","List. Checking the basic functions for the Dictionary in the widget List","application.Samples.List.DictionaryOnListTest","placeholder"
"","2982","The test for getting the value from the field","","2026-09-21","passed","2026-09-21","","Info. Checking the basic functions for the Input","application.Samples.Info.InputTest","read"
"The InfoWidget doesn't have a Placeholder.","0","Test for getting the Placeholder value","","2026-09-21","skipped","2026-09-21","","Info. Checking the basic functions for the Number","application.Samples.Info.NumberOnInfoTest","placeholder"
"","2952","position()","","2026-09-21","passed","2026-09-21","","application.Samples.Info.TextOnInfoTest","application.Samples.Info.TextOnInfoTest","position"
"The test sets the value in the field. After approval, by clicking on the save button, the popup window, the title, the text in it, and the buttons are validated.","10130","Confirmation Popup Validation Test","","2026-09-21","passed","2026-09-21","","List. Checking the basic functions for the CheckBox","application.Samples.List.CheckBoxOnListTest","confirm"
"The test gets the value from the placeholder attribute and returns it in String format","2540","Test for getting the Placeholder value","","2026-09-21","passed","2026-09-21","","Form. Checking the basic functions for the Text in the widget Form","application.Samples.Form.TextOnFormTest","placeholder"
"","2539","position()","","2026-09-21","passed","2026-09-21","","List. Checking the basic functions for the MultiValueTree in the widget List","application.Samples.List.MultiValueTreeOnListTest","position"
"Checking the url before the transition and after the transition/click on a special element","2796","The DrillDown test","","2026-09-21","passed","2026-09-21","","application.Samples.List.RadioOnListTest","application.Samples.List.RadioOnListTest","drillDown"
"The test sets a value with the wrong data type in several fields for different widgets. After approval, it checks the text under the field, which informs about the correctness of the type of data entered","9116","Required Message validation test for multiple fields","","2026-09-21","passed","2026-09-21","","List. Checking the basic functions for the FileUpload in the widget List","application.Samples.List.FileUploadOnListTest","fieldLevelValidation"
"Info Widget is always read-only","0","A test to check the field for ""Read-only""","","2026-09-21","skipped","2026-09-21","","application.Samples.Info.RadioOnInfoTest","application.Samples.Info.RadioOnInfoTest","readonly"
"The test gets the value in the field, and then checks the value in the field with what should be.","0","A test for checking a value in a field","","2026-09-21","skipped","2026-09-21","","List. Checking the basic functions for the MultipleSelect in the widget List","application.Samples.List.MultipleSelectOnListTest","read"
"DrillDown is not available for InfoWidget.","0","The DrillDown test","","2026-09-21","skipped","2026-09-21","","Info. Checking the basic functions for the MultiplySelect","application.Samples.Info.MultipleSelectOnInfoTest","drillDown"
"","5313","test_2()","","2026-09-21","passed","2026-09-21","","List. Checking the basic functions for the PickList in the widget List","application.Samples.List.PickListOnListTest","test_2"
"The test sets the value in the field. After approval, the popup window, the title, the text in it, and the buttons are validated","4929","Run-time exception validation test","","2026-09-21","passed","2026-09-21","","Form. Checking the basic functions for the Suggestion PickList in the widget Form","application.Samples.Form.SuggestionPickListOnFormTest","runtimeException"
"The test sets the value in the field, and then checks the value in the field with what should be set.","6912","A test for setting a value in a field","","2026-09-21","passed","2026-09-21","","List. Checking the basic functions for the DateTime in the widget List","application.Samples.List.DateTimeOnListTest","edit"
"The test sets the value in the field. After approval, the popup window, the title, the text in it, and the buttons are validated.","3590","Business Exception Validation Test","","2026-09-21","passed","2026-09-21","","Form. Checking the basic functions for the MultiValue in the widget Form","application.Samples.Form.MultiValueOnFormTest","businessException"
"The test gets the value from the style attribute in RGB format, and then converts it to Hex format","2692","A test to get the field color value in Hex format","","2026-09-21","passed","2026-09-21","","Info. Checking the basic functions for the Money","application.Samples.Info.MoneyOnInfoTest","color"
"Sorting is not available for InfoWidget.","0","Sorting test","","2026-09-21","skipped","2026-09-21","","Info. Checking the basic functions for the MultiplySelect","application.Samples.Info.MultipleSelectOnInfoTest","sorting"
"The test gets the value in the field, and then checks the value in the field with what should be.","0","A test for checking a value in a field","","2026-09-21","skipped","2026-09-21","","List. Checking the basic functions for the Money in the widget List","application.Samples.List.MoneyOnListTest","read"
"Info Widget is always read-only","0","A test to check the field for ""Read-only""","","2026-09-21","skipped","2026-09-21","","Info. Checking the basic functions for the PickList","application.Samples.Info.PickListOnInfoTest","readonly"
"Info widgets do not support placeholder attribute","2908","Test for getting the Placeholder value","","2026-09-21","passed","2026-09-21","","Info. Checking the basic functions for the Time","application.Samples.Info.TimeOnInfoTest","placeholder"
"The test checks for the disabled attribute.","3153","A test to check the field for ""Read-only""","","2026-09-21","passed","2026-09-21","","List. Checking the basic functions for the Date in the widget List","application.Samples.List.DateOnListTest","readonly"
"The test sets the value with the wrong data type in the field. After approval, it checks the text under the field, which informs about the correctness of the type of data entered.","7823","Required Message validation test for one field","","2026-09-21","passed","2026-09-21","","List. Checking the basic functions for the Input in the widget List","application.Samples.List.InputOnListTest","fieldLevelValidationAnnotation"
"The test sets the value in the field. After approval, the popup window, the title, the text in it, and the buttons are validated","3883","Business Exception Validation Test","","2026-09-21","passed","2026-09-21","","Form. Checking the basic functions for the FileUpload in the widget Form","application.Samples.Form.FileUploadOnFormTest","businessException"
"The test adds a value after removing all previous values.","30558","Value setting test with field clearing","","2026-09-21","passed","2026-09-21","","Form. Checking the basic functions for the MultipleSelect in the widget Form","application.Samples.Form.MultipleSelectOnFormTest","setValue"
"Filtering is not available for InfoWidget.","0","Filtering test","","2026-09-21","skipped","2026-09-21","","Info. Checking the basic functions for the MultiValueHover","application.Samples.Info.MultiValueHoverOnInfoTest","filtration"
"The test clears the field and clicks the Save button. Then validates the message that the field is required","3834","Required Message text Verification field test","","2026-09-21","passed","2026-09-21","","Form. Checking the basic functions for the InlinePickList in the widget Form","application.Samples.Form.InlinePickListOnFormTest","required"
"The test gets the value from the style attribute in RGB format, and then converts it to Hex format","2866","A test to get the field color value in Hex format","","2026-09-21","passed","2026-09-21","","List. Checking the basic functions for the Date in the widget List","application.Samples.List.DateOnListTest","color"
"Info Widget is always read-only","0","A test to check the field for ""Read-only""","","2026-09-21","skipped","2026-09-21","","Info. Checking the basic functions for the Money","application.Samples.Info.MoneyOnInfoTest","readonly"
"","2974","The test for getting the value from the field","","2026-09-21","passed","2026-09-21","","Info. Checking the basic functions for the Percent","application.Samples.Info.PercentOnInfoTest","read"
"The test sets the value with the wrong data type in the field. After approval, it checks the text under the field, which informs about the correctness of the type of data entered","4648","Required Message validation test for one field","","2026-09-21","passed","2026-09-21","","Form. Checking the basic functions for the Number in the widget Form","application.Samples.Form.NumberOnFormTest","fieldLevelValidationAnnotation"
"The test gets the value from the placeholder attribute and returns it in String format","3582","Test for getting the Placeholder value","","2026-09-21","passed","2026-09-21","","List. Checking the basic functions for the dateTimeWithSec in the widget List","application.Samples.List.DateTimeWithSecondsOnListTest","placeholder"
"Info Widget is always read-only","2881","A test to check the field for ""Read-only""","","2026-09-21","passed","2026-09-21","","Info. New Api.  Checking the basic functions for the CheckBox","application.Samples.Info.CheckboxTest","readonly"
"The test gets the value from the style attribute in RGB format, and then converts it to Hex format","2982","A test to get the field color value in Hex format","","2026-09-21","passed","2026-09-21","","List. Checking the basic functions for the MultiValue in the widget List","application.Samples.List.MultiValueOnListTest","color"
"","2734","position()","","2026-09-21","passed","2026-09-21","","List. Checking the basic functions for the MultiValue in the widget List","application.Samples.List.MultiValueOnListTest","position"
"Getting a Placeholder is not available","0","Test for getting the Placeholder value","","2026-09-21","skipped","2026-09-21","","Form. Checking the basic functions for the MultiValueHover in the widget Form","application.Samples.Form.MultiValueHoverOnFormTest","placeholder"
"The test checks for the disabled attribute.","3318","A test to check the field for ""Read-only""","","2026-09-21","passed","2026-09-21","","List. Checking the basic functions for the PickTree in the widget List","application.Samples.List.PickTreeOnListTest","readonly"
"Filtering is not available for InfoWidget.","0","Filtering test","","2026-09-21","skipped","2026-09-21","","Info. Checking the basic functions for the PickList","application.Samples.Info.PickListOnInfoTest","filtration"
"The test gets the value from the placeholder attribute and returns it in String format","3385","Test for getting the Placeholder value","","2026-09-21","passed","2026-09-21","","List. Checking the basic functions for the MultiValueTree in the widget List","application.Samples.List.MultiValueTreeOnListTest","placeholder"
"The test check icon's name from the drop-down list ","4103","A test for checking the icon","","2026-09-21","passed","2026-09-21","","Form. Checking the basic functions for the Dictionary in the widget Form","application.Samples.Form.DictionaryOnFormTest","icon"
"The test sets the value in the field, and then checks the value in the field with what should be set","4515","A test for setting a value in a field","","2026-09-21","passed","2026-09-21","","application.Samples.Form.PercentOnFormTest","application.Samples.Form.PercentOnFormTest","edit"
"The test sets the value in the field. After approval, the popup window, the title, the text in it, and the buttons are validated","3345","Run-time exception validation test","","2026-09-21","passed","2026-09-21","","Form. Checking the basic functions for the Number in the widget Form","application.Samples.Form.NumberOnFormTest","runtimeException"
"DrillDown is not available for InfoWidget.","0","The DrillDown test","","2026-09-21","skipped","2026-09-21","","Info. Checking the basic functions for the FileUp","application.Samples.Info.FileUploadOnInfoTest","drillDown"
"","2711","position()","","2026-09-21","passed","2026-09-21","","Info. Checking the basic functions for the PickList","application.Samples.Info.PickListOnInfoTest","position"
"The test sets the value in the field via Popup using a unique id, and then checks the value in the field with what needs to be set.","6164","A test for setting a value in a field","","2026-09-21","passed","2026-09-21","","List. Checking the basic functions for the PickTree in the widget List","application.Samples.List.PickTreeOnListTest","edit"
"Edit from the row menu drills down to the form view; Save and Close returns to the tree with the changed value.","15951","Edit with view","","2026-09-21","passed","2026-09-21","","Tree. Standard actions: create and edit (inline, inline-form, with view)","application.Samples.Tree.TreeActionsTest","editWithView"
"Sorting by the specified column.","25090","Sorting test","","2026-09-21","passed","2026-09-21","","List. Checking the basic functions for the Input in the widget List","application.Samples.List.InputOnListTest","sorting"
"","5640","Filtering test","","2026-09-21","passed","2026-09-21","","List. Checking the basic functions for the MultiField in the widget List","application.Samples.List.MultiFieldOnListTest","filtration"
"The test sets the value with the wrong data type in the field. After approval, it checks the text under the field, which informs about the correctness of the type of data entered.","8373","Required Message validation test for one field","","2026-09-21","passed","2026-09-21","","application.Samples.List.RadioOnListTest","application.Samples.List.RadioOnListTest","fieldLevelValidationAnnotation"
"The test sets the value in the field. After approval, the popup window, the title, the text in it, and the buttons are validated","3824","Run-time exception validation test","","2026-09-21","passed","2026-09-21","","Form. Checking the basic functions for the DateTimeWithSeconds in the widget Form","application.Samples.Form.DateTimeWithSecondsTest","runtimeException"
"The test sets the value to false in the field, and then checks the value in the field with what should be set.","5025","A test for setting a value in a field","","2026-09-21","passed","2026-09-21","","List. Checking the basic functions for the CheckBox","application.Samples.List.CheckBoxOnListTest","edit"
"","2274","position()","","2026-09-21","passed","2026-09-21","","List. Checking the basic functions for the Hint in the widget List","application.Samples.List.HintOnListTest","position"
"onFilterApplyNestLevel = 0: the parents are not requested; the rows wait in the unallocated block","8024","A found row whose parents are not loaded is shown apart with the >... button","","2026-09-21","passed","2026-09-21","","Tree. Search modes: collapse, hide, restoring the path of the found rows","application.Samples.Tree.TreeSearchModesTest","foundRowsAreUnallocated"
"Filtering by the specified column.","4484","Filtering test","","2026-09-21","passed","2026-09-21","","List. Checking the basic functions for the PickList in the widget List","application.Samples.List.PickListOnListTest","filtration"
"","3302","Constant title of the popup; the popup with selection = node","","2026-09-21","passed","2026-09-21","","PickTreePopup. Title, color, lazy load, search modes, selection","application.Samples.Tree.PickTreePopupTest","constantTitle"
"Filtering by the specified column.","5200","Filtering test","","2026-09-21","passed","2026-09-21","","List. Checking the basic functions for the Input in the widget List","application.Samples.List.InputOnListTest","filtration"
"The popup of the pickList field opens from the row; a click on a row of the popup picks the value and closes the popup","6742","A value is picked from the popup into the field of the list","","2026-09-21","passed","2026-09-21","","PickListPopup. Basics and title","application.Samples.Popup.PickListPopupTest","basics"
"The test clears the field and clicks the Save button. Then validates the message that the field is required.","6851","Required Message text Verification field test","","2026-09-21","passed","2026-09-21","","List. Checking the basic functions for the DateTime in the widget List","application.Samples.List.DateTimeOnListTest","required"
"The test gets the value from the placeholder attribute and returns it in String format","3273","Test for getting the Placeholder value","","2026-09-21","passed","2026-09-21","","List. Checking the basic functions for the MultiValue in the widget List","application.Samples.List.MultiValueOnListTest","placeholder"
"Sorting is not available for InfoWidget.","0","Sorting test","","2026-09-21","skipped","2026-09-21","","application.Samples.Info.TextOnInfoTest","application.Samples.Info.TextOnInfoTest","sorting"
"The test sets the value in the field. After approval, the popup window, the title, the text in it, and the buttons are validated","5111","Business Exception Validation Test","","2026-09-21","passed","2026-09-21","","Form. Checking the basic functions for the DateTime in the widget Form","application.Samples.Form.DateTimeOnFormTest","businessException"
"The test checks for the disabled attribute.","1974","A test to check the field for ""Read-only""","","2026-09-21","passed","2026-09-21","","List. Checking the basic functions for the CheckBox","application.Samples.List.CheckBoxOnListTest","readonly"
"The test sets the value in the field. After approval, by clicking on the save button, the popup window, the title, the text in it, and the buttons are validated.","4072","Confirmation Popup Validation Test","","2026-09-21","passed","2026-09-21","","Form. Checking the basic functions for the MultiValue in the widget Form","application.Samples.Form.MultiValueOnFormTest","confirm"
"The test checks for the disabled attribute","2328","A test to check the field for ""Read-only""","","2026-09-21","passed","2026-09-21","","Form. Checking the basic functions for the FileUpload in the widget Form","application.Samples.Form.FileUploadOnFormTest","readonly"
"","3316","position()","","2026-09-21","passed","2026-09-21","","List. Checking the basic functions for the Dictionary in the widget List","application.Samples.List.DictionaryOnListTest","position"
"The test edit a new field in the admin panel","1446","Test for edit admin value","","2026-09-21","passed","2026-09-21","","Checking the basic functions for the Dictionary administration panel","application.Samples.DictionaryAdministrationTest","edit"
"Filtering is not available for InfoWidget.","0","Filtering test","","2026-09-21","skipped","2026-09-21","","Info. Checking the basic functions for the MultiValueTree","application.Samples.Info.MultiValueTreeOnInfoTest","filtration"
"Verify that all action will be displayed","6263","Check action with mixed","","2026-09-21","passed","2026-09-21","","Form. Checking action group with only text, only icon and mixed","application.Samples.Feature.actionIcon.ActionGroupTest","checkActionGroupMixed"
"The Hint field type is always read-only","0","A test to check the field for ""Read-only""","","2026-09-21","skipped","2026-09-21","","List. Checking the basic functions for the Hint in the widget List","application.Samples.List.HintOnListTest","readonly"
"The test sets the value in the field. After approval, the popup window, the title, the text in it, and the buttons are validated.","3878","Run-time exception validation test","","2026-09-21","passed","2026-09-21","","List. Checking the basic functions for the MultiValueTree in the widget List","application.Samples.List.MultiValueTreeOnListTest","runtimeException"
"The test sets the value in the field. After approval, by clicking on the save button, the popup window, the title, the text in it, and the buttons are validated.","9914","Confirmation Popup Validation Test","","2026-09-21","passed","2026-09-21","","List. Checking the basic functions for the MultipleSelect in the widget List","application.Samples.List.MultipleSelectOnListTest","confirm"
"Filtering is not available for the Form widget","0","Filtering test","","2026-09-21","skipped","2026-09-21","","application.Samples.Form.RadioOnFormTest","application.Samples.Form.RadioOnFormTest","filtration"
"The test sets a value with the wrong data type in several fields for different widgets. After approval, it checks the text under the field, which informs about the correctness of the type of data entered","9226","Required Message validation test for multiple fields","","2026-09-21","passed","2026-09-21","","Form. Checking the basic functions for the CheckBox","application.Samples.Form.CheckBoxOnFormTest","fieldLevelValidation"
"The test sets the value in the field. After approval, by clicking on the save button, the popup window, the title, the text in it, and the buttons are validated","5539","Confirmation Popup Validation Test","","2026-09-21","passed","2026-09-21","","Form. Checking the basic functions for the CheckBox","application.Samples.Form.CheckBoxOnFormTest","confirm"
"The test clears the field and clicks the Save button. Then validates the message that the field is required.","6242","Required Message text Verification field test","","2026-09-21","passed","2026-09-21","","List. Checking the basic functions for the PickList in the widget List","application.Samples.List.PickListOnListTest","required"
"Filtering is not available for the Form widget","0","Filtering test","","2026-09-21","skipped","2026-09-21","","Form. Checking the basic functions for the MultiValueTree in the widget Form","application.Samples.Form.MultiValueTreeOnFormTest","filtration"
"The node becomes partially selected; the other child stays checked explicitly","9986","Unchecking a child of a selected node switches the node to the manual selection","","2026-09-21","passed","2026-09-21","","AssocTreePopup. Selection of a node and of its children","application.Samples.Tree.AssocTreePopupSelectionTest","uncheckChildSwitchesToManual"
"The test sets the value in the field. After approval, by clicking on the save button, the popup window, the title, the text in it, and the buttons are validated","7102","Confirmation Popup Validation Test","","2026-09-21","passed","2026-09-21","","Form. Checking the basic functions for the Number in the widget Form","application.Samples.Form.NumberOnFormTest","confirm"
"The test clears the field and clicks the Save button. Then validates the message that the field is required","3631","Required Message text Verification field test","","2026-09-21","passed","2026-09-21","","Form. Checking the basic functions for the DateTimeWithSeconds in the widget Form","application.Samples.Form.DateTimeWithSecondsTest","required"
"The test clears the field and clicks the Save button. Then validates the message that the field is required","4785","Required Message text Verification field test","","2026-09-21","passed","2026-09-21","","Form. Checking the basic functions for the Suggestion PickList in the widget Form","application.Samples.Form.SuggestionPickListOnFormTest","required"
"The test gets the value in the field, and then checks the value in the field with what should be.","3407","A test for checking a value in a field","","2026-09-21","passed","2026-09-21","","List. Checking the basic functions for the PickTree in the widget List","application.Samples.List.PickTreeOnListTest","read"
"The test gets the value from the placeholder attribute and returns it in String format","3489","Test for getting the Placeholder value","","2026-09-21","passed","2026-09-21","","List. Checking the basic functions for the Time","application.Samples.List.TimeOnListTest","placeholder"
"The test gets the value from the style attribute in RGB format, and then converts it to Hex format","2544","A test to get the field color value in Hex format","","2026-09-21","passed","2026-09-21","","Form. Checking the basic functions for the Text in the widget Form","application.Samples.Form.TextOnFormTest","color"
"Checking the url before the transition and after the transition/click on a special element","2960","The DrillDown test","","2026-09-21","passed","2026-09-21","","List. Checking the basic functions for the PickTree in the widget List","application.Samples.List.PickTreeOnListTest","drillDown"
"Sorting is not available for InfoWidget.","0","Sorting test","","2026-09-21","skipped","2026-09-21","","Info. Checking the basic functions for the PickList","application.Samples.Info.PickListOnInfoTest","sorting"
"The test checks the value of the digits attributes","5242","Required Message text Verification field test","","2026-09-21","passed","2026-09-21","","Form. Checking the basic functions for the Input in the widget Form","application.Samples.Form.InputTest","maxInput"
"Block formatting: headings, bullet and numbered lists, quotes, code blocks, and documents with several blocks. Some values cannot be user input (deeper headings, nested lists, links): they are DB input only, checked to open and be stored again unchanged.","8304","Headings, lists, quotes, code blocks","","2026-09-21","passed","2026-09-21","","Form. RichText regression suite for the RichText in the widget Form","application.Samples.Form.RichTextOnFormTest","blocks"
"The pencil of the row opens the row form inside the tree; the changed value is saved and shown in the row.","14952","Edit inline-form","","2026-09-21","passed","2026-09-21","","Tree. Standard actions: create and edit (inline, inline-form, with view)","application.Samples.Tree.TreeActionsTest","editInlineForm"
"","2708","position()","","2026-09-21","passed","2026-09-21","","Info. Checking the basic functions for the PickTree","application.Samples.Info.PickTreeOnInfoTest","position"
"Checking the url before the transition and after the transition/click on a special element","2","The DrillDown test","","2026-09-21","skipped","2026-09-21","","List. Checking the basic functions for the MultipleSelect in the widget List","application.Samples.List.MultipleSelectOnListTest","drillDown"
"The test sets the value in the field, and then checks the value in the field with what should be set.","5874","A test for setting a value in a field","","2026-09-21","passed","2026-09-21","","List. Checking the basic functions for the dateTimeWithSec in the widget List","application.Samples.List.DateTimeWithSecondsOnListTest","edit"
"The test checks for the disabled attribute.","3468","A test to check the field for ""Read-only""","","2026-09-21","passed","2026-09-21","","List. Checking the basic functions for the PickList in the widget List","application.Samples.List.PickListOnListTest","readonly"
"The test checks for the disabled attribute.","2377","A test to check the field for ""Read-only""","","2026-09-21","passed","2026-09-21","","Form. Checking the basic functions for the PickTree in the widget Form","application.Samples.Form.PickTreeOnFormTest","readonly"
"The test sets the value in the field. After approval, the popup window, the title, the text in it, and the buttons are validated.","4852","Run-time exception validation test","","2026-09-21","passed","2026-09-21","","List. Checking the basic functions for the Input in the widget List","application.Samples.List.InputOnListTest","runtimeException"
"","3098","Test to get the name of the downloaded file","","2026-09-21","passed","2026-09-21","","Info. Checking the basic functions for the FileUp","application.Samples.Info.FileUploadOnInfoTest","getFileName"
"The test sets the value in the field. After approval, the popup window, the title, the text in it, and the buttons are validated.","4884","Run-time exception validation test","","2026-09-21","passed","2026-09-21","","List. Checking the basic functions for the PickList in the widget List","application.Samples.List.PickListOnListTest","runtimeException"
"The test checks for the disabled attribute.","2834","A test to check the field for ""Read-only""","","2026-09-21","passed","2026-09-21","","List. Checking the basic functions for the dateTimeWithSec in the widget List","application.Samples.List.DateTimeWithSecondsOnListTest","readonly"
"DrillDown is not available for InfoWidget.","3030","The DrillDown test","","2026-09-21","passed","2026-09-21","","Info. Checking the basic functions for the DateTime","application.Samples.Info.DateTimeOnInfoTest","drillDown"
"The InfoWidget doesn't have a Placeholder.","2259","Test for getting the Placeholder value","","2026-09-21","passed","2026-09-21","","Info. Checking the basic functions for the DateTimeWithSeconds","application.Samples.Info.DateTimeWithSecondsTest","placeholder"
"Sorting is not available for the Form widget","0","Sorting test","","2026-09-21","skipped","2026-09-21","","application.Samples.Form.PercentOnFormTest","application.Samples.Form.PercentOnFormTest","sorting"
"The pencil of the popup row opens its form (options.edit.widget); the changed value is saved and shown.","17920","AssocTreePopup: edit inline-form","","2026-09-21","passed","2026-09-21","","PickTreePopup, AssocTreePopup. Row actions inside the popup","application.Samples.Tree.PopupRowActionsTest","assocEditInlineForm"
"Sorting is not available for InfoWidget.","0","Sorting test","","2026-09-21","skipped","2026-09-21","","Info. Checking the basic functions for the Hint","application.Samples.Info.HintOnInfoTest","sorting"
"The test sets the value in the field, and then checks the value in the field with what should be set","11920","A test for setting a value in a field","","2026-09-21","passed","2026-09-21","","application.Samples.Form.TimeOnFormTest","application.Samples.Form.TimeOnFormTest","edit"
"The test checks for the disabled attribute.","2760","A test to check the field for ""Read-only""","","2026-09-21","passed","2026-09-21","","List. Checking the basic functions for the Input in the widget List","application.Samples.List.InputOnListTest","readonly"
"","2811","position()","","2026-09-21","passed","2026-09-21","","Info. New Api.  Checking the basic functions for the CheckBox","application.Samples.Info.CheckboxTest","position"
"Checking the url before the transition and after the transition/click on a special element","3199","The DrillDown test","","2026-09-21","passed","2026-09-21","","List. Checking the basic functions for the Money in the widget List","application.Samples.List.MoneyOnListTest","drillDown"
"Filtering is not available for InfoWidget.","0","Filtering test","","2026-09-21","skipped","2026-09-21","","Info. Checking the basic functions for the Input","application.Samples.Info.InputTest","filtration"
"","2783","position()","","2026-09-21","passed","2026-09-21","","Info. Checking the basic functions for the Input","application.Samples.Info.InputTest","position"
"The test sets several values in the field, then checks the list with the expected value.","13572","A test for setting multiple values in a field","","2026-09-21","passed","2026-09-21","","Form. Checking the basic functions for the MultiValue in the widget Form","application.Samples.Form.MultiValueOnFormTest","test_set"
"The test gets the value from the style attribute in RGB format, and then converts it to Hex format","2577","A test to get the field color value in Hex format","","2026-09-21","passed","2026-09-21","","Form. Checking the basic functions for the MultiValue in the widget Form","application.Samples.Form.MultiValueOnFormTest","color"
"Checking the url before the transition and after the transition/click on a special element","3122","The DrillDown test","","2026-09-21","passed","2026-09-21","","List. Checking the basic functions for the Time","application.Samples.List.TimeOnListTest","drillDown"
"The test clears the field and clicks the Save button. Then validates the message that the field is required","4892","Required Message text Verification field test","","2026-09-21","passed","2026-09-21","","Form. Checking the basic functions for the Text in the widget Form","application.Samples.Form.TextOnFormTest","required"
"Getting the field color is not available","0","A test to get the field color value in Hex format","","2026-09-21","skipped","2026-09-21","","List. Checking the basic functions for the Hint in the widget List","application.Samples.List.HintOnListTest","color"
"The test sets the value in the field. After approval, the popup window, the title, the text in it, and the buttons are validated.","3756","Run-time exception validation test","","2026-09-21","passed","2026-09-21","","Form. Checking the basic functions for the MultiValueTree in the widget Form","application.Samples.Form.MultiValueTreeOnFormTest","runtimeException"
"The test gets the value from the placeholder attribute and returns it in String format","4501","Test for getting the Placeholder value","","2026-09-21","passed","2026-09-21","","List. Checking the basic functions for the MultipleSelect in the widget List","application.Samples.List.MultipleSelectOnListTest","placeholder"
"Filtering by the specified column.","9711","Filtering test","","2026-09-21","passed","2026-09-21","","List. Checking the basic functions for the dateTimeWithSec in the widget List","application.Samples.List.DateTimeWithSecondsOnListTest","filtration"
"DrillDown is not available for InfoWidget.","3192","The DrillDown test","","2026-09-21","passed","2026-09-21","","Info. Checking the basic functions for the Input","application.Samples.Info.InputTest","drillDown"
"Checking the url before the transition and after the transition/click on a special element","3037","The DrillDown test","","2026-09-21","passed","2026-09-21","","application.Samples.List.SuggestionPickListOnListTest","application.Samples.List.SuggestionPickListOnListTest","drillDown"
"Sorting is not available for InfoWidget.","1","Sorting test","","2026-09-21","skipped","2026-09-21","","Info. Checking the basic functions for the MultiValueHover","application.Samples.Info.MultiValueHoverOnInfoTest","sorting"
"The test checks for the disabled attribute.","3275","A test to check the field for ""Read-only""","","2026-09-21","passed","2026-09-21","","List. Checking the basic functions for the Number in the widget List","application.Samples.List.NumberOnListTest","readonly"
"The test checks for the disabled attribute.","3471","A test to check the field for ""Read-only""","","2026-09-21","passed","2026-09-21","","List. Checking the basic functions for the Money in the widget List","application.Samples.List.MoneyOnListTest","readonly"
"The test sets the value in the field. After approval, the popup window, the title, the text in it, and the buttons are validated","4096","Run-time exception validation test","","2026-09-21","passed","2026-09-21","","Form. Checking the basic functions for the Input in the widget Form","application.Samples.Form.InputTest","runtimeException"
"Getting the field color is not available","0","A test to get the field color value in Hex format","","2026-09-21","skipped","2026-09-21","","Form. Checking the basic functions for the Hint in the widget Form","application.Samples.Form.HintOnFormTest","color"
"The test sets the value with the wrong data type in the field. After approval, it checks the text under the field, which informs about the correctness of the type of data entered.","5972","Required Message validation test for one field","","2026-09-21","passed","2026-09-21","","List. Checking the basic functions for the CheckBox","application.Samples.List.CheckBoxOnListTest","fieldLevelValidationAnnotation"
"The test sets the value in the field, and then checks the value in the field with what should be set.","3835","A test for setting a number with a fractional part in a field","","2026-09-21","passed","2026-09-21","","List. Checking the basic functions for the Number in the widget List","application.Samples.List.NumberOnListTest","digits"
"","2639","Test for getting the digits value","","2026-09-21","passed","2026-09-21","","Form. Checking the basic functions for the Number in the widget Form","application.Samples.Form.NumberOnFormTest","digits"
"Drill Down is not available for InfoWidget.","0","The DrillDown test","","2026-09-21","skipped","2026-09-21","","Info. Checking the basic functions for the MultiValue","application.Samples.Info.MultiValueOnInfoTest","drillDown"
"The test sets the value in the field. After approval, the popup window, the title, the text in it, and the buttons are validated","2996","Business Exception Validation Test","","2026-09-21","passed","2026-09-21","","application.Samples.Form.RadioOnFormTest","application.Samples.Form.RadioOnFormTest","businessException"
"Sorting by the specified column.","33856","Sorting test","","2026-09-21","passed","2026-09-21","","List. Checking the basic functions for the InlinePickList in the widget List","application.Samples.List.InlinePickListOnListTest","sorting"
"The test sets the value in the field. After approval, by clicking on the save button, the popup window, the title, the text in it, and the buttons are validated","7184","Confirmation Popup Validation Test","","2026-09-21","passed","2026-09-21","","Form. Checking the basic functions for the Money in the widget Form","application.Samples.Form.MoneyOnFormTest","confirm"
"The test sets the value in the field. After approval, the popup window, the title, the text in it, and the buttons are validated.","9278","Business Exception Validation Test","","2026-09-21","passed","2026-09-21","","List. Checking the basic functions for the MultipleSelect in the widget List","application.Samples.List.MultipleSelectOnListTest","businessException"
"The test sets the value with the wrong data type in the field. After approval, it checks the text under the field, which informs about the correctness of the type of data entered.","6767","Required Message validation test for one field","","2026-09-21","passed","2026-09-21","","List. Checking the basic functions for the FileUpload in the widget List","application.Samples.List.FileUploadOnListTest","fieldLevelValidationAnnotation"
"","4311","Popup without a title; the popup with selection = leaf","","2026-09-21","passed","2026-09-21","","PickTreePopup. Title, color, lazy load, search modes, selection","application.Samples.Tree.PickTreePopupTest","withoutTitle"
"The test sets the value in the field. After approval, the popup window, the title, the text in it, and the buttons are validated.","6363","Business Exception Validation Test","","2026-09-21","passed","2026-09-21","","List. Checking the basic functions for the InlinePickList in the widget List","application.Samples.List.InlinePickListOnListTest","businessException"
"Checking the url before the transition and after the transition/click on a special element","0","The DrillDown test","","2026-09-21","skipped","2026-09-21","","Form. Checking the basic functions for the Suggestion PickList in the widget Form","application.Samples.Form.SuggestionPickListOnFormTest","drillDown"
"DrillDown is not available for InfoWidget.","0","The DrillDown test","","2026-09-21","skipped","2026-09-21","","Info. Checking the basic functions for the PickList","application.Samples.Info.PickListOnInfoTest","drillDown"
"The test clears the field and clicks the Save button. Then validates the message that the field is required","3872","Required Message text Verification field test","","2026-09-21","passed","2026-09-21","","Form. Checking the basic functions for the CheckBox","application.Samples.Form.CheckBoxOnFormTest","required"
"The test sets the value in the field. After approval, by clicking on the save button, the popup window, the title, the text in it, and the buttons are validated.","10681","Confirmation Popup Validation Test","","2026-09-21","passed","2026-09-21","","List. Checking the basic functions for the Input in the widget List","application.Samples.List.InputOnListTest","confirm"
"The test sets the value in the field. After approval, by clicking on the save button, the popup window, the title, the text in it, and the buttons are validated.","7892","Confirmation Popup Validation Test","","2026-09-21","passed","2026-09-21","","Form. Checking the basic functions for the MultiValueTree in the widget Form","application.Samples.Form.MultiValueTreeOnFormTest","confirm"
"The test sets the value in the field. After approval, the popup window, the title, the text in it, and the buttons are validated.","5894","Run-time exception validation test","","2026-09-21","passed","2026-09-21","","List. Checking the basic functions for the Money in the widget List","application.Samples.List.MoneyOnListTest","runtimeException"
"The test gets the value from the style attribute in RGB format, and then converts it to Hex format","2190","A test to get the field color value in Hex format","","2026-09-21","passed","2026-09-21","","Form. Checking the basic functions for the MultipleSelect in the widget Form","application.Samples.Form.MultipleSelectOnFormTest","color"
"DrillDown is not available for InfoWidget.","2870","The DrillDown test","","2026-09-21","passed","2026-09-21","","Info. Checking the basic functions for the Date","application.Samples.Info.DateOnInfoTest","drillDown"
"The test sets the value in the field, and then checks the value in the field with what should be set","4183","A test for setting a value in a field","","2026-09-21","passed","2026-09-21","","Form. Checking the basic functions for the CheckBox","application.Samples.Form.CheckBoxOnFormTest","edit"
"","3824","A test to check the options of the drop-down list","","2026-09-21","passed","2026-09-21","","List. Checking the basic functions for the Dictionary in the widget List","application.Samples.List.DictionaryOnListTest","options"
"Checking the url before the transition and after the transition/click on a special element","0","The DrillDown test","","2026-09-21","skipped","2026-09-21","","Form. Checking the basic functions for the MultiValue in the widget Form","application.Samples.Form.MultiValueOnFormTest","drillDown"
"The test gets the value from the style attribute in RGB format, and then converts it to Hex format","2642","A test to get the field color value in Hex format","","2026-09-21","passed","2026-09-21","","Form. Checking the basic functions for the Dictionary in the widget Form","application.Samples.Form.DictionaryOnFormTest","color"
"The test clears the field and clicks the Save button. Then validates the message that the field is required","3784","Required Message text Verification field test","","2026-09-21","passed","2026-09-21","","Form. Checking the basic functions for the DateTime in the widget Form","application.Samples.Form.DateTimeOnFormTest","required"
"","2487","position()","","2026-09-21","passed","2026-09-21","","List. Checking the basic functions for the MultiField in the widget List","application.Samples.List.MultiFieldOnListTest","position"
"The test sets the value with the wrong data type in the field. After approval, it checks the text under the field, which informs about the correctness of the type of data entered.","2871","Required Message validation test for one field","","2026-09-21","passed","2026-09-21","","Form. Checking the basic functions for the MultiValue in the widget Form","application.Samples.Form.MultiValueOnFormTest","fieldLevelValidationAnnotation"
"The test checks for the disabled attribute.","2184","A test to check the field for ""Read-only""","","2026-09-21","passed","2026-09-21","","Form. Checking the basic functions for the MultiValue in the widget Form","application.Samples.Form.MultiValueOnFormTest","readonly"
"","2699","position()","","2026-09-21","passed","2026-09-21","","Form. Checking the basic functions for the InlinePickList in the widget Form","application.Samples.Form.InlinePickListOnFormTest","position"
"The test sets the value in the field. After approval, by clicking on the save button, the popup window, the title, the text in it, and the buttons are validated.","10901","Confirmation Popup Validation Test","","2026-09-21","passed","2026-09-21","","List. Checking the basic functions for the Dictionary in the widget List","application.Samples.List.DictionaryOnListTest","confirm"
"The test clears the field and clicks the Save button. Then validates the message that the field is required","4831","Required Message text Verification field test","","2026-09-21","passed","2026-09-21","","Form. Checking the basic functions for the Number in the widget Form","application.Samples.Form.NumberOnFormTest","required"
"","2564","position()","","2026-09-21","passed","2026-09-21","","List. Checking the basic functions for the FileUpload in the widget List","application.Samples.List.FileUploadOnListTest","position"
"The test checks the downloaded file with the template file that is contained in the resources","3876","A test to compare the downloaded file with the template","","2026-09-21","passed","2026-09-21","","Form. Checking the basic functions for the FileUpload in the widget Form","application.Samples.Form.FileUploadOnFormTest","compare"
"The test sets the value with the wrong data type in the field. After approval, it checks the text under the field, which informs about the correctness of the type of data entered.","9868","Required Message validation test for one field","","2026-09-21","passed","2026-09-21","","List. Checking the basic functions for the DateTime in the widget List","application.Samples.List.DateTimeOnListTest","fieldLevelValidationAnnotation"
"","2872","position()","","2026-09-21","passed","2026-09-21","","Form. Checking the basic functions for the DateTime in the widget Form","application.Samples.Form.DateTimeOnFormTest","position"
"Sorting by the specified column.","39631","Sorting test","","2026-09-21","passed","2026-09-21","","List. Checking the basic functions for the dateTimeWithSec in the widget List","application.Samples.List.DateTimeWithSecondsOnListTest","sorting"
"The test sets the value in the field. After approval, the popup window, the title, the text in it, and the buttons are validated.","6393","Run-time exception validation test","","2026-09-21","passed","2026-09-21","","application.Samples.List.TextOnListTest","application.Samples.List.TextOnListTest","runtimeException"
"","2674","position()","","2026-09-21","passed","2026-09-21","","Info. Checking the basic functions for the FileUp","application.Samples.Info.FileUploadOnInfoTest","position"
"The test gets the value in the field, and then checks the value in the field with what should be.","3337","A test for checking a value in a field","","2026-09-21","passed","2026-09-21","","List. Checking the basic functions for the Hint in the widget List","application.Samples.List.HintOnListTest","read"
"The test gets the value from the placeholder attribute and returns it in String format","2639","Test for getting the Placeholder value","","2026-09-21","passed","2026-09-21","","Form. Checking the basic functions for the Input in the widget Form","application.Samples.Form.InputTest","placeholder"
"","2760","The test for getting the value from the field","","2026-09-21","passed","2026-09-21","","Info. Checking the basic functions for the Hint","application.Samples.Info.HintOnInfoTest","read"
"","2712","The test for getting the value from the field","","2026-09-21","passed","2026-09-21","","Info. Checking the basic functions for the Date","application.Samples.Info.DateOnInfoTest","read"
"Sorting is not available for InfoWidget.","1","Sorting test","","2026-09-21","skipped","2026-09-21","","Info. Checking the basic functions for the FileUp","application.Samples.Info.FileUploadOnInfoTest","sorting"
"Switching the mode in the gear menu keeps the filter; switching back restores the arrows","13439","hide: the same rows, the arrows are replaced by the dot","","2026-09-21","passed","2026-09-21","","Tree. Search modes: collapse, hide, restoring the path of the found rows","application.Samples.Tree.TreeSearchModesTest","hideMode"
"The test gets the value in the field, and then checks the value in the field with what should be.","1","A test for checking a value in a field","","2026-09-21","skipped","2026-09-21","","List. Checking the basic functions for the InlinePickList in the widget List","application.Samples.List.InlinePickListOnListTest","read"
"A custom action that deletes the record removes its row from the node; the other rows stay.","19355","Custom delete removes the row","","2026-09-21","passed","2026-09-21","","Tree. Node refresh after custom actions","application.Samples.Tree.TreeNodeRefreshTest","customDeleteRemovesRow"
"The test sets the value in the field. After approval, by clicking on the save button, the popup window, the title, the text in it, and the buttons are validated","11546","Confirmation Popup Validation Test","","2026-09-21","passed","2026-09-21","","Form. Checking the basic functions for the DateTime in the widget Form","application.Samples.Form.DateTimeOnFormTest","confirm"
"The test clears the field and clicks the Save button. Then validates the message that the field is required.","7659","Required Message text Verification field test","","2026-09-21","passed","2026-09-21","","List. Checking the basic functions for the Dictionary in the widget List","application.Samples.List.DictionaryOnListTest","required"
"","3439","position()","","2026-09-21","passed","2026-09-21","","List. Checking the basic functions for the InlinePickList in the widget List","application.Samples.List.InlinePickListOnListTest","position"
"The test sets the value in the field. After approval, the popup window, the title, the text in it, and the buttons are validated","4462","Run-time exception validation test","","2026-09-21","passed","2026-09-21","","Form. Checking the basic functions for the Money in the widget Form","application.Samples.Form.MoneyOnFormTest","runtimeException"
"The test sets the value in the field, and then checks the value in the field with what should be set.","7273","A test for setting a value in a field","","2026-09-21","passed","2026-09-21","","List. Checking the basic functions for the Date in the widget List","application.Samples.List.DateOnListTest","edit"
"The test checks the creation and deletion in the dictionary and the result of this work on another screen.","1778","Test region at Form","","2026-09-21","passed","2026-09-21","","Checking the basic functions for the Dictionary administration panel","application.Samples.DictionaryAdministrationTest","regionsForm"
"","2637","position()","","2026-09-21","passed","2026-09-21","","Form. Checking the basic functions for the MultiField in the widget Form","application.Samples.Form.MultiFieldOnFormTest","position"
"Sorting by the specified column.","9808","Sorting test","","2026-09-21","passed","2026-09-21","","application.Samples.List.TextOnListTest","application.Samples.List.TextOnListTest","sorting"
"The test gets the value from the placeholder attribute and returns it in String format","3559","Test for getting the Placeholder value","","2026-09-21","passed","2026-09-21","","List. Checking the basic functions for the Input in the widget List","application.Samples.List.InputOnListTest","placeholder"
"The test sets a value with the wrong data type in several fields for different widgets. After approval, it checks the text under the field, which informs about the correctness of the type of data entered","11270","Required Message validation test for multiple fields","","2026-09-21","passed","2026-09-21","","Form. Checking the basic functions for the DateTimeWithSeconds in the widget Form","application.Samples.Form.DateTimeWithSecondsTest","fieldLevelValidation"
"The test sets the value in the field. After approval, the popup window, the title, the text in it, and the buttons are validated.","5487","Business Exception Validation Test","","2026-09-21","passed","2026-09-21","","List. Checking the basic functions for the PickTree in the widget List","application.Samples.List.PickTreeOnListTest","businessException"
"Filtering is not available for the Form widget","0","Filtering test","","2026-09-21","skipped","2026-09-21","","Form. Checking the basic functions for the Suggestion PickList in the widget Form","application.Samples.Form.SuggestionPickListOnFormTest","filtration"
"The action of the form opens the AssocTreePopup without a field","2521","The popup opens by a widget action","","2026-09-21","passed","2026-09-21","","AssocTreePopup. Basics, action button, title, color, lazy load, search modes","application.Samples.Tree.AssocTreePopupTest","actionButton"
"The test sets the value in the field. After approval, the popup window, the title, the text in it, and the buttons are validated.","5037","Run-time exception validation test","","2026-09-21","passed","2026-09-21","","application.Samples.List.RadioOnListTest","application.Samples.List.RadioOnListTest","runtimeException"
"A node is expanded on demand; the full text search shows the found rows, the hide mode replaces the arrows by the dot","9564","Lazy load and the search modes of the popup","","2026-09-21","passed","2026-09-21","","AssocTreePopup. Basics, action button, title, color, lazy load, search modes","application.Samples.Tree.AssocTreePopupTest","lazyLoadAndSearch"
