"DESCRIPTION","DURATION IN MS","NAME","PARENT SUITE","START TIME","STATUS","STOP TIME","SUB SUITE","SUITE","TEST CLASS","TEST METHOD"
"The test gets the value from the placeholder attribute and returns it in String format","7427","Test for getting the Placeholder value","","Thu Apr 10 16:57:40 GMT 2025","passed","Thu Apr 10 16:57:47 GMT 2025","","Form. Checking the basic functions for the Number in the widget Form","application.Samples.Form.NumberOnFormTest","placeholder"
"Sorting is not available for the Form widget","6537","Sorting test","","Thu Apr 10 16:49:14 GMT 2025","passed","Thu Apr 10 16:49:20 GMT 2025","","Form. Checking the basic functions for the Date in the widget Form","application.Samples.Form.DateOnFormTest","sorting"
"The InfoWidget doesn't have a Placeholder.","8123","Test for getting the Placeholder value","","Thu Apr 10 17:00:53 GMT 2025","passed","Thu Apr 10 17:01:01 GMT 2025","","Info. Checking the basic functions for the Text","application.Samples.Info.TextOnInfoTest","placeholder"
"","9924","The test for getting the value from the field","","Thu Apr 10 17:01:58 GMT 2025","passed","Thu Apr 10 17:02:08 GMT 2025","","Info. Checking the basic functions for the MultiField","application.Samples.Info.MultiFieldOnInfoTest","read"
"The test gets the value from the style attribute in RGB format, and then converts it to Hex format","5401","A test to get the field color value in Hex format","","Thu Apr 10 16:57:12 GMT 2025","passed","Thu Apr 10 16:57:17 GMT 2025","","Info. Checking the basic functions for the Input","application.Samples.Info.InputOnInfoTest","color"
"Filtering is not available for InfoWidget.","6127","Filtering test","","Thu Apr 10 16:58:27 GMT 2025","passed","Thu Apr 10 16:58:33 GMT 2025","","Info. Checking the basic functions for the DateTimeWithSeconds","application.Samples.Info.DateTimeWithSecondsOnInfoTest","filtration"
"The test clears the field and clicks the Save button. Then validates the message that the field is required","10210","Required Message text Verification field test","","Thu Apr 10 16:48:44 GMT 2025","passed","Thu Apr 10 16:48:54 GMT 2025","","Form. Checking the basic functions for the Percent in the widget Form","application.Samples.Form.PercentOnFormTest","required"
"The test gets the value from the placeholder attribute and returns it in String format","9910","Test for getting the Placeholder value","","Thu Apr 10 16:52:02 GMT 2025","passed","Thu Apr 10 16:52:12 GMT 2025","","Form. Checking the basic functions for the InlinePickList in the widget Form","application.Samples.Form.InlinePickListOnFormTest","placeholder"
"The test sets the value with the wrong data type in the field. After approval, it checks the text under the field, which informs about the correctness of the type of data entered","7419","Required Message validation test for one field","","Thu Apr 10 16:51:30 GMT 2025","passed","Thu Apr 10 16:51:37 GMT 2025","","Form. Checking the basic functions for the Input in the widget Form","application.Samples.Form.InputOnFormTest","fieldLevelValidationAnnotation"
"Info Widget is always read-only","8325","A test to check the field for ""Read-only""","","Thu Apr 10 17:00:28 GMT 2025","passed","Thu Apr 10 17:00:36 GMT 2025","","Info. Checking the basic functions for the Text","application.Samples.Info.TextOnInfoTest","readonly"
"The test sets the value with the wrong data type in the field. After approval, it checks the text under the field, which informs about the correctness of the type of data entered","10263","Required Message validation test for one field","","Thu Apr 10 16:45:31 GMT 2025","passed","Thu Apr 10 16:45:41 GMT 2025","","Form. Checking the basic functions for the DateTime in the widget Form","application.Samples.Form.DateTimeOnFormTest","fieldLevelValidationAnnotation"
"Info Widget is always read-only","8753","A test to check the field for ""Read-only""","","Thu Apr 10 17:01:27 GMT 2025","passed","Thu Apr 10 17:01:36 GMT 2025","","Info. Checking the basic functions for the CheckBox","application.Samples.Info.CheckboxOnInfoTest","readonly"
"Filtering is not available for the Form widget","9783","Filtering test","","Thu Apr 10 16:50:31 GMT 2025","passed","Thu Apr 10 16:50:41 GMT 2025","","Form. Checking the basic functions for the InlinePickList in the widget Form","application.Samples.Form.InlinePickListOnFormTest","filtration"
"The test sets the value in the field, and then checks the value in the field with what should be set.","22507","A test for setting a value in a field","","Thu Apr 10 16:56:12 GMT 2025","passed","Thu Apr 10 16:56:34 GMT 2025","","Form. Checking the basic functions for the MultiValue in the widget Form","application.Samples.Form.MultiValueOnFormTest","edit"
"The InfoWidget doesn't have a Placeholder.","7672","Test for getting the Placeholder value","","Thu Apr 10 17:00:26 GMT 2025","passed","Thu Apr 10 17:00:33 GMT 2025","","Info. Checking the basic functions for the MultiValueHover","application.Samples.Info.MultiValueHoverOnInfoTest","placeholder"
"The test gets the value from the placeholder attribute and returns it in String format","7123","Test for getting the Placeholder value","","Thu Apr 10 16:46:16 GMT 2025","passed","Thu Apr 10 16:46:23 GMT 2025","","Form. Checking the basic functions for the DateTimeWithSeconds in the widget Form","application.Samples.Form.DateTimeWithSecondsOnFormTest","placeholder"
"The test sets the value in the field. After approval, by clicking on the save button, the popup window, the title, the text in it, and the buttons are validated","9221","Confirmation Popup Validation Test","","Thu Apr 10 16:53:28 GMT 2025","passed","Thu Apr 10 16:53:37 GMT 2025","","Form. Checking the basic functions for the FileUpload in the widget Form","application.Samples.Form.FileUploadOnFormTest","confirm"
"The InfoWidget doesn't have a Placeholder.","9760","Test for getting the Placeholder value","","Thu Apr 10 17:00:42 GMT 2025","passed","Thu Apr 10 17:00:52 GMT 2025","","Info. Checking the basic functions for the Dictionary","application.Samples.Info.DictionaryOnInfoTest","placeholder"
"","9188","The test for getting the value from the field","","Thu Apr 10 17:01:52 GMT 2025","passed","Thu Apr 10 17:02:01 GMT 2025","","Info. Checking the basic functions for the Percent","application.Samples.Info.PercentOnInfoTest","read"
"The test sets the value with the wrong data type in the field. After approval, it checks the text under the field, which informs about the correctness of the type of data entered","9998","Required Message validation test for one field","","Thu Apr 10 16:49:50 GMT 2025","passed","Thu Apr 10 16:50:00 GMT 2025","","Form. Checking the basic functions for the Date in the widget Form","application.Samples.Form.DateOnFormTest","fieldLevelValidationAnnotation"
"The test sets the value in the field, and then checks the value in the field with what should be set","8493","A test for setting a value in a field","","Thu Apr 10 16:45:59 GMT 2025","passed","Thu Apr 10 16:46:08 GMT 2025","","Form. Checking the basic functions for the DateTime in the widget Form","application.Samples.Form.DateTimeOnFormTest","edit"
"Sorting is not available for InfoWidget.","6854","Sorting test","","Thu Apr 10 17:00:52 GMT 2025","passed","Thu Apr 10 17:00:58 GMT 2025","","Info. Checking the basic functions for the Money","application.Samples.Info.MoneyOnInfoTest","sorting"
"The test gets the value from the style attribute in RGB format, and then converts it to Hex format","9671","A test to get the field color value in Hex format","","Thu Apr 10 17:00:32 GMT 2025","passed","Thu Apr 10 17:00:42 GMT 2025","","Info. Checking the basic functions for the Dictionary","application.Samples.Info.DictionaryOnInfoTest","color"
"Checking the url before the transition and after the transition/click on a special element","10669","The DrillDown test","","Thu Apr 10 16:47:00 GMT 2025","passed","Thu Apr 10 16:47:11 GMT 2025","","Form. Checking the basic functions for the Dictionary in the widget Form","application.Samples.Form.DictionaryOnFormTest","drillDown"
"The test sets the value in the field. After approval, the popup window, the title, the text in it, and the buttons are validated","12624","Business Exception Validation Test","","Thu Apr 10 16:48:04 GMT 2025","passed","Thu Apr 10 16:48:17 GMT 2025","","Form. Checking the basic functions for the Dictionary in the widget Form","application.Samples.Form.DictionaryOnFormTest","businessException"
"Sorting is not available for the Form widget","30058","Sorting test","","Thu Apr 10 16:44:38 GMT 2025","passed","Thu Apr 10 16:45:08 GMT 2025","","Form. Checking the basic functions for the DateTime in the widget Form","application.Samples.Form.DateTimeOnFormTest","sorting"
"Getting the field color is not available","5670","A test to get the field color value in Hex format","","Thu Apr 10 16:53:10 GMT 2025","passed","Thu Apr 10 16:53:15 GMT 2025","","Form. Checking the basic functions for the Hint in the widget Form","application.Samples.Form.HintOnFormTest","color"
"Filtering is not available for InfoWidget.","6910","Filtering test","","Thu Apr 10 17:01:05 GMT 2025","passed","Thu Apr 10 17:01:12 GMT 2025","","Info. Checking the basic functions for the Money","application.Samples.Info.MoneyOnInfoTest","filtration"
"Filtering is not available for the Form widget","7019","Filtering test","","Thu Apr 10 16:49:27 GMT 2025","passed","Thu Apr 10 16:49:34 GMT 2025","","Form. Checking the basic functions for the Date in the widget Form","application.Samples.Form.DateOnFormTest","filtration"
"The Hint field type is always read-only","5894","A test to check the field for ""Read-only""","","Thu Apr 10 16:52:58 GMT 2025","passed","Thu Apr 10 16:53:04 GMT 2025","","Form. Checking the basic functions for the Hint in the widget Form","application.Samples.Form.HintOnFormTest","readonly"
"The test gets the value from the placeholder attribute and returns it in String format","6278","Test for getting the Placeholder value","","Thu Apr 10 16:50:30 GMT 2025","passed","Thu Apr 10 16:50:36 GMT 2025","","Form. Checking the basic functions for the Date in the widget Form","application.Samples.Form.DateOnFormTest","placeholder"
"Info Widget is always read-only","6020","A test to check the field for ""Read-only""","","Thu Apr 10 17:00:52 GMT 2025","passed","Thu Apr 10 17:00:58 GMT 2025","","Info. Checking the basic functions for the Date","application.Samples.Info.DateOnInfoTest","readonly"
"The test gets the value from the style attribute in RGB format, and then converts it to Hex format","9894","A test to get the field color value in Hex format","","Thu Apr 10 16:49:16 GMT 2025","passed","Thu Apr 10 16:49:26 GMT 2025","","Form. Checking the basic functions for the Percent in the widget Form","application.Samples.Form.PercentOnFormTest","color"
"Info Widget is always read-only","5492","A test to check the field for ""Read-only""","","Thu Apr 10 16:57:01 GMT 2025","passed","Thu Apr 10 16:57:07 GMT 2025","","Info. Checking the basic functions for the Input","application.Samples.Info.InputOnInfoTest","readonly"
"Checking the url before the transition and after the transition/click on a special element","7755","The DrillDown test","","Thu Apr 10 16:52:00 GMT 2025","passed","Thu Apr 10 16:52:08 GMT 2025","","Form. Checking the basic functions for the FileUpload in the widget Form","application.Samples.Form.FileUploadOnFormTest","drillDown"
"The test sets the value in the field, and then checks the value in the field with what should be set","8447","A test for setting a value in a field","","Thu Apr 10 16:52:49 GMT 2025","passed","Thu Apr 10 16:52:57 GMT 2025","","Form. Checking the basic functions for the FileUpload in the widget Form","application.Samples.Form.FileUploadOnFormTest","edit"
"The test sets the value with the wrong data type in the field. After approval, it checks the text under the field, which informs about the correctness of the type of data entered","9952","Required Message validation test for one field","","Thu Apr 10 16:47:55 GMT 2025","passed","Thu Apr 10 16:48:04 GMT 2025","","Form. Checking the basic functions for the Money in the widget Form","application.Samples.Form.MoneyOnFormTest","fieldLevelValidationAnnotation"
"The test sets the value with the wrong data type in the field. After approval, it checks the text under the field, which informs about the correctness of the type of data entered","8524","Required Message validation test for one field","","Thu Apr 10 16:52:23 GMT 2025","passed","Thu Apr 10 16:52:32 GMT 2025","","Form. Checking the basic functions for the FileUpload in the widget Form","application.Samples.Form.FileUploadOnFormTest","fieldLevelValidationAnnotation"
"The test sets the value in the field. After approval, by clicking on the save button, the popup window, the title, the text in it, and the buttons are validated","10695","Confirmation Popup Validation Test","","Thu Apr 10 16:49:36 GMT 2025","passed","Thu Apr 10 16:49:47 GMT 2025","","Form. Checking the basic functions for the Percent in the widget Form","application.Samples.Form.PercentOnFormTest","confirm"
"Info Widget is always read-only","8092","A test to check the field for ""Read-only""","","Thu Apr 10 16:59:11 GMT 2025","passed","Thu Apr 10 16:59:19 GMT 2025","","Info. Checking the basic functions for the MultiplySelect","application.Samples.Info.MultipleSelectOnInfoTest","readonly"
"","7721","The test for getting the value from the field","","Thu Apr 10 16:59:25 GMT 2025","passed","Thu Apr 10 16:59:33 GMT 2025","","Info. Checking the basic functions for the FileUp","application.Samples.Info.FileUploadOnInfoTest","read"
"The test sets a value with the wrong data type in several fields for different widgets. After approval, it checks the text under the field, which informs about the correctness of the type of data entered","9525","Required Message validation test for multiple fields","","Thu Apr 10 16:56:07 GMT 2025","passed","Thu Apr 10 16:56:16 GMT 2025","","Form. Checking the basic functions for the MultipleSelect in the widget Form","application.Samples.Form.MultipleSelectOnFormTest","fieldLevelValidation"
"The test sets the value in the field, and then checks the value in the field with what should be set","9627","A test for setting a value in a field","","Thu Apr 10 16:50:42 GMT 2025","passed","Thu Apr 10 16:50:52 GMT 2025","","Form. Checking the basic functions for the Radio in the widget Form","application.Samples.Form.RadioOnFormTest","edit"
"The test sets a value with the wrong data type in several fields for different widgets. After approval, it checks the text under the field, which informs about the correctness of the type of data entered","8362","Required Message validation test for multiple fields","","Thu Apr 10 16:54:12 GMT 2025","passed","Thu Apr 10 16:54:20 GMT 2025","","Form. Checking the basic functions for the PickList in the widget Form","application.Samples.Form.PickListOnFormTest","fieldLevelValidation"
"The test gets the value from the style attribute in RGB format, and then converts it to Hex format","7009","A test to get the field color value in Hex format","","Thu Apr 10 16:46:09 GMT 2025","passed","Thu Apr 10 16:46:16 GMT 2025","","Form. Checking the basic functions for the DateTimeWithSeconds in the widget Form","application.Samples.Form.DateTimeWithSecondsOnFormTest","color"
"The test clears the field and clicks the Save button. Then validates the message that the field is required","8114","Required Message text Verification field test","","Thu Apr 10 16:57:10 GMT 2025","passed","Thu Apr 10 16:57:18 GMT 2025","","Form. Checking the basic functions for the Number in the widget Form","application.Samples.Form.NumberOnFormTest","required"
"Sorting is not available for InfoWidget.","5587","Sorting test","","Thu Apr 10 16:56:45 GMT 2025","passed","Thu Apr 10 16:56:50 GMT 2025","","Info. Checking the basic functions for the Input","application.Samples.Info.InputOnInfoTest","sorting"
"The test clears the field and clicks the Save button. Then validates the message that the field is required","6869","Required Message text Verification field test","","Thu Apr 10 16:50:00 GMT 2025","passed","Thu Apr 10 16:50:06 GMT 2025","","Form. Checking the basic functions for the Date in the widget Form","application.Samples.Form.DateOnFormTest","required"
"Sorting is not available for InfoWidget.","9670","Sorting test","","Thu Apr 10 17:01:39 GMT 2025","passed","Thu Apr 10 17:01:49 GMT 2025","","Info. Checking the basic functions for the MultiField","application.Samples.Info.MultiFieldOnInfoTest","sorting"
"The test sets the value with the wrong data type in the field. After approval, it checks the text under the field, which informs about the correctness of the type of data entered","12503","Required Message validation test for one field","","Thu Apr 10 16:45:44 GMT 2025","passed","Thu Apr 10 16:45:56 GMT 2025","","Form. Checking the basic functions for the Text in the widget Form","application.Samples.Form.TextOnFormTest","fieldLevelValidationAnnotation"
"The test sets the value in the field. After approval, by clicking on the save button, the popup window, the title, the text in it, and the buttons are validated","10270","Confirmation Popup Validation Test","","Thu Apr 10 16:56:13 GMT 2025","passed","Thu Apr 10 16:56:23 GMT 2025","","Form. Checking the basic functions for the CheckBox","application.Samples.Form.CheckBoxOnFormTest","confirm"
"DrillDown is not available for InfoWidget.","6836","The DrillDown test","","Thu Apr 10 17:02:14 GMT 2025","passed","Thu Apr 10 17:02:21 GMT 2025","","Info. Checking the basic functions for the Number","application.Samples.Info.NumberOnInfoTest","drillDown"
"Filtering is not available for InfoWidget.","7753","Filtering test","","Thu Apr 10 16:59:54 GMT 2025","passed","Thu Apr 10 17:00:02 GMT 2025","","Info. Checking the basic functions for the MultiValueHover","application.Samples.Info.MultiValueHoverOnInfoTest","filtration"
"The test gets the value from the style attribute in RGB format, and then converts it to Hex format","5849","A test to get the field color value in Hex format","","Thu Apr 10 16:59:27 GMT 2025","passed","Thu Apr 10 16:59:33 GMT 2025","","Info. Checking the basic functions for the DateTime","application.Samples.Info.DateTimeOnInfoTest","color"
"Sorting is not available for the Form widget","29696","Sorting test","","Thu Apr 10 16:44:35 GMT 2025","passed","Thu Apr 10 16:45:05 GMT 2025","","Form. Checking the basic functions for the DateTimeWithSeconds in the widget Form","application.Samples.Form.DateTimeWithSecondsOnFormTest","sorting"
"The test sets the value in the field. After approval, the popup window, the title, the text in it, and the buttons are validated","10826","Run-time exception validation test","","Thu Apr 10 16:50:00 GMT 2025","passed","Thu Apr 10 16:50:11 GMT 2025","","Form. Checking the basic functions for the Percent in the widget Form","application.Samples.Form.PercentOnFormTest","runtimeException"
"Sorting is not available for InfoWidget.","5768","Sorting test","","Thu Apr 10 16:57:23 GMT 2025","passed","Thu Apr 10 16:57:29 GMT 2025","","Info. Checking the basic functions for the Hint","application.Samples.Info.HintOnInfoTest","sorting"
"Filtering is not available for InfoWidget.","6953","Filtering test","","Thu Apr 10 16:59:11 GMT 2025","passed","Thu Apr 10 16:59:18 GMT 2025","","Info. Checking the basic functions for the FileUp","application.Samples.Info.FileUploadOnInfoTest","filtration"
"The InfoWidget doesn't have a Placeholder.","7331","Test for getting the Placeholder value","","Thu Apr 10 16:58:42 GMT 2025","passed","Thu Apr 10 16:58:50 GMT 2025","","Info. Checking the basic functions for the PickList","application.Samples.Info.PickListOnInfoTest","placeholder"
"The test sets the value with the wrong data type in the field. After approval, it checks the text under the field, which informs about the correctness of the type of data entered","9008","Required Message validation test for one field","","Thu Apr 10 16:49:34 GMT 2025","passed","Thu Apr 10 16:49:43 GMT 2025","","Form. Checking the basic functions for the Date in the widget Form","application.Samples.Form.DateOnFormTest","fieldLevelValidationAnnotationAlternative"
"The test gets the value from the style attribute in RGB format, and then converts it to Hex format","8440","A test to get the field color value in Hex format","","Thu Apr 10 16:58:30 GMT 2025","passed","Thu Apr 10 16:58:38 GMT 2025","","Info. Checking the basic functions for the Radio","application.Samples.Info.RadioOnInfoTest","color"
"","10106","A test to get a value for a multifield hint","","Thu Apr 10 16:49:24 GMT 2025","passed","Thu Apr 10 16:49:34 GMT 2025","","Form. Checking the basic functions for the MultiField in the widget Form","application.Samples.Form.MultiFieldOnFormTest","getValues"
"The test sets the value with the wrong data type in the field. After approval, it checks the text under the field, which informs about the correctness of the type of data entered","10895","Required Message validation test for one field","","Thu Apr 10 16:55:14 GMT 2025","passed","Thu Apr 10 16:55:25 GMT 2025","","Form. Checking the basic functions for the CheckBox","application.Samples.Form.CheckBoxOnFormTest","fieldLevelValidationAnnotation"
"DrillDown is not available for InfoWidget.","7572","The DrillDown test","","Thu Apr 10 16:58:05 GMT 2025","passed","Thu Apr 10 16:58:12 GMT 2025","","Info. Checking the basic functions for the PickList","application.Samples.Info.PickListOnInfoTest","drillDown"
"The Hint field type is always read-only","9025","A test to check the field for ""Read-only""","","Thu Apr 10 16:46:53 GMT 2025","passed","Thu Apr 10 16:47:02 GMT 2025","","Form. Checking the basic functions for the MultiValueHover in the widget Form","application.Samples.Form.MultiValueHoverOnFormTest","readonly"
"The test gets the value from the style attribute in RGB format, and then converts it to Hex format","9127","A test to get the field color value in Hex format","","Thu Apr 10 16:55:54 GMT 2025","passed","Thu Apr 10 16:56:03 GMT 2025","","Form. Checking the basic functions for the CheckBox","application.Samples.Form.CheckBoxOnFormTest","color"
"The test sets the value in the field. After approval, the popup window, the title, the text in it, and the buttons are validated","8215","Business Exception Validation Test","","Thu Apr 10 16:57:18 GMT 2025","passed","Thu Apr 10 16:57:26 GMT 2025","","Form. Checking the basic functions for the Number in the widget Form","application.Samples.Form.NumberOnFormTest","businessException"
"Filtering is not available for InfoWidget.","7734","Filtering test","","Thu Apr 10 17:02:19 GMT 2025","passed","Thu Apr 10 17:02:27 GMT 2025","","Info. Checking the basic functions for the MultiValue","application.Samples.Info.MultiValueOnInfoTest","filtration"
"The test sets the value in the field. After approval, the popup window, the title, the text in it, and the buttons are validated","8984","Run-time exception validation test","","Thu Apr 10 16:49:05 GMT 2025","passed","Thu Apr 10 16:49:14 GMT 2025","","Form. Checking the basic functions for the Money in the widget Form","application.Samples.Form.MoneyOnFormTest","runtimeException"
"The test clears the field and clicks the Save button. Then validates the message that the field is required","11044","Required Message text Verification field test","","Thu Apr 10 16:45:56 GMT 2025","passed","Thu Apr 10 16:46:07 GMT 2025","","Form. Checking the basic functions for the Text in the widget Form","application.Samples.Form.TextOnFormTest","required"
"The test sets the value in the field, and then checks the value in the field with what should be set","8324","A test for setting a value in a field","","Thu Apr 10 16:50:15 GMT 2025","passed","Thu Apr 10 16:50:24 GMT 2025","","Form. Checking the basic functions for the Date in the widget Form","application.Samples.Form.DateOnFormTest","edit"
"The test clears the field and clicks the Save button. Then validates the message that the field is required","8837","Required Message text Verification field test","","Thu Apr 10 16:53:21 GMT 2025","passed","Thu Apr 10 16:53:30 GMT 2025","","Form. Checking the basic functions for the PickList in the widget Form","application.Samples.Form.PickListOnFormTest","required"
"Filtering is not available for InfoWidget.","6402","Filtering test","","Thu Apr 10 17:02:21 GMT 2025","passed","Thu Apr 10 17:02:28 GMT 2025","","Info. Checking the basic functions for the Number","application.Samples.Info.NumberOnInfoTest","filtration"
"The test sets the value with the wrong data type in the field. After approval, it checks the text under the field, which informs about the correctness of the type of data entered","11837","Required Message validation test for one field","","Thu Apr 10 16:50:51 GMT 2025","passed","Thu Apr 10 16:51:03 GMT 2025","","Form. Checking the basic functions for the InlinePickList in the widget Form","application.Samples.Form.InlinePickListOnFormTest","fieldLevelValidationAnnotation"
"The test gets the value from the style attribute in RGB format, and then converts it to Hex format","7130","A test to get the field color value in Hex format","","Thu Apr 10 16:53:44 GMT 2025","passed","Thu Apr 10 16:53:52 GMT 2025","","Form. Checking the basic functions for the NumberDigits in the widget Form","application.Samples.Form.NumberDigitsOnFormTest","color"
"Sorting is not available for the Form widget","6766","Sorting test","","Thu Apr 10 16:56:35 GMT 2025","passed","Thu Apr 10 16:56:41 GMT 2025","","Form. Checking the basic functions for the Number in the widget Form","application.Samples.Form.NumberOnFormTest","sorting"
"The test sets the value in the field. After approval, by clicking on the save button, the popup window, the title, the text in it, and the buttons are validated","12890","Confirmation Popup Validation Test","","Thu Apr 10 16:48:49 GMT 2025","passed","Thu Apr 10 16:49:02 GMT 2025","","Form. Checking the basic functions for the Dictionary in the widget Form","application.Samples.Form.DictionaryOnFormTest","confirm"
"The test sets the value in the field, and then checks the value in the field with what should be set","8907","A test for setting a value in a field","","Thu Apr 10 16:53:36 GMT 2025","passed","Thu Apr 10 16:53:44 GMT 2025","","Form. Checking the basic functions for the NumberDigits in the widget Form","application.Samples.Form.NumberDigitsOnFormTest","edit"
"","5695","The test for getting the value from the field","","Thu Apr 10 17:02:34 GMT 2025","passed","Thu Apr 10 17:02:40 GMT 2025","","Info. Checking the basic functions for the Number","application.Samples.Info.NumberOnInfoTest","read"
"The test gets the value from the placeholder attribute and returns it in String format","8371","Test for getting the Placeholder value","","Thu Apr 10 16:55:29 GMT 2025","passed","Thu Apr 10 16:55:37 GMT 2025","","Form. Checking the basic functions for the MultipleSelect in the widget Form","application.Samples.Form.MultipleSelectOnFormTest","placeholder"
"Sorting is not available for InfoWidget.","8049","Sorting test","","Thu Apr 10 17:02:03 GMT 2025","passed","Thu Apr 10 17:02:11 GMT 2025","","Info. Checking the basic functions for the MultiValue","application.Samples.Info.MultiValueOnInfoTest","sorting"
"","7437","The test for getting the value from the field","","Thu Apr 10 16:58:28 GMT 2025","passed","Thu Apr 10 16:58:35 GMT 2025","","Info. Checking the basic functions for the PickList","application.Samples.Info.PickListOnInfoTest","read"
"The test opens a modal window, clears the field, closes the window, and then checks the message under the field.","9564","Required Message text Verification field test","","Thu Apr 10 16:56:42 GMT 2025","passed","Thu Apr 10 16:56:52 GMT 2025","","Form. Checking the basic functions for the MultiValue in the widget Form","application.Samples.Form.MultiValueOnFormTest","required_2"
"Drill Down is not available for InfoWidget.","5710","The DrillDown test","","Thu Apr 10 16:57:29 GMT 2025","passed","Thu Apr 10 16:57:34 GMT 2025","","Info. Checking the basic functions for the Hint","application.Samples.Info.HintOnInfoTest","drillDown"
"The test sets the value in the field via Popup using a unique id, and then checks the value in the field with what needs to be set","8424","A test for setting a value in a field","","Thu Apr 10 16:53:39 GMT 2025","passed","Thu Apr 10 16:53:47 GMT 2025","","Form. Checking the basic functions for the PickList in the widget Form","application.Samples.Form.PickListOnFormTest","edit"
"Sorting is not available for InfoWidget.","9343","Sorting test","","Thu Apr 10 17:01:15 GMT 2025","passed","Thu Apr 10 17:01:24 GMT 2025","","Info. Checking the basic functions for the Percent","application.Samples.Info.PercentOnInfoTest","sorting"
"The test gets the value from the placeholder attribute and returns it in String format","9639","Test for getting the Placeholder value","","Thu Apr 10 16:56:03 GMT 2025","passed","Thu Apr 10 16:56:13 GMT 2025","","Form. Checking the basic functions for the CheckBox","application.Samples.Form.CheckBoxOnFormTest","placeholder"
"The test gets the value from the style attribute in RGB format, and then converts it to Hex format","8578","A test to get the field color value in Hex format","","Thu Apr 10 16:55:20 GMT 2025","passed","Thu Apr 10 16:55:29 GMT 2025","","Form. Checking the basic functions for the MultipleSelect in the widget Form","application.Samples.Form.MultipleSelectOnFormTest","color"
"The test sets the value in the field. After approval, the popup window, the title, the text in it, and the buttons are validated","11080","Run-time exception validation test","","Thu Apr 10 16:47:13 GMT 2025","passed","Thu Apr 10 16:47:24 GMT 2025","","Form. Checking the basic functions for the Text in the widget Form","application.Samples.Form.TextOnFormTest","runtimeException"
"The test gets the value from the placeholder attribute and returns it in String format","7482","Test for getting the Placeholder value","","Thu Apr 10 16:53:13 GMT 2025","passed","Thu Apr 10 16:53:20 GMT 2025","","Form. Checking the basic functions for the FileUpload in the widget Form","application.Samples.Form.FileUploadOnFormTest","placeholder"
"The test gets the value from the style attribute in RGB format, and then converts it to Hex format","9822","A test to get the field color value in Hex format","","Thu Apr 10 16:51:38 GMT 2025","passed","Thu Apr 10 16:51:48 GMT 2025","","Form. Checking the basic functions for the InlinePickList in the widget Form","application.Samples.Form.InlinePickListOnFormTest","color"
"The test clears the field and clicks the Save button. Then validates the message that the field is required","6860","Required Message text Verification field test","","Thu Apr 10 16:51:37 GMT 2025","passed","Thu Apr 10 16:51:44 GMT 2025","","Form. Checking the basic functions for the Input in the widget Form","application.Samples.Form.InputOnFormTest","required"
"The test sets the value in the field. After approval, the popup window, the title, the text in it, and the buttons are validated","12082","Business Exception Validation Test","","Thu Apr 10 16:51:13 GMT 2025","passed","Thu Apr 10 16:51:25 GMT 2025","","Form. Checking the basic functions for the InlinePickList in the widget Form","application.Samples.Form.InlinePickListOnFormTest","businessException"
"Checking the url before the transition and after the transition/click on a special element","10123","The DrillDown test","","Thu Apr 10 16:50:21 GMT 2025","passed","Thu Apr 10 16:50:31 GMT 2025","","Form. Checking the basic functions for the InlinePickList in the widget Form","application.Samples.Form.InlinePickListOnFormTest","drillDown"
"Sorting is not available for InfoWidget.","8479","Sorting test","","Thu Apr 10 17:00:03 GMT 2025","passed","Thu Apr 10 17:00:11 GMT 2025","","Info. Checking the basic functions for the Text","application.Samples.Info.TextOnInfoTest","sorting"
"DrillDown is not available for InfoWidget.","6316","The DrillDown test","","Thu Apr 10 17:00:39 GMT 2025","passed","Thu Apr 10 17:00:46 GMT 2025","","Info. Checking the basic functions for the Date","application.Samples.Info.DateOnInfoTest","drillDown"
"The test gets the value from the style attribute in RGB format, and then converts it to Hex format","6448","A test to get the field color value in Hex format","","Thu Apr 10 16:50:24 GMT 2025","passed","Thu Apr 10 16:50:30 GMT 2025","","Form. Checking the basic functions for the Date in the widget Form","application.Samples.Form.DateOnFormTest","color"
"The test sets the value in the field, and then checks the value in the field with what should be set","6717","A test for setting a value in a field","","Thu Apr 10 16:51:51 GMT 2025","passed","Thu Apr 10 16:51:58 GMT 2025","","Form. Checking the basic functions for the Input in the widget Form","application.Samples.Form.InputOnFormTest","edit"
"Sorting is not available for InfoWidget.","5752","Sorting test","","Thu Apr 10 16:58:58 GMT 2025","passed","Thu Apr 10 16:59:04 GMT 2025","","Info. Checking the basic functions for the DateTime","application.Samples.Info.DateTimeOnInfoTest","sorting"
"Filtering is not available for the Form widget","6689","Filtering test","","Thu Apr 10 16:45:17 GMT 2025","passed","Thu Apr 10 16:45:24 GMT 2025","","Form. Checking the basic functions for the DateTime in the widget Form","application.Samples.Form.DateTimeOnFormTest","filtration"
"The test checks for the disabled attribute","10090","A test to check the field for ""Read-only""","","Thu Apr 10 16:47:32 GMT 2025","passed","Thu Apr 10 16:47:42 GMT 2025","","Form. Checking the basic functions for the Dictionary in the widget Form","application.Samples.Form.DictionaryOnFormTest","readonly"
"","8197","The test for getting the value from the field","","Thu Apr 10 17:00:36 GMT 2025","passed","Thu Apr 10 17:00:45 GMT 2025","","Info. Checking the basic functions for the Text","application.Samples.Info.TextOnInfoTest","read"
"The test sets the value in the field. After approval, by clicking on the save button, the popup window, the title, the text in it, and the buttons are validated","9692","Confirmation Popup Validation Test","","Thu Apr 10 16:54:02 GMT 2025","passed","Thu Apr 10 16:54:12 GMT 2025","","Form. Checking the basic functions for the PickList in the widget Form","application.Samples.Form.PickListOnFormTest","confirm"
"The test sets the characters in the field, and then returns a list of values that match or contain characters","14065","Character Matching test","","Thu Apr 10 16:51:48 GMT 2025","passed","Thu Apr 10 16:52:02 GMT 2025","","Form. Checking the basic functions for the InlinePickList in the widget Form","application.Samples.Form.InlinePickListOnFormTest","valuesInList"
"Checking the url before the transition and after the transition/click on a special element","8684","The DrillDown test","","Thu Apr 10 16:52:56 GMT 2025","passed","Thu Apr 10 16:53:04 GMT 2025","","Form. Checking the basic functions for the PickList in the widget Form","application.Samples.Form.PickListOnFormTest","drillDown"
"","8083","The test for getting the value from the field","","Thu Apr 10 16:59:19 GMT 2025","passed","Thu Apr 10 16:59:27 GMT 2025","","Info. Checking the basic functions for the MultiplySelect","application.Samples.Info.MultipleSelectOnInfoTest","read"
"The InfoWidget doesn't have a Placeholder.","5474","Test for getting the Placeholder value","","Thu Apr 10 16:57:17 GMT 2025","passed","Thu Apr 10 16:57:23 GMT 2025","","Info. Checking the basic functions for the Input","application.Samples.Info.InputOnInfoTest","placeholder"
"The test checks for the disabled attribute","8497","A test to check the field for ""Read-only""","","Thu Apr 10 16:54:33 GMT 2025","passed","Thu Apr 10 16:54:41 GMT 2025","","Form. Checking the basic functions for the MultipleSelect in the widget Form","application.Samples.Form.MultipleSelectOnFormTest","readonly"
"Checking the url before the transition and after the transition/click on a special element","9161","The DrillDown test","","Thu Apr 10 16:54:46 GMT 2025","passed","Thu Apr 10 16:54:55 GMT 2025","","Form. Checking the basic functions for the CheckBox","application.Samples.Form.CheckBoxOnFormTest","drillDown"
"Checking the url before the transition and after the transition/click on a special element","9522","The DrillDown test","","Thu Apr 10 16:47:50 GMT 2025","passed","Thu Apr 10 16:48:00 GMT 2025","","Form. Checking the basic functions for the Percent in the widget Form","application.Samples.Form.PercentOnFormTest","drillDown"
"The test gets the value from the placeholder attribute and returns it in String format","7527","Test for getting the Placeholder value","","Thu Apr 10 16:53:55 GMT 2025","passed","Thu Apr 10 16:54:02 GMT 2025","","Form. Checking the basic functions for the PickList in the widget Form","application.Samples.Form.PickListOnFormTest","placeholder"
"Filtering is not available for the Form widget","7512","Filtering test","","Thu Apr 10 16:45:15 GMT 2025","passed","Thu Apr 10 16:45:23 GMT 2025","","Form. Checking the basic functions for the DateTimeWithSeconds in the widget Form","application.Samples.Form.DateTimeWithSecondsOnFormTest","filtration"
"The test sets a value with the wrong data type in several fields for different widgets. After approval, it checks the text under the field, which informs about the correctness of the type of data entered","8521","Required Message validation test for multiple fields","","Thu Apr 10 16:57:28 GMT 2025","passed","Thu Apr 10 16:57:37 GMT 2025","","Form. Checking the basic functions for the MultiValue in the widget Form","application.Samples.Form.MultiValueOnFormTest","fieldLevelValidation"
"The test sets the value in the field, and then checks the value in the field with what should be set","8588","A test for setting a value in a field","","Thu Apr 10 16:48:22 GMT 2025","passed","Thu Apr 10 16:48:31 GMT 2025","","Form. Checking the basic functions for the Money in the widget Form","application.Samples.Form.MoneyOnFormTest","edit"
"Sorting is not available for InfoWidget.","7486","Sorting test","","Thu Apr 10 16:57:57 GMT 2025","passed","Thu Apr 10 16:58:05 GMT 2025","","Info. Checking the basic functions for the PickList","application.Samples.Info.PickListOnInfoTest","sorting"
"The test gets the value from the style attribute in RGB format, and then converts it to Hex format","8350","A test to get the field color value in Hex format","","Thu Apr 10 17:00:45 GMT 2025","passed","Thu Apr 10 17:00:53 GMT 2025","","Info. Checking the basic functions for the Text","application.Samples.Info.TextOnInfoTest","color"
"","5241","The test for getting the value from the field","","Thu Apr 10 16:57:07 GMT 2025","passed","Thu Apr 10 16:57:12 GMT 2025","","Info. Checking the basic functions for the Input","application.Samples.Info.InputOnInfoTest","read"
"The test sets the value in the field. After approval, the popup window, the title, the text in it, and the buttons are validated","10589","Run-time exception validation test","","Thu Apr 10 16:52:37 GMT 2025","passed","Thu Apr 10 16:52:48 GMT 2025","","Form. Checking the basic functions for the InlinePickList in the widget Form","application.Samples.Form.InlinePickListOnFormTest","runtimeException"
"The test clears the field and clicks the Save button. Then validates the message that the field is required","9704","Required Message text Verification field test","","Thu Apr 10 16:50:23 GMT 2025","passed","Thu Apr 10 16:50:32 GMT 2025","","Form. Checking the basic functions for the Radio in the widget Form","application.Samples.Form.RadioOnFormTest","required"
"The test sets the value in the field. After approval, the popup window, the title, the text in it, and the buttons are validated","9841","Business Exception Validation Test","","Thu Apr 10 16:45:50 GMT 2025","passed","Thu Apr 10 16:46:00 GMT 2025","","Form. Checking the basic functions for the DateTimeWithSeconds in the widget Form","application.Samples.Form.DateTimeWithSecondsOnFormTest","businessException"
"Filtering is not available for InfoWidget.","9634","Filtering test","","Thu Apr 10 17:00:03 GMT 2025","passed","Thu Apr 10 17:00:13 GMT 2025","","Info. Checking the basic functions for the Dictionary","application.Samples.Info.DictionaryOnInfoTest","filtration"
"The InfoWidget doesn't have a Placeholder.","7960","Test for getting the Placeholder value","","Thu Apr 10 16:59:35 GMT 2025","passed","Thu Apr 10 16:59:43 GMT 2025","","Info. Checking the basic functions for the MultiplySelect","application.Samples.Info.MultipleSelectOnInfoTest","placeholder"
"Filtering is not available for InfoWidget.","8392","Filtering test","","Thu Apr 10 17:00:20 GMT 2025","passed","Thu Apr 10 17:00:28 GMT 2025","","Info. Checking the basic functions for the Text","application.Samples.Info.TextOnInfoTest","filtration"
"Checking the url before the transition and after the transition/click on a special element","6456","The DrillDown test","","Thu Apr 10 16:51:11 GMT 2025","passed","Thu Apr 10 16:51:18 GMT 2025","","Form. Checking the basic functions for the Input in the widget Form","application.Samples.Form.InputOnFormTest","drillDown"
"Filtering is not available for InfoWidget.","5991","Filtering test","","Thu Apr 10 17:00:46 GMT 2025","passed","Thu Apr 10 17:00:52 GMT 2025","","Info. Checking the basic functions for the Date","application.Samples.Info.DateOnInfoTest","filtration"
"Drill Down is not available for InfoWidget.","7884","The DrillDown test","","Thu Apr 10 17:02:11 GMT 2025","passed","Thu Apr 10 17:02:19 GMT 2025","","Info. Checking the basic functions for the MultiValue","application.Samples.Info.MultiValueOnInfoTest","drillDown"
"The test clears the field and clicks the Save button. Then validates the message that the field is required","9903","Required Message text Verification field test","","Thu Apr 10 16:55:25 GMT 2025","passed","Thu Apr 10 16:55:34 GMT 2025","","Form. Checking the basic functions for the CheckBox","application.Samples.Form.CheckBoxOnFormTest","required"
"The test sets the value in the field. After approval, the popup window, the title, the text in it, and the buttons are validated.","9725","Business Exception Validation Test","","Thu Apr 10 16:55:34 GMT 2025","passed","Thu Apr 10 16:55:43 GMT 2025","","Form. Checking the basic functions for the MultiValue in the widget Form","application.Samples.Form.MultiValueOnFormTest","businessException"
"The test checks the list of options that the method returns, with the expected result","8805","Test to get a list of options","","Thu Apr 10 17:02:20 GMT 2025","passed","Thu Apr 10 17:02:28 GMT 2025","","Form. Checking the basic functions for the MultipleSelect in the widget Form","application.Samples.Form.MultipleSelectOnFormTest","getListOptions"
"The test checks for the disabled attribute","6817","A test to check the field for ""Read-only""","","Thu Apr 10 16:45:24 GMT 2025","passed","Thu Apr 10 16:45:31 GMT 2025","","Form. Checking the basic functions for the DateTime in the widget Form","application.Samples.Form.DateTimeOnFormTest","readonly"
"The test deletes the value by checking the autocomplete in a blank field","11814","Auto-completion test after cleaning","","Thu Apr 10 16:47:38 GMT 2025","passed","Thu Apr 10 16:47:50 GMT 2025","","Form. Checking the basic functions for the Percent in the widget Form","application.Samples.Form.PercentOnFormTest","nullable"
"","8181","The test for getting the value from the field","","Thu Apr 10 17:00:10 GMT 2025","passed","Thu Apr 10 17:00:18 GMT 2025","","Info. Checking the basic functions for the MultiValueHover","application.Samples.Info.MultiValueHoverOnInfoTest","read"
"The test sets the value in the field. After approval, the popup window, the title, the text in it, and the buttons are validated","10337","Run-time exception validation test","","Thu Apr 10 16:56:34 GMT 2025","passed","Thu Apr 10 16:56:45 GMT 2025","","Form. Checking the basic functions for the CheckBox","application.Samples.Form.CheckBoxOnFormTest","runtimeException"
"The test gets the value from the style attribute in RGB format, and then converts it to Hex format","6355","A test to get the field color value in Hex format","","Thu Apr 10 16:57:33 GMT 2025","passed","Thu Apr 10 16:57:40 GMT 2025","","Form. Checking the basic functions for the Number in the widget Form","application.Samples.Form.NumberOnFormTest","color"
"The test clears the field and clicks the Save button. Then validates the message that the field is required","8989","Required Message text Verification field test","","Thu Apr 10 16:48:04 GMT 2025","passed","Thu Apr 10 16:48:13 GMT 2025","","Form. Checking the basic functions for the Money in the widget Form","application.Samples.Form.MoneyOnFormTest","required"
"Filtering is not available for the Form widget","9016","Filtering test","","Thu Apr 10 16:54:55 GMT 2025","passed","Thu Apr 10 16:55:04 GMT 2025","","Form. Checking the basic functions for the CheckBox","application.Samples.Form.CheckBoxOnFormTest","filtration"
"Filtering is not available for the Form widget","7261","Filtering test","","Thu Apr 10 16:52:08 GMT 2025","passed","Thu Apr 10 16:52:15 GMT 2025","","Form. Checking the basic functions for the FileUpload in the widget Form","application.Samples.Form.FileUploadOnFormTest","filtration"
"The test gets the value from the style attribute in RGB format, and then converts it to Hex format","7768","A test to get the field color value in Hex format","","Thu Apr 10 17:00:18 GMT 2025","passed","Thu Apr 10 17:00:26 GMT 2025","","Info. Checking the basic functions for the MultiValueHover","application.Samples.Info.MultiValueHoverOnInfoTest","color"
"Sorting is not available for the Form widget","8090","Sorting test","","Thu Apr 10 16:52:48 GMT 2025","passed","Thu Apr 10 16:52:56 GMT 2025","","Form. Checking the basic functions for the PickList in the widget Form","application.Samples.Form.PickListOnFormTest","sorting"
"The test clears the field and clicks the Save button. Then validates the message that the field is required","10130","Required Message text Verification field test","","Thu Apr 10 16:51:03 GMT 2025","passed","Thu Apr 10 16:51:13 GMT 2025","","Form. Checking the basic functions for the InlinePickList in the widget Form","application.Samples.Form.InlinePickListOnFormTest","required"
"Checking the url before the transition and after the transition/click on a special element","8406","The DrillDown test","","Thu Apr 10 16:45:09 GMT 2025","passed","Thu Apr 10 16:45:17 GMT 2025","","Form. Checking the basic functions for the DateTime in the widget Form","application.Samples.Form.DateTimeOnFormTest","drillDown"
"The test clears the field and clicks the Save button. Then validates the message that the field is required","8542","Required Message text Verification field test","","Thu Apr 10 16:45:41 GMT 2025","passed","Thu Apr 10 16:45:49 GMT 2025","","Form. Checking the basic functions for the DateTime in the widget Form","application.Samples.Form.DateTimeOnFormTest","required"
"The test sets all the values in the field, then checks the list with the expected value.","18502","Test to set all values in the field","","Thu Apr 10 16:57:00 GMT 2025","passed","Thu Apr 10 16:57:18 GMT 2025","","Form. Checking the basic functions for the MultiValue in the widget Form","application.Samples.Form.MultiValueOnFormTest","test_set_all"
"The test sets the value in the field. After approval, by clicking on the save button, the popup window, the title, the text in it, and the buttons are validated","7571","Confirmation Popup Validation Test","","Thu Apr 10 16:52:16 GMT 2025","passed","Thu Apr 10 16:52:24 GMT 2025","","Form. Checking the basic functions for the Input in the widget Form","application.Samples.Form.InputOnFormTest","confirm"
"DrillDown is not available for InfoWidget.","8804","The DrillDown test","","Thu Apr 10 16:57:55 GMT 2025","passed","Thu Apr 10 16:58:03 GMT 2025","","Info. Checking the basic functions for the Radio","application.Samples.Info.RadioOnInfoTest","drillDown"
"DrillDown is not available for InfoWidget.","9320","The DrillDown test","","Thu Apr 10 17:01:24 GMT 2025","passed","Thu Apr 10 17:01:34 GMT 2025","","Info. Checking the basic functions for the Percent","application.Samples.Info.PercentOnInfoTest","drillDown"
"Info Widget is always read-only","9925","A test to check the field for ""Read-only""","","Thu Apr 10 17:00:13 GMT 2025","passed","Thu Apr 10 17:00:23 GMT 2025","","Info. Checking the basic functions for the Dictionary","application.Samples.Info.DictionaryOnInfoTest","readonly"
"The test gets the value from the placeholder attribute and returns it in String format","9279","Test for getting the Placeholder value","","Thu Apr 10 16:51:01 GMT 2025","passed","Thu Apr 10 16:51:10 GMT 2025","","Form. Checking the basic functions for the Radio in the widget Form","application.Samples.Form.RadioOnFormTest","placeholder"
"The test checks for the disabled attribute","7877","A test to check the field for ""Read-only""","","Thu Apr 10 16:52:15 GMT 2025","passed","Thu Apr 10 16:52:23 GMT 2025","","Form. Checking the basic functions for the FileUpload in the widget Form","application.Samples.Form.FileUploadOnFormTest","readonly"
"The test sets the value in the field. After approval, the popup window, the title, the text in it, and the buttons are validated","11728","Business Exception Validation Test","","Thu Apr 10 16:46:07 GMT 2025","passed","Thu Apr 10 16:46:19 GMT 2025","","Form. Checking the basic functions for the Text in the widget Form","application.Samples.Form.TextOnFormTest","businessException"
"A test to get the value from the field. Hint is always read-only, so it is impossible to set the value.","6074","A test to check the value in a field","","Thu Apr 10 16:53:04 GMT 2025","passed","Thu Apr 10 16:53:10 GMT 2025","","Form. Checking the basic functions for the Hint in the widget Form","application.Samples.Form.HintOnFormTest","edit"
"The test adds a value after removing all previous values.","10299","Value setting test with field clearing","","Thu Apr 10 16:55:56 GMT 2025","passed","Thu Apr 10 16:56:07 GMT 2025","","Form. Checking the basic functions for the MultipleSelect in the widget Form","application.Samples.Form.MultipleSelectOnFormTest","setValue"
"The test sets a value with the wrong data type in several fields for different widgets. After approval, it checks the text under the field, which informs about the correctness of the type of data entered","11591","Required Message validation test for multiple fields","","Thu Apr 10 16:47:01 GMT 2025","passed","Thu Apr 10 16:47:13 GMT 2025","","Form. Checking the basic functions for the Text in the widget Form","application.Samples.Form.TextOnFormTest","fieldLevelValidation"
"Getting a Placeholder is not available","8437","Test for getting the Placeholder value","","Thu Apr 10 16:47:20 GMT 2025","passed","Thu Apr 10 16:47:28 GMT 2025","","Form. Checking the basic functions for the MultiValueHover in the widget Form","application.Samples.Form.MultiValueHoverOnFormTest","placeholder"
"The test sets the value in the field. After approval, by clicking on the save button, the popup window, the title, the text in it, and the buttons are validated","8522","Confirmation Popup Validation Test","","Thu Apr 10 16:57:47 GMT 2025","passed","Thu Apr 10 16:57:56 GMT 2025","","Form. Checking the basic functions for the Number in the widget Form","application.Samples.Form.NumberOnFormTest","confirm"
"The test sets a value with the wrong data type in several fields for different widgets. After approval, it checks the text under the field, which informs about the correctness of the type of data entered","11555","Required Message validation test for multiple fields","","Thu Apr 10 16:51:31 GMT 2025","passed","Thu Apr 10 16:51:42 GMT 2025","","Form. Checking the basic functions for the Radio in the widget Form","application.Samples.Form.RadioOnFormTest","fieldLevelValidation"
"DrillDown is not available for InfoWidget.","8063","The DrillDown test","","Thu Apr 10 16:59:46 GMT 2025","passed","Thu Apr 10 16:59:54 GMT 2025","","Info. Checking the basic functions for the MultiValueHover","application.Samples.Info.MultiValueHoverOnInfoTest","drillDown"
"Info Widget is always read-only","7059","A test to check the field for ""Read-only""","","Thu Apr 10 17:02:27 GMT 2025","passed","Thu Apr 10 17:02:34 GMT 2025","","Info. Checking the basic functions for the MultiValue","application.Samples.Info.MultiValueOnInfoTest","readonly"
"The InfoWidget doesn't have a Placeholder.","7189","Test for getting the Placeholder value","","Thu Apr 10 16:59:40 GMT 2025","passed","Thu Apr 10 16:59:47 GMT 2025","","Info. Checking the basic functions for the FileUp","application.Samples.Info.FileUploadOnInfoTest","placeholder"
"Filtering is not available for the Form widget","7802","Filtering test","","Thu Apr 10 16:53:13 GMT 2025","passed","Thu Apr 10 16:53:21 GMT 2025","","Form. Checking the basic functions for the PickList in the widget Form","application.Samples.Form.PickListOnFormTest","filtration"
"The test sets a value with the wrong data type in several fields for different widgets. After approval, it checks the text under the field, which informs about the correctness of the type of data entered","8823","Required Message validation test for multiple fields","","Thu Apr 10 16:53:37 GMT 2025","passed","Thu Apr 10 16:53:46 GMT 2025","","Form. Checking the basic functions for the FileUpload in the widget Form","application.Samples.Form.FileUploadOnFormTest","fieldLevelValidation"
"Sorting is not available for InfoWidget.","7152","Sorting test","","Thu Apr 10 16:58:50 GMT 2025","passed","Thu Apr 10 16:58:57 GMT 2025","","Info. Checking the basic functions for the FileUp","application.Samples.Info.FileUploadOnInfoTest","sorting"
"The test sets a value with the wrong data type in several fields for different widgets. After approval, it checks the text under the field, which informs about the correctness of the type of data entered","9409","Required Message validation test for multiple fields","","Thu Apr 10 16:57:56 GMT 2025","passed","Thu Apr 10 16:58:05 GMT 2025","","Form. Checking the basic functions for the Number in the widget Form","application.Samples.Form.NumberOnFormTest","fieldLevelValidation"
"The test gets the value from the style attribute in RGB format, and then converts it to Hex format","7076","A test to get the field color value in Hex format","","Thu Apr 10 16:46:08 GMT 2025","passed","Thu Apr 10 16:46:15 GMT 2025","","Form. Checking the basic functions for the DateTime in the widget Form","application.Samples.Form.DateTimeOnFormTest","color"
"The method returns Option-Status pairs, for all. The test checks each pair.","8929","Test to check the status of all options","","Thu Apr 10 16:55:47 GMT 2025","passed","Thu Apr 10 16:55:56 GMT 2025","","Form. Checking the basic functions for the MultipleSelect in the widget Form","application.Samples.Form.MultipleSelectOnFormTest","statusOptions"
"The test sets the value in the field. After approval, by clicking on the save button, the popup window, the title, the text in it, and the buttons are validated","10326","Confirmation Popup Validation Test","","Thu Apr 10 16:46:23 GMT 2025","passed","Thu Apr 10 16:46:33 GMT 2025","","Form. Checking the basic functions for the DateTimeWithSeconds in the widget Form","application.Samples.Form.DateTimeWithSecondsOnFormTest","confirm"
"The test sets the value in the field. After approval, by clicking on the save button, the popup window, the title, the text in it, and the buttons are validated","10300","Confirmation Popup Validation Test","","Thu Apr 10 16:55:37 GMT 2025","passed","Thu Apr 10 16:55:47 GMT 2025","","Form. Checking the basic functions for the MultipleSelect in the widget Form","application.Samples.Form.MultipleSelectOnFormTest","confirm"
"The test sets the value in the field. After approval, by clicking on the save button, the popup window, the title, the text in it, and the buttons are validated","8546","Confirmation Popup Validation Test","","Thu Apr 10 16:48:46 GMT 2025","passed","Thu Apr 10 16:48:55 GMT 2025","","Form. Checking the basic functions for the Money in the widget Form","application.Samples.Form.MoneyOnFormTest","confirm"
"The test sets the value in the field. After approval, by clicking on the save button, the popup window, the title, the text in it, and the buttons are validated","12557","Confirmation Popup Validation Test","","Thu Apr 10 16:52:12 GMT 2025","passed","Thu Apr 10 16:52:24 GMT 2025","","Form. Checking the basic functions for the InlinePickList in the widget Form","application.Samples.Form.InlinePickListOnFormTest","confirm"
"The InfoWidget doesn't have a Placeholder.","5803","Test for getting the Placeholder value","","Thu Apr 10 17:01:09 GMT 2025","passed","Thu Apr 10 17:01:15 GMT 2025","","Info. Checking the basic functions for the Date","application.Samples.Info.DateOnInfoTest","placeholder"
"Filtering is not available for InfoWidget.","8736","Filtering test","","Thu Apr 10 17:01:19 GMT 2025","passed","Thu Apr 10 17:01:27 GMT 2025","","Info. Checking the basic functions for the CheckBox","application.Samples.Info.CheckboxOnInfoTest","filtration"
"Checking the url before the transition and after the transition/click on a special element","6362","The DrillDown test","","Thu Apr 10 16:56:41 GMT 2025","passed","Thu Apr 10 16:56:48 GMT 2025","","Form. Checking the basic functions for the Number in the widget Form","application.Samples.Form.NumberOnFormTest","drillDown"
"The InfoWidget doesn't have a Placeholder.","5747","Test for getting the Placeholder value","","Thu Apr 10 17:02:45 GMT 2025","passed","Thu Apr 10 17:02:51 GMT 2025","","Info. Checking the basic functions for the Number","application.Samples.Info.NumberOnInfoTest","placeholder"
"DrillDown is not available for InfoWidget.","5633","The DrillDown test","","Thu Apr 10 16:56:50 GMT 2025","passed","Thu Apr 10 16:56:56 GMT 2025","","Info. Checking the basic functions for the Input","application.Samples.Info.InputOnInfoTest","drillDown"
"The test sets the value in the field, and then checks the value in the field with what should be set. The Number Digits class is used for numbers with a fractional part.","12131","A test for entering numbers with a fractional part using the PercentDigits class","","Thu Apr 10 16:48:00 GMT 2025","passed","Thu Apr 10 16:48:12 GMT 2025","","Form. Checking the basic functions for the Percent in the widget Form","application.Samples.Form.PercentOnFormTest","digits"
"Sorting is not available for InfoWidget.","6245","Sorting test","","Thu Apr 10 16:58:13 GMT 2025","passed","Thu Apr 10 16:58:20 GMT 2025","","Info. Checking the basic functions for the DateTimeWithSeconds","application.Samples.Info.DateTimeWithSecondsOnInfoTest","sorting"
"The InfoWidget doesn't have a Placeholder.","6677","Test for getting the Placeholder value","","Thu Apr 10 17:01:33 GMT 2025","passed","Thu Apr 10 17:01:39 GMT 2025","","Info. Checking the basic functions for the Money","application.Samples.Info.MoneyOnInfoTest","placeholder"
"The test sets the value in the field. After approval, by clicking on the save button, the popup window, the title, the text in it, and the buttons are validated","10585","Confirmation Popup Validation Test","","Thu Apr 10 16:51:20 GMT 2025","passed","Thu Apr 10 16:51:31 GMT 2025","","Form. Checking the basic functions for the Radio in the widget Form","application.Samples.Form.RadioOnFormTest","confirm"
"Filtering is not available for InfoWidget.","5421","Filtering test","","Thu Apr 10 16:57:34 GMT 2025","passed","Thu Apr 10 16:57:40 GMT 2025","","Info. Checking the basic functions for the Hint","application.Samples.Info.HintOnInfoTest","filtration"
"A test to get the value from the field. MultiValueHover is always read-only, so it is impossible to set the value","9554","A test for setting a value in a field","","Thu Apr 10 16:47:02 GMT 2025","passed","Thu Apr 10 16:47:11 GMT 2025","","Form. Checking the basic functions for the MultiValueHover in the widget Form","application.Samples.Form.MultiValueHoverOnFormTest","edit"
"The test sets the value with the wrong data type in the field. After approval, it checks the text under the field, which informs about the correctness of the type of data entered","8491","Required Message validation test for one field","","Thu Apr 10 16:57:01 GMT 2025","passed","Thu Apr 10 16:57:10 GMT 2025","","Form. Checking the basic functions for the Number in the widget Form","application.Samples.Form.NumberOnFormTest","fieldLevelValidationAnnotation"
"The test clears the field and clicks the Save button. Then validates the message that the field is required","11289","Required Message text Verification field test","","Thu Apr 10 16:47:53 GMT 2025","passed","Thu Apr 10 16:48:04 GMT 2025","","Form. Checking the basic functions for the Dictionary in the widget Form","application.Samples.Form.DictionaryOnFormTest","required"
"The test gets the value from the placeholder attribute and returns it in String format","8158","Test for getting the Placeholder value","","Thu Apr 10 16:48:38 GMT 2025","passed","Thu Apr 10 16:48:46 GMT 2025","","Form. Checking the basic functions for the Money in the widget Form","application.Samples.Form.MoneyOnFormTest","placeholder"
"Filtering is not available for the Form widget","8146","Filtering test","","Thu Apr 10 16:54:15 GMT 2025","passed","Thu Apr 10 16:54:23 GMT 2025","","Form. Checking the basic functions for the MultiValue in the widget Form","application.Samples.Form.MultiValueOnFormTest","filtration"
"Sorting is not available for the Form widget","7891","Sorting test","","Thu Apr 10 16:53:59 GMT 2025","passed","Thu Apr 10 16:54:07 GMT 2025","","Form. Checking the basic functions for the MultipleSelect in the widget Form","application.Samples.Form.MultipleSelectOnFormTest","sorting"
"The InfoWidget doesn't have a Placeholder.","5936","Test for getting the Placeholder value","","Thu Apr 10 16:59:33 GMT 2025","passed","Thu Apr 10 16:59:38 GMT 2025","","Info. Checking the basic functions for the DateTime","application.Samples.Info.DateTimeOnInfoTest","placeholder"
"The test checks for the disabled attribute","10793","A test to check the field for ""Read-only""","","Thu Apr 10 16:45:33 GMT 2025","passed","Thu Apr 10 16:45:44 GMT 2025","","Form. Checking the basic functions for the Text in the widget Form","application.Samples.Form.TextOnFormTest","readonly"
"Sorting is not available for InfoWidget.","6111","Sorting test","","Thu Apr 10 17:02:08 GMT 2025","passed","Thu Apr 10 17:02:14 GMT 2025","","Info. Checking the basic functions for the Number","application.Samples.Info.NumberOnInfoTest","sorting"
"Filtering is not available for the Form widget","10823","Filtering test","","Thu Apr 10 16:45:22 GMT 2025","passed","Thu Apr 10 16:45:33 GMT 2025","","Form. Checking the basic functions for the Text in the widget Form","application.Samples.Form.TextOnFormTest","filtration"
"Sorting is not available for the Form widget","9879","Sorting test","","Thu Apr 10 16:47:28 GMT 2025","passed","Thu Apr 10 16:47:38 GMT 2025","","Form. Checking the basic functions for the Percent in the widget Form","application.Samples.Form.PercentOnFormTest","sorting"
"The test checks the status of one option, whether it is selected or not","9149","A test to check the status of one option","","Thu Apr 10 16:56:25 GMT 2025","passed","Thu Apr 10 16:56:35 GMT 2025","","Form. Checking the basic functions for the MultipleSelect in the widget Form","application.Samples.Form.MultipleSelectOnFormTest","statusOption"
"The test sets the value in the field. After approval, the popup window, the title, the text in it, and the buttons are validated","8821","Business Exception Validation Test","","Thu Apr 10 16:50:06 GMT 2025","passed","Thu Apr 10 16:50:15 GMT 2025","","Form. Checking the basic functions for the Date in the widget Form","application.Samples.Form.DateOnFormTest","businessException"
"The test checks for the disabled attribute","6654","A test to check the field for ""Read-only""","","Thu Apr 10 16:56:54 GMT 2025","passed","Thu Apr 10 16:57:01 GMT 2025","","Form. Checking the basic functions for the Number in the widget Form","application.Samples.Form.NumberOnFormTest","readonly"
"The test sets the value in the field. After approval, the popup window, the title, the text in it, and the buttons are validated","10434","Run-time exception validation test","","Thu Apr 10 16:51:42 GMT 2025","passed","Thu Apr 10 16:51:53 GMT 2025","","Form. Checking the basic functions for the Radio in the widget Form","application.Samples.Form.RadioOnFormTest","runtimeException"
"Sorting is not available for the Form widget","7650","Sorting test","","Thu Apr 10 16:47:24 GMT 2025","passed","Thu Apr 10 16:47:32 GMT 2025","","Form. Checking the basic functions for the Money in the widget Form","application.Samples.Form.MoneyOnFormTest","sorting"
"The test checks for the disabled attribute","9295","A test to check the field for ""Read-only""","","Thu Apr 10 16:55:04 GMT 2025","passed","Thu Apr 10 16:55:14 GMT 2025","","Form. Checking the basic functions for the CheckBox","application.Samples.Form.CheckBoxOnFormTest","readonly"
"The test sets the value in the field. After approval, the popup window, the title, the text in it, and the buttons are validated","8720","Business Exception Validation Test","","Thu Apr 10 16:48:13 GMT 2025","passed","Thu Apr 10 16:48:22 GMT 2025","","Form. Checking the basic functions for the Money in the widget Form","application.Samples.Form.MoneyOnFormTest","businessException"
"The test sets the value in the field, and then checks the value in the field with what should be set","9357","A test for setting a value in a field","","Thu Apr 10 16:55:45 GMT 2025","passed","Thu Apr 10 16:55:54 GMT 2025","","Form. Checking the basic functions for the CheckBox","application.Samples.Form.CheckBoxOnFormTest","edit"
"The InfoWidget doesn't have a Placeholder..","6217","Test for getting the Placeholder value","","Thu Apr 10 17:02:47 GMT 2025","passed","Thu Apr 10 17:02:53 GMT 2025","","Info. Checking the basic functions for the MultiValue","application.Samples.Info.MultiValueOnInfoTest","placeholder"
"The test calls a modal window, after which the method returns Status-Value pairs depending on the column header.","28024","A test for checking values by column heading in a modal window","","Thu Apr 10 16:55:43 GMT 2025","passed","Thu Apr 10 16:56:11 GMT 2025","","Form. Checking the basic functions for the MultiValue in the widget Form","application.Samples.Form.MultiValueOnFormTest","test_status"
"Sorting is not available for the Form widget","7874","Sorting test","","Thu Apr 10 16:53:58 GMT 2025","passed","Thu Apr 10 16:54:06 GMT 2025","","Form. Checking the basic functions for the MultiValue in the widget Form","application.Samples.Form.MultiValueOnFormTest","sorting"
"The test sets the value in the field. After approval, the popup window, the title, the text in it, and the buttons are validated","8337","Run-time exception validation test","","Thu Apr 10 16:58:05 GMT 2025","passed","Thu Apr 10 16:58:13 GMT 2025","","Form. Checking the basic functions for the Number in the widget Form","application.Samples.Form.NumberOnFormTest","runtimeException"
"The test clears the field and clicks the Save button. Then validates the message that the field is required","8422","Required Message text Verification field test","","Thu Apr 10 16:45:41 GMT 2025","passed","Thu Apr 10 16:45:50 GMT 2025","","Form. Checking the basic functions for the DateTimeWithSeconds in the widget Form","application.Samples.Form.DateTimeWithSecondsOnFormTest","required"
"Info Widget is always read-only","7680","A test to check the field for ""Read-only""","","Thu Apr 10 16:58:20 GMT 2025","passed","Thu Apr 10 16:58:28 GMT 2025","","Info. Checking the basic functions for the PickList","application.Samples.Info.PickListOnInfoTest","readonly"
"The test sets a value with the wrong data type in several fields for different widgets. After approval, it checks the text under the field, which informs about the correctness of the type of data entered","12847","Required Message validation test for multiple fields","","Thu Apr 10 16:52:24 GMT 2025","passed","Thu Apr 10 16:52:37 GMT 2025","","Form. Checking the basic functions for the InlinePickList in the widget Form","application.Samples.Form.InlinePickListOnFormTest","fieldLevelValidation"
"Filtering is not available for the Form widget","6575","Filtering test","","Thu Apr 10 16:56:48 GMT 2025","passed","Thu Apr 10 16:56:54 GMT 2025","","Form. Checking the basic functions for the Number in the widget Form","application.Samples.Form.NumberOnFormTest","filtration"
"Checking the url before the transition and after the transition/click on a special element","8147","The DrillDown test","","Thu Apr 10 16:54:07 GMT 2025","passed","Thu Apr 10 16:54:15 GMT 2025","","Form. Checking the basic functions for the MultipleSelect in the widget Form","application.Samples.Form.MultipleSelectOnFormTest","drillDown"
"The test gets the value from the style attribute in RGB format, and then converts it to Hex format","8102","A test to get the field color value in Hex format","","Thu Apr 10 16:56:34 GMT 2025","passed","Thu Apr 10 16:56:42 GMT 2025","","Form. Checking the basic functions for the MultiValue in the widget Form","application.Samples.Form.MultiValueOnFormTest","color"
"Getting the field color is not available","8592","A test to get the field color value in Hex format","","Thu Apr 10 16:47:11 GMT 2025","passed","Thu Apr 10 16:47:20 GMT 2025","","Form. Checking the basic functions for the MultiValueHover in the widget Form","application.Samples.Form.MultiValueHoverOnFormTest","color"
"The test sets the value in the field. After approval, the popup window, the title, the text in it, and the buttons are validated","9925","Business Exception Validation Test","","Thu Apr 10 16:50:32 GMT 2025","passed","Thu Apr 10 16:50:42 GMT 2025","","Form. Checking the basic functions for the Radio in the widget Form","application.Samples.Form.RadioOnFormTest","businessException"
"The test sets the value in the field, and then checks the value in the field with what should be set","7544","A test for setting a value in a field","","Thu Apr 10 16:57:26 GMT 2025","passed","Thu Apr 10 16:57:33 GMT 2025","","Form. Checking the basic functions for the Number in the widget Form","application.Samples.Form.NumberOnFormTest","edit"
"DrillDown is not available for InfoWidget.","8631","The DrillDown test","","Thu Apr 10 17:01:10 GMT 2025","passed","Thu Apr 10 17:01:19 GMT 2025","","Info. Checking the basic functions for the CheckBox","application.Samples.Info.CheckboxOnInfoTest","drillDown"
"The test sets the value in the field. After approval, the popup window, the title, the text in it, and the buttons are validated","8959","Run-time exception validation test","","Thu Apr 10 16:50:57 GMT 2025","passed","Thu Apr 10 16:51:06 GMT 2025","","Form. Checking the basic functions for the Date in the widget Form","application.Samples.Form.DateOnFormTest","runtimeException"
"The test sets a value with the wrong data type in several fields for different widgets. After approval, it checks the text under the field, which informs about the correctness of the type of data entered","13681","Required Message validation test for multiple fields","","Thu Apr 10 16:49:47 GMT 2025","passed","Thu Apr 10 16:50:00 GMT 2025","","Form. Checking the basic functions for the Percent in the widget Form","application.Samples.Form.PercentOnFormTest","fieldLevelValidation"
"Filtering is not available for the Form widget","8194","Filtering test","","Thu Apr 10 16:47:39 GMT 2025","passed","Thu Apr 10 16:47:47 GMT 2025","","Form. Checking the basic functions for the Money in the widget Form","application.Samples.Form.MoneyOnFormTest","filtration"
"The test checks for the disabled attribute","8229","A test to check the field for ""Read-only""","","Thu Apr 10 16:45:23 GMT 2025","passed","Thu Apr 10 16:45:31 GMT 2025","","Form. Checking the basic functions for the DateTimeWithSeconds in the widget Form","application.Samples.Form.DateTimeWithSecondsOnFormTest","readonly"
"","5394","The test for getting the value from the field","","Thu Apr 10 17:00:58 GMT 2025","passed","Thu Apr 10 17:01:03 GMT 2025","","Info. Checking the basic functions for the Date","application.Samples.Info.DateOnInfoTest","read"
"The test sets the value in the field, and then checks the value in the field with what should be set","11087","A test for setting a value in a field","","Thu Apr 10 16:46:19 GMT 2025","passed","Thu Apr 10 16:46:30 GMT 2025","","Form. Checking the basic functions for the Text in the widget Form","application.Samples.Form.TextOnFormTest","edit"
"The test calls Popup, the method returns a list with column headings","7879","The test for getting column headings","","Thu Apr 10 16:54:29 GMT 2025","passed","Thu Apr 10 16:54:37 GMT 2025","","Form. Checking the basic functions for the PickList in the widget Form","application.Samples.Form.PickListOnFormTest","getColumnName"
"The test gets the value from the placeholder attribute and returns it in String format","6515","Test for getting the Placeholder value","","Thu Apr 10 16:46:15 GMT 2025","passed","Thu Apr 10 16:46:21 GMT 2025","","Form. Checking the basic functions for the DateTime in the widget Form","application.Samples.Form.DateTimeOnFormTest","placeholder"
"The test sets the value in the field. After approval, by clicking on the save button, the popup window, the title, the text in it, and the buttons are validated","9606","Confirmation Popup Validation Test","","Thu Apr 10 16:50:36 GMT 2025","passed","Thu Apr 10 16:50:46 GMT 2025","","Form. Checking the basic functions for the Date in the widget Form","application.Samples.Form.DateOnFormTest","confirm"
"The test sets the value in the field. After approval, the popup window, the title, the text in it, and the buttons are validated","8214","Run-time exception validation test","","Thu Apr 10 16:46:45 GMT 2025","passed","Thu Apr 10 16:46:53 GMT 2025","","Form. Checking the basic functions for the DateTimeWithSeconds in the widget Form","application.Samples.Form.DateTimeWithSecondsOnFormTest","runtimeException"
"Info Widget is always read-only","8998","A test to check the field for ""Read-only""","","Thu Apr 10 17:01:43 GMT 2025","passed","Thu Apr 10 17:01:52 GMT 2025","","Info. Checking the basic functions for the Percent","application.Samples.Info.PercentOnInfoTest","readonly"
"The test sets the value in the field. After approval, the popup window, the title, the text in it, and the buttons are validated","9635","Business Exception Validation Test","","Thu Apr 10 16:45:49 GMT 2025","passed","Thu Apr 10 16:45:59 GMT 2025","","Form. Checking the basic functions for the DateTime in the widget Form","application.Samples.Form.DateTimeOnFormTest","businessException"
"The test sets the value in the field. After approval, the popup window, the title, the text in it, and the buttons are validated","8721","Business Exception Validation Test","","Thu Apr 10 16:53:30 GMT 2025","passed","Thu Apr 10 16:53:39 GMT 2025","","Form. Checking the basic functions for the PickList in the widget Form","application.Samples.Form.PickListOnFormTest","businessException"
"The InfoWidget doesn't have a Placeholder.","6180","Test for getting the Placeholder value","","Thu Apr 10 16:58:52 GMT 2025","passed","Thu Apr 10 16:58:58 GMT 2025","","Info. Checking the basic functions for the DateTimeWithSeconds","application.Samples.Info.DateTimeWithSecondsOnInfoTest","placeholder"
"DrillDown is not available for InfoWidget.","7928","The DrillDown test","","Thu Apr 10 16:58:55 GMT 2025","passed","Thu Apr 10 16:59:03 GMT 2025","","Info. Checking the basic functions for the MultiplySelect","application.Samples.Info.MultipleSelectOnInfoTest","drillDown"
"The test gets the value from the placeholder attribute and returns it in String format","10152","Test for getting the Placeholder value","","Thu Apr 10 16:48:39 GMT 2025","passed","Thu Apr 10 16:48:49 GMT 2025","","Form. Checking the basic functions for the Dictionary in the widget Form","application.Samples.Form.DictionaryOnFormTest","placeholder"
"InfoWidget does not have a Hex field color for this type.","5424","A test to get the field color value in Hex format","","Thu Apr 10 16:57:52 GMT 2025","passed","Thu Apr 10 16:57:57 GMT 2025","","Info. Checking the basic functions for the Hint","application.Samples.Info.HintOnInfoTest","color"
"Info Widget is always read-only","6906","A test to check the field for ""Read-only""","","Thu Apr 10 16:59:18 GMT 2025","passed","Thu Apr 10 16:59:25 GMT 2025","","Info. Checking the basic functions for the FileUp","application.Samples.Info.FileUploadOnInfoTest","readonly"
"The test checks the downloaded file with the template file that is contained in the resources","7783","A test to compare the downloaded file with the template","","Thu Apr 10 16:53:20 GMT 2025","passed","Thu Apr 10 16:53:28 GMT 2025","","Form. Checking the basic functions for the FileUpload in the widget Form","application.Samples.Form.FileUploadOnFormTest","compare"
"Info Widget is always read-only","5915","A test to check the field for ""Read-only""","","Thu Apr 10 16:59:15 GMT 2025","passed","Thu Apr 10 16:59:21 GMT 2025","","Info. Checking the basic functions for the DateTime","application.Samples.Info.DateTimeOnInfoTest","readonly"
"Info Widget is always read-only","6191","A test to check the field for ""Read-only""","","Thu Apr 10 16:57:40 GMT 2025","passed","Thu Apr 10 16:57:46 GMT 2025","","Info. Checking the basic functions for the Hint","application.Samples.Info.HintOnInfoTest","readonly"
"The test clears the field and clicks the Save button. Then validates the message that the field is required","10938","Required Message text Verification field test","","Thu Apr 10 16:54:50 GMT 2025","passed","Thu Apr 10 16:55:01 GMT 2025","","Form. Checking the basic functions for the MultipleSelect in the widget Form","application.Samples.Form.MultipleSelectOnFormTest","required"
"The test sets one value in the field, then checks the list with the expected value.","29691","A test for setting a single value in a field","","Thu Apr 10 16:54:23 GMT 2025","passed","Thu Apr 10 16:54:52 GMT 2025","","Form. Checking the basic functions for the MultiValue in the widget Form","application.Samples.Form.MultiValueOnFormTest","test_once"
"The test sets the value in the field. After approval, the popup window, the title, the text in it, and the buttons are validated","7106","Business Exception Validation Test","","Thu Apr 10 16:51:44 GMT 2025","passed","Thu Apr 10 16:51:51 GMT 2025","","Form. Checking the basic functions for the Input in the widget Form","application.Samples.Form.InputOnFormTest","businessException"
"","8126","A test to compare the source file with the downloaded one","","Thu Apr 10 16:59:47 GMT 2025","passed","Thu Apr 10 16:59:55 GMT 2025","","Info. Checking the basic functions for the FileUp","application.Samples.Info.FileUploadOnInfoTest","compare"
"The test clears the field and clicks the Save button. Then validates the message that the field is required","8655","Required Message text Verification field test","","Thu Apr 10 16:52:32 GMT 2025","passed","Thu Apr 10 16:52:41 GMT 2025","","Form. Checking the basic functions for the FileUpload in the widget Form","application.Samples.Form.FileUploadOnFormTest","required"
"DrillDown is not available for InfoWidget.","6752","The DrillDown test","","Thu Apr 10 16:58:20 GMT 2025","passed","Thu Apr 10 16:58:26 GMT 2025","","Info. Checking the basic functions for the DateTimeWithSeconds","application.Samples.Info.DateTimeWithSecondsOnInfoTest","drillDown"
"The InfoWidget doesn't have a Placeholder.","9122","Test for getting the Placeholder value","","Thu Apr 10 17:02:10 GMT 2025","passed","Thu Apr 10 17:02:20 GMT 2025","","Info. Checking the basic functions for the Percent","application.Samples.Info.PercentOnInfoTest","placeholder"
"The test gets the value from the placeholder attribute and returns it in String format","9970","Test for getting the Placeholder value","","Thu Apr 10 16:49:26 GMT 2025","passed","Thu Apr 10 16:49:36 GMT 2025","","Form. Checking the basic functions for the Percent in the widget Form","application.Samples.Form.PercentOnFormTest","placeholder"
"The test checks for the disabled attribute","6625","A test to check the field for ""Read-only""","","Thu Apr 10 16:49:43 GMT 2025","passed","Thu Apr 10 16:49:50 GMT 2025","","Form. Checking the basic functions for the Date in the widget Form","application.Samples.Form.DateOnFormTest","readonly"
"The test sets the value in the field. After approval, by clicking on the save button, the popup window, the title, the text in it, and the buttons are validated","12011","Confirmation Popup Validation Test","","Thu Apr 10 16:46:49 GMT 2025","passed","Thu Apr 10 16:47:01 GMT 2025","","Form. Checking the basic functions for the Text in the widget Form","application.Samples.Form.TextOnFormTest","confirm"
"Filtering is not available for the Form widget","6023","Filtering test","","Thu Apr 10 16:51:18 GMT 2025","passed","Thu Apr 10 16:51:24 GMT 2025","","Form. Checking the basic functions for the Input in the widget Form","application.Samples.Form.InputOnFormTest","filtration"
"Sorting is not available for the Form widget","7566","Sorting test","","Thu Apr 10 16:51:53 GMT 2025","passed","Thu Apr 10 16:52:00 GMT 2025","","Form. Checking the basic functions for the FileUpload in the widget Form","application.Samples.Form.FileUploadOnFormTest","sorting"
"Filtering is not available for InfoWidget.","9287","Filtering test","","Thu Apr 10 17:01:34 GMT 2025","passed","Thu Apr 10 17:01:43 GMT 2025","","Info. Checking the basic functions for the Percent","application.Samples.Info.PercentOnInfoTest","filtration"
"The test sets the value in the field. After approval, by clicking on the save button, the popup window, the title, the text in it, and the buttons are validated.","10038","Confirmation Popup Validation Test","","Thu Apr 10 16:57:18 GMT 2025","passed","Thu Apr 10 16:57:28 GMT 2025","","Form. Checking the basic functions for the MultiValue in the widget Form","application.Samples.Form.MultiValueOnFormTest","confirm"
"The transition/Redirect is not available","5599","The DrillDown test","","Thu Apr 10 16:52:45 GMT 2025","passed","Thu Apr 10 16:52:51 GMT 2025","","Form. Checking the basic functions for the Hint in the widget Form","application.Samples.Form.HintOnFormTest","drillDown"
"The test gets the value from the style attribute in RGB format, and then converts it to Hex format","5528","A test to get the field color value in Hex format","","Thu Apr 10 16:51:58 GMT 2025","passed","Thu Apr 10 16:52:03 GMT 2025","","Form. Checking the basic functions for the Input in the widget Form","application.Samples.Form.InputOnFormTest","color"
"The test checks for the disabled attribute","5789","A test to check the field for ""Read-only""","","Thu Apr 10 16:51:24 GMT 2025","passed","Thu Apr 10 16:51:30 GMT 2025","","Form. Checking the basic functions for the Input in the widget Form","application.Samples.Form.InputOnFormTest","readonly"
"The test gets the value from the style attribute in RGB format, and then converts it to Hex format","9354","A test to get the field color value in Hex format","","Thu Apr 10 17:02:01 GMT 2025","passed","Thu Apr 10 17:02:10 GMT 2025","","Info. Checking the basic functions for the Percent","application.Samples.Info.PercentOnInfoTest","color"
"The test sets a value with the wrong data type in several fields for different widgets. After approval, it checks the text under the field, which informs about the correctness of the type of data entered","8403","Required Message validation test for multiple fields","","Thu Apr 10 16:52:30 GMT 2025","passed","Thu Apr 10 16:52:38 GMT 2025","","Form. Checking the basic functions for the Input in the widget Form","application.Samples.Form.InputOnFormTest","fieldLevelValidation"
"The InfoWidget doesn't have a Placeholder.","8889","Test for getting the Placeholder value","","Thu Apr 10 17:01:54 GMT 2025","passed","Thu Apr 10 17:02:03 GMT 2025","","Info. Checking the basic functions for the CheckBox","application.Samples.Info.CheckboxOnInfoTest","placeholder"
"Filtering is not available for the Form widget","6850","Filtering test","","Thu Apr 10 16:52:51 GMT 2025","passed","Thu Apr 10 16:52:58 GMT 2025","","Form. Checking the basic functions for the Hint in the widget Form","application.Samples.Form.HintOnFormTest","filtration"
"Filtering is not available for the Form widget","8168","Filtering test","","Thu Apr 10 16:54:24 GMT 2025","passed","Thu Apr 10 16:54:33 GMT 2025","","Form. Checking the basic functions for the MultipleSelect in the widget Form","application.Samples.Form.MultipleSelectOnFormTest","filtration"
"Filtering is not available for the Form widget","10748","Filtering test","","Thu Apr 10 16:47:21 GMT 2025","passed","Thu Apr 10 16:47:32 GMT 2025","","Form. Checking the basic functions for the Dictionary in the widget Form","application.Samples.Form.DictionaryOnFormTest","filtration"
"The test gets the value from the style attribute in RGB format, and then converts it to Hex format","6461","A test to get the field color value in Hex format","","Thu Apr 10 17:02:40 GMT 2025","passed","Thu Apr 10 17:02:47 GMT 2025","","Info. Checking the basic functions for the MultiValue","application.Samples.Info.MultiValueOnInfoTest","color"
"The test sets the value with the wrong data type in the field. After approval, it checks the text under the field, which informs about the correctness of the type of data entered","10999","Required Message validation test for one field","","Thu Apr 10 16:47:42 GMT 2025","passed","Thu Apr 10 16:47:53 GMT 2025","","Form. Checking the basic functions for the Dictionary in the widget Form","application.Samples.Form.DictionaryOnFormTest","fieldLevelValidationAnnotation"
"Info Widget is always read-only","6667","A test to check the field for ""Read-only""","","Thu Apr 10 17:01:12 GMT 2025","passed","Thu Apr 10 17:01:19 GMT 2025","","Info. Checking the basic functions for the Money","application.Samples.Info.MoneyOnInfoTest","readonly"
"The test gets the value from the style attribute in RGB format, and then converts it to Hex format","8876","A test to get the field color value in Hex format","","Thu Apr 10 16:50:52 GMT 2025","passed","Thu Apr 10 16:51:01 GMT 2025","","Form. Checking the basic functions for the Radio in the widget Form","application.Samples.Form.RadioOnFormTest","color"
"The test sets the value with the wrong data type in the field. After approval, it checks the text under the field, which informs about the correctness of the type of data entered.","8668","Required Message validation test for one field","","Thu Apr 10 16:55:15 GMT 2025","passed","Thu Apr 10 16:55:24 GMT 2025","","Form. Checking the basic functions for the MultiValue in the widget Form","application.Samples.Form.MultiValueOnFormTest","fieldLevelValidationAnnotation"
"The test sets the value in the field. After approval, by clicking on the save button, the popup window, the title, the text in it, and the buttons are validated","9721","Confirmation Popup Validation Test","","Thu Apr 10 16:46:21 GMT 2025","passed","Thu Apr 10 16:46:31 GMT 2025","","Form. Checking the basic functions for the DateTime in the widget Form","application.Samples.Form.DateTimeOnFormTest","confirm"
"The test sets several values in the field, then checks the list with the expected value.","22423","A test for setting multiple values in a field","","Thu Apr 10 16:54:52 GMT 2025","passed","Thu Apr 10 16:55:15 GMT 2025","","Form. Checking the basic functions for the MultiValue in the widget Form","application.Samples.Form.MultiValueOnFormTest","test_set"
"InfoWidget does not have a Hex field color for this type.","7076","A test to get the field color value in Hex format","","Thu Apr 10 16:59:33 GMT 2025","passed","Thu Apr 10 16:59:40 GMT 2025","","Info. Checking the basic functions for the FileUp","application.Samples.Info.FileUploadOnInfoTest","color"
"","7628","Test to get the name of the downloaded file","","Thu Apr 10 16:59:55 GMT 2025","passed","Thu Apr 10 17:00:03 GMT 2025","","Info. Checking the basic functions for the FileUp","application.Samples.Info.FileUploadOnInfoTest","getFileName"
"The test gets the value from the style attribute in RGB format, and then converts it to Hex format","6309","A test to get the field color value in Hex format","","Thu Apr 10 16:58:45 GMT 2025","passed","Thu Apr 10 16:58:52 GMT 2025","","Info. Checking the basic functions for the DateTimeWithSeconds","application.Samples.Info.DateTimeWithSecondsOnInfoTest","color"
"The test gets the value from the placeholder attribute and returns it in String format","7824","Test for getting the Placeholder value","","Thu Apr 10 16:56:52 GMT 2025","passed","Thu Apr 10 16:57:00 GMT 2025","","Form. Checking the basic functions for the MultiValue in the widget Form","application.Samples.Form.MultiValueOnFormTest","placeholder"
"DrillDown is not available for InfoWidget.","6169","The DrillDown test","","Thu Apr 10 16:59:04 GMT 2025","passed","Thu Apr 10 16:59:10 GMT 2025","","Info. Checking the basic functions for the DateTime","application.Samples.Info.DateTimeOnInfoTest","drillDown"
"The test sets a value with the wrong data type in several fields for different widgets. After approval, it checks the text under the field, which informs about the correctness of the type of data entered","11209","Required Message validation test for multiple fields","","Thu Apr 10 16:46:33 GMT 2025","passed","Thu Apr 10 16:46:44 GMT 2025","","Form. Checking the basic functions for the DateTimeWithSeconds in the widget Form","application.Samples.Form.DateTimeWithSecondsOnFormTest","fieldLevelValidation"
"InfoWidget does not have a Hex field color for this type.","8844","A test to get the field color value in Hex format","","Thu Apr 10 17:01:45 GMT 2025","passed","Thu Apr 10 17:01:54 GMT 2025","","Info. Checking the basic functions for the CheckBox","application.Samples.Info.CheckboxOnInfoTest","color"
"Filtering is not available for InfoWidget.","8213","Filtering test","","Thu Apr 10 16:59:03 GMT 2025","passed","Thu Apr 10 16:59:11 GMT 2025","","Info. Checking the basic functions for the MultiplySelect","application.Samples.Info.MultipleSelectOnInfoTest","filtration"
"The test gets the value from the placeholder attribute and returns it in String format","6308","Test for getting the Placeholder value","","Thu Apr 10 16:53:52 GMT 2025","passed","Thu Apr 10 16:53:58 GMT 2025","","Form. Checking the basic functions for the NumberDigits in the widget Form","application.Samples.Form.NumberDigitsOnFormTest","placeholder"
"The test sets the value in the field, and then checks the value in the field with what should be set. Предварительной очистки поля нет","9950","A test for setting a value in a field","","Thu Apr 10 16:55:10 GMT 2025","passed","Thu Apr 10 16:55:20 GMT 2025","","Form. Checking the basic functions for the MultipleSelect in the widget Form","application.Samples.Form.MultipleSelectOnFormTest","edit"
"Sorting is not available for InfoWidget.","7963","Sorting test","","Thu Apr 10 16:58:47 GMT 2025","passed","Thu Apr 10 16:58:55 GMT 2025","","Info. Checking the basic functions for the MultiplySelect","application.Samples.Info.MultipleSelectOnInfoTest","sorting"
"InfoWidget does not have a Hex field color for this type.","8001","A test to get the field color value in Hex format","","Thu Apr 10 16:59:27 GMT 2025","passed","Thu Apr 10 16:59:35 GMT 2025","","Info. Checking the basic functions for the MultiplySelect","application.Samples.Info.MultipleSelectOnInfoTest","color"
"The test checks for the disabled attribute","9136","A test to check the field for ""Read-only""","","Thu Apr 10 16:50:13 GMT 2025","passed","Thu Apr 10 16:50:23 GMT 2025","","Form. Checking the basic functions for the Radio in the widget Form","application.Samples.Form.RadioOnFormTest","readonly"
"The test sets the value in the field. After approval, the popup window, the title, the text in it, and the buttons are validated","7301","Run-time exception validation test","","Thu Apr 10 16:46:42 GMT 2025","passed","Thu Apr 10 16:46:49 GMT 2025","","Form. Checking the basic functions for the DateTime in the widget Form","application.Samples.Form.DateTimeOnFormTest","runtimeException"
"Sorting is not available for the Form widget","5774","Sorting test","","Thu Apr 10 16:51:06 GMT 2025","passed","Thu Apr 10 16:51:11 GMT 2025","","Form. Checking the basic functions for the Input in the widget Form","application.Samples.Form.InputOnFormTest","sorting"
"The test checks for the disabled attribute","6657","A test to check the field for ""Read-only""","","Thu Apr 10 16:53:29 GMT 2025","passed","Thu Apr 10 16:53:36 GMT 2025","","Form. Checking the basic functions for the NumberDigits in the widget Form","application.Samples.Form.NumberDigitsOnFormTest","readonly"
"","7408","The test for getting the file name in the field","","Thu Apr 10 16:59:04 GMT 2025","passed","Thu Apr 10 16:59:11 GMT 2025","","Info. Checking the basic functions for the FileUp","application.Samples.Info.FileUploadOnInfoTest","readNameFileInField"
"The test checks for the disabled attribute","10051","A test to check the field for ""Read-only""","","Thu Apr 10 16:50:41 GMT 2025","passed","Thu Apr 10 16:50:51 GMT 2025","","Form. Checking the basic functions for the InlinePickList in the widget Form","application.Samples.Form.InlinePickListOnFormTest","readonly"
"Filtering is not available for the Form widget","10204","Filtering test","","Thu Apr 10 16:48:12 GMT 2025","passed","Thu Apr 10 16:48:22 GMT 2025","","Form. Checking the basic functions for the Percent in the widget Form","application.Samples.Form.PercentOnFormTest","filtration"
"Sorting is not available for InfoWidget.","5952","Sorting test","","Thu Apr 10 17:00:33 GMT 2025","passed","Thu Apr 10 17:00:39 GMT 2025","","Info. Checking the basic functions for the Date","application.Samples.Info.DateOnInfoTest","sorting"
"Sorting is not available for InfoWidget.","8821","Sorting test","","Thu Apr 10 16:57:46 GMT 2025","passed","Thu Apr 10 16:57:55 GMT 2025","","Info. Checking the basic functions for the Radio","application.Samples.Info.RadioOnInfoTest","sorting"
"The test sets the value with the wrong data type in the field. After approval, it checks the text under the field, which informs about the correctness of the type of data entered","10429","Required Message validation test for one field","","Thu Apr 10 16:45:31 GMT 2025","passed","Thu Apr 10 16:45:41 GMT 2025","","Form. Checking the basic functions for the DateTimeWithSeconds in the widget Form","application.Samples.Form.DateTimeWithSecondsOnFormTest","fieldLevelValidationAnnotation"
"The test checks for the disabled attribute","7315","A test to check the field for ""Read-only""","","Thu Apr 10 16:47:47 GMT 2025","passed","Thu Apr 10 16:47:54 GMT 2025","","Form. Checking the basic functions for the Money in the widget Form","application.Samples.Form.MoneyOnFormTest","readonly"
"The test gets the value from the style attribute in RGB format, and then converts it to Hex format","7187","A test to get the field color value in Hex format","","Thu Apr 10 16:58:35 GMT 2025","passed","Thu Apr 10 16:58:42 GMT 2025","","Info. Checking the basic functions for the PickList","application.Samples.Info.PickListOnInfoTest","color"
"The test sets the value in the field, and then checks the value in the field with what should be set","10486","A test for setting a value in a field","","Thu Apr 10 16:49:06 GMT 2025","passed","Thu Apr 10 16:49:16 GMT 2025","","Form. Checking the basic functions for the Percent in the widget Form","application.Samples.Form.PercentOnFormTest","edit"
"","10435","A test to check the options of the drop-down list","","Thu Apr 10 16:47:11 GMT 2025","passed","Thu Apr 10 16:47:21 GMT 2025","","Form. Checking the basic functions for the Dictionary in the widget Form","application.Samples.Form.DictionaryOnFormTest","options"
"The test gets the value from the style attribute in RGB format, and then converts it to Hex format","9472","A test to get the field color value in Hex format","","Thu Apr 10 16:46:30 GMT 2025","passed","Thu Apr 10 16:46:40 GMT 2025","","Form. Checking the basic functions for the Text in the widget Form","application.Samples.Form.TextOnFormTest","color"
"DrillDown is not available for InfoWidget.","6974","The DrillDown test","","Thu Apr 10 16:58:57 GMT 2025","passed","Thu Apr 10 16:59:04 GMT 2025","","Info. Checking the basic functions for the FileUp","application.Samples.Info.FileUploadOnInfoTest","drillDown"
"Checking the url before the transition and after the transition/click on a special element","6384","The DrillDown test","","Thu Apr 10 16:49:21 GMT 2025","passed","Thu Apr 10 16:49:27 GMT 2025","","Form. Checking the basic functions for the Date in the widget Form","application.Samples.Form.DateOnFormTest","drillDown"
"","6333","The test for getting the value from the field","","Thu Apr 10 16:58:39 GMT 2025","passed","Thu Apr 10 16:58:45 GMT 2025","","Info. Checking the basic functions for the DateTimeWithSeconds","application.Samples.Info.DateTimeWithSecondsOnInfoTest","read"
"Filtering is not available for the Form widget","9158","Filtering test","","Thu Apr 10 16:50:04 GMT 2025","passed","Thu Apr 10 16:50:13 GMT 2025","","Form. Checking the basic functions for the Radio in the widget Form","application.Samples.Form.RadioOnFormTest","filtration"
"The test sets the value in the field. After approval, the popup window, the title, the text in it, and the buttons are validated","9251","Run-time exception validation test","","Thu Apr 10 16:56:16 GMT 2025","passed","Thu Apr 10 16:56:25 GMT 2025","","Form. Checking the basic functions for the MultipleSelect in the widget Form","application.Samples.Form.MultipleSelectOnFormTest","runtimeException"
"The test sets the value in the field. After approval, the popup window, the title, the text in it, and the buttons are validated","9308","Run-time exception validation test","","Thu Apr 10 16:54:20 GMT 2025","passed","Thu Apr 10 16:54:29 GMT 2025","","Form. Checking the basic functions for the PickList in the widget Form","application.Samples.Form.PickListOnFormTest","runtimeException"
"The test gets the value from the style attribute in RGB format, and then converts it to Hex format","10112","A test to get the field color value in Hex format","","Thu Apr 10 16:48:28 GMT 2025","passed","Thu Apr 10 16:48:39 GMT 2025","","Form. Checking the basic functions for the Dictionary in the widget Form","application.Samples.Form.DictionaryOnFormTest","color"
"The test verifies that after clearing the field, it is empty","8558","The test for deleting a file from a field","","Thu Apr 10 16:52:57 GMT 2025","passed","Thu Apr 10 16:53:06 GMT 2025","","Form. Checking the basic functions for the FileUpload in the widget Form","application.Samples.Form.FileUploadOnFormTest","clear"
"Filtering is not available for the Form widget","6803","Filtering test","","Thu Apr 10 16:53:22 GMT 2025","passed","Thu Apr 10 16:53:29 GMT 2025","","Form. Checking the basic functions for the NumberDigits in the widget Form","application.Samples.Form.NumberDigitsOnFormTest","filtration"
"Sorting is not available for InfoWidget.","9577","Sorting test","","Thu Apr 10 16:59:43 GMT 2025","passed","Thu Apr 10 16:59:53 GMT 2025","","Info. Checking the basic functions for the Dictionary","application.Samples.Info.DictionaryOnInfoTest","sorting"
"","10183","A test to get a value for a multifield","","Thu Apr 10 16:49:34 GMT 2025","passed","Thu Apr 10 16:49:45 GMT 2025","","Form. Checking the basic functions for the MultiField in the widget Form","application.Samples.Form.MultiFieldOnFormTest","getValues2"
"The test gets the value from the style attribute in RGB format, and then converts it to Hex format","7289","A test to get the field color value in Hex format","","Thu Apr 10 16:53:06 GMT 2025","passed","Thu Apr 10 16:53:13 GMT 2025","","Form. Checking the basic functions for the FileUpload in the widget Form","application.Samples.Form.FileUploadOnFormTest","color"
"Sorting is not available for InfoWidget.","7751","Sorting test","","Thu Apr 10 16:59:38 GMT 2025","passed","Thu Apr 10 16:59:46 GMT 2025","","Info. Checking the basic functions for the MultiValueHover","application.Samples.Info.MultiValueHoverOnInfoTest","sorting"
"Checking the url before the transition and after the transition/click on a special element","7426","The DrillDown test","","Thu Apr 10 16:47:32 GMT 2025","passed","Thu Apr 10 16:47:39 GMT 2025","","Form. Checking the basic functions for the Money in the widget Form","application.Samples.Form.MoneyOnFormTest","drillDown"
"","5850","The test for getting the value from the field","","Thu Apr 10 16:57:46 GMT 2025","passed","Thu Apr 10 16:57:52 GMT 2025","","Info. Checking the basic functions for the Hint","application.Samples.Info.HintOnInfoTest","read"
"Info Widget is always read-only","7695","A test to check the field for ""Read-only""","","Thu Apr 10 17:00:02 GMT 2025","passed","Thu Apr 10 17:00:10 GMT 2025","","Info. Checking the basic functions for the MultiValueHover","application.Samples.Info.MultiValueHoverOnInfoTest","readonly"
"Sorting is not available for the Form widget","9941","Sorting test","","Thu Apr 10 16:50:11 GMT 2025","passed","Thu Apr 10 16:50:21 GMT 2025","","Form. Checking the basic functions for the InlinePickList in the widget Form","application.Samples.Form.InlinePickListOnFormTest","sorting"
"The test checks the value of the digits attributes","7313","Required Message text Verification field test","","Thu Apr 10 16:52:03 GMT 2025","passed","Thu Apr 10 16:52:11 GMT 2025","","Form. Checking the basic functions for the Input in the widget Form","application.Samples.Form.InputOnFormTest","maxInput"
"The test sets a value with the wrong data type in several fields for different widgets. After approval, it checks the text under the field, which informs about the correctness of the type of data entered","10008","Required Message validation test for multiple fields","","Thu Apr 10 16:48:55 GMT 2025","passed","Thu Apr 10 16:49:05 GMT 2025","","Form. Checking the basic functions for the Money in the widget Form","application.Samples.Form.MoneyOnFormTest","fieldLevelValidation"
"The test sets the value in the field via Popup using the name, and then checks the value in the field with what should be set","8786","A test for setting a value in a field","","Thu Apr 10 16:53:04 GMT 2025","passed","Thu Apr 10 16:53:13 GMT 2025","","Form. Checking the basic functions for the PickList in the widget Form","application.Samples.Form.PickListOnFormTest","edit_2"
"Checking the url before the transition and after the transition/click on a special element","8800","The DrillDown test","","Thu Apr 10 16:54:06 GMT 2025","passed","Thu Apr 10 16:54:15 GMT 2025","","Form. Checking the basic functions for the MultiValue in the widget Form","application.Samples.Form.MultiValueOnFormTest","drillDown"
"The test gets the value from the style attribute in RGB format, and then converts it to Hex format","5954","A test to get the field color value in Hex format","","Thu Apr 10 17:01:03 GMT 2025","passed","Thu Apr 10 17:01:09 GMT 2025","","Info. Checking the basic functions for the Date","application.Samples.Info.DateOnInfoTest","color"
"The test sets a value with the wrong data type in several fields for different widgets. After approval, it checks the text under the field, which informs about the correctness of the type of data entered","10909","Required Message validation test for multiple fields","","Thu Apr 10 16:49:02 GMT 2025","passed","Thu Apr 10 16:49:13 GMT 2025","","Form. Checking the basic functions for the Dictionary in the widget Form","application.Samples.Form.DictionaryOnFormTest","fieldLevelValidation"
"The test sets the value in the field, and then checks the value in the field with what should be set","11739","A test for setting a value in a field","","Thu Apr 10 16:48:17 GMT 2025","passed","Thu Apr 10 16:48:28 GMT 2025","","Form. Checking the basic functions for the Dictionary in the widget Form","application.Samples.Form.DictionaryOnFormTest","edit"
"The test checks the list of buttons","5616","Test getting all widget buttons","","Thu Apr 10 16:52:24 GMT 2025","passed","Thu Apr 10 16:52:30 GMT 2025","","Form. Checking the basic functions for the Input in the widget Form","application.Samples.Form.InputOnFormTest","getButtons"
"Checking the url before the transition and after the transition/click on a special element","10215","The DrillDown test","","Thu Apr 10 16:45:12 GMT 2025","passed","Thu Apr 10 16:45:22 GMT 2025","","Form. Checking the basic functions for the Text in the widget Form","application.Samples.Form.TextOnFormTest","drillDown"
"DrillDown is not available for InfoWidget.","8349","The DrillDown test","","Thu Apr 10 17:00:11 GMT 2025","passed","Thu Apr 10 17:00:20 GMT 2025","","Info. Checking the basic functions for the Text","application.Samples.Info.TextOnInfoTest","drillDown"
"Info Widget is always read-only","6178","A test to check the field for ""Read-only""","","Thu Apr 10 17:02:28 GMT 2025","passed","Thu Apr 10 17:02:34 GMT 2025","","Info. Checking the basic functions for the Number","application.Samples.Info.NumberOnInfoTest","readonly"
"","6698","The test for getting the value from the field","","Thu Apr 10 17:02:34 GMT 2025","passed","Thu Apr 10 17:02:40 GMT 2025","","Info. Checking the basic functions for the MultiValue","application.Samples.Info.MultiValueOnInfoTest","read"
"DrillDown is not available for InfoWidget.","6904","The DrillDown test","","Thu Apr 10 17:00:58 GMT 2025","passed","Thu Apr 10 17:01:05 GMT 2025","","Info. Checking the basic functions for the Money","application.Samples.Info.MoneyOnInfoTest","drillDown"
"","8460","The test for getting the value from the field","","Thu Apr 10 16:58:21 GMT 2025","passed","Thu Apr 10 16:58:30 GMT 2025","","Info. Checking the basic functions for the Radio","application.Samples.Info.RadioOnInfoTest","read"
"The test sets the value in the field. After approval, the popup window, the title, the text in it, and the buttons are validated","10562","Business Exception Validation Test","","Thu Apr 10 16:55:34 GMT 2025","passed","Thu Apr 10 16:55:45 GMT 2025","","Form. Checking the basic functions for the CheckBox","application.Samples.Form.CheckBoxOnFormTest","businessException"
"The test sets a value with the wrong data type in several fields for different widgets. After approval, it checks the text under the field, which informs about the correctness of the type of data entered","10708","Required Message validation test for multiple fields","","Thu Apr 10 16:50:46 GMT 2025","passed","Thu Apr 10 16:50:57 GMT 2025","","Form. Checking the basic functions for the Date in the widget Form","application.Samples.Form.DateOnFormTest","fieldLevelValidation"
"Filtering is not available for InfoWidget.","9409","Filtering test","","Thu Apr 10 17:01:49 GMT 2025","passed","Thu Apr 10 17:01:58 GMT 2025","","Info. Checking the basic functions for the MultiField","application.Samples.Info.MultiFieldOnInfoTest","filtration"
"The test sets the value in the field. After approval, the popup window, the title, the text in it, and the buttons are validated.","9181","Run-time exception validation test","","Thu Apr 10 16:57:37 GMT 2025","passed","Thu Apr 10 16:57:46 GMT 2025","","Form. Checking the basic functions for the MultiValue in the widget Form","application.Samples.Form.MultiValueOnFormTest","runtimeException"
"The test gets the value from the style attribute in RGB format, and then converts it to Hex format","5651","A test to get the field color value in Hex format","","Thu Apr 10 17:02:40 GMT 2025","passed","Thu Apr 10 17:02:45 GMT 2025","","Info. Checking the basic functions for the Number","application.Samples.Info.NumberOnInfoTest","color"
"The test sets a value with the wrong data type in several fields for different widgets. After approval, it checks the text under the field, which informs about the correctness of the type of data entered","10927","Required Message validation test for multiple fields","","Thu Apr 10 16:56:23 GMT 2025","passed","Thu Apr 10 16:56:34 GMT 2025","","Form. Checking the basic functions for the CheckBox","application.Samples.Form.CheckBoxOnFormTest","fieldLevelValidation"
"The test sets the value in the field, and then checks the value in the field with what should be set","12560","A test for setting a value in a field","","Thu Apr 10 16:51:25 GMT 2025","passed","Thu Apr 10 16:51:38 GMT 2025","","Form. Checking the basic functions for the InlinePickList in the widget Form","application.Samples.Form.InlinePickListOnFormTest","edit"
"Sorting is not available for the Form widget","10844","Sorting test","","Thu Apr 10 16:46:49 GMT 2025","passed","Thu Apr 10 16:47:00 GMT 2025","","Form. Checking the basic functions for the Dictionary in the widget Form","application.Samples.Form.DictionaryOnFormTest","sorting"
"The test gets the value from the style attribute in RGB format, and then converts it to Hex format","6676","A test to get the field color value in Hex format","","Thu Apr 10 17:01:26 GMT 2025","passed","Thu Apr 10 17:01:33 GMT 2025","","Info. Checking the basic functions for the Money","application.Samples.Info.MoneyOnInfoTest","color"
"","5886","The test for getting the value from the field","","Thu Apr 10 16:59:21 GMT 2025","passed","Thu Apr 10 16:59:27 GMT 2025","","Info. Checking the basic functions for the DateTime","application.Samples.Info.DateTimeOnInfoTest","read"
"Checking the url before the transition and after the transition/click on a special element","9722","The DrillDown test","","Thu Apr 10 16:45:05 GMT 2025","passed","Thu Apr 10 16:45:15 GMT 2025","","Form. Checking the basic functions for the DateTimeWithSeconds in the widget Form","application.Samples.Form.DateTimeWithSecondsOnFormTest","drillDown"
"The test gets the value from the style attribute in RGB format, and then converts it to Hex format","7434","A test to get the field color value in Hex format","","Thu Apr 10 16:48:31 GMT 2025","passed","Thu Apr 10 16:48:38 GMT 2025","","Form. Checking the basic functions for the Money in the widget Form","application.Samples.Form.MoneyOnFormTest","color"
"","8940","The test for getting the value from the field","","Thu Apr 10 17:01:36 GMT 2025","passed","Thu Apr 10 17:01:45 GMT 2025","","Info. Checking the basic functions for the CheckBox","application.Samples.Info.CheckboxOnInfoTest","read"
"The test sets the value, after which the method returns the full list of value-status","10269","Test to get all values with the status","","Thu Apr 10 16:51:10 GMT 2025","passed","Thu Apr 10 16:51:20 GMT 2025","","Form. Checking the basic functions for the Radio in the widget Form","application.Samples.Form.RadioOnFormTest","getValues"
"Checking the url before the transition and after the transition/click on a special element","6584","The DrillDown test","","Thu Apr 10 16:53:15 GMT 2025","passed","Thu Apr 10 16:53:22 GMT 2025","","Form. Checking the basic functions for the NumberDigits in the widget Form","application.Samples.Form.NumberDigitsOnFormTest","drillDown"
"Sorting is not available for the Form widget","8812","Sorting test","","Thu Apr 10 16:54:37 GMT 2025","passed","Thu Apr 10 16:54:46 GMT 2025","","Form. Checking the basic functions for the CheckBox","application.Samples.Form.CheckBoxOnFormTest","sorting"
"The test sets the value in the field. After approval, the popup window, the title, the text in it, and the buttons are validated","11667","Run-time exception validation test","","Thu Apr 10 16:49:13 GMT 2025","passed","Thu Apr 10 16:49:24 GMT 2025","","Form. Checking the basic functions for the Dictionary in the widget Form","application.Samples.Form.DictionaryOnFormTest","runtimeException"
"Info Widget is always read-only","6435","A test to check the field for ""Read-only""","","Thu Apr 10 16:58:33 GMT 2025","passed","Thu Apr 10 16:58:39 GMT 2025","","Info. Checking the basic functions for the DateTimeWithSeconds","application.Samples.Info.DateTimeWithSecondsOnInfoTest","readonly"
"DrillDown is not available for InfoWidget.","10064","The DrillDown test","","Thu Apr 10 16:59:53 GMT 2025","passed","Thu Apr 10 17:00:03 GMT 2025","","Info. Checking the basic functions for the Dictionary","application.Samples.Info.DictionaryOnInfoTest","drillDown"
"The test sets the value in the field. After approval, the popup window, the title, the text in it, and the buttons are validated","7973","Business Exception Validation Test","","Thu Apr 10 16:52:41 GMT 2025","passed","Thu Apr 10 16:52:49 GMT 2025","","Form. Checking the basic functions for the FileUpload in the widget Form","application.Samples.Form.FileUploadOnFormTest","businessException"
"Filtering is not available for InfoWidget.","4995","Filtering test","","Thu Apr 10 16:59:10 GMT 2025","passed","Thu Apr 10 16:59:15 GMT 2025","","Info. Checking the basic functions for the DateTime","application.Samples.Info.DateTimeOnInfoTest","filtration"
"The test sets the value in the field. After approval, the popup window, the title, the text in it, and the buttons are validated","7204","Run-time exception validation test","","Thu Apr 10 16:52:38 GMT 2025","passed","Thu Apr 10 16:52:45 GMT 2025","","Form. Checking the basic functions for the Input in the widget Form","application.Samples.Form.InputOnFormTest","runtimeException"
"The test sets the value with the wrong data type in the field. After approval, it checks the text under the field, which informs about the correctness of the type of data entered","8861","Required Message validation test for one field","","Thu Apr 10 16:54:41 GMT 2025","passed","Thu Apr 10 16:54:50 GMT 2025","","Form. Checking the basic functions for the MultipleSelect in the widget Form","application.Samples.Form.MultipleSelectOnFormTest","fieldLevelValidationAnnotation"
"Sorting is not available for the Form widget","10328","Sorting test","","Thu Apr 10 16:49:45 GMT 2025","passed","Thu Apr 10 16:49:55 GMT 2025","","Form. Checking the basic functions for the Radio in the widget Form","application.Samples.Form.RadioOnFormTest","sorting"
"The test checks for the disabled attribute","9877","A test to check the field for ""Read-only""","","Thu Apr 10 16:48:22 GMT 2025","passed","Thu Apr 10 16:48:32 GMT 2025","","Form. Checking the basic functions for the Percent in the widget Form","application.Samples.Form.PercentOnFormTest","readonly"
"The test gets the value from the placeholder attribute and returns it in String format","9407","Test for getting the Placeholder value","","Thu Apr 10 16:46:40 GMT 2025","passed","Thu Apr 10 16:46:49 GMT 2025","","Form. Checking the basic functions for the Text in the widget Form","application.Samples.Form.TextOnFormTest","placeholder"
"Filtering is not available for InfoWidget.","8808","Filtering test","","Thu Apr 10 16:58:03 GMT 2025","passed","Thu Apr 10 16:58:12 GMT 2025","","Info. Checking the basic functions for the Radio","application.Samples.Info.RadioOnInfoTest","filtration"
"Filtering is not available for InfoWidget.","5267","Filtering test","","Thu Apr 10 16:56:56 GMT 2025","passed","Thu Apr 10 16:57:01 GMT 2025","","Info. Checking the basic functions for the Input","application.Samples.Info.InputOnInfoTest","filtration"
"The InfoWidget doesn't have a Placeholder.","8623","Test for getting the Placeholder value","","Thu Apr 10 16:58:38 GMT 2025","passed","Thu Apr 10 16:58:47 GMT 2025","","Info. Checking the basic functions for the Radio","application.Samples.Info.RadioOnInfoTest","placeholder"
"Filtering is not available for InfoWidget.","7674","Filtering test","","Thu Apr 10 16:58:12 GMT 2025","passed","Thu Apr 10 16:58:20 GMT 2025","","Info. Checking the basic functions for the PickList","application.Samples.Info.PickListOnInfoTest","filtration"
"The test sets the value in the field. After approval, the popup window, the title, the text in it, and the buttons are validated","12715","Run-time exception validation test","","Thu Apr 10 16:53:46 GMT 2025","passed","Thu Apr 10 16:53:59 GMT 2025","","Form. Checking the basic functions for the FileUpload in the widget Form","application.Samples.Form.FileUploadOnFormTest","runtimeException"
"Info Widget is always read-only","9186","A test to check the field for ""Read-only""","","Thu Apr 10 16:58:12 GMT 2025","passed","Thu Apr 10 16:58:21 GMT 2025","","Info. Checking the basic functions for the Radio","application.Samples.Info.RadioOnInfoTest","readonly"
"The test sets the value with the wrong data type in the field. After approval, it checks the text under the field, which informs about the correctness of the type of data entered","11804","Required Message validation test for one field","","Thu Apr 10 16:48:32 GMT 2025","passed","Thu Apr 10 16:48:44 GMT 2025","","Form. Checking the basic functions for the Percent in the widget Form","application.Samples.Form.PercentOnFormTest","fieldLevelValidationAnnotation"
"The test gets the value from the style attribute in RGB format, and then converts it to Hex format","7478","A test to get the field color value in Hex format","","Thu Apr 10 16:53:47 GMT 2025","passed","Thu Apr 10 16:53:55 GMT 2025","","Form. Checking the basic functions for the PickList in the widget Form","application.Samples.Form.PickListOnFormTest","color"
"The test sets the value in the field. After approval, the popup window, the title, the text in it, and the buttons are validated","9327","Business Exception Validation Test","","Thu Apr 10 16:55:01 GMT 2025","passed","Thu Apr 10 16:55:10 GMT 2025","","Form. Checking the basic functions for the MultipleSelect in the widget Form","application.Samples.Form.MultipleSelectOnFormTest","businessException"
"","6937","The test for getting the value from the field","","Thu Apr 10 17:01:19 GMT 2025","passed","Thu Apr 10 17:01:26 GMT 2025","","Info. Checking the basic functions for the Money","application.Samples.Info.MoneyOnInfoTest","read"
"The test sets a value with the wrong data type in several fields for different widgets. After approval, it checks the text under the field, which informs about the correctness of the type of data entered","10648","Required Message validation test for multiple fields","","Thu Apr 10 16:46:31 GMT 2025","passed","Thu Apr 10 16:46:42 GMT 2025","","Form. Checking the basic functions for the DateTime in the widget Form","application.Samples.Form.DateTimeOnFormTest","fieldLevelValidation"
"The test clears the field and clicks the Save button. Then validates the message that the field is required.","10223","Required Message text Verification field test","","Thu Apr 10 16:55:24 GMT 2025","passed","Thu Apr 10 16:55:34 GMT 2025","","Form. Checking the basic functions for the MultiValue in the widget Form","application.Samples.Form.MultiValueOnFormTest","required"
"The test gets the value from the placeholder attribute and returns it in String format","5812","Test for getting the Placeholder value","","Thu Apr 10 16:52:11 GMT 2025","passed","Thu Apr 10 16:52:16 GMT 2025","","Form. Checking the basic functions for the Input in the widget Form","application.Samples.Form.InputOnFormTest","placeholder"
"","9587","The test for getting the value from the field","","Thu Apr 10 17:00:23 GMT 2025","passed","Thu Apr 10 17:00:32 GMT 2025","","Info. Checking the basic functions for the Dictionary","application.Samples.Info.DictionaryOnInfoTest","read"
"Sorting is not available for the Form widget","32630","Sorting test","","Thu Apr 10 16:44:39 GMT 2025","passed","Thu Apr 10 16:45:12 GMT 2025","","Form. Checking the basic functions for the Text in the widget Form","application.Samples.Form.TextOnFormTest","sorting"
"The test sets the value in the field. After approval, the popup window, the title, the text in it, and the buttons are validated","11702","Business Exception Validation Test","","Thu Apr 10 16:48:54 GMT 2025","passed","Thu Apr 10 16:49:06 GMT 2025","","Form. Checking the basic functions for the Percent in the widget Form","application.Samples.Form.PercentOnFormTest","businessException"
"Checking the url before the transition and after the transition/click on a special element","9272","The DrillDown test","","Thu Apr 10 16:49:55 GMT 2025","passed","Thu Apr 10 16:50:04 GMT 2025","","Form. Checking the basic functions for the Radio in the widget Form","application.Samples.Form.RadioOnFormTest","drillDown"
"The test sets the value in the field, and then checks the value in the field with what should be set","9179","A test for setting a value in a field","","Thu Apr 10 16:46:00 GMT 2025","passed","Thu Apr 10 16:46:09 GMT 2025","","Form. Checking the basic functions for the DateTimeWithSeconds in the widget Form","application.Samples.Form.DateTimeWithSecondsOnFormTest","edit"
"Sorting is not available for InfoWidget.","8893","Sorting test","","Thu Apr 10 17:01:01 GMT 2025","passed","Thu Apr 10 17:01:10 GMT 2025","","Info. Checking the basic functions for the CheckBox","application.Samples.Info.CheckboxOnInfoTest","sorting"
