"DESCRIPTION","DURATION IN MS","NAME","PARENT SUITE","START TIME","STATUS","STOP TIME","SUB SUITE","SUITE","TEST CLASS","TEST METHOD"
"Checking the url before the transition and after the transition/click on a special element","8485","The DrillDown test","","Mon Jul 07 00:04:27 GMT 2025","passed","Mon Jul 07 00:04:36 GMT 2025","","Form. Checking the basic functions for the Radio in the widget Form","application.Samples.Form.RadioOnFormTest","drillDown"
"Sorting by the specified column.","11705","Sorting test","","Sun Jul 06 23:49:21 GMT 2025","passed","Sun Jul 06 23:49:33 GMT 2025","","List. Checking the basic functions for the Radio in the widget List","application.Samples.List.RadioOnListTest","sorting"
"Filtering is not available for the Form widget","8632","Filtering test","","Mon Jul 07 00:00:59 GMT 2025","passed","Mon Jul 07 00:01:08 GMT 2025","","Form. Checking the basic functions for the Text in the widget Form","application.Samples.Form.TextOnFormTest","filtration"
"","7348","The test for getting the value from the field","","Sun Jul 06 23:36:18 GMT 2025","passed","Sun Jul 06 23:36:25 GMT 2025","","Info. Checking the basic functions for the PickList","application.Samples.Info.PickListOnInfoTest","read"
"Checking the url before the transition and after the transition/click on a special element","8515","The DrillDown test","","Mon Jul 07 00:00:50 GMT 2025","passed","Mon Jul 07 00:00:59 GMT 2025","","Form. Checking the basic functions for the Text in the widget Form","application.Samples.Form.TextOnFormTest","drillDown"
"The test sets the value in the field. After approval, the popup window, the title, the text in it, and the buttons are validated","9467","Business Exception Validation Test","","Mon Jul 07 00:05:02 GMT 2025","passed","Mon Jul 07 00:05:11 GMT 2025","","Form. Checking the basic functions for the Radio in the widget Form","application.Samples.Form.RadioOnFormTest","businessException"
"The test gets the value from the placeholder attribute and returns it in String format","6800","Test for getting the Placeholder value","","Mon Jul 07 00:09:05 GMT 2025","passed","Mon Jul 07 00:09:12 GMT 2025","","Form. Checking the basic functions for the Money in the widget Form","application.Samples.Form.MoneyOnFormTest","placeholder"
"The test gets the value from the placeholder attribute and returns it in String format","9034","Test for getting the Placeholder value","","Sun Jul 06 23:48:12 GMT 2025","passed","Sun Jul 06 23:48:21 GMT 2025","","List. Checking the basic functions for the InlinePickList in the widget List","application.Samples.List.InlinePickListOnListTest","placeholder"
"Checking the url before the transition and after the transition/click on a special element","7391","The DrillDown test","","Sun Jul 06 23:59:41 GMT 2025","passed","Sun Jul 06 23:59:48 GMT 2025","","Form. Checking the basic functions for the PickList in the widget Form","application.Samples.Form.PickListOnFormTest","drillDown"
"Filtering is not available for InfoWidget.","9470","Filtering test","","Sun Jul 06 23:33:16 GMT 2025","passed","Sun Jul 06 23:33:26 GMT 2025","","Info. Checking the basic functions for the FileUp","application.Samples.Info.FileUploadOnInfoTest","filtration"
"The test sets the value in the field, and then checks the value in the field with what should be set","7729","A test for setting a value in a field","","Mon Jul 07 00:08:51 GMT 2025","passed","Mon Jul 07 00:08:59 GMT 2025","","Form. Checking the basic functions for the Money in the widget Form","application.Samples.Form.MoneyOnFormTest","edit"
"The test opens a modal window, clears the field, closes the window, and then checks the message under the field.","9540","Required Message text Verification field test","","Mon Jul 07 00:05:21 GMT 2025","passed","Mon Jul 07 00:05:30 GMT 2025","","Form. Checking the basic functions for the MultiValue in the widget Form","application.Samples.Form.MultiValueOnFormTest","required_2"
"The test checks for the disabled attribute","7198","A test to check the field for ""Read-only""","","Sun Jul 06 23:57:37 GMT 2025","passed","Sun Jul 06 23:57:44 GMT 2025","","Form. Checking the basic functions for the MultipleSelect in the widget Form","application.Samples.Form.MultipleSelectOnFormTest","readonly"
"The test sets the value in the field. After approval, by clicking on the save button, the popup window, the title, the text in it, and the buttons are validated.","20170","Confirmation Popup Validation Test","","Sun Jul 06 23:50:32 GMT 2025","passed","Sun Jul 06 23:50:52 GMT 2025","","List. Checking the basic functions for the PickList in the widget List","application.Samples.List.PickListOnListTest","confirm"
"The test sets the value in the field. After approval, the popup window, the title, the text in it, and the buttons are validated.","9108","Business Exception Validation Test","","Sun Jul 06 23:52:23 GMT 2025","passed","Sun Jul 06 23:52:33 GMT 2025","","List. Checking the basic functions for the CheckBox","application.Samples.List.CheckBoxOnListTest","businessException"
"The test sets a value with the wrong data type in several fields for different widgets. After approval, it checks the text under the field, which informs about the correctness of the type of data entered","10688","Required Message validation test for multiple fields","","Mon Jul 07 00:05:58 GMT 2025","passed","Mon Jul 07 00:06:08 GMT 2025","","Form. Checking the basic functions for the Radio in the widget Form","application.Samples.Form.RadioOnFormTest","fieldLevelValidation"
"Filtering is not available for InfoWidget.","10727","Filtering test","","Sun Jul 06 23:33:08 GMT 2025","passed","Sun Jul 06 23:33:18 GMT 2025","","Info. Checking the basic functions for the MultiplySelect","application.Samples.Info.MultipleSelectOnInfoTest","filtration"
"InfoWidget does not have a Hex field color for this type.","7921","A test to get the field color value in Hex format","","Sun Jul 06 23:33:43 GMT 2025","passed","Sun Jul 06 23:33:51 GMT 2025","","Info. Checking the basic functions for the FileUp","application.Samples.Info.FileUploadOnInfoTest","color"
"The Hint field type is always read-only","7444","A test to check the field for ""Read-only""","","Sun Jul 06 23:40:47 GMT 2025","passed","Sun Jul 06 23:40:55 GMT 2025","","List. Checking the basic functions for the MultiValueHover in the widget List","application.Samples.List.MultiValueHoverOnListTest","readonly"
"The test sets the value in the field. After approval, by clicking on the save button, the popup window, the title, the text in it, and the buttons are validated","10732","Confirmation Popup Validation Test","","Sun Jul 06 23:58:07 GMT 2025","passed","Sun Jul 06 23:58:18 GMT 2025","","Form. Checking the basic functions for the Percent in the widget Form","application.Samples.Form.PercentOnFormTest","confirm"
"The test gets the value from the style attribute in RGB format, and then converts it to Hex format","6691","A test to get the field color value in Hex format","","Sun Jul 06 23:43:42 GMT 2025","passed","Sun Jul 06 23:43:49 GMT 2025","","List. Checking the basic functions for the DateTime in the widget List","application.Samples.List.DateTimeOnListTest","color"
"DrillDown is not available for InfoWidget.","10237","The DrillDown test","","Sun Jul 06 23:33:32 GMT 2025","passed","Sun Jul 06 23:33:42 GMT 2025","","Info. Checking the basic functions for the Radio","application.Samples.Info.RadioOnInfoTest","drillDown"
"The test sets the value with the wrong data type in the field. After approval, it checks the text under the field, which informs about the correctness of the type of data entered.","12120","Required Message validation test for one field","","Sun Jul 06 23:52:02 GMT 2025","passed","Sun Jul 06 23:52:14 GMT 2025","","List. Checking the basic functions for the CheckBox","application.Samples.List.CheckBoxOnListTest","fieldLevelValidationAnnotation"
"Sorting is not available for the Form widget","9059","Sorting test","","Mon Jul 07 00:00:41 GMT 2025","passed","Mon Jul 07 00:00:50 GMT 2025","","Form. Checking the basic functions for the Text in the widget Form","application.Samples.Form.TextOnFormTest","sorting"
"The test sets the value in the field. After approval, by clicking on the save button, the popup window, the title, the text in it, and the buttons are validated.","10801","Confirmation Popup Validation Test","","Sun Jul 06 23:43:31 GMT 2025","passed","Sun Jul 06 23:43:42 GMT 2025","","List. Checking the basic functions for the Text in the widget List","application.Samples.List.TextOnListTest","confirm"
"The test sets the value in the field, and then checks the value in the field with what should be set.","39375","A test for setting a value in a field","","Sun Jul 06 23:53:43 GMT 2025","passed","Sun Jul 06 23:54:22 GMT 2025","","List. Checking the basic functions for the Money in the widget List","application.Samples.List.MoneyOnListTest","edit"
"Filtering by the specified column.","8730","Filtering test","","Sun Jul 06 23:38:41 GMT 2025","passed","Sun Jul 06 23:38:50 GMT 2025","","List. Checking the basic functions for the Number in the widget List","application.Samples.List.NumberOnListTest","filtration"
"The test clears the field and clicks the Save button. Then validates the message that the field is required.","10889","Required Message text Verification field test","","Sun Jul 06 23:54:50 GMT 2025","passed","Sun Jul 06 23:55:01 GMT 2025","","List. Checking the basic functions for the Dictionary in the widget List","application.Samples.List.DictionaryOnListTest","required"
"Filtering is not available for the Form widget","7248","Filtering test","","Sun Jul 06 23:59:48 GMT 2025","passed","Sun Jul 06 23:59:55 GMT 2025","","Form. Checking the basic functions for the PickList in the widget Form","application.Samples.Form.PickListOnFormTest","filtration"
"The test sets the value in the field. After approval, the popup window, the title, the text in it, and the buttons are validated.","11329","Run-time exception validation test","","Sun Jul 06 23:44:21 GMT 2025","passed","Sun Jul 06 23:44:33 GMT 2025","","List. Checking the basic functions for the Percent in the widget List","application.Samples.List.PercentOnListTest","runtimeException"
"DrillDown is not available for InfoWidget.","9824","The DrillDown test","","Sun Jul 06 23:34:06 GMT 2025","passed","Sun Jul 06 23:34:16 GMT 2025","","Info. Checking the basic functions for the Text","application.Samples.Info.TextOnInfoTest","drillDown"
"Sorting is not available for the Form widget","7134","Sorting test","","Sun Jul 06 23:57:04 GMT 2025","passed","Sun Jul 06 23:57:12 GMT 2025","","Form. Checking the basic functions for the MultipleSelect in the widget Form","application.Samples.Form.MultipleSelectOnFormTest","sorting"
"The test sets the characters in the field, and then returns a list of values that match or contain characters","13378","Character Matching test","","Mon Jul 07 00:08:08 GMT 2025","passed","Mon Jul 07 00:08:21 GMT 2025","","Form. Checking the basic functions for the InlinePickList in the widget Form","application.Samples.Form.InlinePickListOnFormTest","valuesInList"
"Sorting is not available for the Form widget","8019","Sorting test","","Mon Jul 07 00:02:42 GMT 2025","passed","Mon Jul 07 00:02:50 GMT 2025","","Form. Checking the basic functions for the MultiValue in the widget Form","application.Samples.Form.MultiValueOnFormTest","sorting"
"The test sets the value in the field. After approval, the popup window, the title, the text in it, and the buttons are validated","8374","Business Exception Validation Test","","Mon Jul 07 00:07:04 GMT 2025","passed","Mon Jul 07 00:07:12 GMT 2025","","Form. Checking the basic functions for the DateTimeWithSeconds in the widget Form","application.Samples.Form.DateTimeWithSecondsOnFormTest","businessException"
"Sorting is not available for the Form widget","7151","Sorting test","","Mon Jul 07 00:05:41 GMT 2025","passed","Mon Jul 07 00:05:48 GMT 2025","","Form. Checking the basic functions for the FileUpload in the widget Form","application.Samples.Form.FileUploadOnFormTest","sorting"
"Checking the url before the transition and after the transition/click on a special element","6564","The DrillDown test","","Sun Jul 06 23:41:44 GMT 2025","passed","Sun Jul 06 23:41:50 GMT 2025","","List. Checking the basic functions for the DateTime in the widget List","application.Samples.List.DateTimeOnListTest","drillDown"
"Filtering by the specified column.","7479","Filtering test","","Sun Jul 06 23:47:58 GMT 2025","passed","Sun Jul 06 23:48:05 GMT 2025","","List. Checking the basic functions for the PickList in the widget List","application.Samples.List.PickListOnListTest","filtration"
"Filtering is not available for the Form widget","6731","Filtering test","","Mon Jul 07 00:01:16 GMT 2025","passed","Mon Jul 07 00:01:23 GMT 2025","","Form. Checking the basic functions for the Number in the widget Form","application.Samples.Form.NumberOnFormTest","filtration"
"DrillDown is not available for InfoWidget.","6119","The DrillDown test","","Sun Jul 06 23:34:35 GMT 2025","passed","Sun Jul 06 23:34:41 GMT 2025","","Info. Checking the basic functions for the Input","application.Samples.Info.InputOnInfoTest","drillDown"
"The test gets the value from the style attribute in RGB format, and then converts it to  Hex format","7352","A test to get the field color value in Hex format","","Sun Jul 06 23:40:07 GMT 2025","passed","Sun Jul 06 23:40:15 GMT 2025","","List. Checking the basic functions for the Number in the widget List","application.Samples.List.NumberOnListTest","color"
"The test gets the value from the style attribute in RGB format, and then converts it to Hex format","8961","A test to get the field color value in Hex format","","Sun Jul 06 23:34:43 GMT 2025","passed","Sun Jul 06 23:34:52 GMT 2025","","Info. Checking the basic functions for the Text","application.Samples.Info.TextOnInfoTest","color"
"The test gets the value from the style attribute in RGB format, and then converts it to Hex format","9464","A test to get the field color value in Hex format","","Sun Jul 06 23:34:10 GMT 2025","passed","Sun Jul 06 23:34:20 GMT 2025","","Info. Checking the basic functions for the Radio","application.Samples.Info.RadioOnInfoTest","color"
"The test gets the value from the style attribute in RGB format, and then converts it to Hex format","8583","A test to get the field color value in Hex format","","Sun Jul 06 23:55:23 GMT 2025","passed","Sun Jul 06 23:55:32 GMT 2025","","List. Checking the basic functions for the Dictionary in the widget List","application.Samples.List.DictionaryOnListTest","color"
"The test sets the value in the field, and then checks the value in the field with what should be set.","31589","A test for setting a value in a field","","Sun Jul 06 23:41:59 GMT 2025","passed","Sun Jul 06 23:42:30 GMT 2025","","List. Checking the basic functions for the Percent in the widget List","application.Samples.List.PercentOnListTest","edit"
"The test verifies that after clearing the field, it is empty","8181","The test for deleting a file from a field","","Mon Jul 07 00:06:41 GMT 2025","passed","Mon Jul 07 00:06:49 GMT 2025","","Form. Checking the basic functions for the FileUpload in the widget Form","application.Samples.Form.FileUploadOnFormTest","clear"
"Filtering is not available for InfoWidget.","7919","Filtering test","","Sun Jul 06 23:37:25 GMT 2025","passed","Sun Jul 06 23:37:33 GMT 2025","","Info. Checking the basic functions for the MultiValue","application.Samples.Info.MultiValueOnInfoTest","filtration"
"Filtering is not available for the Form widget","5397","Filtering test","","Mon Jul 07 00:07:53 GMT 2025","passed","Mon Jul 07 00:07:58 GMT 2025","","Form. Checking the basic functions for the Input in the widget Form","application.Samples.Form.InputOnFormTest","filtration"
"The test gets the value from the style attribute in RGB format, and then converts it to Hex format","8152","A test to get the field color value in Hex format","","Sun Jul 06 23:57:45 GMT 2025","passed","Sun Jul 06 23:57:53 GMT 2025","","List. Checking the basic functions for the DateTimeWithSeconds in the widget List","application.Samples.List.DateTimeWithSecondsOnListTest","color"
"Info Widget is always read-only","6538","A test to check the field for ""Read-only""","","Sun Jul 06 23:35:19 GMT 2025","passed","Sun Jul 06 23:35:26 GMT 2025","","Info. Checking the basic functions for the DateTimeWithSeconds","application.Samples.Info.DateTimeWithSecondsOnInfoTest","readonly"
"The test gets the value in the field, and then checks the value in the field with what should be.","1","A test for checking a value in a field","","Sun Jul 06 23:54:22 GMT 2025","skipped","Sun Jul 06 23:54:22 GMT 2025","","List. Checking the basic functions for the Money in the widget List","application.Samples.List.MoneyOnListTest","read"
"The test sets a value with the wrong data type in several fields for different widgets. After approval, it checks the text under the field, which informs about the correctness of the type of data entered","11035","Required Message validation test for multiple fields","","Mon Jul 07 00:00:22 GMT 2025","passed","Mon Jul 07 00:00:33 GMT 2025","","Form. Checking the basic functions for the CheckBox","application.Samples.Form.CheckBoxOnFormTest","fieldLevelValidation"
"Checking the url before the transition and after the transition/click on a special element","6673","The DrillDown test","","Mon Jul 07 00:01:10 GMT 2025","passed","Mon Jul 07 00:01:16 GMT 2025","","Form. Checking the basic functions for the Number in the widget Form","application.Samples.Form.NumberOnFormTest","drillDown"
"Checking the url before the transition and after the transition/click on a special element","6191","The DrillDown test","","Mon Jul 07 00:06:30 GMT 2025","passed","Mon Jul 07 00:06:36 GMT 2025","","Form. Checking the basic functions for the DateTimeWithSeconds in the widget Form","application.Samples.Form.DateTimeWithSecondsOnFormTest","drillDown"
"Sorting is not available for InfoWidget.","10330","Sorting test","","Sun Jul 06 23:33:21 GMT 2025","passed","Sun Jul 06 23:33:32 GMT 2025","","Info. Checking the basic functions for the Radio","application.Samples.Info.RadioOnInfoTest","sorting"
"DrillDown is not available for InfoWidget.","10417","The DrillDown test","","Sun Jul 06 23:36:10 GMT 2025","passed","Sun Jul 06 23:36:21 GMT 2025","","Info. Checking the basic functions for the Percent","application.Samples.Info.PercentOnInfoTest","drillDown"
"Info Widget is always read-only","7792","A test to check the field for ""Read-only""","","Sun Jul 06 23:36:10 GMT 2025","passed","Sun Jul 06 23:36:18 GMT 2025","","Info. Checking the basic functions for the PickList","application.Samples.Info.PickListOnInfoTest","readonly"
"The test gets the value from the placeholder attribute and returns it in String format","7447","Test for getting the Placeholder value","","Sun Jul 06 23:40:15 GMT 2025","passed","Sun Jul 06 23:40:22 GMT 2025","","List. Checking the basic functions for the Number in the widget List","application.Samples.List.NumberOnListTest","placeholder"
"The test sets the value in the field. After approval, by clicking on the save button, the popup window, the title, the text in it, and the buttons are validated.","13236","Confirmation Popup Validation Test","","Sun Jul 06 23:51:45 GMT 2025","passed","Sun Jul 06 23:51:58 GMT 2025","","List. Checking the basic functions for the Radio in the widget List","application.Samples.List.RadioOnListTest","confirm"
"Sorting is not available for InfoWidget.","9493","Sorting test","","Sun Jul 06 23:37:09 GMT 2025","passed","Sun Jul 06 23:37:19 GMT 2025","","Info. Checking the basic functions for the CheckBox","application.Samples.Info.CheckboxOnInfoTest","sorting"
"The test gets the value from the placeholder attribute and returns it in String format","8245","Test for getting the Placeholder value","","Sun Jul 06 23:54:30 GMT 2025","passed","Sun Jul 06 23:54:39 GMT 2025","","List. Checking the basic functions for the Money in the widget List","application.Samples.List.MoneyOnListTest","placeholder"
"The test sets the value in the field. After approval, by clicking on the save button, the popup window, the title, the text in it, and the buttons are validated.","19007","Confirmation Popup Validation Test","","Sun Jul 06 23:43:55 GMT 2025","passed","Sun Jul 06 23:44:14 GMT 2025","","List. Checking the basic functions for the DateTime in the widget List","application.Samples.List.DateTimeOnListTest","confirm"
"The test gets the value from the style attribute in RGB format, and then converts it to Hex format","10448","A test to get the field color value in Hex format","","Sun Jul 06 23:36:03 GMT 2025","passed","Sun Jul 06 23:36:14 GMT 2025","","Info. Checking the basic functions for the Dictionary","application.Samples.Info.DictionaryOnInfoTest","color"
"The test sets the value with the wrong data type in the field. After approval, it checks the text under the field, which informs about the correctness of the type of data entered","6678","Required Message validation test for one field","","Mon Jul 07 00:08:04 GMT 2025","passed","Mon Jul 07 00:08:10 GMT 2025","","Form. Checking the basic functions for the Input in the widget Form","application.Samples.Form.InputOnFormTest","fieldLevelValidationAnnotation"
"Filtering is not available for the Form widget","10129","Filtering test","","Mon Jul 07 00:01:57 GMT 2025","passed","Mon Jul 07 00:02:07 GMT 2025","","Form. Checking the basic functions for the Dictionary in the widget Form","application.Samples.Form.DictionaryOnFormTest","filtration"
"The test sets all the values in the field, then checks the list with the expected value.","18258","Test to set all values in the field","","Mon Jul 07 00:05:38 GMT 2025","passed","Mon Jul 07 00:05:56 GMT 2025","","Form. Checking the basic functions for the MultiValue in the widget Form","application.Samples.Form.MultiValueOnFormTest","test_set_all"
"The test checks for the disabled attribute","10226","A test to check the field for ""Read-only""","","Mon Jul 07 00:02:07 GMT 2025","passed","Mon Jul 07 00:02:17 GMT 2025","","Form. Checking the basic functions for the Dictionary in the widget Form","application.Samples.Form.DictionaryOnFormTest","readonly"
"Sorting is not available for InfoWidget.","7338","Sorting test","","Sun Jul 06 23:37:17 GMT 2025","passed","Sun Jul 06 23:37:25 GMT 2025","","Info. Checking the basic functions for the Number","application.Samples.Info.NumberOnInfoTest","sorting"
"The test gets the value from the style attribute in RGB format, and then converts it to Hex format","9483","A test to get the field color value in Hex format","","Sun Jul 06 23:36:49 GMT 2025","passed","Sun Jul 06 23:36:59 GMT 2025","","Info. Checking the basic functions for the Percent","application.Samples.Info.PercentOnInfoTest","color"
"Filtering is not available for the Form widget","9306","Filtering test","","Mon Jul 07 00:06:56 GMT 2025","passed","Mon Jul 07 00:07:06 GMT 2025","","Form. Checking the basic functions for the InlinePickList in the widget Form","application.Samples.Form.InlinePickListOnFormTest","filtration"
"The test deletes the value by checking the autocomplete in a blank field","9229","Auto-completion test after cleaning","","Sun Jul 06 23:56:25 GMT 2025","passed","Sun Jul 06 23:56:34 GMT 2025","","Form. Checking the basic functions for the Percent in the widget Form","application.Samples.Form.PercentOnFormTest","nullable"
"The test sets the value with the wrong data type in the field. After approval, it checks the text under the field, which informs about the correctness of the type of data entered","8575","Required Message validation test for one field","","Mon Jul 07 00:06:48 GMT 2025","passed","Mon Jul 07 00:06:57 GMT 2025","","Form. Checking the basic functions for the DateTimeWithSeconds in the widget Form","application.Samples.Form.DateTimeWithSecondsOnFormTest","fieldLevelValidationAnnotation"
"","10469","A test to check the options of the drop-down list","","Mon Jul 07 00:01:47 GMT 2025","passed","Mon Jul 07 00:01:57 GMT 2025","","Form. Checking the basic functions for the Dictionary in the widget Form","application.Samples.Form.DictionaryOnFormTest","options"
"Sorting is not available for InfoWidget.","6211","Sorting test","","Sun Jul 06 23:34:15 GMT 2025","passed","Sun Jul 06 23:34:21 GMT 2025","","Info. Checking the basic functions for the DateTime","application.Samples.Info.DateTimeOnInfoTest","sorting"
"A test to get the value from the field. Hint is always read-only, so it is impossible to set the value.","7112","A test to check the value in a field","","Sun Jul 06 23:47:29 GMT 2025","passed","Sun Jul 06 23:47:36 GMT 2025","","List. Checking the basic functions for the Hint in the widget List","application.Samples.List.HintOnListTest","edit"
"Sorting is not available for the Form widget","6019","Sorting test","","Mon Jul 07 00:03:57 GMT 2025","passed","Mon Jul 07 00:04:03 GMT 2025","","Form. Checking the basic functions for the Date in the widget Form","application.Samples.Form.DateOnFormTest","sorting"
"A test to get the value from the field. Hint is always read-only, so it is impossible to set the value.","5901","A test to check the value in a field","","Sun Jul 06 23:59:57 GMT 2025","passed","Mon Jul 07 00:00:03 GMT 2025","","Form. Checking the basic functions for the Hint in the widget Form","application.Samples.Form.HintOnFormTest","edit"
"The test sets the value in the field, and then checks the value in the field with what should be set.","28657","A test for setting a value in a field","","Sun Jul 06 23:46:23 GMT 2025","passed","Sun Jul 06 23:46:52 GMT 2025","","List. Checking the basic functions for the Date in the widget List","application.Samples.List.DateOnListTest","edit"
"The test sets a value with the wrong data type in several fields for different widgets. After approval, it checks the text under the field, which informs about the correctness of the type of data entered","11888","Required Message validation test for multiple fields","","Sun Jul 06 23:53:21 GMT 2025","passed","Sun Jul 06 23:53:33 GMT 2025","","List. Checking the basic functions for the CheckBox","application.Samples.List.CheckBoxOnListTest","fieldLevelValidation"
"The test sets the value in the field, and then checks the value in the field with what should be set","8786","A test for setting a value in a field","","Mon Jul 07 00:01:03 GMT 2025","passed","Mon Jul 07 00:01:12 GMT 2025","","Form. Checking the basic functions for the NumberDigits in the widget Form","application.Samples.Form.NumberDigitsOnFormTest","edit"
"The test sets the value with the wrong data type in the field. After approval, it checks the text under the field, which informs about the correctness of the type of data entered.","10867","Required Message validation test for one field","","Sun Jul 06 23:45:14 GMT 2025","passed","Sun Jul 06 23:45:25 GMT 2025","","List. Checking the basic functions for the MultipleSelect in the widget List","application.Samples.List.MultipleSelectOnListTest","fieldLevelValidationAnnotation"
"The test sets the value in the field. After approval, the popup window, the title, the text in it, and the buttons are validated.","8051","Run-time exception validation test","","Sun Jul 06 23:45:18 GMT 2025","passed","Sun Jul 06 23:45:26 GMT 2025","","List. Checking the basic functions for the DateTime in the widget List","application.Samples.List.DateTimeOnListTest","runtimeException"
"Filtering by the specified column.","9975","Filtering test","","Sun Jul 06 23:51:42 GMT 2025","passed","Sun Jul 06 23:51:52 GMT 2025","","List. Checking the basic functions for the CheckBox","application.Samples.List.CheckBoxOnListTest","filtration"
"Filtering by the specified column.","11008","Filtering test","","Sun Jul 06 23:54:15 GMT 2025","passed","Sun Jul 06 23:54:26 GMT 2025","","List. Checking the basic functions for the Dictionary in the widget List","application.Samples.List.DictionaryOnListTest","filtration"
"The test gets the value from the style attribute in RGB format, and then converts it to Hex format","8858","A test to get the field color value in Hex format","","Mon Jul 07 00:07:59 GMT 2025","passed","Mon Jul 07 00:08:08 GMT 2025","","Form. Checking the basic functions for the InlinePickList in the widget Form","application.Samples.Form.InlinePickListOnFormTest","color"
"The test sets the value in the field. After approval, the popup window, the title, the text in it, and the buttons are validated.","11048","Run-time exception validation test","","Sun Jul 06 23:52:44 GMT 2025","passed","Sun Jul 06 23:52:55 GMT 2025","","List. Checking the basic functions for the Radio in the widget List","application.Samples.List.RadioOnListTest","runtimeException"
"The test checks the downloaded file with the template file that is contained in the resources","7822","A test to compare the downloaded file with the template","","Mon Jul 07 00:07:04 GMT 2025","passed","Mon Jul 07 00:07:12 GMT 2025","","Form. Checking the basic functions for the FileUpload in the widget Form","application.Samples.Form.FileUploadOnFormTest","compare"
"The method returns Option-Status pairs, for all. The test checks each pair.","9569","Test to check the status of all options","","Sun Jul 06 23:46:29 GMT 2025","passed","Sun Jul 06 23:46:38 GMT 2025","","List. Checking the basic functions for the MultipleSelect in the widget List","application.Samples.List.MultipleSelectOnListTest","statusOptions"
"Getting the field color is not available","5516","A test to get the field color value in Hex format","","Mon Jul 07 00:00:03 GMT 2025","passed","Mon Jul 07 00:00:08 GMT 2025","","Form. Checking the basic functions for the Hint in the widget Form","application.Samples.Form.HintOnFormTest","color"
"The InfoWidget doesn't have a Placeholder.","8553","Test for getting the Placeholder value","","Sun Jul 06 23:35:52 GMT 2025","passed","Sun Jul 06 23:36:01 GMT 2025","","Info. Checking the basic functions for the MultiValueHover","application.Samples.Info.MultiValueHoverOnInfoTest","placeholder"
"Checking the url before the transition and after the transition/click on a special element","8752","The DrillDown test","","Sun Jul 06 23:51:33 GMT 2025","passed","Sun Jul 06 23:51:42 GMT 2025","","List. Checking the basic functions for the CheckBox","application.Samples.List.CheckBoxOnListTest","drillDown"
"The test sets a value with the wrong data type in several fields for different widgets. After approval, it checks the text under the field, which informs about the correctness of the type of data entered","11235","Required Message validation test for multiple fields","","Mon Jul 07 00:02:27 GMT 2025","passed","Mon Jul 07 00:02:38 GMT 2025","","Form. Checking the basic functions for the Text in the widget Form","application.Samples.Form.TextOnFormTest","fieldLevelValidation"
"The test gets the value in the field, and then checks the value in the field with what should be.","0","A test for checking a value in a field","","Sun Jul 06 23:39:33 GMT 2025","skipped","Sun Jul 06 23:39:33 GMT 2025","","List. Checking the basic functions for the FileUpload in the widget List","application.Samples.List.FileUploadOnListTest","read"
"The test gets the value from the style attribute in RGB format, and then converts it to Hex format","8360","A test to get the field color value in Hex format","","Mon Jul 07 00:05:21 GMT 2025","passed","Mon Jul 07 00:05:29 GMT 2025","","Form. Checking the basic functions for the Radio in the widget Form","application.Samples.Form.RadioOnFormTest","color"
"The test sets the value in the field. After approval, by clicking on the save button, the popup window, the title, the text in it, and the buttons are validated","12569","Confirmation Popup Validation Test","","Mon Jul 07 00:03:23 GMT 2025","passed","Mon Jul 07 00:03:36 GMT 2025","","Form. Checking the basic functions for the Dictionary in the widget Form","application.Samples.Form.DictionaryOnFormTest","confirm"
"Filtering is not available for the Form widget","8218","Filtering test","","Sun Jul 06 23:56:51 GMT 2025","passed","Sun Jul 06 23:57:00 GMT 2025","","Form. Checking the basic functions for the Percent in the widget Form","application.Samples.Form.PercentOnFormTest","filtration"
"The test sets the value in the field. After approval, by clicking on the save button, the popup window, the title, the text in it, and the buttons are validated.","21362","Confirmation Popup Validation Test","","Sun Jul 06 23:47:06 GMT 2025","passed","Sun Jul 06 23:47:28 GMT 2025","","List. Checking the basic functions for the Date in the widget List","application.Samples.List.DateOnListTest","confirm"
"Filtering is not available for the Form widget","5633","Filtering test","","Mon Jul 07 00:04:09 GMT 2025","passed","Mon Jul 07 00:04:15 GMT 2025","","Form. Checking the basic functions for the Date in the widget Form","application.Samples.Form.DateOnFormTest","filtration"
"The test gets the value from the placeholder attribute and returns it in String format","8229","Test for getting the Placeholder value","","Sun Jul 06 23:43:23 GMT 2025","passed","Sun Jul 06 23:43:31 GMT 2025","","List. Checking the basic functions for the Text in the widget List","application.Samples.List.TextOnListTest","placeholder"
"The test gets the value from the style attribute in RGB format, and then converts it to Hex format","5689","A test to get the field color value in Hex format","","Sun Jul 06 23:50:06 GMT 2025","passed","Sun Jul 06 23:50:12 GMT 2025","","List. Checking the basic functions for the Input in the widget List","application.Samples.List.InputOnListTest","color"
"Sorting by the specified column.","10827","Sorting test","","Sun Jul 06 23:38:15 GMT 2025","passed","Sun Jul 06 23:38:25 GMT 2025","","List. Checking the basic functions for the Number in the widget List","application.Samples.List.NumberOnListTest","sorting"
"Checking the url before the transition and after the transition/click on a special element","8322","The DrillDown test","","Sun Jul 06 23:38:30 GMT 2025","passed","Sun Jul 06 23:38:38 GMT 2025","","List. Checking the basic functions for the FileUpload in the widget List","application.Samples.List.FileUploadOnListTest","drillDown"
"The test gets the value in the field, and then checks the value in the field with what should be.","0","A test for checking a value in a field","","Sun Jul 06 23:52:41 GMT 2025","skipped","Sun Jul 06 23:52:41 GMT 2025","","List. Checking the basic functions for the CheckBox","application.Samples.List.CheckBoxOnListTest","read"
"A test to get the value from the field. MultiValueHover is always read-only, so it is impossible to set the value.","7860","A test for setting a value in a field","","Sun Jul 06 23:40:55 GMT 2025","passed","Sun Jul 06 23:41:03 GMT 2025","","List. Checking the basic functions for the MultiValueHover in the widget List","application.Samples.List.MultiValueHoverOnListTest","edit"
"Checking the url before the transition and after the transition/click on a special element","7974","The DrillDown test","","Sun Jul 06 23:38:25 GMT 2025","passed","Sun Jul 06 23:38:33 GMT 2025","","List. Checking the basic functions for the Number in the widget List","application.Samples.List.NumberOnListTest","drillDown"
"The test sets the value with the wrong data type in the field. After approval, it checks the text under the field, which informs about the correctness of the type of data entered","8432","Required Message validation test for one field","","Mon Jul 07 00:04:29 GMT 2025","passed","Mon Jul 07 00:04:38 GMT 2025","","Form. Checking the basic functions for the Date in the widget Form","application.Samples.Form.DateOnFormTest","fieldLevelValidationAnnotation"
"The test gets the value from the style attribute in RGB format, and then converts it to Hex format","6768","A test to get the field color value in Hex format","","Mon Jul 07 00:08:59 GMT 2025","passed","Mon Jul 07 00:09:05 GMT 2025","","Form. Checking the basic functions for the Money in the widget Form","application.Samples.Form.MoneyOnFormTest","color"
"Filtering is not available for InfoWidget.","5610","Filtering test","","Sun Jul 06 23:34:41 GMT 2025","passed","Sun Jul 06 23:34:47 GMT 2025","","Info. Checking the basic functions for the Input","application.Samples.Info.InputOnInfoTest","filtration"
"","6366","The test for getting the value from the field","","Sun Jul 06 23:34:40 GMT 2025","passed","Sun Jul 06 23:34:47 GMT 2025","","Info. Checking the basic functions for the DateTime","application.Samples.Info.DateTimeOnInfoTest","read"
"","7770","Test to get the name of the downloaded file","","Sun Jul 06 23:34:07 GMT 2025","passed","Sun Jul 06 23:34:15 GMT 2025","","Info. Checking the basic functions for the FileUp","application.Samples.Info.FileUploadOnInfoTest","getFileName"
"The test sets the value with the wrong data type in the field. After approval, it checks the text under the field, which informs about the correctness of the type of data entered","9059","Required Message validation test for one field","","Sun Jul 06 23:57:44 GMT 2025","passed","Sun Jul 06 23:57:53 GMT 2025","","Form. Checking the basic functions for the MultipleSelect in the widget Form","application.Samples.Form.MultipleSelectOnFormTest","fieldLevelValidationAnnotation"
"The test sets the value with the wrong data type in the field. After approval, it checks the text under the field, which informs about the correctness of the type of data entered","10914","Required Message validation test for one field","","Mon Jul 07 00:02:17 GMT 2025","passed","Mon Jul 07 00:02:28 GMT 2025","","Form. Checking the basic functions for the Dictionary in the widget Form","application.Samples.Form.DictionaryOnFormTest","fieldLevelValidationAnnotation"
"Filtering by the specified column.","9581","Filtering test","","Sun Jul 06 23:41:39 GMT 2025","passed","Sun Jul 06 23:41:49 GMT 2025","","List. Checking the basic functions for the Text in the widget List","application.Samples.List.TextOnListTest","filtration"
"The test sets the value in the field via Popup using a unique id, and then checks the value in the field with what needs to be set.","19109","A test for setting a value in a field","","Sun Jul 06 23:49:56 GMT 2025","passed","Sun Jul 06 23:50:15 GMT 2025","","List. Checking the basic functions for the PickList in the widget List","application.Samples.List.PickListOnListTest","edit"
"","9472","The test for getting the value from the field","","Sun Jul 06 23:34:34 GMT 2025","passed","Sun Jul 06 23:34:43 GMT 2025","","Info. Checking the basic functions for the Text","application.Samples.Info.TextOnInfoTest","read"
"Info Widget is always read-only","5898","A test to check the field for ""Read-only""","","Sun Jul 06 23:34:47 GMT 2025","passed","Sun Jul 06 23:34:53 GMT 2025","","Info. Checking the basic functions for the Input","application.Samples.Info.InputOnInfoTest","readonly"
"The test sets the value in the field. After approval, the popup window, the title, the text in it, and the buttons are validated","10145","Run-time exception validation test","","Mon Jul 07 00:00:33 GMT 2025","passed","Mon Jul 07 00:00:43 GMT 2025","","Form. Checking the basic functions for the CheckBox","application.Samples.Form.CheckBoxOnFormTest","runtimeException"
"The test gets the value from the placeholder attribute and returns it in String format","9364","Test for getting the Placeholder value","","Mon Jul 07 00:08:21 GMT 2025","passed","Mon Jul 07 00:08:30 GMT 2025","","Form. Checking the basic functions for the InlinePickList in the widget Form","application.Samples.Form.InlinePickListOnFormTest","placeholder"
"Sorting is not available for InfoWidget.","5373","Sorting test","","Mon Jul 07 00:09:43 GMT 2025","passed","Mon Jul 07 00:09:48 GMT 2025","","Info. Checking the basic functions for the FileUp","application.Samples.Info.FileUploadOnInfoTest","sorting"
"The test gets the value from the placeholder attribute and returns it in String format","7385","Test for getting the Placeholder value","","Mon Jul 07 00:00:21 GMT 2025","passed","Mon Jul 07 00:00:29 GMT 2025","","Form. Checking the basic functions for the PickList in the widget Form","application.Samples.Form.PickListOnFormTest","placeholder"
"Checking the url before the transition and after the transition/click on a special element","6462","The DrillDown test","","Mon Jul 07 00:00:43 GMT 2025","passed","Mon Jul 07 00:00:50 GMT 2025","","Form. Checking the basic functions for the NumberDigits in the widget Form","application.Samples.Form.NumberDigitsOnFormTest","drillDown"
"DrillDown is not available for InfoWidget.","13505","The DrillDown test","","Sun Jul 06 23:32:54 GMT 2025","passed","Sun Jul 06 23:33:08 GMT 2025","","Info. Checking the basic functions for the MultiplySelect","application.Samples.Info.MultipleSelectOnInfoTest","drillDown"
"The test sets the value in the field. After approval, by clicking on the save button, the popup window, the title, the text in it, and the buttons are validated.","11608","Confirmation Popup Validation Test","","Sun Jul 06 23:53:09 GMT 2025","passed","Sun Jul 06 23:53:21 GMT 2025","","List. Checking the basic functions for the CheckBox","application.Samples.List.CheckBoxOnListTest","confirm"
"The test adds a value after removing all previous values.","9204","Value setting test with field clearing","","Sun Jul 06 23:58:58 GMT 2025","passed","Sun Jul 06 23:59:07 GMT 2025","","Form. Checking the basic functions for the MultipleSelect in the widget Form","application.Samples.Form.MultipleSelectOnFormTest","setValue"
"Info Widget is always read-only","6422","A test to check the field for ""Read-only""","","Sun Jul 06 23:36:44 GMT 2025","passed","Sun Jul 06 23:36:50 GMT 2025","","Info. Checking the basic functions for the Date","application.Samples.Info.DateOnInfoTest","readonly"
"The test sets the value in the field, and then checks the value in the field with what should be set.","21952","A test for setting a value in a field","","Mon Jul 07 00:04:51 GMT 2025","passed","Mon Jul 07 00:05:13 GMT 2025","","Form. Checking the basic functions for the MultiValue in the widget Form","application.Samples.Form.MultiValueOnFormTest","edit"
"Info Widget is always read-only","7977","A test to check the field for ""Read-only""","","Sun Jul 06 23:35:27 GMT 2025","passed","Sun Jul 06 23:35:35 GMT 2025","","Info. Checking the basic functions for the MultiValueHover","application.Samples.Info.MultiValueHoverOnInfoTest","readonly"
"The test gets the value from the style attribute in RGB format, and then converts it to Hex format","7789","A test to get the field color value in Hex format","","Sun Jul 06 23:36:25 GMT 2025","passed","Sun Jul 06 23:36:33 GMT 2025","","Info. Checking the basic functions for the PickList","application.Samples.Info.PickListOnInfoTest","color"
"The test sets the value in the field, and then checks the value in the field with what should be set.","11144","A test for setting a value in a field","","Sun Jul 06 23:55:12 GMT 2025","passed","Sun Jul 06 23:55:23 GMT 2025","","List. Checking the basic functions for the Dictionary in the widget List","application.Samples.List.DictionaryOnListTest","edit"
"The test sets the value in the field, and then checks the value in the field with what should be set","7770","A test for setting a value in a field","","Mon Jul 07 00:06:33 GMT 2025","passed","Mon Jul 07 00:06:41 GMT 2025","","Form. Checking the basic functions for the FileUpload in the widget Form","application.Samples.Form.FileUploadOnFormTest","edit"
"Тест устанавливает значение в поле, а после проверяет значение в поле с тем, что должно быть установлено. Предварительной очистки поля нет","10391","A test for setting a value in a field","","Sun Jul 06 23:45:49 GMT 2025","passed","Sun Jul 06 23:45:59 GMT 2025","","List. Checking the basic functions for the MultipleSelect in the widget List","application.Samples.List.MultipleSelectOnListTest","edit"
"The test sets the value in the field, and then checks the value in the field with what should be set","6233","A test for setting a value in a field","","Mon Jul 07 00:08:24 GMT 2025","passed","Mon Jul 07 00:08:30 GMT 2025","","Form. Checking the basic functions for the Input in the widget Form","application.Samples.Form.InputOnFormTest","edit"
"The test sets the value in the field. After approval, the popup window, the title, the text in it, and the buttons are validated","9585","Run-time exception validation test","","Mon Jul 07 00:06:08 GMT 2025","passed","Mon Jul 07 00:06:18 GMT 2025","","Form. Checking the basic functions for the Radio in the widget Form","application.Samples.Form.RadioOnFormTest","runtimeException"
"The test gets the value in the field, and then checks the value in the field with what should be.","0","A test for checking a value in a field","","Sun Jul 06 23:50:15 GMT 2025","skipped","Sun Jul 06 23:50:15 GMT 2025","","List. Checking the basic functions for the PickList in the widget List","application.Samples.List.PickListOnListTest","read"
"The test clears the field and clicks the Save button. Then validates the message that the field is required","6759","Required Message text Verification field test","","Mon Jul 07 00:04:38 GMT 2025","passed","Mon Jul 07 00:04:44 GMT 2025","","Form. Checking the basic functions for the Date in the widget Form","application.Samples.Form.DateOnFormTest","required"
"Sorting by the specified column.","11670","Sorting test","","Sun Jul 06 23:41:18 GMT 2025","passed","Sun Jul 06 23:41:30 GMT 2025","","List. Checking the basic functions for the Text in the widget List","application.Samples.List.TextOnListTest","sorting"
"The test gets the value in the field, and then checks the value in the field with what should be.","0","A test for checking a value in a field","","Sun Jul 06 23:50:06 GMT 2025","skipped","Sun Jul 06 23:50:06 GMT 2025","","List. Checking the basic functions for the Input in the widget List","application.Samples.List.InputOnListTest","read"
"The test sets the value in the field. After approval, by clicking on the save button, the popup window, the title, the text in it, and the buttons are validated","11332","Confirmation Popup Validation Test","","Mon Jul 07 00:02:15 GMT 2025","passed","Mon Jul 07 00:02:27 GMT 2025","","Form. Checking the basic functions for the Text in the widget Form","application.Samples.Form.TextOnFormTest","confirm"
"The test sets the value in the field, and then checks the value in the field with what should be set.","16972","A test for setting a value in a field","","Sun Jul 06 23:49:49 GMT 2025","passed","Sun Jul 06 23:50:06 GMT 2025","","List. Checking the basic functions for the Input in the widget List","application.Samples.List.InputOnListTest","edit"
"Sorting is not available for InfoWidget.","8106","Sorting test","","Sun Jul 06 23:35:46 GMT 2025","passed","Sun Jul 06 23:35:54 GMT 2025","","Info. Checking the basic functions for the PickList","application.Samples.Info.PickListOnInfoTest","sorting"
"The test sets the value in the field, and then checks the value in the field with what should be set.","19010","A test for setting a value in a field","","Sun Jul 06 23:39:48 GMT 2025","passed","Sun Jul 06 23:40:07 GMT 2025","","List. Checking the basic functions for the Number in the widget List","application.Samples.List.NumberOnListTest","edit"
"","10307","A test to check the options of the drop-down list","","Sun Jul 06 23:54:05 GMT 2025","passed","Sun Jul 06 23:54:15 GMT 2025","","List. Checking the basic functions for the Dictionary in the widget List","application.Samples.List.DictionaryOnListTest","options"
"The test gets the value from the style attribute in RGB format, and then converts it to Hex format","7289","A test to get the field color value in Hex format","","Sun Jul 06 23:46:52 GMT 2025","passed","Sun Jul 06 23:46:59 GMT 2025","","List. Checking the basic functions for the Date in the widget List","application.Samples.List.DateOnListTest","color"
"The test checks for the disabled attribute","6915","A test to check the field for ""Read-only""","","Mon Jul 07 00:08:19 GMT 2025","passed","Mon Jul 07 00:08:26 GMT 2025","","Form. Checking the basic functions for the Money in the widget Form","application.Samples.Form.MoneyOnFormTest","readonly"
"The test gets the value from the style attribute in RGB format, and then converts it to Hex format","7966","A test to get the field color value in Hex format","","Sun Jul 06 23:37:49 GMT 2025","passed","Sun Jul 06 23:37:57 GMT 2025","","Info. Checking the basic functions for the MultiValue","application.Samples.Info.MultiValueOnInfoTest","color"
"The test gets the value from the style attribute in RGB format, and then converts it to Hex format","7770","A test to get the field color value in Hex format","","Sun Jul 06 23:50:15 GMT 2025","passed","Sun Jul 06 23:50:23 GMT 2025","","List. Checking the basic functions for the PickList in the widget List","application.Samples.List.PickListOnListTest","color"
"The test checks for the disabled attribute.","8263","A test to check the field for ""Read-only""","","Sun Jul 06 23:52:03 GMT 2025","passed","Sun Jul 06 23:52:11 GMT 2025","","List. Checking the basic functions for the Money in the widget List","application.Samples.List.MoneyOnListTest","readonly"
"The test sets the value in the field. After approval, the popup window, the title, the text in it, and the buttons are validated.","7918","Business Exception Validation Test","","Sun Jul 06 23:49:42 GMT 2025","passed","Sun Jul 06 23:49:49 GMT 2025","","List. Checking the basic functions for the Input in the widget List","application.Samples.List.InputOnListTest","businessException"
"The test sets the value with the wrong data type in the field. After approval, it checks the text under the field, which informs about the correctness of the type of data entered","9466","Required Message validation test for one field","","Sun Jul 06 23:59:14 GMT 2025","passed","Sun Jul 06 23:59:23 GMT 2025","","Form. Checking the basic functions for the CheckBox","application.Samples.Form.CheckBoxOnFormTest","fieldLevelValidationAnnotation"
"The test sets the value in the field. After approval, the popup window, the title, the text in it, and the buttons are validated","8515","Business Exception Validation Test","","Mon Jul 07 00:04:44 GMT 2025","passed","Mon Jul 07 00:04:53 GMT 2025","","Form. Checking the basic functions for the Date in the widget Form","application.Samples.Form.DateOnFormTest","businessException"
"The test sets the value in the field, and then checks the value in the field with what should be set","8049","A test for setting a value in a field","","Mon Jul 07 00:07:12 GMT 2025","passed","Mon Jul 07 00:07:20 GMT 2025","","Form. Checking the basic functions for the DateTimeWithSeconds in the widget Form","application.Samples.Form.DateTimeWithSecondsOnFormTest","edit"
"The test gets the value from the style attribute in RGB format, and then converts it to Hex format","8627","A test to get the field color value in Hex format","","Sun Jul 06 23:52:41 GMT 2025","passed","Sun Jul 06 23:52:50 GMT 2025","","List. Checking the basic functions for the CheckBox","application.Samples.List.CheckBoxOnListTest","color"
"The test gets the value from the placeholder attribute and returns it in String format","6741","Test for getting the Placeholder value","","Mon Jul 07 00:02:09 GMT 2025","passed","Mon Jul 07 00:02:15 GMT 2025","","Form. Checking the basic functions for the Number in the widget Form","application.Samples.Form.NumberOnFormTest","placeholder"
"Info Widget is always read-only","9369","A test to check the field for ""Read-only""","","Sun Jul 06 23:33:52 GMT 2025","passed","Sun Jul 06 23:34:01 GMT 2025","","Info. Checking the basic functions for the Radio","application.Samples.Info.RadioOnInfoTest","readonly"
"The InfoWidget doesn't have a Placeholder.","9538","Test for getting the Placeholder value","","Sun Jul 06 23:36:59 GMT 2025","passed","Sun Jul 06 23:37:08 GMT 2025","","Info. Checking the basic functions for the Percent","application.Samples.Info.PercentOnInfoTest","placeholder"
"The test sets the value in the field. After approval, the popup window, the title, the text in it, and the buttons are validated.","23133","Business Exception Validation Test","","Sun Jul 06 23:47:06 GMT 2025","passed","Sun Jul 06 23:47:29 GMT 2025","","List. Checking the basic functions for the InlinePickList in the widget List","application.Samples.List.InlinePickListOnListTest","businessException"
"The test sets a value with the wrong data type in several fields for different widgets. After approval, it checks the text under the field, which informs about the correctness of the type of data entered","11768","Required Message validation test for multiple fields","","Mon Jul 07 00:08:42 GMT 2025","passed","Mon Jul 07 00:08:54 GMT 2025","","Form. Checking the basic functions for the InlinePickList in the widget Form","application.Samples.Form.InlinePickListOnFormTest","fieldLevelValidation"
"The test sets the value in the field. After approval, by clicking on the save button, the popup window, the title, the text in it, and the buttons are validated","8028","Confirmation Popup Validation Test","","Mon Jul 07 00:09:12 GMT 2025","passed","Mon Jul 07 00:09:20 GMT 2025","","Form. Checking the basic functions for the Money in the widget Form","application.Samples.Form.MoneyOnFormTest","confirm"
"The test sets the value, after which the method returns the full list of value-status","12192","Test to get all values with the status","","Sun Jul 06 23:51:33 GMT 2025","passed","Sun Jul 06 23:51:45 GMT 2025","","List. Checking the basic functions for the Radio in the widget List","application.Samples.List.RadioOnListTest","getValues"
"The test sets the value in the field. After approval, the popup window, the title, the text in it, and the buttons are validated.","9534","Business Exception Validation Test","","Sun Jul 06 23:50:44 GMT 2025","passed","Sun Jul 06 23:50:54 GMT 2025","","List. Checking the basic functions for the Radio in the widget List","application.Samples.List.RadioOnListTest","businessException"
"The test clears the field and clicks the Save button. Then validates the message that the field is required","11063","Required Message text Verification field test","","Mon Jul 07 00:02:28 GMT 2025","passed","Mon Jul 07 00:02:39 GMT 2025","","Form. Checking the basic functions for the Dictionary in the widget Form","application.Samples.Form.DictionaryOnFormTest","required"
"Filtering is not available for InfoWidget.","6090","Filtering test","","Sun Jul 06 23:34:27 GMT 2025","passed","Sun Jul 06 23:34:33 GMT 2025","","Info. Checking the basic functions for the DateTime","application.Samples.Info.DateTimeOnInfoTest","filtration"
"The test gets the value from the placeholder attribute and returns it in String format","6357","Test for getting the Placeholder value","","Mon Jul 07 00:07:27 GMT 2025","passed","Mon Jul 07 00:07:33 GMT 2025","","Form. Checking the basic functions for the DateTimeWithSeconds in the widget Form","application.Samples.Form.DateTimeWithSecondsOnFormTest","placeholder"
"","12229","The test for getting the value from the field","","Sun Jul 06 23:33:09 GMT 2025","passed","Sun Jul 06 23:33:21 GMT 2025","","Info. Checking the basic functions for the MultiField","application.Samples.Info.MultiFieldOnInfoTest","read"
"The test sets the value with the wrong data type in the field. After approval, it checks the text under the field, which informs about the correctness of the type of data entered.","19281","Required Message validation test for one field","","Sun Jul 06 23:49:22 GMT 2025","passed","Sun Jul 06 23:49:42 GMT 2025","","List. Checking the basic functions for the Input in the widget List","application.Samples.List.InputOnListTest","fieldLevelValidationAnnotation"
"The test clears the field and clicks the Save button. Then validates the message that the field is required.","22874","Required Message text Verification field test","","Sun Jul 06 23:41:12 GMT 2025","passed","Sun Jul 06 23:41:35 GMT 2025","","List. Checking the basic functions for the Percent in the widget List","application.Samples.List.PercentOnListTest","required"
"The test clears the field and clicks the Save button. Then validates the message that the field is required.","18919","Required Message text Verification field test","","Sun Jul 06 23:45:44 GMT 2025","passed","Sun Jul 06 23:46:03 GMT 2025","","List. Checking the basic functions for the Date in the widget List","application.Samples.List.DateOnListTest","required"
"Filtering is not available for the Form widget","8071","Filtering test","","Sun Jul 06 23:58:57 GMT 2025","passed","Sun Jul 06 23:59:06 GMT 2025","","Form. Checking the basic functions for the CheckBox","application.Samples.Form.CheckBoxOnFormTest","filtration"
"The InfoWidget doesn't have a Placeholder.","5588","Test for getting the Placeholder value","","Sun Jul 06 23:35:04 GMT 2025","passed","Sun Jul 06 23:35:10 GMT 2025","","Info. Checking the basic functions for the Input","application.Samples.Info.InputOnInfoTest","placeholder"
"The test gets the value in the field, and then checks the value in the field with what should be.","0","A test for checking a value in a field","","Sun Jul 06 23:55:23 GMT 2025","skipped","Sun Jul 06 23:55:23 GMT 2025","","List. Checking the basic functions for the Dictionary in the widget List","application.Samples.List.DictionaryOnListTest","read"
"Filtering by the specified column.","5621","Filtering test","","Sun Jul 06 23:49:04 GMT 2025","passed","Sun Jul 06 23:49:10 GMT 2025","","List. Checking the basic functions for the Input in the widget List","application.Samples.List.InputOnListTest","filtration"
"The test gets the value from the style attribute in RGB format, and then converts it to Hex format","9682","A test to get the field color value in Hex format","","Mon Jul 07 00:03:04 GMT 2025","passed","Mon Jul 07 00:03:14 GMT 2025","","Form. Checking the basic functions for the Dictionary in the widget Form","application.Samples.Form.DictionaryOnFormTest","color"
"The test sets the value in the field. After approval, the popup window, the title, the text in it, and the buttons are validated","11257","Run-time exception validation test","","Mon Jul 07 00:03:46 GMT 2025","passed","Mon Jul 07 00:03:57 GMT 2025","","Form. Checking the basic functions for the Dictionary in the widget Form","application.Samples.Form.DictionaryOnFormTest","runtimeException"
"The test gets the value from the style attribute in RGB format, and then converts it to Hex format","9016","A test to get the field color value in Hex format","","Sun Jul 06 23:59:53 GMT 2025","passed","Mon Jul 07 00:00:02 GMT 2025","","Form. Checking the basic functions for the CheckBox","application.Samples.Form.CheckBoxOnFormTest","color"
"Sorting by the specified column.","17588","Sorting test","","Sun Jul 06 23:44:33 GMT 2025","passed","Sun Jul 06 23:44:50 GMT 2025","","List. Checking the basic functions for the Date in the widget List","application.Samples.List.DateOnListTest","sorting"
"Filtering is not available for the Form widget","5588","Filtering test","","Sun Jul 06 23:59:46 GMT 2025","passed","Sun Jul 06 23:59:51 GMT 2025","","Form. Checking the basic functions for the Hint in the widget Form","application.Samples.Form.HintOnFormTest","filtration"
"Filtering is not available for InfoWidget.","9272","Filtering test","","Sun Jul 06 23:36:21 GMT 2025","passed","Sun Jul 06 23:36:30 GMT 2025","","Info. Checking the basic functions for the Percent","application.Samples.Info.PercentOnInfoTest","filtration"
"The test gets the value from the placeholder attribute and returns it in String format","8641","Test for getting the Placeholder value","","Sun Jul 06 23:58:32 GMT 2025","passed","Sun Jul 06 23:58:41 GMT 2025","","Form. Checking the basic functions for the MultipleSelect in the widget Form","application.Samples.Form.MultipleSelectOnFormTest","placeholder"
"The test checks for the disabled attribute.","9380","A test to check the field for ""Read-only""","","Sun Jul 06 23:41:49 GMT 2025","passed","Sun Jul 06 23:41:58 GMT 2025","","List. Checking the basic functions for the Text in the widget List","application.Samples.List.TextOnListTest","readonly"
"","9188","The test for getting the value from the field","","Sun Jul 06 23:37:47 GMT 2025","passed","Sun Jul 06 23:37:56 GMT 2025","","Info. Checking the basic functions for the CheckBox","application.Samples.Info.CheckboxOnInfoTest","read"
"The test sets one value in the field, then checks the list with the expected value.","28517","A test for setting a single value in a field","","Mon Jul 07 00:03:06 GMT 2025","passed","Mon Jul 07 00:03:34 GMT 2025","","Form. Checking the basic functions for the MultiValue in the widget Form","application.Samples.Form.MultiValueOnFormTest","test_once"
"The test sets a value with the wrong data type in several fields for different widgets. After approval, it checks the text under the field, which informs about the correctness of the type of data entered","8196","Required Message validation test for multiple fields","","Sun Jul 06 23:59:07 GMT 2025","passed","Sun Jul 06 23:59:16 GMT 2025","","Form. Checking the basic functions for the MultipleSelect in the widget Form","application.Samples.Form.MultipleSelectOnFormTest","fieldLevelValidation"
"","8877","The test for getting the value from the field","","Sun Jul 06 23:35:35 GMT 2025","passed","Sun Jul 06 23:35:44 GMT 2025","","Info. Checking the basic functions for the MultiValueHover","application.Samples.Info.MultiValueHoverOnInfoTest","read"
"The test gets the value from the placeholder attribute and returns it in String format","7310","Test for getting the Placeholder value","","Sun Jul 06 23:46:59 GMT 2025","passed","Sun Jul 06 23:47:06 GMT 2025","","List. Checking the basic functions for the Date in the widget List","application.Samples.List.DateOnListTest","placeholder"
"The test gets the value in the field, and then checks the value in the field with what should be.","0","A test for checking a value in a field","","Sun Jul 06 23:51:14 GMT 2025","skipped","Sun Jul 06 23:51:14 GMT 2025","","List. Checking the basic functions for the Radio in the widget List","application.Samples.List.RadioOnListTest","read"
"The test sets the value in the field, and then checks the value in the field with what should be set","11899","A test for setting a value in a field","","Mon Jul 07 00:07:47 GMT 2025","passed","Mon Jul 07 00:07:59 GMT 2025","","Form. Checking the basic functions for the InlinePickList in the widget Form","application.Samples.Form.InlinePickListOnFormTest","edit"
"The test sets the value with the wrong data type in the field. After approval, it checks the text under the field, which informs about the correctness of the type of data entered","10973","Required Message validation test for one field","","Sun Jul 06 23:57:08 GMT 2025","passed","Sun Jul 06 23:57:19 GMT 2025","","Form. Checking the basic functions for the Percent in the widget Form","application.Samples.Form.PercentOnFormTest","fieldLevelValidationAnnotation"
"The test checks for the disabled attribute.","8264","A test to check the field for ""Read-only""","","Sun Jul 06 23:38:46 GMT 2025","passed","Sun Jul 06 23:38:55 GMT 2025","","List. Checking the basic functions for the FileUpload in the widget List","application.Samples.List.FileUploadOnListTest","readonly"
"DrillDown is not available for InfoWidget.","8359","The DrillDown test","","Sun Jul 06 23:35:54 GMT 2025","passed","Sun Jul 06 23:36:03 GMT 2025","","Info. Checking the basic functions for the PickList","application.Samples.Info.PickListOnInfoTest","drillDown"
"The test sets the value in the field. After approval, the popup window, the title, the text in it, and the buttons are validated.","30356","Business Exception Validation Test","","Sun Jul 06 23:53:12 GMT 2025","passed","Sun Jul 06 23:53:43 GMT 2025","","List. Checking the basic functions for the Money in the widget List","application.Samples.List.MoneyOnListTest","businessException"
"The test checks for the disabled attribute.","9436","A test to check the field for ""Read-only""","","Sun Jul 06 23:48:44 GMT 2025","passed","Sun Jul 06 23:48:53 GMT 2025","","List. Checking the basic functions for the PickList in the widget List","application.Samples.List.PickListOnListTest","readonly"
"The test sets the value in the field. After approval, the popup window, the title, the text in it, and the buttons are validated","6669","Business Exception Validation Test","","Mon Jul 07 00:08:17 GMT 2025","passed","Mon Jul 07 00:08:24 GMT 2025","","Form. Checking the basic functions for the Input in the widget Form","application.Samples.Form.InputOnFormTest","businessException"
"DrillDown is not available for InfoWidget.","6508","The DrillDown test","","Sun Jul 06 23:34:21 GMT 2025","passed","Sun Jul 06 23:34:27 GMT 2025","","Info. Checking the basic functions for the DateTime","application.Samples.Info.DateTimeOnInfoTest","drillDown"
"The test sets the value with the wrong data type in the field. After approval, it checks the text under the field, which informs about the correctness of the type of data entered.","32675","Required Message validation test for one field","","Sun Jul 06 23:40:39 GMT 2025","passed","Sun Jul 06 23:41:12 GMT 2025","","List. Checking the basic functions for the Percent in the widget List","application.Samples.List.PercentOnListTest","fieldLevelValidationAnnotation"
"The InfoWidget doesn't have a Placeholder.","9144","Test for getting the Placeholder value","","Sun Jul 06 23:33:47 GMT 2025","passed","Sun Jul 06 23:33:56 GMT 2025","","Info. Checking the basic functions for the MultiplySelect","application.Samples.Info.MultipleSelectOnInfoTest","placeholder"
"Sorting is not available for the Form widget","8520","Sorting test","","Mon Jul 07 00:04:19 GMT 2025","passed","Mon Jul 07 00:04:27 GMT 2025","","Form. Checking the basic functions for the Radio in the widget Form","application.Samples.Form.RadioOnFormTest","sorting"
"Sorting is not available for InfoWidget.","8015","Sorting test","","Sun Jul 06 23:37:09 GMT 2025","passed","Sun Jul 06 23:37:17 GMT 2025","","Info. Checking the basic functions for the MultiValue","application.Samples.Info.MultiValueOnInfoTest","sorting"
"The test checks for the disabled attribute","8229","A test to check the field for ""Read-only""","","Sun Jul 06 23:57:00 GMT 2025","passed","Sun Jul 06 23:57:08 GMT 2025","","Form. Checking the basic functions for the Percent in the widget Form","application.Samples.Form.PercentOnFormTest","readonly"
"The test sets the value in the field. After approval, by clicking on the save button, the popup window, the title, the text in it, and the buttons are validated.","31134","Confirmation Popup Validation Test","","Sun Jul 06 23:54:39 GMT 2025","passed","Sun Jul 06 23:55:10 GMT 2025","","List. Checking the basic functions for the Money in the widget List","application.Samples.List.MoneyOnListTest","confirm"
"The test sets the value in the field, and then checks the value in the field with what should be set. The Number Digits class is used for numbers with a fractional part.","8626","A test for entering numbers with a fractional part using the PercentDigits class","","Sun Jul 06 23:56:43 GMT 2025","passed","Sun Jul 06 23:56:51 GMT 2025","","Form. Checking the basic functions for the Percent in the widget Form","application.Samples.Form.PercentOnFormTest","digits"
"The method returns Option-Status pairs, for all. The test checks each pair.","8320","Test to check the status of all options","","Sun Jul 06 23:58:50 GMT 2025","passed","Sun Jul 06 23:58:58 GMT 2025","","Form. Checking the basic functions for the MultipleSelect in the widget Form","application.Samples.Form.MultipleSelectOnFormTest","statusOptions"
"Info Widget is always read-only","9816","A test to check the field for ""Read-only""","","Sun Jul 06 23:33:18 GMT 2025","passed","Sun Jul 06 23:33:28 GMT 2025","","Info. Checking the basic functions for the MultiplySelect","application.Samples.Info.MultipleSelectOnInfoTest","readonly"
"The test sets the value in the field, and then checks the value in the field with what should be set","8020","A test for setting a value in a field","","Mon Jul 07 00:04:53 GMT 2025","passed","Mon Jul 07 00:05:01 GMT 2025","","Form. Checking the basic functions for the Date in the widget Form","application.Samples.Form.DateOnFormTest","edit"
"The test checks for the disabled attribute.","5800","A test to check the field for ""Read-only""","","Sun Jul 06 23:56:29 GMT 2025","passed","Sun Jul 06 23:56:35 GMT 2025","","List. Checking the basic functions for the DateTimeWithSeconds in the widget List","application.Samples.List.DateTimeWithSecondsOnListTest","readonly"
"Info Widget is always read-only","9118","A test to check the field for ""Read-only""","","Sun Jul 06 23:34:24 GMT 2025","passed","Sun Jul 06 23:34:34 GMT 2025","","Info. Checking the basic functions for the Text","application.Samples.Info.TextOnInfoTest","readonly"
"The test sets the value with the wrong data type in the field. After approval, it checks the text under the field, which informs about the correctness of the type of data entered","8522","Required Message validation test for one field","","Mon Jul 07 00:01:30 GMT 2025","passed","Mon Jul 07 00:01:38 GMT 2025","","Form. Checking the basic functions for the Number in the widget Form","application.Samples.Form.NumberOnFormTest","fieldLevelValidationAnnotation"
"","9742","The test for getting the file name in the field","","Sun Jul 06 23:33:07 GMT 2025","passed","Sun Jul 06 23:33:16 GMT 2025","","Info. Checking the basic functions for the FileUp","application.Samples.Info.FileUploadOnInfoTest","readNameFileInField"
"The test sets the value with the wrong data type in the field. After approval, it checks the text under the field, which informs about the correctness of the type of data entered.","10960","Required Message validation test for one field","","Sun Jul 06 23:38:55 GMT 2025","passed","Sun Jul 06 23:39:06 GMT 2025","","List. Checking the basic functions for the FileUpload in the widget List","application.Samples.List.FileUploadOnListTest","fieldLevelValidationAnnotation"
"Sorting is not available for the Form widget","6588","Sorting test","","Mon Jul 07 00:02:49 GMT 2025","passed","Mon Jul 07 00:02:55 GMT 2025","","Form. Checking the basic functions for the DateTime in the widget Form","application.Samples.Form.DateTimeOnFormTest","sorting"
"The test gets the value from the placeholder attribute and returns it in String format","8523","Test for getting the Placeholder value","","Sun Jul 06 23:39:49 GMT 2025","passed","Sun Jul 06 23:39:58 GMT 2025","","List. Checking the basic functions for the FileUpload in the widget List","application.Samples.List.FileUploadOnListTest","placeholder"
"The test gets the value from the style attribute in RGB format, and then converts it to Hex format","9634","A test to get the field color value in Hex format","","Sun Jul 06 23:43:13 GMT 2025","passed","Sun Jul 06 23:43:23 GMT 2025","","List. Checking the basic functions for the Text in the widget List","application.Samples.List.TextOnListTest","color"
"The test sets the value in the field, and then checks the value in the field with what should be set","7420","A test for setting a value in a field","","Mon Jul 07 00:01:55 GMT 2025","passed","Mon Jul 07 00:02:02 GMT 2025","","Form. Checking the basic functions for the Number in the widget Form","application.Samples.Form.NumberOnFormTest","edit"
"The test gets the value from the style attribute in RGB format, and then converts it to Hex format","8678","A test to get the field color value in Hex format","","Sun Jul 06 23:54:23 GMT 2025","passed","Sun Jul 06 23:54:32 GMT 2025","","List. Checking the basic functions for the MultiValue in the widget List","application.Samples.List.MultiValueOnListTest","color"
"Filtering is not available for InfoWidget.","6103","Filtering test","","Sun Jul 06 23:36:53 GMT 2025","passed","Sun Jul 06 23:36:59 GMT 2025","","Info. Checking the basic functions for the Hint","application.Samples.Info.HintOnInfoTest","filtration"
"The test clears the field and clicks the Save button. Then validates the message that the field is required","6379","Required Message text Verification field test","","Mon Jul 07 00:03:20 GMT 2025","passed","Mon Jul 07 00:03:27 GMT 2025","","Form. Checking the basic functions for the DateTime in the widget Form","application.Samples.Form.DateTimeOnFormTest","required"
"","6490","The test for getting the value from the field","","Sun Jul 06 23:36:50 GMT 2025","passed","Sun Jul 06 23:36:57 GMT 2025","","Info. Checking the basic functions for the Date","application.Samples.Info.DateOnInfoTest","read"
"Sorting is not available for InfoWidget.","5975","Sorting test","","Sun Jul 06 23:36:42 GMT 2025","passed","Sun Jul 06 23:36:48 GMT 2025","","Info. Checking the basic functions for the Hint","application.Samples.Info.HintOnInfoTest","sorting"
"The test sets a value with the wrong data type in several fields for different widgets. After approval, it checks the text under the field, which informs about the correctness of the type of data entered","10160","Required Message validation test for multiple fields","","Mon Jul 07 00:07:41 GMT 2025","passed","Mon Jul 07 00:07:52 GMT 2025","","Form. Checking the basic functions for the DateTimeWithSeconds in the widget Form","application.Samples.Form.DateTimeWithSecondsOnFormTest","fieldLevelValidation"
"The test sets the value with the wrong data type in the field. After approval, it checks the text under the field, which informs about the correctness of the type of data entered","10265","Required Message validation test for one field","","Mon Jul 07 00:01:16 GMT 2025","passed","Mon Jul 07 00:01:27 GMT 2025","","Form. Checking the basic functions for the Text in the widget Form","application.Samples.Form.TextOnFormTest","fieldLevelValidationAnnotation"
"The test clears the field and clicks the Save button. Then validates the message that the field is required","11177","Required Message text Verification field test","","Sun Jul 06 23:57:53 GMT 2025","passed","Sun Jul 06 23:58:04 GMT 2025","","Form. Checking the basic functions for the MultipleSelect in the widget Form","application.Samples.Form.MultipleSelectOnFormTest","required"
"The test sets a value with the wrong data type in several fields for different widgets. After approval, it checks the text under the field, which informs about the correctness of the type of data entered","25377","Required Message validation test for multiple fields","","Sun Jul 06 23:48:44 GMT 2025","passed","Sun Jul 06 23:49:09 GMT 2025","","List. Checking the basic functions for the InlinePickList in the widget List","application.Samples.List.InlinePickListOnListTest","fieldLevelValidation"
"Sorting by the specified column.","14010","Sorting test","","Sun Jul 06 23:38:06 GMT 2025","passed","Sun Jul 06 23:38:20 GMT 2025","","List. Checking the basic functions for the FileUpload in the widget List","application.Samples.List.FileUploadOnListTest","sorting"
"The test sets the value in the field. After approval, the popup window, the title, the text in it, and the buttons are validated.","20210","Business Exception Validation Test","","Sun Jul 06 23:49:36 GMT 2025","passed","Sun Jul 06 23:49:56 GMT 2025","","List. Checking the basic functions for the PickList in the widget List","application.Samples.List.PickListOnListTest","businessException"
"The test clears the field and clicks the Save button. Then validates the message that the field is required.","10147","Required Message text Verification field test","","Sun Jul 06 23:39:06 GMT 2025","passed","Sun Jul 06 23:39:16 GMT 2025","","List. Checking the basic functions for the FileUpload in the widget List","application.Samples.List.FileUploadOnListTest","required"
"The test sets the value in the field. After approval, the popup window, the title, the text in it, and the buttons are validated","10987","Business Exception Validation Test","","Mon Jul 07 00:01:37 GMT 2025","passed","Mon Jul 07 00:01:48 GMT 2025","","Form. Checking the basic functions for the Text in the widget Form","application.Samples.Form.TextOnFormTest","businessException"
"The test sets the value in the field. After approval, by clicking on the save button, the popup window, the title, the text in it, and the buttons are validated.","11138","Confirmation Popup Validation Test","","Sun Jul 06 23:55:41 GMT 2025","passed","Sun Jul 06 23:55:52 GMT 2025","","List. Checking the basic functions for the Dictionary in the widget List","application.Samples.List.DictionaryOnListTest","confirm"
"DrillDown is not available for InfoWidget.","7459","The DrillDown test","","Sun Jul 06 23:37:25 GMT 2025","passed","Sun Jul 06 23:37:32 GMT 2025","","Info. Checking the basic functions for the Number","application.Samples.Info.NumberOnInfoTest","drillDown"
"The test clears the field and clicks the Save button. Then validates the message that the field is required.","20830","Required Message text Verification field test","","Sun Jul 06 23:42:21 GMT 2025","passed","Sun Jul 06 23:42:42 GMT 2025","","List. Checking the basic functions for the Text in the widget List","application.Samples.List.TextOnListTest","required"
"The test gets the value from the placeholder attribute and returns it in String format","7739","Test for getting the Placeholder value","","Mon Jul 07 00:05:30 GMT 2025","passed","Mon Jul 07 00:05:38 GMT 2025","","Form. Checking the basic functions for the MultiValue in the widget Form","application.Samples.Form.MultiValueOnFormTest","placeholder"
"Sorting is not available for InfoWidget.","6289","Sorting test","","Sun Jul 06 23:36:24 GMT 2025","passed","Sun Jul 06 23:36:30 GMT 2025","","Info. Checking the basic functions for the Date","application.Samples.Info.DateOnInfoTest","sorting"
"Filtering is not available for InfoWidget.","6452","Filtering test","","Sun Jul 06 23:35:13 GMT 2025","passed","Sun Jul 06 23:35:19 GMT 2025","","Info. Checking the basic functions for the DateTimeWithSeconds","application.Samples.Info.DateTimeWithSecondsOnInfoTest","filtration"
"The test sets a value with the wrong data type in several fields for different widgets. After approval, it checks the text under the field, which informs about the correctness of the type of data entered","12417","Required Message validation test for multiple fields","","Sun Jul 06 23:46:38 GMT 2025","passed","Sun Jul 06 23:46:51 GMT 2025","","List. Checking the basic functions for the MultipleSelect in the widget List","application.Samples.List.MultipleSelectOnListTest","fieldLevelValidation"
"The test gets the value from the style attribute in RGB format, and then converts it to Hex format","8016","A test to get the field color value in Hex format","","Mon Jul 07 00:05:13 GMT 2025","passed","Mon Jul 07 00:05:21 GMT 2025","","Form. Checking the basic functions for the MultiValue in the widget Form","application.Samples.Form.MultiValueOnFormTest","color"
"The test clears the field and clicks the Save button. Then validates the message that the field is required","8965","Required Message text Verification field test","","Mon Jul 07 00:04:53 GMT 2025","passed","Mon Jul 07 00:05:02 GMT 2025","","Form. Checking the basic functions for the Radio in the widget Form","application.Samples.Form.RadioOnFormTest","required"
"Filtering is not available for the Form widget","5715","Filtering test","","Mon Jul 07 00:03:01 GMT 2025","passed","Mon Jul 07 00:03:07 GMT 2025","","Form. Checking the basic functions for the DateTime in the widget Form","application.Samples.Form.DateTimeOnFormTest","filtration"
"The test sets the value in the field, and then checks the value in the field with what should be set.","18282","A test for setting a value in a field","","Sun Jul 06 23:54:05 GMT 2025","passed","Sun Jul 06 23:54:23 GMT 2025","","List. Checking the basic functions for the MultiValue in the widget List","application.Samples.List.MultiValueOnListTest","edit"
"Getting the field color is not available","8106","A test to get the field color value in Hex format","","Mon Jul 07 00:00:25 GMT 2025","passed","Mon Jul 07 00:00:33 GMT 2025","","Form. Checking the basic functions for the MultiValueHover in the widget Form","application.Samples.Form.MultiValueHoverOnFormTest","color"
"The test clears the field and clicks the Save button. Then validates the message that the field is required.","19579","Required Message text Verification field test","","Sun Jul 06 23:39:19 GMT 2025","passed","Sun Jul 06 23:39:39 GMT 2025","","List. Checking the basic functions for the Number in the widget List","application.Samples.List.NumberOnListTest","required"
"The test sets a value with the wrong data type in several fields for different widgets. After approval, it checks the text under the field, which informs about the correctness of the type of data entered","65970","Required Message validation test for multiple fields","","Sun Jul 06 23:58:24 GMT 2025","passed","Sun Jul 06 23:59:30 GMT 2025","","List. Checking the basic functions for the DateTimeWithSeconds in the widget List","application.Samples.List.DateTimeWithSecondsOnListTest","fieldLevelValidation"
"The test sets a value with the wrong data type in several fields for different widgets. After approval, it checks the text under the field, which informs about the correctness of the type of data entered","9114","Required Message validation test for multiple fields","","Mon Jul 07 00:02:25 GMT 2025","passed","Mon Jul 07 00:02:34 GMT 2025","","Form. Checking the basic functions for the Number in the widget Form","application.Samples.Form.NumberOnFormTest","fieldLevelValidation"
"The test sets the value in the field. After approval, the popup window, the title, the text in it, and the buttons are validated.","10650","Business Exception Validation Test","","Sun Jul 06 23:42:42 GMT 2025","passed","Sun Jul 06 23:42:52 GMT 2025","","List. Checking the basic functions for the Text in the widget List","application.Samples.List.TextOnListTest","businessException"
"The InfoWidget doesn't have a Placeholder.","6573","Test for getting the Placeholder value","","Sun Jul 06 23:34:53 GMT 2025","passed","Sun Jul 06 23:34:59 GMT 2025","","Info. Checking the basic functions for the DateTime","application.Samples.Info.DateTimeOnInfoTest","placeholder"
"Info Widget is always read-only","9372","A test to check the field for ""Read-only""","","Sun Jul 06 23:36:30 GMT 2025","passed","Sun Jul 06 23:36:40 GMT 2025","","Info. Checking the basic functions for the Percent","application.Samples.Info.PercentOnInfoTest","readonly"
"The test clears the field and clicks the Save button. Then validates the message that the field is required","8066","Required Message text Verification field test","","Mon Jul 07 00:08:35 GMT 2025","passed","Mon Jul 07 00:08:43 GMT 2025","","Form. Checking the basic functions for the Money in the widget Form","application.Samples.Form.MoneyOnFormTest","required"
"The InfoWidget doesn't have a Placeholder..","8139","Test for getting the Placeholder value","","Sun Jul 06 23:37:57 GMT 2025","passed","Sun Jul 06 23:38:05 GMT 2025","","Info. Checking the basic functions for the MultiValue","application.Samples.Info.MultiValueOnInfoTest","placeholder"
"The test clears the field and clicks the Save button. Then validates the message that the field is required.","19086","Required Message text Verification field test","","Sun Jul 06 23:56:35 GMT 2025","passed","Sun Jul 06 23:56:54 GMT 2025","","List. Checking the basic functions for the DateTimeWithSeconds in the widget List","application.Samples.List.DateTimeWithSecondsOnListTest","required"
"The test sets the value in the field. After approval, the popup window, the title, the text in it, and the buttons are validated","8097","Run-time exception validation test","","Mon Jul 07 00:02:34 GMT 2025","passed","Mon Jul 07 00:02:42 GMT 2025","","Form. Checking the basic functions for the Number in the widget Form","application.Samples.Form.NumberOnFormTest","runtimeException"
"The test gets the value from the style attribute in RGB format, and then converts it to Hex format","6774","A test to get the field color value in Hex format","","Sun Jul 06 23:37:53 GMT 2025","passed","Sun Jul 06 23:37:59 GMT 2025","","Info. Checking the basic functions for the Number","application.Samples.Info.NumberOnInfoTest","color"
"The test sets the value in the field. After approval, the popup window, the title, the text in it, and the buttons are validated.","30642","Run-time exception validation test","","Sun Jul 06 23:56:34 GMT 2025","passed","Sun Jul 06 23:57:04 GMT 2025","","List. Checking the basic functions for the Money in the widget List","application.Samples.List.MoneyOnListTest","runtimeException"
"The test sets a value with the wrong data type in several fields for different widgets. After approval, it checks the text under the field, which informs about the correctness of the type of data entered","8471","Required Message validation test for multiple fields","","Mon Jul 07 00:09:20 GMT 2025","passed","Mon Jul 07 00:09:29 GMT 2025","","Form. Checking the basic functions for the Money in the widget Form","application.Samples.Form.MoneyOnFormTest","fieldLevelValidation"
"The test checks for the disabled attribute.","7271","A test to check the field for ""Read-only""","","Sun Jul 06 23:41:58 GMT 2025","passed","Sun Jul 06 23:42:06 GMT 2025","","List. Checking the basic functions for the DateTime in the widget List","application.Samples.List.DateTimeOnListTest","readonly"
"Getting a Placeholder is not available","8259","Test for getting the Placeholder value","","Sun Jul 06 23:41:10 GMT 2025","passed","Sun Jul 06 23:41:18 GMT 2025","","List. Checking the basic functions for the MultiValueHover in the widget List","application.Samples.List.MultiValueHoverOnListTest","placeholder"
"The test sets the value in the field. After approval, the popup window, the title, the text in it, and the buttons are validated.","11424","Business Exception Validation Test","","Sun Jul 06 23:55:01 GMT 2025","passed","Sun Jul 06 23:55:12 GMT 2025","","List. Checking the basic functions for the Dictionary in the widget List","application.Samples.List.DictionaryOnListTest","businessException"
"The test sets a value with the wrong data type in several fields for different widgets. After approval, it checks the text under the field, which informs about the correctness of the type of data entered","45455","Required Message validation test for multiple fields","","Sun Jul 06 23:51:58 GMT 2025","passed","Sun Jul 06 23:52:44 GMT 2025","","List. Checking the basic functions for the Radio in the widget List","application.Samples.List.RadioOnListTest","fieldLevelValidation"
"Filtering is not available for InfoWidget.","7500","Filtering test","","Sun Jul 06 23:36:03 GMT 2025","passed","Sun Jul 06 23:36:10 GMT 2025","","Info. Checking the basic functions for the PickList","application.Samples.Info.PickListOnInfoTest","filtration"
"The test clears the field and clicks the Save button. Then validates the message that the field is required","9021","Required Message text Verification field test","","Sun Jul 06 23:59:23 GMT 2025","passed","Sun Jul 06 23:59:32 GMT 2025","","Form. Checking the basic functions for the CheckBox","application.Samples.Form.CheckBoxOnFormTest","required"
"Info Widget is always read-only","6805","A test to check the field for ""Read-only""","","Sun Jul 06 23:37:39 GMT 2025","passed","Sun Jul 06 23:37:46 GMT 2025","","Info. Checking the basic functions for the Number","application.Samples.Info.NumberOnInfoTest","readonly"
"Info Widget is always read-only","7478","A test to check the field for ""Read-only""","","Sun Jul 06 23:38:28 GMT 2025","passed","Sun Jul 06 23:38:35 GMT 2025","","Info. Checking the basic functions for the Money","application.Samples.Info.MoneyOnInfoTest","readonly"
"Filtering by the specified column.","8572","Filtering test","","Sun Jul 06 23:56:21 GMT 2025","passed","Sun Jul 06 23:56:29 GMT 2025","","List. Checking the basic functions for the DateTimeWithSeconds in the widget List","application.Samples.List.DateTimeWithSecondsOnListTest","filtration"
"The test clears the field and clicks the Save button. Then validates the message that the field is required","10235","Required Message text Verification field test","","Mon Jul 07 00:01:27 GMT 2025","passed","Mon Jul 07 00:01:37 GMT 2025","","Form. Checking the basic functions for the Text in the widget Form","application.Samples.Form.TextOnFormTest","required"
"The test checks the value of the digits attributes","7156","Required Message text Verification field test","","Mon Jul 07 00:08:36 GMT 2025","passed","Mon Jul 07 00:08:43 GMT 2025","","Form. Checking the basic functions for the Input in the widget Form","application.Samples.Form.InputOnFormTest","maxInput"
"The test gets the value from the placeholder attribute and returns it in String format","9587","Test for getting the Placeholder value","","Mon Jul 07 00:03:14 GMT 2025","passed","Mon Jul 07 00:03:23 GMT 2025","","Form. Checking the basic functions for the Dictionary in the widget Form","application.Samples.Form.DictionaryOnFormTest","placeholder"
"The test clears the field and clicks the Save button. Then validates the message that the field is required.","20992","Required Message text Verification field test","","Sun Jul 06 23:52:51 GMT 2025","passed","Sun Jul 06 23:53:12 GMT 2025","","List. Checking the basic functions for the Money in the widget List","application.Samples.List.MoneyOnListTest","required"
"The test sets the value in the field. After approval, the popup window, the title, the text in it, and the buttons are validated","10518","Run-time exception validation test","","Sun Jul 06 23:58:30 GMT 2025","passed","Sun Jul 06 23:58:41 GMT 2025","","Form. Checking the basic functions for the Percent in the widget Form","application.Samples.Form.PercentOnFormTest","runtimeException"
"Sorting is not available for the Form widget","10464","Sorting test","","Mon Jul 07 00:01:26 GMT 2025","passed","Mon Jul 07 00:01:37 GMT 2025","","Form. Checking the basic functions for the Dictionary in the widget Form","application.Samples.Form.DictionaryOnFormTest","sorting"
"","19093","test_1()","","Sun Jul 06 23:48:05 GMT 2025","passed","Sun Jul 06 23:48:24 GMT 2025","","List. Checking the basic functions for the PickList in the widget List","application.Samples.List.PickListOnListTest","test_1"
"The InfoWidget doesn't have a Placeholder.","10349","Test for getting the Placeholder value","","Sun Jul 06 23:36:14 GMT 2025","passed","Sun Jul 06 23:36:24 GMT 2025","","Info. Checking the basic functions for the Dictionary","application.Samples.Info.DictionaryOnInfoTest","placeholder"
"The test sets the value in the field. After approval, by clicking on the save button, the popup window, the title, the text in it, and the buttons are validated.","9700","Confirmation Popup Validation Test","","Sun Jul 06 23:40:06 GMT 2025","passed","Sun Jul 06 23:40:16 GMT 2025","","List. Checking the basic functions for the FileUpload in the widget List","application.Samples.List.FileUploadOnListTest","confirm"
"The test checks for the disabled attribute","8306","A test to check the field for ""Read-only""","","Sun Jul 06 23:59:06 GMT 2025","passed","Sun Jul 06 23:59:14 GMT 2025","","Form. Checking the basic functions for the CheckBox","application.Samples.Form.CheckBoxOnFormTest","readonly"
"","19502","test_2()","","Sun Jul 06 23:48:24 GMT 2025","passed","Sun Jul 06 23:48:44 GMT 2025","","List. Checking the basic functions for the PickList in the widget List","application.Samples.List.PickListOnListTest","test_2"
"The test sets the value in the field. After approval, by clicking on the save button, the popup window, the title, the text in it, and the buttons are validated","11891","Confirmation Popup Validation Test","","Mon Jul 07 00:08:30 GMT 2025","passed","Mon Jul 07 00:08:42 GMT 2025","","Form. Checking the basic functions for the InlinePickList in the widget Form","application.Samples.Form.InlinePickListOnFormTest","confirm"
"","9932","The test for getting the value from the field","","Sun Jul 06 23:36:40 GMT 2025","passed","Sun Jul 06 23:36:49 GMT 2025","","Info. Checking the basic functions for the Percent","application.Samples.Info.PercentOnInfoTest","read"
"","8241","The test for getting the value from the field","","Sun Jul 06 23:37:41 GMT 2025","passed","Sun Jul 06 23:37:49 GMT 2025","","Info. Checking the basic functions for the MultiValue","application.Samples.Info.MultiValueOnInfoTest","read"
"The test gets the value from the style attribute in RGB format, and then converts it to Hex format","8234","A test to get the field color value in Hex format","","Sun Jul 06 23:58:24 GMT 2025","passed","Sun Jul 06 23:58:32 GMT 2025","","Form. Checking the basic functions for the MultipleSelect in the widget Form","application.Samples.Form.MultipleSelectOnFormTest","color"
"The test sets the value in the field. After approval, the popup window, the title, the text in it, and the buttons are validated.","9286","Business Exception Validation Test","","Sun Jul 06 23:39:39 GMT 2025","passed","Sun Jul 06 23:39:48 GMT 2025","","List. Checking the basic functions for the Number in the widget List","application.Samples.List.NumberOnListTest","businessException"
"The test sets the value in the field. After approval, by clicking on the save button, the popup window, the title, the text in it, and the buttons are validated.","22510","Confirmation Popup Validation Test","","Sun Jul 06 23:58:02 GMT 2025","passed","Sun Jul 06 23:58:24 GMT 2025","","List. Checking the basic functions for the DateTimeWithSeconds in the widget List","application.Samples.List.DateTimeWithSecondsOnListTest","confirm"
"InfoWidget does not have a Hex field color for this type.","9302","A test to get the field color value in Hex format","","Sun Jul 06 23:37:56 GMT 2025","passed","Sun Jul 06 23:38:05 GMT 2025","","Info. Checking the basic functions for the CheckBox","application.Samples.Info.CheckboxOnInfoTest","color"
"The test sets a value with the wrong data type in several fields for different widgets. After approval, it checks the text under the field, which informs about the correctness of the type of data entered","43434","Required Message validation test for multiple fields","","Sun Jul 06 23:40:31 GMT 2025","passed","Sun Jul 06 23:41:15 GMT 2025","","List. Checking the basic functions for the Number in the widget List","application.Samples.List.NumberOnListTest","fieldLevelValidation"
"Checking the url before the transition and after the transition/click on a special element","8812","The DrillDown test","","Sun Jul 06 23:56:34 GMT 2025","passed","Sun Jul 06 23:56:43 GMT 2025","","Form. Checking the basic functions for the Percent in the widget Form","application.Samples.Form.PercentOnFormTest","drillDown"
"The test clears the field and clicks the Save button. Then validates the message that the field is required.","9831","Required Message text Verification field test","","Sun Jul 06 23:52:14 GMT 2025","passed","Sun Jul 06 23:52:23 GMT 2025","","List. Checking the basic functions for the CheckBox","application.Samples.List.CheckBoxOnListTest","required"
"The test gets the value from the style attribute in RGB format, and then converts it to Hex format","9095","A test to get the field color value in Hex format","","Sun Jul 06 23:42:30 GMT 2025","passed","Sun Jul 06 23:42:40 GMT 2025","","List. Checking the basic functions for the Percent in the widget List","application.Samples.List.PercentOnListTest","color"
"The test gets the value from the placeholder attribute and returns it in String format","6019","Test for getting the Placeholder value","","Mon Jul 07 00:03:48 GMT 2025","passed","Mon Jul 07 00:03:54 GMT 2025","","Form. Checking the basic functions for the DateTime in the widget Form","application.Samples.Form.DateTimeOnFormTest","placeholder"
"Filtering is not available for the Form widget","7677","Filtering test","","Mon Jul 07 00:02:58 GMT 2025","passed","Mon Jul 07 00:03:06 GMT 2025","","Form. Checking the basic functions for the MultiValue in the widget Form","application.Samples.Form.MultiValueOnFormTest","filtration"
"The test sets a value with the wrong data type in several fields for different widgets. After approval, it checks the text under the field, which informs about the correctness of the type of data entered","12214","Required Message validation test for multiple fields","","Sun Jul 06 23:58:18 GMT 2025","passed","Sun Jul 06 23:58:30 GMT 2025","","Form. Checking the basic functions for the Percent in the widget Form","application.Samples.Form.PercentOnFormTest","fieldLevelValidation"
"The InfoWidget doesn't have a Placeholder.","9435","Test for getting the Placeholder value","","Sun Jul 06 23:38:05 GMT 2025","passed","Sun Jul 06 23:38:14 GMT 2025","","Info. Checking the basic functions for the CheckBox","application.Samples.Info.CheckboxOnInfoTest","placeholder"
"The test gets the value from the style attribute in RGB format, and then converts it to Hex format","9485","A test to get the field color value in Hex format","","Sun Jul 06 23:45:59 GMT 2025","passed","Sun Jul 06 23:46:09 GMT 2025","","List. Checking the basic functions for the MultipleSelect in the widget List","application.Samples.List.MultipleSelectOnListTest","color"
"Checking the url before the transition and after the transition/click on a special element","10144","The DrillDown test","","Mon Jul 07 00:01:37 GMT 2025","passed","Mon Jul 07 00:01:47 GMT 2025","","Form. Checking the basic functions for the Dictionary in the widget Form","application.Samples.Form.DictionaryOnFormTest","drillDown"
"DrillDown is not available for InfoWidget.","10846","The DrillDown test","","Sun Jul 06 23:35:20 GMT 2025","passed","Sun Jul 06 23:35:31 GMT 2025","","Info. Checking the basic functions for the Dictionary","application.Samples.Info.DictionaryOnInfoTest","drillDown"
"The test sets a value with the wrong data type in several fields for different widgets. After approval, it checks the text under the field, which informs about the correctness of the type of data entered","68345","Required Message validation test for multiple fields","","Sun Jul 06 23:43:13 GMT 2025","passed","Sun Jul 06 23:44:21 GMT 2025","","List. Checking the basic functions for the Percent in the widget List","application.Samples.List.PercentOnListTest","fieldLevelValidation"
"The test sets a value with the wrong data type in several fields for different widgets. After approval, it checks the text under the field, which informs about the correctness of the type of data entered","14074","Required Message validation test for multiple fields","","Sun Jul 06 23:55:52 GMT 2025","passed","Sun Jul 06 23:56:06 GMT 2025","","List. Checking the basic functions for the Dictionary in the widget List","application.Samples.List.DictionaryOnListTest","fieldLevelValidation"
"The test sets the value in the field. After approval, the popup window, the title, the text in it, and the buttons are validated","6354","Run-time exception validation test","","Mon Jul 07 00:09:29 GMT 2025","passed","Mon Jul 07 00:09:35 GMT 2025","","Form. Checking the basic functions for the Money in the widget Form","application.Samples.Form.MoneyOnFormTest","runtimeException"
"The test checks for the disabled attribute.","7959","A test to check the field for ""Read-only""","","Sun Jul 06 23:53:04 GMT 2025","passed","Sun Jul 06 23:53:12 GMT 2025","","List. Checking the basic functions for the MultiValue in the widget List","application.Samples.List.MultiValueOnListTest","readonly"
"Checking the url before the transition and after the transition/click on a special element","9204","The DrillDown test","","Mon Jul 07 00:06:47 GMT 2025","passed","Mon Jul 07 00:06:56 GMT 2025","","Form. Checking the basic functions for the InlinePickList in the widget Form","application.Samples.Form.InlinePickListOnFormTest","drillDown"
"The test gets the value from the placeholder attribute and returns it in String format","9345","Test for getting the Placeholder value","","Mon Jul 07 00:00:02 GMT 2025","passed","Mon Jul 07 00:00:11 GMT 2025","","Form. Checking the basic functions for the CheckBox","application.Samples.Form.CheckBoxOnFormTest","placeholder"
"DrillDown is not available for InfoWidget.","6446","The DrillDown test","","Sun Jul 06 23:35:07 GMT 2025","passed","Sun Jul 06 23:35:13 GMT 2025","","Info. Checking the basic functions for the DateTimeWithSeconds","application.Samples.Info.DateTimeWithSecondsOnInfoTest","drillDown"
"","5538","checkFilterOrSort()","","Sun Jul 06 23:49:17 GMT 2025","passed","Sun Jul 06 23:49:22 GMT 2025","","List. Checking the basic functions for the Input in the widget List","application.Samples.List.InputOnListTest","checkFilterOrSort"
"The test gets the value from the style attribute in RGB format, and then converts it to Hex format","6189","A test to get the field color value in Hex format","","Sun Jul 06 23:36:57 GMT 2025","passed","Sun Jul 06 23:37:03 GMT 2025","","Info. Checking the basic functions for the Date","application.Samples.Info.DateOnInfoTest","color"
"The test sets the value in the field. After approval, the popup window, the title, the text in it, and the buttons are validated.","9936","Run-time exception validation test","","Sun Jul 06 23:53:33 GMT 2025","passed","Sun Jul 06 23:53:43 GMT 2025","","List. Checking the basic functions for the CheckBox","application.Samples.List.CheckBoxOnListTest","runtimeException"
"Sorting by the specified column.","16987","Sorting test","","Sun Jul 06 23:48:42 GMT 2025","passed","Sun Jul 06 23:48:59 GMT 2025","","List. Checking the basic functions for the Input in the widget List","application.Samples.List.InputOnListTest","sorting"
"The test sets a value with the wrong data type in several fields for different widgets. After approval, it checks the text under the field, which informs about the correctness of the type of data entered","7562","Required Message validation test for multiple fields","","Mon Jul 07 00:09:01 GMT 2025","passed","Mon Jul 07 00:09:09 GMT 2025","","Form. Checking the basic functions for the Input in the widget Form","application.Samples.Form.InputOnFormTest","fieldLevelValidation"
"The test sets the value with the wrong data type in the field. After approval, it checks the text under the field, which informs about the correctness of the type of data entered.","20852","Required Message validation test for one field","","Sun Jul 06 23:53:12 GMT 2025","passed","Sun Jul 06 23:53:33 GMT 2025","","List. Checking the basic functions for the MultiValue in the widget List","application.Samples.List.MultiValueOnListTest","fieldLevelValidationAnnotation"
"The InfoWidget doesn't have a Placeholder.","7365","Test for getting the Placeholder value","","Sun Jul 06 23:33:51 GMT 2025","passed","Sun Jul 06 23:33:58 GMT 2025","","Info. Checking the basic functions for the FileUp","application.Samples.Info.FileUploadOnInfoTest","placeholder"
"The test gets the value from the placeholder attribute and returns it in String format","6010","Test for getting the Placeholder value","","Sun Jul 06 23:50:12 GMT 2025","passed","Sun Jul 06 23:50:18 GMT 2025","","List. Checking the basic functions for the Input in the widget List","application.Samples.List.InputOnListTest","placeholder"
"The test sets a value with the wrong data type in several fields for different widgets. After approval, it checks the text under the field, which informs about the correctness of the type of data entered","44952","Required Message validation test for multiple fields","","Sun Jul 06 23:43:42 GMT 2025","passed","Sun Jul 06 23:44:27 GMT 2025","","List. Checking the basic functions for the Text in the widget List","application.Samples.List.TextOnListTest","fieldLevelValidation"
"The test gets the value from the style attribute in RGB format, and then converts it to Hex format","8838","A test to get the field color value in Hex format","","Mon Jul 07 00:01:58 GMT 2025","passed","Mon Jul 07 00:02:07 GMT 2025","","Form. Checking the basic functions for the Text in the widget Form","application.Samples.Form.TextOnFormTest","color"
"The test gets the value in the field, and then checks the value in the field with what should be.","0","A test for checking a value in a field","","Sun Jul 06 23:42:30 GMT 2025","skipped","Sun Jul 06 23:42:30 GMT 2025","","List. Checking the basic functions for the Percent in the widget List","application.Samples.List.PercentOnListTest","read"
"The test checks the list of buttons","5355","Test getting all widget buttons","","Mon Jul 07 00:08:56 GMT 2025","passed","Mon Jul 07 00:09:01 GMT 2025","","Form. Checking the basic functions for the Input in the widget Form","application.Samples.Form.InputOnFormTest","getButtons"
"The test checks for the disabled attribute","5492","A test to check the field for ""Read-only""","","Mon Jul 07 00:07:58 GMT 2025","passed","Mon Jul 07 00:08:04 GMT 2025","","Form. Checking the basic functions for the Input in the widget Form","application.Samples.Form.InputOnFormTest","readonly"
"The test sets the value in the field. After approval, the popup window, the title, the text in it, and the buttons are validated.","9481","Run-time exception validation test","","Sun Jul 06 23:59:30 GMT 2025","passed","Sun Jul 06 23:59:40 GMT 2025","","List. Checking the basic functions for the DateTimeWithSeconds in the widget List","application.Samples.List.DateTimeWithSecondsOnListTest","runtimeException"
"The test sets the value in the field. After approval, the popup window, the title, the text in it, and the buttons are validated.","24308","Business Exception Validation Test","","Sun Jul 06 23:41:35 GMT 2025","passed","Sun Jul 06 23:41:59 GMT 2025","","List. Checking the basic functions for the Percent in the widget List","application.Samples.List.PercentOnListTest","businessException"
"The test sets the value in the field. After approval, the popup window, the title, the text in it, and the buttons are validated","8739","Business Exception Validation Test","","Mon Jul 07 00:00:04 GMT 2025","passed","Mon Jul 07 00:00:13 GMT 2025","","Form. Checking the basic functions for the PickList in the widget Form","application.Samples.Form.PickListOnFormTest","businessException"
"Filtering is not available for InfoWidget.","6766","Filtering test","","Sun Jul 06 23:37:32 GMT 2025","passed","Sun Jul 06 23:37:39 GMT 2025","","Info. Checking the basic functions for the Number","application.Samples.Info.NumberOnInfoTest","filtration"
"The test checks for the disabled attribute","6906","A test to check the field for ""Read-only""","","Mon Jul 07 00:06:03 GMT 2025","passed","Mon Jul 07 00:06:09 GMT 2025","","Form. Checking the basic functions for the FileUpload in the widget Form","application.Samples.Form.FileUploadOnFormTest","readonly"
"The test checks for the disabled attribute","5902","A test to check the field for ""Read-only""","","Mon Jul 07 00:04:23 GMT 2025","passed","Mon Jul 07 00:04:29 GMT 2025","","Form. Checking the basic functions for the Date in the widget Form","application.Samples.Form.DateOnFormTest","readonly"
"The test sets the value with the wrong data type in the field. After approval, it checks the text under the field, which informs about the correctness of the type of data entered.","21373","Required Message validation test for one field","","Sun Jul 06 23:48:53 GMT 2025","passed","Sun Jul 06 23:49:15 GMT 2025","","List. Checking the basic functions for the PickList in the widget List","application.Samples.List.PickListOnListTest","fieldLevelValidationAnnotation"
"The test sets the value in the field. After approval, the popup window, the title, the text in it, and the buttons are validated","8855","Run-time exception validation test","","Sun Jul 06 23:59:16 GMT 2025","passed","Sun Jul 06 23:59:24 GMT 2025","","Form. Checking the basic functions for the MultipleSelect in the widget Form","application.Samples.Form.MultipleSelectOnFormTest","runtimeException"
"The test sets the value in the field. After approval, the popup window, the title, the text in it, and the buttons are validated.","8937","Run-time exception validation test","","Mon Jul 07 00:06:14 GMT 2025","passed","Mon Jul 07 00:06:23 GMT 2025","","Form. Checking the basic functions for the MultiValue in the widget Form","application.Samples.Form.MultiValueOnFormTest","runtimeException"
"Sorting by the specified column.","11670","Sorting test","","Sun Jul 06 23:51:22 GMT 2025","passed","Sun Jul 06 23:51:33 GMT 2025","","List. Checking the basic functions for the CheckBox","application.Samples.List.CheckBoxOnListTest","sorting"
"The test sets a value with the wrong data type in several fields for different widgets. After approval, it checks the text under the field, which informs about the correctness of the type of data entered","17708","Required Message validation test for multiple fields","","Sun Jul 06 23:40:16 GMT 2025","passed","Sun Jul 06 23:40:33 GMT 2025","","List. Checking the basic functions for the FileUpload in the widget List","application.Samples.List.FileUploadOnListTest","fieldLevelValidation"
"The test sets the value in the field. After approval, by clicking on the save button, the popup window, the title, the text in it, and the buttons are validated","9829","Confirmation Popup Validation Test","","Mon Jul 07 00:05:48 GMT 2025","passed","Mon Jul 07 00:05:58 GMT 2025","","Form. Checking the basic functions for the Radio in the widget Form","application.Samples.Form.RadioOnFormTest","confirm"
"Filtering by the specified column.","5676","Filtering test","","Sun Jul 06 23:47:17 GMT 2025","passed","Sun Jul 06 23:47:23 GMT 2025","","List. Checking the basic functions for the Hint in the widget List","application.Samples.List.HintOnListTest","filtration"
"The test checks the downloaded file with the template file that is contained in the resources","8432","A test to compare the downloaded file with the template","","Sun Jul 06 23:39:58 GMT 2025","passed","Sun Jul 06 23:40:06 GMT 2025","","List. Checking the basic functions for the FileUpload in the widget List","application.Samples.List.FileUploadOnListTest","compare"
"The test gets the value from the style attribute in RGB format, and then converts it to Hex format","6558","A test to get the field color value in Hex format","","Mon Jul 07 00:02:02 GMT 2025","passed","Mon Jul 07 00:02:09 GMT 2025","","Form. Checking the basic functions for the Number in the widget Form","application.Samples.Form.NumberOnFormTest","color"
"Sorting by the specified column.","12408","Sorting test","","Sun Jul 06 23:45:26 GMT 2025","passed","Sun Jul 06 23:45:38 GMT 2025","","List. Checking the basic functions for the InlinePickList in the widget List","application.Samples.List.InlinePickListOnListTest","sorting"
"Sorting is not available for InfoWidget.","10582","Sorting test","","Sun Jul 06 23:35:10 GMT 2025","passed","Sun Jul 06 23:35:20 GMT 2025","","Info. Checking the basic functions for the Dictionary","application.Samples.Info.DictionaryOnInfoTest","sorting"
"Sorting is not available for InfoWidget.","32767","Sorting test","","Sun Jul 06 23:32:21 GMT 2025","passed","Sun Jul 06 23:32:54 GMT 2025","","Info. Checking the basic functions for the MultiField","application.Samples.Info.MultiFieldOnInfoTest","sorting"
"Filtering is not available for the Form widget","7108","Filtering test","","Mon Jul 07 00:05:55 GMT 2025","passed","Mon Jul 07 00:06:03 GMT 2025","","Form. Checking the basic functions for the FileUpload in the widget Form","application.Samples.Form.FileUploadOnFormTest","filtration"
"The test checks for the disabled attribute.","9592","A test to check the field for ""Read-only""","","Sun Jul 06 23:51:52 GMT 2025","passed","Sun Jul 06 23:52:02 GMT 2025","","List. Checking the basic functions for the CheckBox","application.Samples.List.CheckBoxOnListTest","readonly"
"The test sets the value with the wrong data type in the field. After approval, it checks the text under the field, which informs about the correctness of the type of data entered","8542","Required Message validation test for one field","","Mon Jul 07 00:04:15 GMT 2025","passed","Mon Jul 07 00:04:23 GMT 2025","","Form. Checking the basic functions for the Date in the widget Form","application.Samples.Form.DateOnFormTest","fieldLevelValidationAnnotationAlternative"
"Sorting is not available for InfoWidget.","7109","Sorting test","","Mon Jul 07 00:09:16 GMT 2025","passed","Mon Jul 07 00:09:23 GMT 2025","","Info. Checking the basic functions for the MultiplySelect","application.Samples.Info.MultipleSelectOnInfoTest","sorting"
"The test gets the value from the style attribute in RGB format, and then converts it to Hex format","10429","A test to get the field color value in Hex format","","Sun Jul 06 23:48:01 GMT 2025","passed","Sun Jul 06 23:48:12 GMT 2025","","List. Checking the basic functions for the InlinePickList in the widget List","application.Samples.List.InlinePickListOnListTest","color"
"The test sets the value in the field, and then checks the value in the field with what should be set","9621","A test for setting a value in a field","","Sun Jul 06 23:59:43 GMT 2025","passed","Sun Jul 06 23:59:53 GMT 2025","","Form. Checking the basic functions for the CheckBox","application.Samples.Form.CheckBoxOnFormTest","edit"
"Filtering by the specified column.","10194","Filtering test","","Sun Jul 06 23:45:50 GMT 2025","passed","Sun Jul 06 23:46:00 GMT 2025","","List. Checking the basic functions for the InlinePickList in the widget List","application.Samples.List.InlinePickListOnListTest","filtration"
"The test sets the value in the field. After approval, by clicking on the save button, the popup window, the title, the text in it, and the buttons are validated","11248","Confirmation Popup Validation Test","","Mon Jul 07 00:00:11 GMT 2025","passed","Mon Jul 07 00:00:22 GMT 2025","","Form. Checking the basic functions for the CheckBox","application.Samples.Form.CheckBoxOnFormTest","confirm"
"Info Widget is always read-only","10972","A test to check the field for ""Read-only""","","Sun Jul 06 23:35:42 GMT 2025","passed","Sun Jul 06 23:35:53 GMT 2025","","Info. Checking the basic functions for the Dictionary","application.Samples.Info.DictionaryOnInfoTest","readonly"
"The test sets the value in the field. After approval, the popup window, the title, the text in it, and the buttons are validated.","9238","Run-time exception validation test","","Sun Jul 06 23:55:47 GMT 2025","passed","Sun Jul 06 23:55:56 GMT 2025","","List. Checking the basic functions for the MultiValue in the widget List","application.Samples.List.MultiValueOnListTest","runtimeException"
"The test gets the value in the field, and then checks the value in the field with what should be.","0","A test for checking a value in a field","","Sun Jul 06 23:40:07 GMT 2025","skipped","Sun Jul 06 23:40:07 GMT 2025","","List. Checking the basic functions for the Number in the widget List","application.Samples.List.NumberOnListTest","read"
"Checking the url before the transition and after the transition/click on a special element","6965","The DrillDown test","","Sun Jul 06 23:47:51 GMT 2025","passed","Sun Jul 06 23:47:58 GMT 2025","","List. Checking the basic functions for the PickList in the widget List","application.Samples.List.PickListOnListTest","drillDown"
"The test clears the field and clicks the Save button. Then validates the message that the field is required.","21717","Required Message text Verification field test","","Sun Jul 06 23:53:33 GMT 2025","passed","Sun Jul 06 23:53:55 GMT 2025","","List. Checking the basic functions for the MultiValue in the widget List","application.Samples.List.MultiValueOnListTest","required"
"InfoWidget does not have a Hex field color for this type.","5839","A test to get the field color value in Hex format","","Sun Jul 06 23:37:11 GMT 2025","passed","Sun Jul 06 23:37:17 GMT 2025","","Info. Checking the basic functions for the Hint","application.Samples.Info.HintOnInfoTest","color"
"The test sets the value in the field, and then checks the value in the field with what should be set","9362","A test for setting a value in a field","","Sun Jul 06 23:57:39 GMT 2025","passed","Sun Jul 06 23:57:48 GMT 2025","","Form. Checking the basic functions for the Percent in the widget Form","application.Samples.Form.PercentOnFormTest","edit"
"Getting a Placeholder is not available","8167","Test for getting the Placeholder value","","Mon Jul 07 00:00:33 GMT 2025","passed","Mon Jul 07 00:00:41 GMT 2025","","Form. Checking the basic functions for the MultiValueHover in the widget Form","application.Samples.Form.MultiValueHoverOnFormTest","placeholder"
"Sorting by the specified column.","16422","Sorting test","","Sun Jul 06 23:38:56 GMT 2025","passed","Sun Jul 06 23:39:13 GMT 2025","","List. Checking the basic functions for the Percent in the widget List","application.Samples.List.PercentOnListTest","sorting"
"Checking the url before the transition and after the transition/click on a special element","5781","The DrillDown test","","Mon Jul 07 00:07:47 GMT 2025","passed","Mon Jul 07 00:07:53 GMT 2025","","Form. Checking the basic functions for the Input in the widget Form","application.Samples.Form.InputOnFormTest","drillDown"
"The test sets the value in the field. After approval, the popup window, the title, the text in it, and the buttons are validated.","10898","Run-time exception validation test","","Sun Jul 06 23:44:27 GMT 2025","passed","Sun Jul 06 23:44:37 GMT 2025","","List. Checking the basic functions for the Text in the widget List","application.Samples.List.TextOnListTest","runtimeException"
"Checking the url before the transition and after the transition/click on a special element","5887","The DrillDown test","","Sun Jul 06 23:48:59 GMT 2025","passed","Sun Jul 06 23:49:04 GMT 2025","","List. Checking the basic functions for the Input in the widget List","application.Samples.List.InputOnListTest","drillDown"
"The test sets the value in the field. After approval, the popup window, the title, the text in it, and the buttons are validated","12520","Business Exception Validation Test","","Mon Jul 07 00:02:39 GMT 2025","passed","Mon Jul 07 00:02:52 GMT 2025","","Form. Checking the basic functions for the Dictionary in the widget Form","application.Samples.Form.DictionaryOnFormTest","businessException"
"Sorting is not available for the Form widget","8046","Sorting test","","Sun Jul 06 23:56:17 GMT 2025","passed","Sun Jul 06 23:56:25 GMT 2025","","Form. Checking the basic functions for the Percent in the widget Form","application.Samples.Form.PercentOnFormTest","sorting"
"The InfoWidget doesn't have a Placeholder.","8489","Test for getting the Placeholder value","","Sun Jul 06 23:36:33 GMT 2025","passed","Sun Jul 06 23:36:42 GMT 2025","","Info. Checking the basic functions for the PickList","application.Samples.Info.PickListOnInfoTest","placeholder"
"The InfoWidget doesn't have a Placeholder.","9459","Test for getting the Placeholder value","","Sun Jul 06 23:34:20 GMT 2025","passed","Sun Jul 06 23:34:29 GMT 2025","","Info. Checking the basic functions for the Radio","application.Samples.Info.RadioOnInfoTest","placeholder"
"The test checks for the disabled attribute.","11286","A test to check the field for ""Read-only""","","Sun Jul 06 23:46:00 GMT 2025","passed","Sun Jul 06 23:46:11 GMT 2025","","List. Checking the basic functions for the InlinePickList in the widget List","application.Samples.List.InlinePickListOnListTest","readonly"
"The test calls a modal window, after which the method returns Status-Value pairs depending on the column header.","27309","A test for checking values by column heading in a modal window","","Mon Jul 07 00:04:24 GMT 2025","passed","Mon Jul 07 00:04:51 GMT 2025","","Form. Checking the basic functions for the MultiValue in the widget Form","application.Samples.Form.MultiValueOnFormTest","test_status"
"","6133","The test for getting the value from the field","","Sun Jul 06 23:37:05 GMT 2025","passed","Sun Jul 06 23:37:11 GMT 2025","","Info. Checking the basic functions for the Hint","application.Samples.Info.HintOnInfoTest","read"
"Checking the url before the transition and after the transition/click on a special element","9825","The DrillDown test","","Sun Jul 06 23:53:55 GMT 2025","passed","Sun Jul 06 23:54:05 GMT 2025","","List. Checking the basic functions for the Dictionary in the widget List","application.Samples.List.DictionaryOnListTest","drillDown"
"Sorting is not available for InfoWidget.","7759","Sorting test","","Sun Jul 06 23:38:05 GMT 2025","passed","Sun Jul 06 23:38:13 GMT 2025","","Info. Checking the basic functions for the Money","application.Samples.Info.MoneyOnInfoTest","sorting"
"The test gets the value from the placeholder attribute and returns it in String format","8875","Test for getting the Placeholder value","","Sun Jul 06 23:50:23 GMT 2025","passed","Sun Jul 06 23:50:32 GMT 2025","","List. Checking the basic functions for the PickList in the widget List","application.Samples.List.PickListOnListTest","placeholder"
"","8490","A test to compare the source file with the downloaded one","","Sun Jul 06 23:33:58 GMT 2025","passed","Sun Jul 06 23:34:07 GMT 2025","","Info. Checking the basic functions for the FileUp","application.Samples.Info.FileUploadOnInfoTest","compare"
"The test sets the value in the field. After approval, the popup window, the title, the text in it, and the buttons are validated.","20719","Run-time exception validation test","","Sun Jul 06 23:51:14 GMT 2025","passed","Sun Jul 06 23:51:35 GMT 2025","","List. Checking the basic functions for the PickList in the widget List","application.Samples.List.PickListOnListTest","runtimeException"
"The test clears the field and clicks the Save button. Then validates the message that the field is required","9586","Required Message text Verification field test","","Mon Jul 07 00:07:27 GMT 2025","passed","Mon Jul 07 00:07:36 GMT 2025","","Form. Checking the basic functions for the InlinePickList in the widget Form","application.Samples.Form.InlinePickListOnFormTest","required"
"The test gets the value from the placeholder attribute and returns it in String format","9845","Test for getting the Placeholder value","","Sun Jul 06 23:57:57 GMT 2025","passed","Sun Jul 06 23:58:07 GMT 2025","","Form. Checking the basic functions for the Percent in the widget Form","application.Samples.Form.PercentOnFormTest","placeholder"
"Sorting is not available for the Form widget","6653","Sorting test","","Mon Jul 07 00:01:03 GMT 2025","passed","Mon Jul 07 00:01:10 GMT 2025","","Form. Checking the basic functions for the Number in the widget Form","application.Samples.Form.NumberOnFormTest","sorting"
"","6954","The test for getting the value from the field","","Sun Jul 06 23:37:46 GMT 2025","passed","Sun Jul 06 23:37:53 GMT 2025","","Info. Checking the basic functions for the Number","application.Samples.Info.NumberOnInfoTest","read"
"The test checks for the disabled attribute.","8570","A test to check the field for ""Read-only""","","Sun Jul 06 23:45:06 GMT 2025","passed","Sun Jul 06 23:45:14 GMT 2025","","List. Checking the basic functions for the MultipleSelect in the widget List","application.Samples.List.MultipleSelectOnListTest","readonly"
"Sorting is not available for InfoWidget.","5948","Sorting test","","Sun Jul 06 23:34:29 GMT 2025","passed","Sun Jul 06 23:34:35 GMT 2025","","Info. Checking the basic functions for the Input","application.Samples.Info.InputOnInfoTest","sorting"
"The test gets the value from the style attribute in RGB format, and then converts it to Hex format","7208","A test to get the field color value in Hex format","","Mon Jul 07 00:06:49 GMT 2025","passed","Mon Jul 07 00:06:56 GMT 2025","","Form. Checking the basic functions for the FileUpload in the widget Form","application.Samples.Form.FileUploadOnFormTest","color"
"","8679","The test for getting the value from the field","","Sun Jul 06 23:33:34 GMT 2025","passed","Sun Jul 06 23:33:43 GMT 2025","","Info. Checking the basic functions for the FileUp","application.Samples.Info.FileUploadOnInfoTest","read"
"The test sets the value in the field, and then checks the value in the field with what should be set. Предварительной очистки поля нет","9919","A test for setting a value in a field","","Sun Jul 06 23:58:14 GMT 2025","passed","Sun Jul 06 23:58:24 GMT 2025","","Form. Checking the basic functions for the MultipleSelect in the widget Form","application.Samples.Form.MultipleSelectOnFormTest","edit"
"The test sets the value with the wrong data type in the field. After approval, it checks the text under the field, which informs about the correctness of the type of data entered","7835","Required Message validation test for one field","","Mon Jul 07 00:03:13 GMT 2025","passed","Mon Jul 07 00:03:20 GMT 2025","","Form. Checking the basic functions for the DateTime in the widget Form","application.Samples.Form.DateTimeOnFormTest","fieldLevelValidationAnnotation"
"The test sets the value in the field. After approval, the popup window, the title, the text in it, and the buttons are validated","6726","Run-time exception validation test","","Mon Jul 07 00:09:09 GMT 2025","passed","Mon Jul 07 00:09:15 GMT 2025","","Form. Checking the basic functions for the Input in the widget Form","application.Samples.Form.InputOnFormTest","runtimeException"
"The test sets the value with the wrong data type in the field. After approval, it checks the text under the field, which informs about the correctness of the type of data entered.","30215","Required Message validation test for one field","","Sun Jul 06 23:42:06 GMT 2025","passed","Sun Jul 06 23:42:36 GMT 2025","","List. Checking the basic functions for the DateTime in the widget List","application.Samples.List.DateTimeOnListTest","fieldLevelValidationAnnotation"
"The InfoWidget doesn't have a Placeholder.","9160","Test for getting the Placeholder value","","Sun Jul 06 23:34:52 GMT 2025","passed","Sun Jul 06 23:35:01 GMT 2025","","Info. Checking the basic functions for the Text","application.Samples.Info.TextOnInfoTest","placeholder"
"The test sets the value in the field. After approval, the popup window, the title, the text in it, and the buttons are validated.","7202","Run-time exception validation test","","Sun Jul 06 23:51:09 GMT 2025","passed","Sun Jul 06 23:51:16 GMT 2025","","List. Checking the basic functions for the Input in the widget List","application.Samples.List.InputOnListTest","runtimeException"
"The test sets the value in the field. After approval, the popup window, the title, the text in it, and the buttons are validated.","9768","Business Exception Validation Test","","Sun Jul 06 23:39:16 GMT 2025","passed","Sun Jul 06 23:39:26 GMT 2025","","List. Checking the basic functions for the FileUpload in the widget List","application.Samples.List.FileUploadOnListTest","businessException"
"Checking the url before the transition and after the transition/click on a special element","10918","The DrillDown test","","Sun Jul 06 23:39:45 GMT 2025","passed","Sun Jul 06 23:39:56 GMT 2025","","List. Checking the basic functions for the Percent in the widget List","application.Samples.List.PercentOnListTest","drillDown"
"The test clears the field and clicks the Save button. Then validates the message that the field is required","9522","Required Message text Verification field test","","Sun Jul 06 23:57:19 GMT 2025","passed","Sun Jul 06 23:57:28 GMT 2025","","Form. Checking the basic functions for the Percent in the widget Form","application.Samples.Form.PercentOnFormTest","required"
"The test gets the value from the style attribute in RGB format, and then converts it to Hex format","8762","A test to get the field color value in Hex format","","Sun Jul 06 23:35:44 GMT 2025","passed","Sun Jul 06 23:35:52 GMT 2025","","Info. Checking the basic functions for the MultiValueHover","application.Samples.Info.MultiValueHoverOnInfoTest","color"
"The test gets the value from the placeholder attribute and returns it in String format","8626","Test for getting the Placeholder value","","Sun Jul 06 23:55:32 GMT 2025","passed","Sun Jul 06 23:55:41 GMT 2025","","List. Checking the basic functions for the Dictionary in the widget List","application.Samples.List.DictionaryOnListTest","placeholder"
"The test sets a value with the wrong data type in several fields for different widgets. After approval, it checks the text under the field, which informs about the correctness of the type of data entered","8157","Required Message validation test for multiple fields","","Mon Jul 07 00:00:38 GMT 2025","passed","Mon Jul 07 00:00:46 GMT 2025","","Form. Checking the basic functions for the PickList in the widget Form","application.Samples.Form.PickListOnFormTest","fieldLevelValidation"
"The test gets the value from the style attribute in RGB format, and then converts it to Hex format","5657","A test to get the field color value in Hex format","","Mon Jul 07 00:03:42 GMT 2025","passed","Mon Jul 07 00:03:48 GMT 2025","","Form. Checking the basic functions for the DateTime in the widget Form","application.Samples.Form.DateTimeOnFormTest","color"
"The test sets the value in the field. After approval, by clicking on the save button, the popup window, the title, the text in it, and the buttons are validated.","11254","Confirmation Popup Validation Test","","Sun Jul 06 23:46:17 GMT 2025","passed","Sun Jul 06 23:46:29 GMT 2025","","List. Checking the basic functions for the MultipleSelect in the widget List","application.Samples.List.MultipleSelectOnListTest","confirm"
"The test sets the value with the wrong data type in the field. After approval, it checks the text under the field, which informs about the correctness of the type of data entered.","21300","Required Message validation test for one field","","Sun Jul 06 23:38:58 GMT 2025","passed","Sun Jul 06 23:39:19 GMT 2025","","List. Checking the basic functions for the Number in the widget List","application.Samples.List.NumberOnListTest","fieldLevelValidationAnnotation"
"The test sets the value in the field. After approval, the popup window, the title, the text in it, and the buttons are validated","10757","Business Exception Validation Test","","Mon Jul 07 00:07:36 GMT 2025","passed","Mon Jul 07 00:07:47 GMT 2025","","Form. Checking the basic functions for the InlinePickList in the widget Form","application.Samples.Form.InlinePickListOnFormTest","businessException"
"The Hint field type is always read-only","6264","A test to check the field for ""Read-only""","","Sun Jul 06 23:47:23 GMT 2025","passed","Sun Jul 06 23:47:29 GMT 2025","","List. Checking the basic functions for the Hint in the widget List","application.Samples.List.HintOnListTest","readonly"
"","7005","The test for getting the value from the field","","Sun Jul 06 23:38:35 GMT 2025","passed","Sun Jul 06 23:38:42 GMT 2025","","Info. Checking the basic functions for the Money","application.Samples.Info.MoneyOnInfoTest","read"
"The test checks for the disabled attribute.","11182","A test to check the field for ""Read-only""","","Sun Jul 06 23:54:26 GMT 2025","passed","Sun Jul 06 23:54:37 GMT 2025","","List. Checking the basic functions for the Dictionary in the widget List","application.Samples.List.DictionaryOnListTest","readonly"
"The test sets the value in the field. After approval, the popup window, the title, the text in it, and the buttons are validated","7005","Run-time exception validation test","","Mon Jul 07 00:04:12 GMT 2025","passed","Mon Jul 07 00:04:19 GMT 2025","","Form. Checking the basic functions for the DateTime in the widget Form","application.Samples.Form.DateTimeOnFormTest","runtimeException"
"Filtering by the specified column.","8755","Filtering test","","Sun Jul 06 23:51:54 GMT 2025","passed","Sun Jul 06 23:52:03 GMT 2025","","List. Checking the basic functions for the Money in the widget List","application.Samples.List.MoneyOnListTest","filtration"
"The test gets the value in the field, and then checks the value in the field with what should be.","0","A test for checking a value in a field","","Sun Jul 06 23:43:13 GMT 2025","skipped","Sun Jul 06 23:43:13 GMT 2025","","List. Checking the basic functions for the Text in the widget List","application.Samples.List.TextOnListTest","read"
"The test sets the value in the field, and then checks the value in the field with what should be set.","29849","A test for setting a value in a field","","Sun Jul 06 23:57:15 GMT 2025","passed","Sun Jul 06 23:57:45 GMT 2025","","List. Checking the basic functions for the DateTimeWithSeconds in the widget List","application.Samples.List.DateTimeWithSecondsOnListTest","edit"
"The test sets the value with the wrong data type in the field. After approval, it checks the text under the field, which informs about the correctness of the type of data entered.","22799","Required Message validation test for one field","","Mon Jul 07 00:09:04 GMT 2025","passed","Mon Jul 07 00:09:27 GMT 2025","","List. Checking the basic functions for the Radio in the widget List","application.Samples.List.RadioOnListTest","fieldLevelValidationAnnotation"
"Filtering is not available for the Form widget","8472","Filtering test","","Mon Jul 07 00:04:36 GMT 2025","passed","Mon Jul 07 00:04:44 GMT 2025","","Form. Checking the basic functions for the Radio in the widget Form","application.Samples.Form.RadioOnFormTest","filtration"
"Filtering by the specified column.","8508","Filtering test","","Sun Jul 06 23:44:57 GMT 2025","passed","Sun Jul 06 23:45:06 GMT 2025","","List. Checking the basic functions for the MultipleSelect in the widget List","application.Samples.List.MultipleSelectOnListTest","filtration"
"The test sets the value in the field, and then checks the value in the field with what should be set","7472","A test for setting a value in a field","","Mon Jul 07 00:03:35 GMT 2025","passed","Mon Jul 07 00:03:42 GMT 2025","","Form. Checking the basic functions for the DateTime in the widget Form","application.Samples.Form.DateTimeOnFormTest","edit"
"The test sets the value in the field. After approval, the popup window, the title, the text in it, and the buttons are validated","8557","Run-time exception validation test","","Mon Jul 07 00:00:46 GMT 2025","passed","Mon Jul 07 00:00:55 GMT 2025","","Form. Checking the basic functions for the PickList in the widget Form","application.Samples.Form.PickListOnFormTest","runtimeException"
"The test sets the value in the field, and then checks the value in the field with what should be set.","21899","Тест на установку числа с дробной частью в поле","","Sun Jul 06 23:39:56 GMT 2025","passed","Sun Jul 06 23:40:18 GMT 2025","","List. Checking the basic functions for the Percent in the widget List","application.Samples.List.PercentOnListTest","digits"
"The test gets the value from the placeholder attribute and returns it in String format","9764","Test for getting the Placeholder value","","Sun Jul 06 23:42:40 GMT 2025","passed","Sun Jul 06 23:42:49 GMT 2025","","List. Checking the basic functions for the Percent in the widget List","application.Samples.List.PercentOnListTest","placeholder"
"The test sets a value with the wrong data type in several fields for different widgets. After approval, it checks the text under the field, which informs about the correctness of the type of data entered","9188","Required Message validation test for multiple fields","","Mon Jul 07 00:04:02 GMT 2025","passed","Mon Jul 07 00:04:12 GMT 2025","","Form. Checking the basic functions for the DateTime in the widget Form","application.Samples.Form.DateTimeOnFormTest","fieldLevelValidation"
"Sorting is not available for InfoWidget.","8321","Sorting test","","Sun Jul 06 23:35:01 GMT 2025","passed","Sun Jul 06 23:35:10 GMT 2025","","Info. Checking the basic functions for the MultiValueHover","application.Samples.Info.MultiValueHoverOnInfoTest","sorting"
"The test clears the field and clicks the Save button. Then validates the message that the field is required.","22572","Required Message text Verification field test","","Sun Jul 06 23:50:22 GMT 2025","passed","Sun Jul 06 23:50:44 GMT 2025","","List. Checking the basic functions for the Radio in the widget List","application.Samples.List.RadioOnListTest","required"
"The test sets the value with the wrong data type in the field. After approval, it checks the text under the field, which informs about the correctness of the type of data entered.","40248","Required Message validation test for one field","","Sun Jul 06 23:52:11 GMT 2025","passed","Sun Jul 06 23:52:51 GMT 2025","","List. Checking the basic functions for the Money in the widget List","application.Samples.List.MoneyOnListTest","fieldLevelValidationAnnotation"
"The test checks for the disabled attribute","6144","A test to check the field for ""Read-only""","","Mon Jul 07 00:06:42 GMT 2025","passed","Mon Jul 07 00:06:48 GMT 2025","","Form. Checking the basic functions for the DateTimeWithSeconds in the widget Form","application.Samples.Form.DateTimeWithSecondsOnFormTest","readonly"
"The test sets the value in the field. After approval, by clicking on the save button, the popup window, the title, the text in it, and the buttons are validated","7544","Confirmation Popup Validation Test","","Mon Jul 07 00:08:48 GMT 2025","passed","Mon Jul 07 00:08:56 GMT 2025","","Form. Checking the basic functions for the Input in the widget Form","application.Samples.Form.InputOnFormTest","confirm"
"The test sets the value in the field, and then checks the value in the field with what should be set.","19792","A test for setting a value in a field","","Sun Jul 06 23:50:54 GMT 2025","passed","Sun Jul 06 23:51:14 GMT 2025","","List. Checking the basic functions for the Radio in the widget List","application.Samples.List.RadioOnListTest","edit"
"Filtering by the specified column.","7908","Filtering test","","Sun Jul 06 23:41:50 GMT 2025","passed","Sun Jul 06 23:41:58 GMT 2025","","List. Checking the basic functions for the DateTime in the widget List","application.Samples.List.DateTimeOnListTest","filtration"
"The test gets the value from the style attribute in RGB format, and then converts it to Hex format","6425","A test to get the field color value in Hex format","","Sun Jul 06 23:35:33 GMT 2025","passed","Sun Jul 06 23:35:39 GMT 2025","","Info. Checking the basic functions for the DateTimeWithSeconds","application.Samples.Info.DateTimeWithSecondsOnInfoTest","color"
"The test sets the value in the field. After approval, the popup window, the title, the text in it, and the buttons are validated","9716","Business Exception Validation Test","","Sun Jul 06 23:58:04 GMT 2025","passed","Sun Jul 06 23:58:14 GMT 2025","","Form. Checking the basic functions for the MultipleSelect in the widget Form","application.Samples.Form.MultipleSelectOnFormTest","businessException"
"","9721","A test to get a value for a multifield","","Mon Jul 07 00:06:28 GMT 2025","passed","Mon Jul 07 00:06:38 GMT 2025","","Form. Checking the basic functions for the MultiField in the widget Form","application.Samples.Form.MultiFieldOnFormTest","getValues2"
"The test sets the value in the field. After approval, the popup window, the title, the text in it, and the buttons are validated","10548","Business Exception Validation Test","","Sun Jul 06 23:59:32 GMT 2025","passed","Sun Jul 06 23:59:43 GMT 2025","","Form. Checking the basic functions for the CheckBox","application.Samples.Form.CheckBoxOnFormTest","businessException"
"The test gets the value from the placeholder attribute and returns it in String format","9150","Test for getting the Placeholder value","","Mon Jul 07 00:05:29 GMT 2025","passed","Mon Jul 07 00:05:38 GMT 2025","","Form. Checking the basic functions for the Radio in the widget Form","application.Samples.Form.RadioOnFormTest","placeholder"
"The test gets the value in the field, and then checks the value in the field with what should be.","0","A test for checking a value in a field","","Sun Jul 06 23:54:23 GMT 2025","skipped","Sun Jul 06 23:54:23 GMT 2025","","List. Checking the basic functions for the MultiValue in the widget List","application.Samples.List.MultiValueOnListTest","read"
"The test sets the value in the field, and then checks the value in the field with what should be set.","29274","A test for setting a value in a field","","Sun Jul 06 23:43:13 GMT 2025","passed","Sun Jul 06 23:43:42 GMT 2025","","List. Checking the basic functions for the DateTime in the widget List","application.Samples.List.DateTimeOnListTest","edit"
"","22095","fieldLevelValidation()","","Sun Jul 06 23:50:52 GMT 2025","passed","Sun Jul 06 23:51:14 GMT 2025","","List. Checking the basic functions for the PickList in the widget List","application.Samples.List.PickListOnListTest","fieldLevelValidation"
"Checking the url before the transition and after the transition/click on a special element","7414","The DrillDown test","","Sun Jul 06 23:44:50 GMT 2025","passed","Sun Jul 06 23:44:58 GMT 2025","","List. Checking the basic functions for the Date in the widget List","application.Samples.List.DateOnListTest","drillDown"
"The test sets a value with the wrong data type in several fields for different widgets. After approval, it checks the text under the field, which informs about the correctness of the type of data entered","63579","Required Message validation test for multiple fields","","Sun Jul 06 23:44:14 GMT 2025","passed","Sun Jul 06 23:45:18 GMT 2025","","List. Checking the basic functions for the DateTime in the widget List","application.Samples.List.DateTimeOnListTest","fieldLevelValidation"
"Checking the url before the transition and after the transition/click on a special element","9327","The DrillDown test","","Sun Jul 06 23:41:30 GMT 2025","passed","Sun Jul 06 23:41:39 GMT 2025","","List. Checking the basic functions for the Text in the widget List","application.Samples.List.TextOnListTest","drillDown"
"The test checks for the disabled attribute","9195","A test to check the field for ""Read-only""","","Mon Jul 07 00:07:06 GMT 2025","passed","Mon Jul 07 00:07:15 GMT 2025","","Form. Checking the basic functions for the InlinePickList in the widget Form","application.Samples.Form.InlinePickListOnFormTest","readonly"
"The test sets the value in the field via Popup using a unique id, and then checks the value in the field with what needs to be set","8926","A test for setting a value in a field","","Mon Jul 07 00:00:13 GMT 2025","passed","Mon Jul 07 00:00:21 GMT 2025","","Form. Checking the basic functions for the PickList in the widget Form","application.Samples.Form.PickListOnFormTest","edit"
"The test sets the value in the field. After approval, the popup window, the title, the text in it, and the buttons are validated.","10101","Business Exception Validation Test","","Sun Jul 06 23:53:55 GMT 2025","passed","Sun Jul 06 23:54:05 GMT 2025","","List. Checking the basic functions for the MultiValue in the widget List","application.Samples.List.MultiValueOnListTest","businessException"
"The test checks for the disabled attribute.","7029","A test to check the field for ""Read-only""","","Sun Jul 06 23:45:06 GMT 2025","passed","Sun Jul 06 23:45:13 GMT 2025","","List. Checking the basic functions for the Date in the widget List","application.Samples.List.DateOnListTest","readonly"
"The test sets the value in the field, and then checks the value in the field with what should be set","11864","A test for setting a value in a field","","Mon Jul 07 00:02:52 GMT 2025","passed","Mon Jul 07 00:03:04 GMT 2025","","Form. Checking the basic functions for the Dictionary in the widget Form","application.Samples.Form.DictionaryOnFormTest","edit"
"Filtering is not available for InfoWidget.","6185","Filtering test","","Sun Jul 06 23:36:38 GMT 2025","passed","Sun Jul 06 23:36:44 GMT 2025","","Info. Checking the basic functions for the Date","application.Samples.Info.DateOnInfoTest","filtration"
"","7928","digits()","","Sun Jul 06 23:38:33 GMT 2025","passed","Sun Jul 06 23:38:41 GMT 2025","","List. Checking the basic functions for the Number in the widget List","application.Samples.List.NumberOnListTest","digits"
"The test sets the value in the field. After approval, the popup window, the title, the text in it, and the buttons are validated.","9396","Business Exception Validation Test","","Mon Jul 07 00:04:14 GMT 2025","passed","Mon Jul 07 00:04:24 GMT 2025","","Form. Checking the basic functions for the MultiValue in the widget Form","application.Samples.Form.MultiValueOnFormTest","businessException"
"Info Widget is always read-only","9338","A test to check the field for ""Read-only""","","Sun Jul 06 23:37:37 GMT 2025","passed","Sun Jul 06 23:37:47 GMT 2025","","Info. Checking the basic functions for the CheckBox","application.Samples.Info.CheckboxOnInfoTest","readonly"
"DrillDown is not available for InfoWidget.","8952","The DrillDown test","","Sun Jul 06 23:37:19 GMT 2025","passed","Sun Jul 06 23:37:28 GMT 2025","","Info. Checking the basic functions for the CheckBox","application.Samples.Info.CheckboxOnInfoTest","drillDown"
"Checking the url before the transition and after the transition/click on a special element","5963","The DrillDown test","","Mon Jul 07 00:04:03 GMT 2025","passed","Mon Jul 07 00:04:09 GMT 2025","","Form. Checking the basic functions for the Date in the widget Form","application.Samples.Form.DateOnFormTest","drillDown"
"Filtering by the specified column.","8251","Filtering test","","Sun Jul 06 23:38:38 GMT 2025","passed","Sun Jul 06 23:38:46 GMT 2025","","List. Checking the basic functions for the FileUpload in the widget List","application.Samples.List.FileUploadOnListTest","filtration"
"","5387","getTypeColumn()","","Sun Jul 06 23:51:16 GMT 2025","passed","Sun Jul 06 23:51:21 GMT 2025","","List. Checking the basic functions for the Input in the widget List","application.Samples.List.InputOnListTest","getTypeColumn"
"The test gets the value from the placeholder attribute and returns it in String format","7439","Test for getting the Placeholder value","","Mon Jul 07 00:06:56 GMT 2025","passed","Mon Jul 07 00:07:04 GMT 2025","","Form. Checking the basic functions for the FileUpload in the widget Form","application.Samples.Form.FileUploadOnFormTest","placeholder"
"The test sets the value in the field, and then checks the value in the field with what should be set.","20384","A test for setting a value in a field","","Sun Jul 06 23:42:53 GMT 2025","passed","Sun Jul 06 23:43:13 GMT 2025","","List. Checking the basic functions for the Text in the widget List","application.Samples.List.TextOnListTest","edit"
"","7200","The test for getting the value from the field","","Mon Jul 07 00:09:23 GMT 2025","passed","Mon Jul 07 00:09:30 GMT 2025","","Info. Checking the basic functions for the MultiplySelect","application.Samples.Info.MultipleSelectOnInfoTest","read"
"The test gets the value from the placeholder attribute and returns it in String format","9405","Test for getting the Placeholder value","","Sun Jul 06 23:51:24 GMT 2025","passed","Sun Jul 06 23:51:33 GMT 2025","","List. Checking the basic functions for the Radio in the widget List","application.Samples.List.RadioOnListTest","placeholder"
"The transition/Redirect is not available","6547","The DrillDown test","","Sun Jul 06 23:47:11 GMT 2025","passed","Sun Jul 06 23:47:17 GMT 2025","","List. Checking the basic functions for the Hint in the widget List","application.Samples.List.HintOnListTest","drillDown"
"","9740","A test to get a value for a multifield hint","","Mon Jul 07 00:06:18 GMT 2025","passed","Mon Jul 07 00:06:28 GMT 2025","","Form. Checking the basic functions for the MultiField in the widget Form","application.Samples.Form.MultiFieldOnFormTest","getValues"
"The test gets the value from the style attribute in RGB format, and then converts it to Hex format","8157","A test to get the field color value in Hex format","","Sun Jul 06 23:39:41 GMT 2025","passed","Sun Jul 06 23:39:49 GMT 2025","","List. Checking the basic functions for the FileUpload in the widget List","application.Samples.List.FileUploadOnListTest","color"
"Filtering is not available for InfoWidget.","9556","Filtering test","","Sun Jul 06 23:37:28 GMT 2025","passed","Sun Jul 06 23:37:37 GMT 2025","","Info. Checking the basic functions for the CheckBox","application.Samples.Info.CheckboxOnInfoTest","filtration"
"Filtering is not available for InfoWidget.","10443","Filtering test","","Sun Jul 06 23:35:31 GMT 2025","passed","Sun Jul 06 23:35:42 GMT 2025","","Info. Checking the basic functions for the Dictionary","application.Samples.Info.DictionaryOnInfoTest","filtration"
"The test checks for the disabled attribute.","10358","A test to check the field for ""Read-only""","","Sun Jul 06 23:40:29 GMT 2025","passed","Sun Jul 06 23:40:39 GMT 2025","","List. Checking the basic functions for the Percent in the widget List","application.Samples.List.PercentOnListTest","readonly"
"Sorting is not available for the Form widget","6156","Sorting test","","Mon Jul 07 00:06:23 GMT 2025","passed","Mon Jul 07 00:06:30 GMT 2025","","Form. Checking the basic functions for the DateTimeWithSeconds in the widget Form","application.Samples.Form.DateTimeWithSecondsOnFormTest","sorting"
"Sorting is not available for InfoWidget.","9554","Sorting test","","Sun Jul 06 23:36:01 GMT 2025","passed","Sun Jul 06 23:36:10 GMT 2025","","Info. Checking the basic functions for the Percent","application.Samples.Info.PercentOnInfoTest","sorting"
"The test sets the value with the wrong data type in the field. After approval, it checks the text under the field, which informs about the correctness of the type of data entered.","7977","Required Message validation test for one field","","Mon Jul 07 00:03:56 GMT 2025","passed","Mon Jul 07 00:04:04 GMT 2025","","Form. Checking the basic functions for the MultiValue in the widget Form","application.Samples.Form.MultiValueOnFormTest","fieldLevelValidationAnnotation"
"The test sets the value with the wrong data type in the field. After approval, it checks the text under the field, which informs about the correctness of the type of data entered.","31292","Required Message validation test for one field","","Sun Jul 06 23:45:13 GMT 2025","passed","Sun Jul 06 23:45:44 GMT 2025","","List. Checking the basic functions for the Date in the widget List","application.Samples.List.DateOnListTest","fieldLevelValidationAnnotation"
"Drill Down is not available for InfoWidget.","8218","The DrillDown test","","Sun Jul 06 23:37:17 GMT 2025","passed","Sun Jul 06 23:37:25 GMT 2025","","Info. Checking the basic functions for the MultiValue","application.Samples.Info.MultiValueOnInfoTest","drillDown"
"The test sets the value in the field, and then checks the value in the field with what should be set.","7302","A test for setting a value in a field","","Sun Jul 06 23:39:26 GMT 2025","passed","Sun Jul 06 23:39:33 GMT 2025","","List. Checking the basic functions for the FileUpload in the widget List","application.Samples.List.FileUploadOnListTest","edit"
"The test gets the value from the placeholder attribute and returns it in String format","8221","Test for getting the Placeholder value","","Sun Jul 06 23:54:54 GMT 2025","passed","Sun Jul 06 23:55:03 GMT 2025","","List. Checking the basic functions for the MultiValue in the widget List","application.Samples.List.MultiValueOnListTest","placeholder"
"The test checks the status of one option, whether it is selected or not.","9575","A test to check the status of one option","","Sun Jul 06 23:47:01 GMT 2025","passed","Sun Jul 06 23:47:11 GMT 2025","","List. Checking the basic functions for the MultipleSelect in the widget List","application.Samples.List.MultipleSelectOnListTest","statusOption"
"Тест удаляет значение, проверяя автозаполнение в чистом поле","32196","Тест на автозаполнение после очистки","","Sun Jul 06 23:39:13 GMT 2025","passed","Sun Jul 06 23:39:45 GMT 2025","","List. Checking the basic functions for the Percent in the widget List","application.Samples.List.PercentOnListTest","nullable"
"Checking the url before the transition and after the transition/click on a special element","8840","The DrillDown test","","Sun Jul 06 23:51:45 GMT 2025","passed","Sun Jul 06 23:51:54 GMT 2025","","List. Checking the basic functions for the Money in the widget List","application.Samples.List.MoneyOnListTest","drillDown"
"Checking the url before the transition and after the transition/click on a special element","8080","The DrillDown test","","Mon Jul 07 00:02:50 GMT 2025","passed","Mon Jul 07 00:02:58 GMT 2025","","Form. Checking the basic functions for the MultiValue in the widget Form","application.Samples.Form.MultiValueOnFormTest","drillDown"
"Drill Down is not available for InfoWidget.","5653","The DrillDown test","","Sun Jul 06 23:36:48 GMT 2025","passed","Sun Jul 06 23:36:53 GMT 2025","","Info. Checking the basic functions for the Hint","application.Samples.Info.HintOnInfoTest","drillDown"
"The test sets the value with the wrong data type in the field. After approval, it checks the text under the field, which informs about the correctness of the type of data entered","11655","Required Message validation test for one field","","Mon Jul 07 00:07:15 GMT 2025","passed","Mon Jul 07 00:07:27 GMT 2025","","Form. Checking the basic functions for the InlinePickList in the widget Form","application.Samples.Form.InlinePickListOnFormTest","fieldLevelValidationAnnotation"
"The test gets the value in the field, and then checks the value in the field with what should be.","0","A test for checking a value in a field","","Sun Jul 06 23:45:59 GMT 2025","skipped","Sun Jul 06 23:45:59 GMT 2025","","List. Checking the basic functions for the MultipleSelect in the widget List","application.Samples.List.MultipleSelectOnListTest","read"
"The test sets the value in the field. After approval, by clicking on the save button, the popup window, the title, the text in it, and the buttons are validated.","23597","Confirmation Popup Validation Test","","Sun Jul 06 23:42:49 GMT 2025","passed","Sun Jul 06 23:43:13 GMT 2025","","List. Checking the basic functions for the Percent in the widget List","application.Samples.List.PercentOnListTest","confirm"
"The test gets the value from the style attribute in RGB format, and then converts it to Hex format","9988","A test to get the field color value in Hex format","","Sun Jul 06 23:51:14 GMT 2025","passed","Sun Jul 06 23:51:24 GMT 2025","","List. Checking the basic functions for the Radio in the widget List","application.Samples.List.RadioOnListTest","color"
"The test sets the value in the field. After approval, by clicking on the save button, the popup window, the title, the text in it, and the buttons are validated","9405","Confirmation Popup Validation Test","","Mon Jul 07 00:00:29 GMT 2025","passed","Mon Jul 07 00:00:38 GMT 2025","","Form. Checking the basic functions for the PickList in the widget Form","application.Samples.Form.PickListOnFormTest","confirm"
"DrillDown is not available for InfoWidget.","11600","The DrillDown test","","Sun Jul 06 23:32:55 GMT 2025","passed","Sun Jul 06 23:33:07 GMT 2025","","Info. Checking the basic functions for the FileUp","application.Samples.Info.FileUploadOnInfoTest","drillDown"
"The test sets the value to false in the field, and then checks the value in the field with what should be set.","8839","A test for setting a value in a field","","Sun Jul 06 23:52:33 GMT 2025","passed","Sun Jul 06 23:52:41 GMT 2025","","List. Checking the basic functions for the CheckBox","application.Samples.List.CheckBoxOnListTest","edit"
"A test to get the value from the field. MultiValueHover is always read-only, so it is impossible to set the value","8497","A test for setting a value in a field","","Mon Jul 07 00:00:17 GMT 2025","passed","Mon Jul 07 00:00:25 GMT 2025","","Form. Checking the basic functions for the MultiValueHover in the widget Form","application.Samples.Form.MultiValueHoverOnFormTest","edit"
"The test sets the value in the field. After approval, by clicking on the save button, the popup window, the title, the text in it, and the buttons are validated.","9014","Confirmation Popup Validation Test","","Sun Jul 06 23:50:18 GMT 2025","passed","Sun Jul 06 23:50:27 GMT 2025","","List. Checking the basic functions for the Input in the widget List","application.Samples.List.InputOnListTest","confirm"
"The test sets a value with the wrong data type in several fields for different widgets. After approval, it checks the text under the field, which informs about the correctness of the type of data entered","83923","Required Message validation test for multiple fields","","Sun Jul 06 23:55:10 GMT 2025","passed","Sun Jul 06 23:56:34 GMT 2025","","List. Checking the basic functions for the Money in the widget List","application.Samples.List.MoneyOnListTest","fieldLevelValidation"
"The test gets the value from the style attribute in RGB format, and then converts it to Hex format","6371","A test to get the field color value in Hex format","","Mon Jul 07 00:07:20 GMT 2025","passed","Mon Jul 07 00:07:27 GMT 2025","","Form. Checking the basic functions for the DateTimeWithSeconds in the widget Form","application.Samples.Form.DateTimeWithSecondsOnFormTest","color"
"The test sets the value in the field. After approval, the popup window, the title, the text in it, and the buttons are validated.","10774","Business Exception Validation Test","","Sun Jul 06 23:45:38 GMT 2025","passed","Sun Jul 06 23:45:49 GMT 2025","","List. Checking the basic functions for the MultipleSelect in the widget List","application.Samples.List.MultipleSelectOnListTest","businessException"
"Filtering is not available for InfoWidget.","6928","Filtering test","","Sun Jul 06 23:38:21 GMT 2025","passed","Sun Jul 06 23:38:28 GMT 2025","","Info. Checking the basic functions for the Money","application.Samples.Info.MoneyOnInfoTest","filtration"
"Getting the field color is not available","7082","A test to get the field color value in Hex format","","Sun Jul 06 23:41:03 GMT 2025","passed","Sun Jul 06 23:41:10 GMT 2025","","List. Checking the basic functions for the MultiValueHover in the widget List","application.Samples.List.MultiValueHoverOnListTest","color"
"The test sets the value in the field. After approval, the popup window, the title, the text in it, and the buttons are validated","8753","Run-time exception validation test","","Mon Jul 07 00:05:32 GMT 2025","passed","Mon Jul 07 00:05:41 GMT 2025","","Form. Checking the basic functions for the Date in the widget Form","application.Samples.Form.DateOnFormTest","runtimeException"
"Checking the url before the transition and after the transition/click on a special element","7337","The DrillDown test","","Mon Jul 07 00:05:48 GMT 2025","passed","Mon Jul 07 00:05:55 GMT 2025","","Form. Checking the basic functions for the FileUpload in the widget Form","application.Samples.Form.FileUploadOnFormTest","drillDown"
"Checking the url before the transition and after the transition/click on a special element","8215","The DrillDown test","","Sun Jul 06 23:58:49 GMT 2025","passed","Sun Jul 06 23:58:57 GMT 2025","","Form. Checking the basic functions for the CheckBox","application.Samples.Form.CheckBoxOnFormTest","drillDown"
"The test checks the list of options that the method returns, with the expected result","9433","Test to get a list of options","","Sun Jul 06 23:57:20 GMT 2025","passed","Sun Jul 06 23:57:29 GMT 2025","","Form. Checking the basic functions for the MultipleSelect in the widget Form","application.Samples.Form.MultipleSelectOnFormTest","getListOptions"
"The test clears the field and clicks the Save button. Then validates the message that the field is required.","9656","Required Message text Verification field test","","Mon Jul 07 00:04:04 GMT 2025","passed","Mon Jul 07 00:04:14 GMT 2025","","Form. Checking the basic functions for the MultiValue in the widget Form","application.Samples.Form.MultiValueOnFormTest","required"
"Filtering by the specified column.","10732","Filtering test","","Sun Jul 06 23:40:18 GMT 2025","passed","Sun Jul 06 23:40:29 GMT 2025","","List. Checking the basic functions for the Percent in the widget List","application.Samples.List.PercentOnListTest","filtration"
"Filtering is not available for the Form widget","7543","Filtering test","","Sun Jul 06 23:57:29 GMT 2025","passed","Sun Jul 06 23:57:37 GMT 2025","","Form. Checking the basic functions for the MultipleSelect in the widget Form","application.Samples.Form.MultipleSelectOnFormTest","filtration"
"The test gets the value from the style attribute in RGB format, and then converts it to Hex format","6243","A test to get the field color value in Hex format","","Sun Jul 06 23:34:47 GMT 2025","passed","Sun Jul 06 23:34:53 GMT 2025","","Info. Checking the basic functions for the DateTime","application.Samples.Info.DateTimeOnInfoTest","color"
"The test sets the value in the field, and then checks the value in the field with what should be set","9925","A test for setting a value in a field","","Mon Jul 07 00:01:48 GMT 2025","passed","Mon Jul 07 00:01:58 GMT 2025","","Form. Checking the basic functions for the Text in the widget Form","application.Samples.Form.TextOnFormTest","edit"
"Filtering is not available for the Form widget","6758","Filtering test","","Mon Jul 07 00:00:50 GMT 2025","passed","Mon Jul 07 00:00:57 GMT 2025","","Form. Checking the basic functions for the NumberDigits in the widget Form","application.Samples.Form.NumberDigitsOnFormTest","filtration"
"The test sets the value in the field. After approval, the popup window, the title, the text in it, and the buttons are validated.","19106","Business Exception Validation Test","","Sun Jul 06 23:42:54 GMT 2025","passed","Sun Jul 06 23:43:13 GMT 2025","","List. Checking the basic functions for the DateTime in the widget List","application.Samples.List.DateTimeOnListTest","businessException"
"The test gets the value from the placeholder attribute and returns it in String format","6235","Test for getting the Placeholder value","","Sun Jul 06 23:43:49 GMT 2025","passed","Sun Jul 06 23:43:55 GMT 2025","","List. Checking the basic functions for the DateTime in the widget List","application.Samples.List.DateTimeOnListTest","placeholder"
"The test sets a value with the wrong data type in several fields for different widgets. After approval, it checks the text under the field, which informs about the correctness of the type of data entered","32945","Required Message validation test for multiple fields","","Sun Jul 06 23:55:14 GMT 2025","passed","Sun Jul 06 23:55:47 GMT 2025","","List. Checking the basic functions for the MultiValue in the widget List","application.Samples.List.MultiValueOnListTest","fieldLevelValidation"
"The test sets the value in the field. After approval, the popup window, the title, the text in it, and the buttons are validated.","10479","Run-time exception validation test","","Sun Jul 06 23:46:51 GMT 2025","passed","Sun Jul 06 23:47:01 GMT 2025","","List. Checking the basic functions for the MultipleSelect in the widget List","application.Samples.List.MultipleSelectOnListTest","runtimeException"
"The test sets the value with the wrong data type in the field. After approval, it checks the text under the field, which informs about the correctness of the type of data entered.","23101","Required Message validation test for one field","","Sun Jul 06 23:41:58 GMT 2025","passed","Sun Jul 06 23:42:21 GMT 2025","","List. Checking the basic functions for the Text in the widget List","application.Samples.List.TextOnListTest","fieldLevelValidationAnnotation"
"The test gets the value in the field, and then checks the value in the field with what should be.","0","A test for checking a value in a field","","Sun Jul 06 23:41:03 GMT 2025","skipped","Sun Jul 06 23:41:03 GMT 2025","","List. Checking the basic functions for the MultiValueHover in the widget List","application.Samples.List.MultiValueHoverOnListTest","read"
"The test gets the value from the placeholder attribute and returns it in String format","6032","Test for getting the Placeholder value","","Mon Jul 07 00:05:07 GMT 2025","passed","Mon Jul 07 00:05:13 GMT 2025","","Form. Checking the basic functions for the Date in the widget Form","application.Samples.Form.DateOnFormTest","placeholder"
"The test sets the value in the field. After approval, the popup window, the title, the text in it, and the buttons are validated.","8280","Run-time exception validation test","","Sun Jul 06 23:48:33 GMT 2025","passed","Sun Jul 06 23:48:42 GMT 2025","","List. Checking the basic functions for the Date in the widget List","application.Samples.List.DateOnListTest","runtimeException"
"Filtering is not available for InfoWidget.","8938","Filtering test","","Sun Jul 06 23:35:18 GMT 2025","passed","Sun Jul 06 23:35:27 GMT 2025","","Info. Checking the basic functions for the MultiValueHover","application.Samples.Info.MultiValueHoverOnInfoTest","filtration"
"Info Widget is always read-only","8437","A test to check the field for ""Read-only""","","Sun Jul 06 23:33:26 GMT 2025","passed","Sun Jul 06 23:33:34 GMT 2025","","Info. Checking the basic functions for the FileUp","application.Samples.Info.FileUploadOnInfoTest","readonly"
"Filtering is not available for the Form widget","6889","Filtering test","","Mon Jul 07 00:08:13 GMT 2025","passed","Mon Jul 07 00:08:19 GMT 2025","","Form. Checking the basic functions for the Money in the widget Form","application.Samples.Form.MoneyOnFormTest","filtration"
"The test gets the value from the style attribute in RGB format, and then converts it to Hex format","5414","A test to get the field color value in Hex format","","Mon Jul 07 00:08:30 GMT 2025","passed","Mon Jul 07 00:08:36 GMT 2025","","Form. Checking the basic functions for the Input in the widget Form","application.Samples.Form.InputOnFormTest","color"
"Getting the field color is not available","5439","A test to get the field color value in Hex format","","Sun Jul 06 23:47:36 GMT 2025","passed","Sun Jul 06 23:47:42 GMT 2025","","List. Checking the basic functions for the Hint in the widget List","application.Samples.List.HintOnListTest","color"
"The test sets the value in the field. After approval, the popup window, the title, the text in it, and the buttons are validated","8023","Business Exception Validation Test","","Mon Jul 07 00:03:27 GMT 2025","passed","Mon Jul 07 00:03:35 GMT 2025","","Form. Checking the basic functions for the DateTime in the widget Form","application.Samples.Form.DateTimeOnFormTest","businessException"
"The test sets the value in the field. After approval, the popup window, the title, the text in it, and the buttons are validated.","13778","Run-time exception validation test","","Sun Jul 06 23:40:33 GMT 2025","passed","Sun Jul 06 23:40:47 GMT 2025","","List. Checking the basic functions for the FileUpload in the widget List","application.Samples.List.FileUploadOnListTest","runtimeException"
"Checking the url before the transition and after the transition/click on a special element","8873","The DrillDown test","","Sun Jul 06 23:44:37 GMT 2025","passed","Sun Jul 06 23:44:46 GMT 2025","","List. Checking the basic functions for the MultipleSelect in the widget List","application.Samples.List.MultipleSelectOnListTest","drillDown"
"The test clears the field and clicks the Save button. Then validates the message that the field is required.","21076","Required Message text Verification field test","","Sun Jul 06 23:49:15 GMT 2025","passed","Sun Jul 06 23:49:36 GMT 2025","","List. Checking the basic functions for the PickList in the widget List","application.Samples.List.PickListOnListTest","required"
"The test clears the field and clicks the Save button. Then validates the message that the field is required","7950","Required Message text Verification field test","","Mon Jul 07 00:01:38 GMT 2025","passed","Mon Jul 07 00:01:46 GMT 2025","","Form. Checking the basic functions for the Number in the widget Form","application.Samples.Form.NumberOnFormTest","required"
"Filtering by the specified column.","8959","Filtering test","","Sun Jul 06 23:52:55 GMT 2025","passed","Sun Jul 06 23:53:04 GMT 2025","","List. Checking the basic functions for the MultiValue in the widget List","application.Samples.List.MultiValueOnListTest","filtration"
"The test sets a value with the wrong data type in several fields for different widgets. After approval, it checks the text under the field, which informs about the correctness of the type of data entered","10043","Required Message validation test for multiple fields","","Mon Jul 07 00:05:22 GMT 2025","passed","Mon Jul 07 00:05:32 GMT 2025","","Form. Checking the basic functions for the Date in the widget Form","application.Samples.Form.DateOnFormTest","fieldLevelValidation"
"The test sets the value with the wrong data type in the field. After approval, it checks the text under the field, which informs about the correctness of the type of data entered.","33203","Required Message validation test for one field","","Sun Jul 06 23:46:11 GMT 2025","passed","Sun Jul 06 23:46:44 GMT 2025","","List. Checking the basic functions for the InlinePickList in the widget List","application.Samples.List.InlinePickListOnListTest","fieldLevelValidationAnnotation"
"Checking the url before the transition and after the transition/click on a special element","8279","The DrillDown test","","Sun Jul 06 23:57:12 GMT 2025","passed","Sun Jul 06 23:57:20 GMT 2025","","Form. Checking the basic functions for the MultipleSelect in the widget Form","application.Samples.Form.MultipleSelectOnFormTest","drillDown"
"","9451","The test for getting the value from the field","","Sun Jul 06 23:34:01 GMT 2025","passed","Sun Jul 06 23:34:10 GMT 2025","","Info. Checking the basic functions for the Radio","application.Samples.Info.RadioOnInfoTest","read"
"","10511","The test for getting the value from the field","","Sun Jul 06 23:35:53 GMT 2025","passed","Sun Jul 06 23:36:03 GMT 2025","","Info. Checking the basic functions for the Dictionary","application.Samples.Info.DictionaryOnInfoTest","read"
"The test verifies that after clearing the field, it is empty.","8010","The test for deleting a file from a field","","Sun Jul 06 23:39:33 GMT 2025","passed","Sun Jul 06 23:39:41 GMT 2025","","List. Checking the basic functions for the FileUpload in the widget List","application.Samples.List.FileUploadOnListTest","clear"
"The test sets the value in the field. After approval, by clicking on the save button, the popup window, the title, the text in it, and the buttons are validated.","9582","Confirmation Popup Validation Test","","Mon Jul 07 00:05:56 GMT 2025","passed","Mon Jul 07 00:06:06 GMT 2025","","Form. Checking the basic functions for the MultiValue in the widget Form","application.Samples.Form.MultiValueOnFormTest","confirm"
"Filtering is not available for the Form widget","6502","Filtering test","","Mon Jul 07 00:06:36 GMT 2025","passed","Mon Jul 07 00:06:42 GMT 2025","","Form. Checking the basic functions for the DateTimeWithSeconds in the widget Form","application.Samples.Form.DateTimeWithSecondsOnFormTest","filtration"
"The test clears the field and clicks the Save button. Then validates the message that the field is required.","12780","Required Message text Verification field test","","Sun Jul 06 23:45:25 GMT 2025","passed","Sun Jul 06 23:45:38 GMT 2025","","List. Checking the basic functions for the MultipleSelect in the widget List","application.Samples.List.MultipleSelectOnListTest","required"
"The Hint field type is always read-only","5797","A test to check the field for ""Read-only""","","Sun Jul 06 23:59:51 GMT 2025","passed","Sun Jul 06 23:59:57 GMT 2025","","Form. Checking the basic functions for the Hint in the widget Form","application.Samples.Form.HintOnFormTest","readonly"
"The test clears the field and clicks the Save button. Then validates the message that the field is required","7080","Required Message text Verification field test","","Mon Jul 07 00:06:57 GMT 2025","passed","Mon Jul 07 00:07:04 GMT 2025","","Form. Checking the basic functions for the DateTimeWithSeconds in the widget Form","application.Samples.Form.DateTimeWithSecondsOnFormTest","required"
"The test sets the value in the field. After approval, by clicking on the save button, the popup window, the title, the text in it, and the buttons are validated","8260","Confirmation Popup Validation Test","","Mon Jul 07 00:07:33 GMT 2025","passed","Mon Jul 07 00:07:41 GMT 2025","","Form. Checking the basic functions for the DateTimeWithSeconds in the widget Form","application.Samples.Form.DateTimeWithSecondsOnFormTest","confirm"
"The test checks for the disabled attribute.","9046","A test to check the field for ""Read-only""","","Sun Jul 06 23:49:51 GMT 2025","passed","Sun Jul 06 23:50:00 GMT 2025","","List. Checking the basic functions for the Radio in the widget List","application.Samples.List.RadioOnListTest","readonly"
"Checking the url before the transition and after the transition/click on a special element","6739","The DrillDown test","","Mon Jul 07 00:08:06 GMT 2025","passed","Mon Jul 07 00:08:13 GMT 2025","","Form. Checking the basic functions for the Money in the widget Form","application.Samples.Form.MoneyOnFormTest","drillDown"
"The test sets the value in the field. After approval, by clicking on the save button, the popup window, the title, the text in it, and the buttons are validated","8371","Confirmation Popup Validation Test","","Mon Jul 07 00:03:54 GMT 2025","passed","Mon Jul 07 00:04:02 GMT 2025","","Form. Checking the basic functions for the DateTime in the widget Form","application.Samples.Form.DateTimeOnFormTest","confirm"
"The test sets the value with the wrong data type in the field. After approval, it checks the text under the field, which informs about the correctness of the type of data entered","8115","Required Message validation test for one field","","Mon Jul 07 00:06:09 GMT 2025","passed","Mon Jul 07 00:06:18 GMT 2025","","Form. Checking the basic functions for the FileUpload in the widget Form","application.Samples.Form.FileUploadOnFormTest","fieldLevelValidationAnnotation"
"The test gets the value from the placeholder attribute and returns it in String format","8676","Test for getting the Placeholder value","","Sun Jul 06 23:53:01 GMT 2025","passed","Sun Jul 06 23:53:09 GMT 2025","","List. Checking the basic functions for the CheckBox","application.Samples.List.CheckBoxOnListTest","placeholder"
"Sorting is not available for InfoWidget.","9474","Sorting test","","Sun Jul 06 23:33:56 GMT 2025","passed","Sun Jul 06 23:34:06 GMT 2025","","Info. Checking the basic functions for the Text","application.Samples.Info.TextOnInfoTest","sorting"
"The test sets a value with the wrong data type in several fields for different widgets. After approval, it checks the text under the field, which informs about the correctness of the type of data entered","8484","Required Message validation test for multiple fields","","Mon Jul 07 00:06:06 GMT 2025","passed","Mon Jul 07 00:06:14 GMT 2025","","Form. Checking the basic functions for the MultiValue in the widget Form","application.Samples.Form.MultiValueOnFormTest","fieldLevelValidation"
"The test sets the value in the field. After approval, by clicking on the save button, the popup window, the title, the text in it, and the buttons are validated","8581","Confirmation Popup Validation Test","","Mon Jul 07 00:07:12 GMT 2025","passed","Mon Jul 07 00:07:20 GMT 2025","","Form. Checking the basic functions for the FileUpload in the widget Form","application.Samples.Form.FileUploadOnFormTest","confirm"
"The test sets the value in the field. After approval, the popup window, the title, the text in it, and the buttons are validated","12525","Run-time exception validation test","","Mon Jul 07 00:07:29 GMT 2025","passed","Mon Jul 07 00:07:42 GMT 2025","","Form. Checking the basic functions for the FileUpload in the widget Form","application.Samples.Form.FileUploadOnFormTest","runtimeException"
"Sorting is not available for the Form widget","7525","Sorting test","","Sun Jul 06 23:59:33 GMT 2025","passed","Sun Jul 06 23:59:41 GMT 2025","","Form. Checking the basic functions for the PickList in the widget Form","application.Samples.Form.PickListOnFormTest","sorting"
"DrillDown is not available for InfoWidget.","7217","The DrillDown test","","Sun Jul 06 23:36:30 GMT 2025","passed","Sun Jul 06 23:36:38 GMT 2025","","Info. Checking the basic functions for the Date","application.Samples.Info.DateOnInfoTest","drillDown"
"The test sets the value in the field. After approval, by clicking on the save button, the popup window, the title, the text in it, and the buttons are validated","9103","Confirmation Popup Validation Test","","Mon Jul 07 00:05:13 GMT 2025","passed","Mon Jul 07 00:05:22 GMT 2025","","Form. Checking the basic functions for the Date in the widget Form","application.Samples.Form.DateOnFormTest","confirm"
"The test checks the status of one option, whether it is selected or not","8588","A test to check the status of one option","","Sun Jul 06 23:59:24 GMT 2025","passed","Sun Jul 06 23:59:33 GMT 2025","","Form. Checking the basic functions for the MultipleSelect in the widget Form","application.Samples.Form.MultipleSelectOnFormTest","statusOption"
"Sorting by the specified column.","7750","Sorting test","","Mon Jul 07 00:09:35 GMT 2025","passed","Mon Jul 07 00:09:43 GMT 2025","","List. Checking the basic functions for the PickList in the widget List","application.Samples.List.PickListOnListTest","sorting"
"Sorting is not available for the Form widget","6834","Sorting test","","Mon Jul 07 00:07:59 GMT 2025","passed","Mon Jul 07 00:08:06 GMT 2025","","Form. Checking the basic functions for the Money in the widget Form","application.Samples.Form.MoneyOnFormTest","sorting"
"","6889","The test for getting the value from the field","","Sun Jul 06 23:35:26 GMT 2025","passed","Sun Jul 06 23:35:33 GMT 2025","","Info. Checking the basic functions for the DateTimeWithSeconds","application.Samples.Info.DateTimeWithSecondsOnInfoTest","read"
"The test clears the field and clicks the Save button. Then validates the message that the field is required","8062","Required Message text Verification field test","","Mon Jul 07 00:06:18 GMT 2025","passed","Mon Jul 07 00:06:26 GMT 2025","","Form. Checking the basic functions for the FileUpload in the widget Form","application.Samples.Form.FileUploadOnFormTest","required"
"Sorting is not available for the Form widget","9647","Sorting test","","Mon Jul 07 00:06:38 GMT 2025","passed","Mon Jul 07 00:06:47 GMT 2025","","Form. Checking the basic functions for the InlinePickList in the widget Form","application.Samples.Form.InlinePickListOnFormTest","sorting"
"Sorting by the specified column.","12007","Sorting test","","Sun Jul 06 23:53:43 GMT 2025","passed","Sun Jul 06 23:53:55 GMT 2025","","List. Checking the basic functions for the Dictionary in the widget List","application.Samples.List.DictionaryOnListTest","sorting"
"The test checks for the disabled attribute","5844","A test to check the field for ""Read-only""","","Mon Jul 07 00:03:07 GMT 2025","passed","Mon Jul 07 00:03:13 GMT 2025","","Form. Checking the basic functions for the DateTime in the widget Form","application.Samples.Form.DateTimeOnFormTest","readonly"
"The test checks for the disabled attribute","8600","A test to check the field for ""Read-only""","","Mon Jul 07 00:04:44 GMT 2025","passed","Mon Jul 07 00:04:53 GMT 2025","","Form. Checking the basic functions for the Radio in the widget Form","application.Samples.Form.RadioOnFormTest","readonly"
"Filtering is not available for InfoWidget.","14034","Filtering test","","Sun Jul 06 23:32:55 GMT 2025","passed","Sun Jul 06 23:33:09 GMT 2025","","Info. Checking the basic functions for the MultiField","application.Samples.Info.MultiFieldOnInfoTest","filtration"
"The InfoWidget doesn't have a Placeholder.","7090","Test for getting the Placeholder value","","Sun Jul 06 23:38:49 GMT 2025","passed","Sun Jul 06 23:38:56 GMT 2025","","Info. Checking the basic functions for the Money","application.Samples.Info.MoneyOnInfoTest","placeholder"
"The test sets the value in the field. After approval, the popup window, the title, the text in it, and the buttons are validated","7316","Run-time exception validation test","","Mon Jul 07 00:07:52 GMT 2025","passed","Mon Jul 07 00:07:59 GMT 2025","","Form. Checking the basic functions for the DateTimeWithSeconds in the widget Form","application.Samples.Form.DateTimeWithSecondsOnFormTest","runtimeException"
"The test gets the value from the style attribute in RGB format, and then converts it to Hex format","0","A test to get the field color value in Hex format","","Mon Jul 07 00:00:21 GMT 2025","skipped","Mon Jul 07 00:00:21 GMT 2025","","Form. Checking the basic functions for the PickList in the widget Form","application.Samples.Form.PickListOnFormTest","color"
"The test sets several values in the field, then checks the list with the expected value.","22398","A test for setting multiple values in a field","","Mon Jul 07 00:03:34 GMT 2025","passed","Mon Jul 07 00:03:56 GMT 2025","","Form. Checking the basic functions for the MultiValue in the widget Form","application.Samples.Form.MultiValueOnFormTest","test_set"
"The test gets the value from the style attribute in RGB format, and then converts it to Hex format","8287","A test to get the field color value in Hex format","","Sun Jul 06 23:54:22 GMT 2025","passed","Sun Jul 06 23:54:30 GMT 2025","","List. Checking the basic functions for the Money in the widget List","application.Samples.List.MoneyOnListTest","color"
"InfoWidget does not have a Hex field color for this type.","9471","A test to get the field color value in Hex format","","Sun Jul 06 23:33:38 GMT 2025","passed","Sun Jul 06 23:33:47 GMT 2025","","Info. Checking the basic functions for the MultiplySelect","application.Samples.Info.MultipleSelectOnInfoTest","color"
"Info Widget is always read-only","5987","A test to check the field for ""Read-only""","","Sun Jul 06 23:36:59 GMT 2025","passed","Sun Jul 06 23:37:05 GMT 2025","","Info. Checking the basic functions for the Hint","application.Samples.Info.HintOnInfoTest","readonly"
"Info Widget is always read-only","7905","A test to check the field for ""Read-only""","","Sun Jul 06 23:37:33 GMT 2025","passed","Sun Jul 06 23:37:41 GMT 2025","","Info. Checking the basic functions for the MultiValue","application.Samples.Info.MultiValueOnInfoTest","readonly"
"The test gets the value from the style attribute in RGB format, and then converts it to Hex format","6961","A test to get the field color value in Hex format","","Sun Jul 06 23:38:42 GMT 2025","passed","Sun Jul 06 23:38:49 GMT 2025","","Info. Checking the basic functions for the Money","application.Samples.Info.MoneyOnInfoTest","color"
"Filtering by the specified column.","9228","Filtering test","","Sun Jul 06 23:49:42 GMT 2025","passed","Sun Jul 06 23:49:51 GMT 2025","","List. Checking the basic functions for the Radio in the widget List","application.Samples.List.RadioOnListTest","filtration"
"The test sets the value in the field. After approval, by clicking on the save button, the popup window, the title, the text in it, and the buttons are validated","9044","Confirmation Popup Validation Test","","Sun Jul 06 23:58:41 GMT 2025","passed","Sun Jul 06 23:58:50 GMT 2025","","Form. Checking the basic functions for the MultipleSelect in the widget Form","application.Samples.Form.MultipleSelectOnFormTest","confirm"
"The test sets the value in the field. After approval, the popup window, the title, the text in it, and the buttons are validated.","11883","Run-time exception validation test","","Sun Jul 06 23:49:09 GMT 2025","passed","Sun Jul 06 23:49:21 GMT 2025","","List. Checking the basic functions for the InlinePickList in the widget List","application.Samples.List.InlinePickListOnListTest","runtimeException"
"The test clears the field and clicks the Save button. Then validates the message that the field is required","6841","Required Message text Verification field test","","Mon Jul 07 00:08:10 GMT 2025","passed","Mon Jul 07 00:08:17 GMT 2025","","Form. Checking the basic functions for the Input in the widget Form","application.Samples.Form.InputOnFormTest","required"
"The test sets a value with the wrong data type in several fields for different widgets. After approval, it checks the text under the field, which informs about the correctness of the type of data entered","8909","Required Message validation test for multiple fields","","Mon Jul 07 00:07:20 GMT 2025","passed","Mon Jul 07 00:07:29 GMT 2025","","Form. Checking the basic functions for the FileUpload in the widget Form","application.Samples.Form.FileUploadOnFormTest","fieldLevelValidation"
"The test sets the value in the field. After approval, by clicking on the save button, the popup window, the title, the text in it, and the buttons are validated.","11656","Confirmation Popup Validation Test","","Sun Jul 06 23:55:03 GMT 2025","passed","Sun Jul 06 23:55:14 GMT 2025","","List. Checking the basic functions for the MultiValue in the widget List","application.Samples.List.MultiValueOnListTest","confirm"
"Checking the url before the transition and after the transition/click on a special element","8879","The DrillDown test","","Sun Jul 06 23:49:33 GMT 2025","passed","Sun Jul 06 23:49:42 GMT 2025","","List. Checking the basic functions for the Radio in the widget List","application.Samples.List.RadioOnListTest","drillDown"
"Filtering is not available for InfoWidget.","9721","Filtering test","","Sun Jul 06 23:33:42 GMT 2025","passed","Sun Jul 06 23:33:52 GMT 2025","","Info. Checking the basic functions for the Radio","application.Samples.Info.RadioOnInfoTest","filtration"
"Info Widget is always read-only","6637","A test to check the field for ""Read-only""","","Sun Jul 06 23:34:34 GMT 2025","passed","Sun Jul 06 23:34:40 GMT 2025","","Info. Checking the basic functions for the DateTime","application.Samples.Info.DateTimeOnInfoTest","readonly"
"The test sets the value in the field. After approval, the popup window, the title, the text in it, and the buttons are validated.","20796","Business Exception Validation Test","","Sun Jul 06 23:56:54 GMT 2025","passed","Sun Jul 06 23:57:15 GMT 2025","","List. Checking the basic functions for the DateTimeWithSeconds in the widget List","application.Samples.List.DateTimeWithSecondsOnListTest","businessException"
"Sorting is not available for the Form widget","8529","Sorting test","","Sun Jul 06 23:58:41 GMT 2025","passed","Sun Jul 06 23:58:49 GMT 2025","","Form. Checking the basic functions for the CheckBox","application.Samples.Form.CheckBoxOnFormTest","sorting"
"The test sets the value in the field, and then checks the value in the field with what should be set.","32757","A test for setting a value in a field","","Sun Jul 06 23:47:29 GMT 2025","passed","Sun Jul 06 23:48:01 GMT 2025","","List. Checking the basic functions for the InlinePickList in the widget List","application.Samples.List.InlinePickListOnListTest","edit"
"The test sets the value in the field. After approval, by clicking on the save button, the popup window, the title, the text in it, and the buttons are validated.","9267","Confirmation Popup Validation Test","","Sun Jul 06 23:40:22 GMT 2025","passed","Sun Jul 06 23:40:31 GMT 2025","","List. Checking the basic functions for the Number in the widget List","application.Samples.List.NumberOnListTest","confirm"
"The test calls Popup, the method returns a list with column headings","8029","The test for getting column headings","","Mon Jul 07 00:00:55 GMT 2025","passed","Mon Jul 07 00:01:03 GMT 2025","","Form. Checking the basic functions for the PickList in the widget Form","application.Samples.Form.PickListOnFormTest","getColumnName"
"The test sets the value in the field. After approval, the popup window, the title, the text in it, and the buttons are validated","7554","Business Exception Validation Test","","Mon Jul 07 00:06:26 GMT 2025","passed","Mon Jul 07 00:06:33 GMT 2025","","Form. Checking the basic functions for the FileUpload in the widget Form","application.Samples.Form.FileUploadOnFormTest","businessException"
"The test sets the value in the field. After approval, the popup window, the title, the text in it, and the buttons are validated","8454","Business Exception Validation Test","","Mon Jul 07 00:01:46 GMT 2025","passed","Mon Jul 07 00:01:55 GMT 2025","","Form. Checking the basic functions for the Number in the widget Form","application.Samples.Form.NumberOnFormTest","businessException"
"The test sets the value in the field. After approval, by clicking on the save button, the popup window, the title, the text in it, and the buttons are validated.","23130","Confirmation Popup Validation Test","","Sun Jul 06 23:48:21 GMT 2025","passed","Sun Jul 06 23:48:44 GMT 2025","","List. Checking the basic functions for the InlinePickList in the widget List","application.Samples.List.InlinePickListOnListTest","confirm"
"The test sets the value in the field. After approval, by clicking on the save button, the popup window, the title, the text in it, and the buttons are validated","9078","Confirmation Popup Validation Test","","Mon Jul 07 00:02:15 GMT 2025","passed","Mon Jul 07 00:02:25 GMT 2025","","Form. Checking the basic functions for the Number in the widget Form","application.Samples.Form.NumberOnFormTest","confirm"
"The test sets the value in the field. After approval, the popup window, the title, the text in it, and the buttons are validated","10230","Run-time exception validation test","","Mon Jul 07 00:08:54 GMT 2025","passed","Mon Jul 07 00:09:04 GMT 2025","","Form. Checking the basic functions for the InlinePickList in the widget Form","application.Samples.Form.InlinePickListOnFormTest","runtimeException"
"The test gets the value from the placeholder attribute and returns it in String format","8853","Test for getting the Placeholder value","","Sun Jul 06 23:57:53 GMT 2025","passed","Sun Jul 06 23:58:02 GMT 2025","","List. Checking the basic functions for the DateTimeWithSeconds in the widget List","application.Samples.List.DateTimeWithSecondsOnListTest","placeholder"
"Sorting by the specified column.","18856","Sorting test","","Sun Jul 06 23:41:25 GMT 2025","passed","Sun Jul 06 23:41:44 GMT 2025","","List. Checking the basic functions for the DateTime in the widget List","application.Samples.List.DateTimeOnListTest","sorting"
"The test sets the value with the wrong data type in the field. After approval, it checks the text under the field, which informs about the correctness of the type of data entered.","12646","Required Message validation test for one field","","Sun Jul 06 23:54:37 GMT 2025","passed","Sun Jul 06 23:54:50 GMT 2025","","List. Checking the basic functions for the Dictionary in the widget List","application.Samples.List.DictionaryOnListTest","fieldLevelValidationAnnotation"
"The test gets the value from the style attribute in RGB format, and then converts it to Hex format","6958","A test to get the field color value in Hex format","","Mon Jul 07 00:01:12 GMT 2025","passed","Mon Jul 07 00:01:19 GMT 2025","","Form. Checking the basic functions for the NumberDigits in the widget Form","application.Samples.Form.NumberDigitsOnFormTest","color"
"The test sets a value with the wrong data type in several fields for different widgets. After approval, it checks the text under the field, which informs about the correctness of the type of data entered","65711","Required Message validation test for multiple fields","","Sun Jul 06 23:47:28 GMT 2025","passed","Sun Jul 06 23:48:33 GMT 2025","","List. Checking the basic functions for the Date in the widget List","application.Samples.List.DateOnListTest","fieldLevelValidation"
"Sorting is not available for InfoWidget.","7154","Sorting test","","Sun Jul 06 23:34:59 GMT 2025","passed","Sun Jul 06 23:35:07 GMT 2025","","Info. Checking the basic functions for the DateTimeWithSeconds","application.Samples.Info.DateTimeWithSecondsOnInfoTest","sorting"
"The test sets the value in the field. After approval, the popup window, the title, the text in it, and the buttons are validated.","19606","Business Exception Validation Test","","Sun Jul 06 23:46:03 GMT 2025","passed","Sun Jul 06 23:46:23 GMT 2025","","List. Checking the basic functions for the Date in the widget List","application.Samples.List.DateOnListTest","businessException"
"The InfoWidget doesn't have a Placeholder.","6882","Test for getting the Placeholder value","","Sun Jul 06 23:37:59 GMT 2025","passed","Sun Jul 06 23:38:06 GMT 2025","","Info. Checking the basic functions for the Number","application.Samples.Info.NumberOnInfoTest","placeholder"
"","5628","The test for getting the value from the field","","Sun Jul 06 23:34:53 GMT 2025","passed","Sun Jul 06 23:34:59 GMT 2025","","Info. Checking the basic functions for the Input","application.Samples.Info.InputOnInfoTest","read"
"The test sets a value with the wrong data type in several fields for different widgets. After approval, it checks the text under the field, which informs about the correctness of the type of data entered","10243","Required Message validation test for multiple fields","","Mon Jul 07 00:03:36 GMT 2025","passed","Mon Jul 07 00:03:46 GMT 2025","","Form. Checking the basic functions for the Dictionary in the widget Form","application.Samples.Form.DictionaryOnFormTest","fieldLevelValidation"
"The test checks for the disabled attribute","6866","A test to check the field for ""Read-only""","","Mon Jul 07 00:00:57 GMT 2025","passed","Mon Jul 07 00:01:03 GMT 2025","","Form. Checking the basic functions for the NumberDigits in the widget Form","application.Samples.Form.NumberDigitsOnFormTest","readonly"
"Filtering by the specified column.","8397","Filtering test","","Sun Jul 06 23:44:58 GMT 2025","passed","Sun Jul 06 23:45:06 GMT 2025","","List. Checking the basic functions for the Date in the widget List","application.Samples.List.DateOnListTest","filtration"
"The test gets the value from the style attribute in RGB format, and then converts it to Hex format","9452","A test to get the field color value in Hex format","","Sun Jul 06 23:57:48 GMT 2025","passed","Sun Jul 06 23:57:57 GMT 2025","","Form. Checking the basic functions for the Percent in the widget Form","application.Samples.Form.PercentOnFormTest","color"
"The test sets the value in the field, and then checks the value in the field with what should be set","9445","A test for setting a value in a field","","Mon Jul 07 00:05:11 GMT 2025","passed","Mon Jul 07 00:05:21 GMT 2025","","Form. Checking the basic functions for the Radio in the widget Form","application.Samples.Form.RadioOnFormTest","edit"
"The test gets the value from the placeholder attribute and returns it in String format","8692","Test for getting the Placeholder value","","Mon Jul 07 00:02:07 GMT 2025","passed","Mon Jul 07 00:02:15 GMT 2025","","Form. Checking the basic functions for the Text in the widget Form","application.Samples.Form.TextOnFormTest","placeholder"
"Checking the url before the transition and after the transition/click on a special element","5629","The DrillDown test","","Mon Jul 07 00:02:55 GMT 2025","passed","Mon Jul 07 00:03:01 GMT 2025","","Form. Checking the basic functions for the DateTime in the widget Form","application.Samples.Form.DateTimeOnFormTest","drillDown"
"The test checks for the disabled attribute","8818","A test to check the field for ""Read-only""","","Mon Jul 07 00:01:08 GMT 2025","passed","Mon Jul 07 00:01:16 GMT 2025","","Form. Checking the basic functions for the Text in the widget Form","application.Samples.Form.TextOnFormTest","readonly"
"The transition/Redirect is not available","5839","The DrillDown test","","Sun Jul 06 23:59:40 GMT 2025","passed","Sun Jul 06 23:59:46 GMT 2025","","Form. Checking the basic functions for the Hint in the widget Form","application.Samples.Form.HintOnFormTest","drillDown"
"The test gets the value from the style attribute in RGB format, and then converts it to Hex format","5900","A test to get the field color value in Hex format","","Mon Jul 07 00:05:01 GMT 2025","passed","Mon Jul 07 00:05:07 GMT 2025","","Form. Checking the basic functions for the Date in the widget Form","application.Samples.Form.DateOnFormTest","color"
"The Hint field type is always read-only","8130","A test to check the field for ""Read-only""","","Mon Jul 07 00:00:08 GMT 2025","passed","Mon Jul 07 00:00:17 GMT 2025","","Form. Checking the basic functions for the MultiValueHover in the widget Form","application.Samples.Form.MultiValueHoverOnFormTest","readonly"
"The test checks the list of options that the method returns, with the expected result.","10878","Test to get a list of options","","Sun Jul 06 23:44:46 GMT 2025","passed","Sun Jul 06 23:44:57 GMT 2025","","List. Checking the basic functions for the MultipleSelect in the widget List","application.Samples.List.MultipleSelectOnListTest","getListOptions"
"Filtering is not available for InfoWidget.","8698","Filtering test","","Sun Jul 06 23:34:16 GMT 2025","passed","Sun Jul 06 23:34:24 GMT 2025","","Info. Checking the basic functions for the Text","application.Samples.Info.TextOnInfoTest","filtration"
"Sorting by the specified column.","10529","Sorting test","","Sun Jul 06 23:51:35 GMT 2025","passed","Sun Jul 06 23:51:45 GMT 2025","","List. Checking the basic functions for the Money in the widget List","application.Samples.List.MoneyOnListTest","sorting"
"The test gets the value in the field, and then checks the value in the field with what should be.","0","A test for checking a value in a field","","Sun Jul 06 23:48:01 GMT 2025","skipped","Sun Jul 06 23:48:01 GMT 2025","","List. Checking the basic functions for the InlinePickList in the widget List","application.Samples.List.InlinePickListOnListTest","read"
"The test sets a value with the wrong data type in several fields for different widgets. After approval, it checks the text under the field, which informs about the correctness of the type of data entered","41778","Required Message validation test for multiple fields","","Sun Jul 06 23:50:27 GMT 2025","passed","Sun Jul 06 23:51:09 GMT 2025","","List. Checking the basic functions for the Input in the widget List","application.Samples.List.InputOnListTest","fieldLevelValidation"
"The test sets the value in the field. After approval, the popup window, the title, the text in it, and the buttons are validated","8258","Business Exception Validation Test","","Mon Jul 07 00:08:43 GMT 2025","passed","Mon Jul 07 00:08:51 GMT 2025","","Form. Checking the basic functions for the Money in the widget Form","application.Samples.Form.MoneyOnFormTest","businessException"
"Checking the url before the transition and after the transition/click on a special element","6768","The DrillDown test","","Sun Jul 06 23:56:14 GMT 2025","passed","Sun Jul 06 23:56:21 GMT 2025","","List. Checking the basic functions for the DateTimeWithSeconds in the widget List","application.Samples.List.DateTimeWithSecondsOnListTest","drillDown"
"The test checks for the disabled attribute.","6566","A test to check the field for ""Read-only""","","Sun Jul 06 23:49:10 GMT 2025","passed","Sun Jul 06 23:49:17 GMT 2025","","List. Checking the basic functions for the Input in the widget List","application.Samples.List.InputOnListTest","readonly"
"","9494","setValueGetValue()","","Sun Jul 06 23:38:20 GMT 2025","passed","Sun Jul 06 23:38:30 GMT 2025","","List. Checking the basic functions for the FileUpload in the widget List","application.Samples.List.FileUploadOnListTest","setValueGetValue"
"The test sets the value in the field. After approval, the popup window, the title, the text in it, and the buttons are validated","10173","Business Exception Validation Test","","Sun Jul 06 23:57:28 GMT 2025","passed","Sun Jul 06 23:57:39 GMT 2025","","Form. Checking the basic functions for the Percent in the widget Form","application.Samples.Form.PercentOnFormTest","businessException"
"The InfoWidget doesn't have a Placeholder.","6704","Test for getting the Placeholder value","","Sun Jul 06 23:35:39 GMT 2025","passed","Sun Jul 06 23:35:46 GMT 2025","","Info. Checking the basic functions for the DateTimeWithSeconds","application.Samples.Info.DateTimeWithSecondsOnInfoTest","placeholder"
"Sorting by the specified column.","17369","Sorting test","","Sun Jul 06 23:55:56 GMT 2025","passed","Sun Jul 06 23:56:14 GMT 2025","","List. Checking the basic functions for the DateTimeWithSeconds in the widget List","application.Samples.List.DateTimeWithSecondsOnListTest","sorting"
"The test gets the value in the field, and then checks the value in the field with what should be.","0","A test for checking a value in a field","","Sun Jul 06 23:47:36 GMT 2025","skipped","Sun Jul 06 23:47:36 GMT 2025","","List. Checking the basic functions for the Hint in the widget List","application.Samples.List.HintOnListTest","read"
"The test sets the value in the field. After approval, the popup window, the title, the text in it, and the buttons are validated","10839","Run-time exception validation test","","Mon Jul 07 00:02:38 GMT 2025","passed","Mon Jul 07 00:02:49 GMT 2025","","Form. Checking the basic functions for the Text in the widget Form","application.Samples.Form.TextOnFormTest","runtimeException"
"The test opens a modal window, clears the field, closes the window, and then checks the message under the field.","22691","Required Message text Verification field test","","Sun Jul 06 23:54:32 GMT 2025","passed","Sun Jul 06 23:54:54 GMT 2025","","List. Checking the basic functions for the MultiValue in the widget List","application.Samples.List.MultiValueOnListTest","required_2"
"The test sets the value to true in the field, and then checks the value in the field with what should be set.","10636","A test for setting a value in a field","","Sun Jul 06 23:52:50 GMT 2025","passed","Sun Jul 06 23:53:01 GMT 2025","","List. Checking the basic functions for the CheckBox","application.Samples.List.CheckBoxOnListTest","edit2"
"The test sets the value in the field. After approval, the popup window, the title, the text in it, and the buttons are validated.","10134","Run-time exception validation test","","Sun Jul 06 23:41:15 GMT 2025","passed","Sun Jul 06 23:41:25 GMT 2025","","List. Checking the basic functions for the Number in the widget List","application.Samples.List.NumberOnListTest","runtimeException"
"The test checks for the disabled attribute.","8026","A test to check the field for ""Read-only""","","Sun Jul 06 23:38:50 GMT 2025","passed","Sun Jul 06 23:38:58 GMT 2025","","List. Checking the basic functions for the Number in the widget List","application.Samples.List.NumberOnListTest","readonly"
"The test clears the field and clicks the Save button. Then validates the message that the field is required.","21248","Required Message text Verification field test","","Sun Jul 06 23:46:44 GMT 2025","passed","Sun Jul 06 23:47:06 GMT 2025","","List. Checking the basic functions for the InlinePickList in the widget List","application.Samples.List.InlinePickListOnListTest","required"
"DrillDown is not available for InfoWidget.","8182","The DrillDown test","","Sun Jul 06 23:35:10 GMT 2025","passed","Sun Jul 06 23:35:18 GMT 2025","","Info. Checking the basic functions for the MultiValueHover","application.Samples.Info.MultiValueHoverOnInfoTest","drillDown"
"The test clears the field and clicks the Save button. Then validates the message that the field is required","8540","Required Message text Verification field test","","Sun Jul 06 23:59:55 GMT 2025","passed","Mon Jul 07 00:00:04 GMT 2025","","Form. Checking the basic functions for the PickList in the widget Form","application.Samples.Form.PickListOnFormTest","required"
"The test gets the value from the placeholder attribute and returns it in String format","5508","Test for getting the Placeholder value","","Mon Jul 07 00:08:43 GMT 2025","passed","Mon Jul 07 00:08:48 GMT 2025","","Form. Checking the basic functions for the Input in the widget Form","application.Samples.Form.InputOnFormTest","placeholder"
"Sorting is not available for the Form widget","5436","Sorting test","","Mon Jul 07 00:07:42 GMT 2025","passed","Mon Jul 07 00:07:47 GMT 2025","","Form. Checking the basic functions for the Input in the widget Form","application.Samples.Form.InputOnFormTest","sorting"
"The test gets the value from the placeholder attribute and returns it in String format","6817","Test for getting the Placeholder value","","Mon Jul 07 00:01:19 GMT 2025","passed","Mon Jul 07 00:01:26 GMT 2025","","Form. Checking the basic functions for the NumberDigits in the widget Form","application.Samples.Form.NumberDigitsOnFormTest","placeholder"
"The test gets the value from the placeholder attribute and returns it in String format","8863","Test for getting the Placeholder value","","Sun Jul 06 23:46:09 GMT 2025","passed","Sun Jul 06 23:46:17 GMT 2025","","List. Checking the basic functions for the MultipleSelect in the widget List","application.Samples.List.MultipleSelectOnListTest","placeholder"
"The test sets the value in the field. After approval, the popup window, the title, the text in it, and the buttons are validated.","10934","Run-time exception validation test","","Sun Jul 06 23:56:06 GMT 2025","passed","Sun Jul 06 23:56:17 GMT 2025","","List. Checking the basic functions for the Dictionary in the widget List","application.Samples.List.DictionaryOnListTest","runtimeException"
"The test sets the value, after which the method returns the full list of value-status","9905","Test to get all values with the status","","Mon Jul 07 00:05:38 GMT 2025","passed","Mon Jul 07 00:05:48 GMT 2025","","Form. Checking the basic functions for the Radio in the widget Form","application.Samples.Form.RadioOnFormTest","getValues"
"DrillDown is not available for InfoWidget.","8168","The DrillDown test","","Sun Jul 06 23:38:13 GMT 2025","passed","Sun Jul 06 23:38:21 GMT 2025","","Info. Checking the basic functions for the Money","application.Samples.Info.MoneyOnInfoTest","drillDown"
"The test checks for the disabled attribute","6653","A test to check the field for ""Read-only""","","Mon Jul 07 00:01:23 GMT 2025","passed","Mon Jul 07 00:01:30 GMT 2025","","Form. Checking the basic functions for the Number in the widget Form","application.Samples.Form.NumberOnFormTest","readonly"
"The test sets the value with the wrong data type in the field. After approval, it checks the text under the field, which informs about the correctness of the type of data entered","8199","Required Message validation test for one field","","Mon Jul 07 00:08:26 GMT 2025","passed","Mon Jul 07 00:08:35 GMT 2025","","Form. Checking the basic functions for the Money in the widget Form","application.Samples.Form.MoneyOnFormTest","fieldLevelValidationAnnotation"
"The test gets the value from the style attribute in RGB format, and then converts it to Hex format","5584","A test to get the field color value in Hex format","","Sun Jul 06 23:34:59 GMT 2025","passed","Sun Jul 06 23:35:04 GMT 2025","","Info. Checking the basic functions for the Input","application.Samples.Info.InputOnInfoTest","color"
"Checking the url before the transition and after the transition/click on a special element","11563","The DrillDown test","","Sun Jul 06 23:45:38 GMT 2025","passed","Sun Jul 06 23:45:50 GMT 2025","","List. Checking the basic functions for the InlinePickList in the widget List","application.Samples.List.InlinePickListOnListTest","drillDown"
"The InfoWidget doesn't have a Placeholder.","6329","Test for getting the Placeholder value","","Sun Jul 06 23:37:03 GMT 2025","passed","Sun Jul 06 23:37:09 GMT 2025","","Info. Checking the basic functions for the Date","application.Samples.Info.DateOnInfoTest","placeholder"
"The test clears the field and clicks the Save button. Then validates the message that the field is required.","17835","Required Message text Verification field test","","Sun Jul 06 23:42:36 GMT 2025","passed","Sun Jul 06 23:42:54 GMT 2025","","List. Checking the basic functions for the DateTime in the widget List","application.Samples.List.DateTimeOnListTest","required"
