"DESCRIPTION","DURATION IN MS","NAME","PARENT SUITE","START TIME","STATUS","STOP TIME","SUB SUITE","SUITE","TEST CLASS","TEST METHOD"
"Filtering is not available for InfoWidget.","7521","Filtering test","","Tue Nov 25 13:37:53 UTC 2025","passed","Tue Nov 25 13:38:01 UTC 2025","","Info. Checking the basic functions for the DateTime","application.Samples.Info.DateTimeOnInfoTest","filtration"
"Filtering is not available for InfoWidget.","10848","Filtering test","","Tue Nov 25 13:35:49 UTC 2025","passed","Tue Nov 25 13:36:00 UTC 2025","","Info. Checking the basic functions for the Dictionary","application.Samples.Info.DictionaryOnInfoTest","filtration"
"The test sets the value in the field, and then checks the value in the field with what should be set","9285","A test for setting a value in a field","","Tue Nov 25 13:55:23 UTC 2025","passed","Tue Nov 25 13:55:33 UTC 2025","","Form. Checking the basic functions for the FileUpload in the widget Form","application.Samples.Form.FileUploadOnFormTest","edit"
"The test sets the value with the wrong data type in the field. After approval, it checks the text under the field, which informs about the correctness of the type of data entered","11246","Required Message validation test for one field","","Tue Nov 25 13:45:49 UTC 2025","passed","Tue Nov 25 13:46:00 UTC 2025","","Form. Checking the basic functions for the CheckBox","application.Samples.Form.CheckBoxOnFormTest","fieldLevelValidationAnnotation"
"The test checks for the disabled attribute","8598","A test to check the field for ""Read-only""","","Tue Nov 25 13:42:56 UTC 2025","passed","Tue Nov 25 13:43:05 UTC 2025","","Form. Checking the basic functions for the Money in the widget Form","application.Samples.Form.MoneyOnFormTest","readonly"
"The test sets the value with the wrong data type in the field. After approval, it checks the text under the field, which informs about the correctness of the type of data entered.","14309","Required Message validation test for one field","","Tue Nov 25 13:19:40 UTC 2025","passed","Tue Nov 25 13:19:54 UTC 2025","","List. Checking the basic functions for the CheckBox","application.Samples.List.CheckBoxOnListTest","fieldLevelValidationAnnotation"
"The Hint field type is always read-only","10260","A test to check the field for ""Read-only""","","Tue Nov 25 13:54:20 UTC 2025","passed","Tue Nov 25 13:54:30 UTC 2025","","Form. Checking the basic functions for the MultiValueHover in the widget Form","application.Samples.Form.MultiValueHoverOnFormTest","readonly"
"The test checks for the disabled attribute.","10644","A test to check the field for ""Read-only""","","Tue Nov 25 13:15:48 UTC 2025","passed","Tue Nov 25 13:15:59 UTC 2025","","List. Checking the basic functions for the MultipleSelect in the widget List","application.Samples.List.MultipleSelectOnListTest","readonly"
"The test gets the value from the placeholder attribute and returns it in String format","10667","Test for getting the Placeholder value","","Tue Nov 25 13:46:45 UTC 2025","passed","Tue Nov 25 13:46:55 UTC 2025","","Form. Checking the basic functions for the CheckBox","application.Samples.Form.CheckBoxOnFormTest","placeholder"
"Sorting is not available for the Form widget","11601","Sorting test","","Tue Nov 25 13:44:39 UTC 2025","passed","Tue Nov 25 13:44:51 UTC 2025","","Form. Checking the basic functions for the InlinePickList in the widget Form","application.Samples.Form.InlinePickListOnFormTest","sorting"
"Test click ""Export"" and check the file for standards.","11830","Test export button","","Tue Nov 25 13:42:10 UTC 2025","passed","Tue Nov 25 13:42:22 UTC 2025","","Checking the basic functions for the Dictionary administration panel","application.Samples.DictionaryAdministrationTest","testExprotFile"
"The Hint field type is always read-only","10580","A test to check the field for ""Read-only""","","Tue Nov 25 13:21:47 UTC 2025","passed","Tue Nov 25 13:21:58 UTC 2025","","List. Checking the basic functions for the MultiValueHover in the widget List","application.Samples.List.MultiValueHoverOnListTest","readonly"
"Checking the url before the transition and after the transition/click on a special element","13695","The DrillDown test","","Tue Nov 25 13:09:18 UTC 2025","passed","Tue Nov 25 13:09:32 UTC 2025","","List. Checking the basic functions for the Radio in the widget List","application.Samples.List.RadioOnListTest","drillDown"
"Sorting by the specified column.","21214","Sorting test","","Tue Nov 25 13:22:32 UTC 2025","passed","Tue Nov 25 13:22:53 UTC 2025","","List. Checking the basic functions for the DateTimeWithSeconds in the widget List","application.Samples.List.DateTimeWithSecondsOnListTest","sorting"
"The test checks for the disabled attribute","8958","A test to check the field for ""Read-only""","","Tue Nov 25 13:54:45 UTC 2025","passed","Tue Nov 25 13:54:54 UTC 2025","","Form. Checking the basic functions for the FileUpload in the widget Form","application.Samples.Form.FileUploadOnFormTest","readonly"
"The test sets the value with the wrong data type in the field. After approval, it checks the text under the field, which informs about the correctness of the type of data entered.","21464","Required Message validation test for one field","","Tue Nov 25 13:12:36 UTC 2025","passed","Tue Nov 25 13:12:57 UTC 2025","","List. Checking the basic functions for the Number in the widget List","application.Samples.List.NumberOnListTest","fieldLevelValidationAnnotation"
"The test sets the value in the field. After approval, by clicking on the save button, the popup window, the title, the text in it, and the buttons are validated.","13352","Confirmation Popup Validation Test","","Tue Nov 25 13:11:44 UTC 2025","passed","Tue Nov 25 13:11:58 UTC 2025","","List. Checking the basic functions for the Radio in the widget List","application.Samples.List.RadioOnListTest","confirm"
"The test sets the value in the field. After approval, by clicking on the save button, the popup window, the title, the text in it, and the buttons are validated","10229","Confirmation Popup Validation Test","","Tue Nov 25 13:46:41 UTC 2025","passed","Tue Nov 25 13:46:52 UTC 2025","","Form. Checking the basic functions for the DateTimeWithSeconds in the widget Form","application.Samples.Form.DateTimeWithSecondsOnFormTest","confirm"
"The InfoWidget doesn't have a Placeholder..","9410","Test for getting the Placeholder value","","Tue Nov 25 13:39:26 UTC 2025","passed","Tue Nov 25 13:39:36 UTC 2025","","Info. Checking the basic functions for the MultiValue","application.Samples.Info.MultiValueOnInfoTest","placeholder"
"The test clears the field and clicks the Save button. Then validates the message that the field is required","13049","Required Message text Verification field test","","Tue Nov 25 13:55:25 UTC 2025","passed","Tue Nov 25 13:55:38 UTC 2025","","Form. Checking the basic functions for the Time","application.Samples.Form.TimeOnFormTest","required"
"The test sets the value with the wrong data type in the field. After approval, it checks the text under the field, which informs about the correctness of the type of data entered.","23207","Required Message validation test for one field","","Tue Nov 25 13:27:50 UTC 2025","passed","Tue Nov 25 13:28:13 UTC 2025","","List. Checking the basic functions for the PickList in the widget List","application.Samples.List.PickListOnListTest","fieldLevelValidationAnnotation"
"InfoWidget does not have a Hex field color for this type.","9065","A test to get the field color value in Hex format","","Tue Nov 25 13:38:45 UTC 2025","passed","Tue Nov 25 13:38:54 UTC 2025","","Info. Checking the basic functions for the MultiplySelect","application.Samples.Info.MultipleSelectOnInfoTest","color"
"The test checks the downloaded file with the template file that is contained in the resources","10324","A test to compare the downloaded file with the template","","Tue Nov 25 13:25:27 UTC 2025","passed","Tue Nov 25 13:25:37 UTC 2025","","List. Checking the basic functions for the FileUpload in the widget List","application.Samples.List.FileUploadOnListTest","compare"
"DrillDown is not available for InfoWidget.","11690","The DrillDown test","","Tue Nov 25 13:35:38 UTC 2025","passed","Tue Nov 25 13:35:49 UTC 2025","","Info. Checking the basic functions for the Dictionary","application.Samples.Info.DictionaryOnInfoTest","drillDown"
"The test gets the value from the style attribute in RGB format, and then converts it to Hex format","7654","A test to get the field color value in Hex format","","Tue Nov 25 13:55:41 UTC 2025","passed","Tue Nov 25 13:55:48 UTC 2025","","Form. Checking the basic functions for the FileUpload in the widget Form","application.Samples.Form.FileUploadOnFormTest","color"
"","7744","The test for getting the value from the field","","Tue Nov 25 13:39:38 UTC 2025","passed","Tue Nov 25 13:39:46 UTC 2025","","Info. Checking the basic functions for the DateTimeWithSeconds","application.Samples.Info.DateTimeWithSecondsOnInfoTest","read"
"The test gets the value in the field, and then checks the value in the field with what should be.","0","A test for checking a value in a field","","Tue Nov 25 13:22:09 UTC 2025","skipped","Tue Nov 25 13:22:09 UTC 2025","","List. Checking the basic functions for the MultiValueHover in the widget List","application.Samples.List.MultiValueHoverOnListTest","read"
"The test sets the value in the field. After approval, by clicking on the save button, the popup window, the title, the text in it, and the buttons are validated","10852","Confirmation Popup Validation Test","","Tue Nov 25 13:48:58 UTC 2025","passed","Tue Nov 25 13:49:09 UTC 2025","","Form. Checking the basic functions for the Radio in the widget Form","application.Samples.Form.RadioOnFormTest","confirm"
"The test gets the value from the style attribute in RGB format, and then converts it to Hex format","10025","A test to get the field color value in Hex format","","Tue Nov 25 13:16:08 UTC 2025","passed","Tue Nov 25 13:16:18 UTC 2025","","List. Checking the basic functions for the Money in the widget List","application.Samples.List.MoneyOnListTest","color"
"The test gets the value from the style attribute in RGB format, and then converts it to Hex format","8250","A test to get the field color value in Hex format","","Tue Nov 25 13:51:13 UTC 2025","passed","Tue Nov 25 13:51:21 UTC 2025","","Form. Checking the basic functions for the NumberDigits in the widget Form","application.Samples.Form.NumberDigitsOnFormTest","color"
"The test calls Popup, the method returns a list with column headings","9219","The test for getting column headings","","Tue Nov 25 13:51:10 UTC 2025","passed","Tue Nov 25 13:51:19 UTC 2025","","Form. Checking the basic functions for the PickList in the widget Form","application.Samples.Form.PickListOnFormTest","getColumnName"
"The test sets a value with the wrong data type in several fields for different widgets. After approval, it checks the text under the field, which informs about the correctness of the type of data entered","12838","Required Message validation test for multiple fields","","Tue Nov 25 13:47:08 UTC 2025","passed","Tue Nov 25 13:47:21 UTC 2025","","Form. Checking the basic functions for the CheckBox","application.Samples.Form.CheckBoxOnFormTest","fieldLevelValidation"
"The test checks the value in the field with what should be set","12456","A test to read value","","Tue Nov 25 13:37:11 UTC 2025","passed","Tue Nov 25 13:37:24 UTC 2025","","Info. Checking the basic functions for the Time","application.Samples.Info.TimeOnInfoTest","read"
"The test sets a value with the wrong data type in several fields for different widgets. After approval, it checks the text under the field, which informs about the correctness of the type of data entered","67430","Required Message validation test for multiple fields","","Tue Nov 25 13:29:55 UTC 2025","passed","Tue Nov 25 13:31:02 UTC 2025","","List. Checking the basic functions for the Date in the widget List","application.Samples.List.DateOnListTest","fieldLevelValidation"
"Filtering is not available for InfoWidget.","9152","Filtering test","","Tue Nov 25 13:35:54 UTC 2025","passed","Tue Nov 25 13:36:03 UTC 2025","","Info. Checking the basic functions for the Money","application.Samples.Info.MoneyOnInfoTest","filtration"
"The test sets the value in the field. After approval, the popup window, the title, the text in it, and the buttons are validated","9955","Run-time exception validation test","","Tue Nov 25 13:45:05 UTC 2025","passed","Tue Nov 25 13:45:15 UTC 2025","","Form. Checking the basic functions for the Date in the widget Form","application.Samples.Form.DateOnFormTest","runtimeException"
"The test sets the value in the field. After approval, the popup window, the title, the text in it, and the buttons are validated","11791","Run-time exception validation test","","Tue Nov 25 13:54:07 UTC 2025","passed","Tue Nov 25 13:54:19 UTC 2025","","Form. Checking the basic functions for the Percent in the widget Form","application.Samples.Form.PercentOnFormTest","runtimeException"
"Checking the url before the transition and after the transition/click on a special element","11659","The DrillDown test","","Tue Nov 25 13:44:51 UTC 2025","passed","Tue Nov 25 13:45:02 UTC 2025","","Form. Checking the basic functions for the InlinePickList in the widget Form","application.Samples.Form.InlinePickListOnFormTest","drillDown"
"Checking the url before the transition and after the transition/click on a special element","10557","The DrillDown test","","Tue Nov 25 13:26:37 UTC 2025","passed","Tue Nov 25 13:26:48 UTC 2025","","List. Checking the basic functions for the PickList in the widget List","application.Samples.List.PickListOnListTest","drillDown"
"The test sets a value with the wrong data type in several fields for different widgets. After approval, it checks the text under the field, which informs about the correctness of the type of data entered","66720","Required Message validation test for multiple fields","","Tue Nov 25 13:34:19 UTC 2025","passed","Tue Nov 25 13:35:26 UTC 2025","","List. Checking the basic functions for the DateTime in the widget List","application.Samples.List.DateTimeOnListTest","fieldLevelValidation"
"Checking the url before the transition and after the transition/click on a special element","14292","The DrillDown test","","Tue Nov 25 13:09:24 UTC 2025","passed","Tue Nov 25 13:09:39 UTC 2025","","List. Checking the basic functions for the SuggestionPickList in the widget List","application.Samples.List.SuggestionPickListOnListTest","drillDown"
"The test sets the value with the wrong data type in the field. After approval, it checks the text under the field, which informs about the correctness of the type of data entered.","8980","Required Message validation test for one field","","Tue Nov 25 13:51:35 UTC 2025","passed","Tue Nov 25 13:51:44 UTC 2025","","Form. Checking the basic functions for the MultiValue in the widget Form","application.Samples.Form.MultiValueOnFormTest","fieldLevelValidationAnnotation"
"","6370","The test for getting the value from the field","","Tue Nov 25 13:38:08 UTC 2025","passed","Tue Nov 25 13:38:14 UTC 2025","","Info. Checking the basic functions for the DateTime","application.Samples.Info.DateTimeOnInfoTest","read"
"The test sets the value in the field, and then checks the value in the field with what should be set","8938","A test for setting a value in a field","","Tue Nov 25 13:42:08 UTC 2025","passed","Tue Nov 25 13:42:17 UTC 2025","","Form. Checking the basic functions for the Number in the widget Form","application.Samples.Form.NumberOnFormTest","edit"
"Checking the url before the transition and after the transition/click on a special element","10118","The DrillDown test","","Tue Nov 25 13:23:20 UTC 2025","passed","Tue Nov 25 13:23:30 UTC 2025","","List. Checking the basic functions for the FileUpload in the widget List","application.Samples.List.FileUploadOnListTest","drillDown"
"The test clears the field and clicks the Save button. Then validates the message that the field is required.","25935","Required Message text Verification field test","","Tue Nov 25 13:27:09 UTC 2025","passed","Tue Nov 25 13:27:35 UTC 2025","","List. Checking the basic functions for the InlinePickList in the widget List","application.Samples.List.InlinePickListOnListTest","required"
"The test checks for the disabled attribute.","10502","A test to check the field for ""Read-only""","","Tue Nov 25 13:18:18 UTC 2025","passed","Tue Nov 25 13:18:28 UTC 2025","","List. Checking the basic functions for the MultiValue in the widget List","application.Samples.List.MultiValueOnListTest","readonly"
"The test clears the field and clicks the Save button. Then validates the message that the field is required","10394","Required Message text Verification field test","","Tue Nov 25 13:47:52 UTC 2025","passed","Tue Nov 25 13:48:03 UTC 2025","","Form. Checking the basic functions for the Radio in the widget Form","application.Samples.Form.RadioOnFormTest","required"
"The test sets the value in the field. After approval, by clicking on the save button, the popup window, the title, the text in it, and the buttons are validated.","23534","Confirmation Popup Validation Test","","Tue Nov 25 13:29:52 UTC 2025","passed","Tue Nov 25 13:30:15 UTC 2025","","List. Checking the basic functions for the PickList in the widget List","application.Samples.List.PickListOnListTest","confirm"
"The test sets the value in the field. After approval, by clicking on the save button, the popup window, the title, the text in it, and the buttons are validated.","24787","Confirmation Popup Validation Test","","Tue Nov 25 13:13:14 UTC 2025","passed","Tue Nov 25 13:13:39 UTC 2025","","List. Checking the basic functions for the Percent in the widget List","application.Samples.List.PercentOnListTest","confirm"
"The test sets the value in the field. After approval, the popup window, the title, the text in it, and the buttons are validated.","22360","Run-time exception validation test","","Tue Nov 25 13:30:41 UTC 2025","passed","Tue Nov 25 13:31:03 UTC 2025","","List. Checking the basic functions for the PickList in the widget List","application.Samples.List.PickListOnListTest","runtimeException"
"The test gets the value from the placeholder attribute and returns it in String format","9094","Test for getting the Placeholder value","","Tue Nov 25 13:55:48 UTC 2025","passed","Tue Nov 25 13:55:57 UTC 2025","","Form. Checking the basic functions for the FileUpload in the widget Form","application.Samples.Form.FileUploadOnFormTest","placeholder"
"Sorting is not available for InfoWidget.","7907","Sorting test","","Tue Nov 25 13:33:28 UTC 2025","passed","Tue Nov 25 13:33:36 UTC 2025","","Info. Checking the basic functions for the Input","application.Samples.Info.InputOnInfoTest","sorting"
"Filtering by the specified column.","12233","Filtering test","","Tue Nov 25 13:30:43 UTC 2025","passed","Tue Nov 25 13:30:55 UTC 2025","","List. Checking the basic functions for the Dictionary in the widget List","application.Samples.List.DictionaryOnListTest","filtration"
"Info Widget is always read-only","8164","A test to check the field for ""Read-only""","","Tue Nov 25 13:38:28 UTC 2025","passed","Tue Nov 25 13:38:36 UTC 2025","","Info. Checking the basic functions for the MultiplySelect","application.Samples.Info.MultipleSelectOnInfoTest","readonly"
"The test clears the field and clicks the Save button. Then validates the message that the field is required.","24192","Required Message text Verification field test","","Tue Nov 25 13:11:30 UTC 2025","passed","Tue Nov 25 13:11:55 UTC 2025","","List. Checking the basic functions for the Percent in the widget List","application.Samples.List.PercentOnListTest","required"
"Filtering is not available for InfoWidget.","9058","Filtering test","","Tue Nov 25 13:34:03 UTC 2025","passed","Tue Nov 25 13:34:12 UTC 2025","","Info. Checking the basic functions for the MultiValueHover","application.Samples.Info.MultiValueHoverOnInfoTest","filtration"
"The test sets the value with the wrong data type in the field. After approval, it checks the text under the field, which informs about the correctness of the type of data entered.","31948","Required Message validation test for one field","","Tue Nov 25 13:31:52 UTC 2025","passed","Tue Nov 25 13:32:23 UTC 2025","","List. Checking the basic functions for the DateTime in the widget List","application.Samples.List.DateTimeOnListTest","fieldLevelValidationAnnotation"
"Checking the url before the transition and after the transition/click on a special element","7103","The DrillDown test","","Tue Nov 25 13:48:18 UTC 2025","passed","Tue Nov 25 13:48:25 UTC 2025","","Form. Checking the basic functions for the Input in the widget Form","application.Samples.Form.InputOnFormTest","drillDown"
"Info Widget is always read-only","8898","A test to check the field for ""Read-only""","","Tue Nov 25 13:36:03 UTC 2025","passed","Tue Nov 25 13:36:12 UTC 2025","","Info. Checking the basic functions for the Money","application.Samples.Info.MoneyOnInfoTest","readonly"
"The test sets the value in the field. After approval, the popup window, the title, the text in it, and the buttons are validated","10439","Business Exception Validation Test","","Tue Nov 25 13:46:07 UTC 2025","passed","Tue Nov 25 13:46:17 UTC 2025","","Form. Checking the basic functions for the DateTimeWithSeconds in the widget Form","application.Samples.Form.DateTimeWithSecondsOnFormTest","businessException"
"Info Widget is always read-only","8110","A test to check the field for ""Read-only""","","Tue Nov 25 13:39:30 UTC 2025","passed","Tue Nov 25 13:39:38 UTC 2025","","Info. Checking the basic functions for the DateTimeWithSeconds","application.Samples.Info.DateTimeWithSecondsOnInfoTest","readonly"
"The InfoWidget doesn't have a Placeholder.","7827","Test for getting the Placeholder value","","Tue Nov 25 13:39:43 UTC 2025","passed","Tue Nov 25 13:39:51 UTC 2025","","Info. Checking the basic functions for the Number","application.Samples.Info.NumberOnInfoTest","placeholder"
"","10114","Test to get the name of the downloaded file","","Tue Nov 25 13:33:34 UTC 2025","passed","Tue Nov 25 13:33:44 UTC 2025","","Info. Checking the basic functions for the FileUp","application.Samples.Info.FileUploadOnInfoTest","getFileName"
"Checking the url before the transition and after the transition/click on a special element","8900","The DrillDown test","","Tue Nov 25 13:49:40 UTC 2025","passed","Tue Nov 25 13:49:49 UTC 2025","","Form. Checking the basic functions for the PickList in the widget Form","application.Samples.Form.PickListOnFormTest","drillDown"
"DrillDown is not available for InfoWidget.","8769","The DrillDown test","","Tue Nov 25 13:32:25 UTC 2025","passed","Tue Nov 25 13:32:34 UTC 2025","","Info. Checking the basic functions for the FileUp","application.Samples.Info.FileUploadOnInfoTest","drillDown"
"The test sets the value with the wrong data type in the field. After approval, it checks the text under the field, which informs about the correctness of the type of data entered","9821","Required Message validation test for one field","","Tue Nov 25 13:41:38 UTC 2025","passed","Tue Nov 25 13:41:48 UTC 2025","","Form. Checking the basic functions for the Number in the widget Form","application.Samples.Form.NumberOnFormTest","fieldLevelValidationAnnotation"
"The test clear the value in the field , and then checks the value in the field, it must be null.","9806","A test for checking the possibility of an empty field","","Tue Nov 25 13:11:51 UTC 2025","passed","Tue Nov 25 13:12:01 UTC 2025","","List. Checking the basic functions for the Number in the widget List","application.Samples.List.NumberOnListTest","nullable"
"The test sets the value in the field. After approval, the popup window, the title, the text in it, and the buttons are validated","9929","Business Exception Validation Test","","Tue Nov 25 13:43:24 UTC 2025","passed","Tue Nov 25 13:43:34 UTC 2025","","Form. Checking the basic functions for the Money in the widget Form","application.Samples.Form.MoneyOnFormTest","businessException"
"The test adds a value after removing all previous values.","11628","Value setting test with field clearing","","Tue Nov 25 13:54:09 UTC 2025","passed","Tue Nov 25 13:54:20 UTC 2025","","Form. Checking the basic functions for the MultipleSelect in the widget Form","application.Samples.Form.MultipleSelectOnFormTest","setValue"
"The test sets the value in the field, and then checks the value in the field with what should be set. Предварительной очистки поля нет","12415","A test for setting a value in a field","","Tue Nov 25 13:53:17 UTC 2025","passed","Tue Nov 25 13:53:30 UTC 2025","","Form. Checking the basic functions for the MultipleSelect in the widget Form","application.Samples.Form.MultipleSelectOnFormTest","edit"
"The test gets the value in the field, and then checks the value in the field with what should be.","0","A test for checking a value in a field","","Tue Nov 25 13:16:46 UTC 2025","skipped","Tue Nov 25 13:16:46 UTC 2025","","List. Checking the basic functions for the MultipleSelect in the widget List","application.Samples.List.MultipleSelectOnListTest","read"
"Sorting is not available for the Form widget","8559","Sorting test","","Tue Nov 25 13:49:32 UTC 2025","passed","Tue Nov 25 13:49:40 UTC 2025","","Form. Checking the basic functions for the PickList in the widget Form","application.Samples.Form.PickListOnFormTest","sorting"
"The test sets the value in the field. After approval, by clicking on the save button, the popup window, the title, the text in it, and the buttons are validated","8986","Confirmation Popup Validation Test","","Tue Nov 25 13:56:07 UTC 2025","passed","Tue Nov 25 13:56:16 UTC 2025","","Form. Checking the basic functions for the FileUpload in the widget Form","application.Samples.Form.FileUploadOnFormTest","confirm"
"The InfoWidget doesn't have a Placeholder.","8161","Test for getting the Placeholder value","","Tue Nov 25 13:33:16 UTC 2025","passed","Tue Nov 25 13:33:24 UTC 2025","","Info. Checking the basic functions for the FileUp","application.Samples.Info.FileUploadOnInfoTest","placeholder"
"The test clears the field and clicks the Save button. Then validates the message that the field is required.","25281","Required Message text Verification field test","","Tue Nov 25 13:20:44 UTC 2025","passed","Tue Nov 25 13:21:10 UTC 2025","","List. Checking the basic functions for the Time","application.Samples.List.TimeOnListTest","required"
"The test checks for the disabled attribute","7317","A test to check the field for ""Read-only""","","Tue Nov 25 13:48:33 UTC 2025","passed","Tue Nov 25 13:48:40 UTC 2025","","Form. Checking the basic functions for the Input in the widget Form","application.Samples.Form.InputOnFormTest","readonly"
"The test sets the value in the field. After approval, by clicking on the save button, the popup window, the title, the text in it, and the buttons are validated","13527","Confirmation Popup Validation Test","","Tue Nov 25 13:46:55 UTC 2025","passed","Tue Nov 25 13:47:09 UTC 2025","","Form. Checking the basic functions for the InlinePickList in the widget Form","application.Samples.Form.InlinePickListOnFormTest","confirm"
"The test sets the value in the field. After approval, the popup window, the title, the text in it, and the buttons are validated","9470","Run-time exception validation test","","Tue Nov 25 13:44:29 UTC 2025","passed","Tue Nov 25 13:44:39 UTC 2025","","Form. Checking the basic functions for the Money in the widget Form","application.Samples.Form.MoneyOnFormTest","runtimeException"
"The test gets the value from the style attribute in RGB format, and then converts it to Hex format","11498","A test to get the field color value in Hex format","","Tue Nov 25 13:20:20 UTC 2025","passed","Tue Nov 25 13:20:32 UTC 2025","","List. Checking the basic functions for the CheckBox","application.Samples.List.CheckBoxOnListTest","color"
"The test sets the value in the field. After approval, the popup window, the title, the text in it, and the buttons are validated.","12275","Business Exception Validation Test","","Tue Nov 25 13:23:32 UTC 2025","passed","Tue Nov 25 13:23:44 UTC 2025","","List. Checking the basic functions for the Text in the widget List","application.Samples.List.TextOnListTest","businessException"
"The test clears the field and clicks the Save button. Then validates the message that the field is required","9283","Required Message text Verification field test","","Tue Nov 25 13:48:49 UTC 2025","passed","Tue Nov 25 13:48:58 UTC 2025","","Form. Checking the basic functions for the Input in the widget Form","application.Samples.Form.InputOnFormTest","required"
"The test sets a value with the wrong data type in several fields for different widgets. After approval, it checks the text under the field, which informs about the correctness of the type of data entered","12524","Required Message validation test for multiple fields","","Tue Nov 25 13:44:52 UTC 2025","passed","Tue Nov 25 13:45:05 UTC 2025","","Form. Checking the basic functions for the Date in the widget Form","application.Samples.Form.DateOnFormTest","fieldLevelValidation"
"The test gets the value from the placeholder attribute and returns it in String format","12116","Test for getting the Placeholder value","","Tue Nov 25 13:32:31 UTC 2025","passed","Tue Nov 25 13:32:43 UTC 2025","","List. Checking the basic functions for the Dictionary in the widget List","application.Samples.List.DictionaryOnListTest","placeholder"
"The test sets the value in the field. After approval, the popup window, the title, the text in it, and the buttons are validated","13028","Run-time exception validation test","","Tue Nov 25 13:56:26 UTC 2025","passed","Tue Nov 25 13:56:39 UTC 2025","","Form. Checking the basic functions for the FileUpload in the widget Form","application.Samples.Form.FileUploadOnFormTest","runtimeException"
"The test sets the value in the field, and then checks the value in the field with what should be set","25333","A test for setting a value in a field","","Tue Nov 25 13:22:14 UTC 2025","passed","Tue Nov 25 13:22:40 UTC 2025","","List. Checking the basic functions for the Time","application.Samples.List.TimeOnListTest","edit3"
"The test checks for the disabled attribute.","10543","A test to check the field for ""Read-only""","","Tue Nov 25 13:27:40 UTC 2025","passed","Tue Nov 25 13:27:50 UTC 2025","","List. Checking the basic functions for the PickList in the widget List","application.Samples.List.PickListOnListTest","readonly"
"The test sets the value in the field. After approval, the popup window, the title, the text in it, and the buttons are validated","11849","Run-time exception validation test","","Tue Nov 25 13:47:21 UTC 2025","passed","Tue Nov 25 13:47:32 UTC 2025","","Form. Checking the basic functions for the CheckBox","application.Samples.Form.CheckBoxOnFormTest","runtimeException"
"The test sets the value in the field, and then checks the value in the field with what should be set","9090","A test for setting a value in a field","","Tue Nov 25 13:43:34 UTC 2025","passed","Tue Nov 25 13:43:43 UTC 2025","","Form. Checking the basic functions for the Money in the widget Form","application.Samples.Form.MoneyOnFormTest","edit"
"The test sets the value in the field, and then checks the value in the field with what should be set.","31785","A test for setting a value in a field","","Tue Nov 25 13:33:06 UTC 2025","passed","Tue Nov 25 13:33:38 UTC 2025","","List. Checking the basic functions for the DateTime in the widget List","application.Samples.List.DateTimeOnListTest","edit"
"Filtering is not available for the Form widget","7678","Filtering test","","Tue Nov 25 13:55:05 UTC 2025","passed","Tue Nov 25 13:55:13 UTC 2025","","Form. Checking the basic functions for the Time","application.Samples.Form.TimeOnFormTest","filtration"
"DrillDown is not available for InfoWidget.","9503","The DrillDown test","","Tue Nov 25 13:33:53 UTC 2025","passed","Tue Nov 25 13:34:03 UTC 2025","","Info. Checking the basic functions for the MultiValueHover","application.Samples.Info.MultiValueHoverOnInfoTest","drillDown"
"The test gets the value from the style attribute in RGB format, and then converts it to Hex format","10667","A test to get the field color value in Hex format","","Tue Nov 25 13:37:49 UTC 2025","passed","Tue Nov 25 13:38:00 UTC 2025","","Info. Checking the basic functions for the Radio","application.Samples.Info.RadioOnInfoTest","color"
"The test gets the value from the style attribute in RGB format, and then converts it to Hex format","6643","A test to get the field color value in Hex format","","Tue Nov 25 13:46:26 UTC 2025","passed","Tue Nov 25 13:46:33 UTC 2025","","Form. Checking the basic functions for the DateTimeWithSeconds in the widget Form","application.Samples.Form.DateTimeWithSecondsOnFormTest","color"
"The test clears the field and clicks the Save button. Then validates the message that the field is required.","21604","Required Message text Verification field test","","Tue Nov 25 13:12:57 UTC 2025","passed","Tue Nov 25 13:13:19 UTC 2025","","List. Checking the basic functions for the Number in the widget List","application.Samples.List.NumberOnListTest","required"
"The test sets a value with the wrong data type in several fields for different widgets. After approval, it checks the text under the field, which informs about the correctness of the type of data entered","12960","Required Message validation test for multiple fields","","Tue Nov 25 13:53:54 UTC 2025","passed","Tue Nov 25 13:54:07 UTC 2025","","Form. Checking the basic functions for the Percent in the widget Form","application.Samples.Form.PercentOnFormTest","fieldLevelValidation"
"A test to get the value from the field. Hint is always read-only, so it is impossible to set the value.","8835","A test to check the value in a field","","Tue Nov 25 13:19:32 UTC 2025","passed","Tue Nov 25 13:19:41 UTC 2025","","List. Checking the basic functions for the Hint in the widget List","application.Samples.List.HintOnListTest","edit"
"The test gets the value from the style attribute in RGB format, and then converts it to Hex format","9794","A test to get the field color value in Hex format","","Tue Nov 25 13:24:38 UTC 2025","passed","Tue Nov 25 13:24:48 UTC 2025","","List. Checking the basic functions for the DateTimeWithSeconds in the widget List","application.Samples.List.DateTimeWithSecondsOnListTest","color"
"The test sets a value with the wrong data type in several fields for different widgets. After approval, it checks the text under the field, which informs about the correctness of the type of data entered","11773","Required Message validation test for multiple fields","","Tue Nov 25 13:49:09 UTC 2025","passed","Tue Nov 25 13:49:20 UTC 2025","","Form. Checking the basic functions for the Radio in the widget Form","application.Samples.Form.RadioOnFormTest","fieldLevelValidation"
"Filtering by the specified column.","12899","Filtering test","","Tue Nov 25 13:10:29 UTC 2025","passed","Tue Nov 25 13:10:42 UTC 2025","","List. Checking the basic functions for the Percent in the widget List","application.Samples.List.PercentOnListTest","filtration"
"Sorting by the specified column.","14020","Sorting test","","Tue Nov 25 13:22:55 UTC 2025","passed","Tue Nov 25 13:23:09 UTC 2025","","List. Checking the basic functions for the FileUpload in the widget List","application.Samples.List.FileUploadOnListTest","sorting"
"Checking the url before the transition and after the transition/click on a special element","11938","The DrillDown test","","Tue Nov 25 13:54:53 UTC 2025","passed","Tue Nov 25 13:55:05 UTC 2025","","Form. Checking the basic functions for the Time","application.Samples.Form.TimeOnFormTest","drillDown"
"Info Widget is always read-only","6586","A test to check the field for ""Read-only""","","Tue Nov 25 13:33:51 UTC 2025","passed","Tue Nov 25 13:33:57 UTC 2025","","Info. Checking the basic functions for the Input","application.Samples.Info.InputOnInfoTest","readonly"
"The test sets the value, after which the method returns the full list of value-status","23186","Test to get all values with the status","","Tue Nov 25 13:11:21 UTC 2025","passed","Tue Nov 25 13:11:44 UTC 2025","","List. Checking the basic functions for the Radio in the widget List","application.Samples.List.RadioOnListTest","getValues"
"The test sets the value in the field, and then checks the value in the field with what should be set","14018","A test for setting a value in a field","","Tue Nov 25 13:56:19 UTC 2025","passed","Tue Nov 25 13:56:33 UTC 2025","","Form. Checking the basic functions for the Time","application.Samples.Form.TimeOnFormTest","edit3"
"The test sets the value in the field. After approval, the popup window, the title, the text in it, and the buttons are validated.","9207","Business Exception Validation Test","","Tue Nov 25 13:16:29 UTC 2025","passed","Tue Nov 25 13:16:38 UTC 2025","","List. Checking the basic functions for the Input in the widget List","application.Samples.List.InputOnListTest","businessException"
"The test sets the value with the wrong data type in the field. After approval, it checks the text under the field, which informs about the correctness of the type of data entered","8699","Required Message validation test for one field","","Tue Nov 25 13:48:40 UTC 2025","passed","Tue Nov 25 13:48:49 UTC 2025","","Form. Checking the basic functions for the Input in the widget Form","application.Samples.Form.InputOnFormTest","fieldLevelValidationAnnotation"
"The test gets the value from the placeholder attribute and returns it in String format","8452","Test for getting the Placeholder value","","Tue Nov 25 13:51:21 UTC 2025","passed","Tue Nov 25 13:51:29 UTC 2025","","Form. Checking the basic functions for the NumberDigits in the widget Form","application.Samples.Form.NumberDigitsOnFormTest","placeholder"
"Filtering by the specified column.","11493","Filtering test","","Tue Nov 25 13:21:36 UTC 2025","passed","Tue Nov 25 13:21:47 UTC 2025","","List. Checking the basic functions for the MultiValueHover in the widget List","application.Samples.List.MultiValueHoverOnListTest","filtration"
"DrillDown is not available for InfoWidget.","9615","The DrillDown test","","Tue Nov 25 13:38:09 UTC 2025","passed","Tue Nov 25 13:38:18 UTC 2025","","Info. Checking the basic functions for the MultiplySelect","application.Samples.Info.MultipleSelectOnInfoTest","drillDown"
"The test sets a value with the wrong data type in several fields for different widgets. After approval, it checks the text under the field, which informs about the correctness of the type of data entered","10815","Required Message validation test for multiple fields","","Tue Nov 25 13:53:58 UTC 2025","passed","Tue Nov 25 13:54:09 UTC 2025","","Form. Checking the basic functions for the MultiValue in the widget Form","application.Samples.Form.MultiValueOnFormTest","fieldLevelValidation"
"The test sets the value in the field. After approval, the popup window, the title, the text in it, and the buttons are validated","10690","Run-time exception validation test","","Tue Nov 25 13:54:32 UTC 2025","passed","Tue Nov 25 13:54:43 UTC 2025","","Form. Checking the basic functions for the MultipleSelect in the widget Form","application.Samples.Form.MultipleSelectOnFormTest","runtimeException"
"","11668","The test for getting the value from the field","","Tue Nov 25 13:36:24 UTC 2025","passed","Tue Nov 25 13:36:35 UTC 2025","","Info. Checking the basic functions for the Dictionary","application.Samples.Info.DictionaryOnInfoTest","read"
"Filtering by the specified column.","7032","Filtering test","","Tue Nov 25 13:15:23 UTC 2025","passed","Tue Nov 25 13:15:30 UTC 2025","","List. Checking the basic functions for the Input in the widget List","application.Samples.List.InputOnListTest","filtration"
"Filtering is not available for the Form widget","7932","Filtering test","","Tue Nov 25 13:48:25 UTC 2025","passed","Tue Nov 25 13:48:33 UTC 2025","","Form. Checking the basic functions for the Input in the widget Form","application.Samples.Form.InputOnFormTest","filtration"
"The test clears the field and clicks the Save button. Then validates the message that the field is required","12162","Required Message text Verification field test","","Tue Nov 25 13:48:45 UTC 2025","passed","Tue Nov 25 13:48:57 UTC 2025","","Form. Checking the basic functions for the Dictionary in the widget Form","application.Samples.Form.DictionaryOnFormTest","required"
"Checking the url before the transition and after the transition/click on a special element","9042","The DrillDown test","","Tue Nov 25 13:50:19 UTC 2025","passed","Tue Nov 25 13:50:28 UTC 2025","","Form. Checking the basic functions for the MultiValue in the widget Form","application.Samples.Form.MultiValueOnFormTest","drillDown"
"Getting the field color is not available","7734","A test to get the field color value in Hex format","","Tue Nov 25 13:48:02 UTC 2025","passed","Tue Nov 25 13:48:10 UTC 2025","","Form. Checking the basic functions for the Hint in the widget Form","application.Samples.Form.HintOnFormTest","color"
"Filtering is not available for the Form widget","7542","Filtering test","","Tue Nov 25 13:43:22 UTC 2025","passed","Tue Nov 25 13:43:30 UTC 2025","","Form. Checking the basic functions for the Date in the widget Form","application.Samples.Form.DateOnFormTest","filtration"
"The test checks the list of options that the method returns, with the expected result.","12823","Test to get a list of options","","Tue Nov 25 13:15:25 UTC 2025","passed","Tue Nov 25 13:15:38 UTC 2025","","List. Checking the basic functions for the MultipleSelect in the widget List","application.Samples.List.MultipleSelectOnListTest","getListOptions"
"The test sets the value in the field via Popup using a unique id, and then checks the value in the field with what needs to be set.","21697","A test for setting a value in a field","","Tue Nov 25 13:28:58 UTC 2025","passed","Tue Nov 25 13:29:19 UTC 2025","","List. Checking the basic functions for the PickList in the widget List","application.Samples.List.PickListOnListTest","edit"
"Filtering by the specified column.","11042","Filtering test","","Tue Nov 25 13:26:09 UTC 2025","passed","Tue Nov 25 13:26:20 UTC 2025","","List. Checking the basic functions for the InlinePickList in the widget List","application.Samples.List.InlinePickListOnListTest","filtration"
"The InfoWidget doesn't have a Placeholder.","7921","Test for getting the Placeholder value","","Tue Nov 25 13:34:40 UTC 2025","passed","Tue Nov 25 13:34:47 UTC 2025","","Info. Checking the basic functions for the MultiValueHover","application.Samples.Info.MultiValueHoverOnInfoTest","placeholder"
"The test sets the value in the field. After approval, the popup window, the title, the text in it, and the buttons are validated.","10708","Business Exception Validation Test","","Tue Nov 25 13:16:23 UTC 2025","passed","Tue Nov 25 13:16:33 UTC 2025","","List. Checking the basic functions for the MultipleSelect in the widget List","application.Samples.List.MultipleSelectOnListTest","businessException"
"The test checks for the disabled attribute.","9036","A test to check the field for ""Read-only""","","Tue Nov 25 13:23:40 UTC 2025","passed","Tue Nov 25 13:23:49 UTC 2025","","List. Checking the basic functions for the FileUpload in the widget List","application.Samples.List.FileUploadOnListTest","readonly"
"DrillDown is not available for InfoWidget.","7862","The DrillDown test","","Tue Nov 25 13:33:36 UTC 2025","passed","Tue Nov 25 13:33:44 UTC 2025","","Info. Checking the basic functions for the Input","application.Samples.Info.InputOnInfoTest","drillDown"
"The test sets the value with the wrong data type in the field. After approval, it checks the text under the field, which informs about the correctness of the type of data entered","13754","Required Message validation test for one field","","Tue Nov 25 13:45:26 UTC 2025","passed","Tue Nov 25 13:45:40 UTC 2025","","Form. Checking the basic functions for the InlinePickList in the widget Form","application.Samples.Form.InlinePickListOnFormTest","fieldLevelValidationAnnotation"
"Test check max input at the field","28622","Max input test","","Tue Nov 25 13:17:06 UTC 2025","passed","Tue Nov 25 13:17:35 UTC 2025","","List. Checking the basic functions for the Input in the widget List","application.Samples.List.InputOnListTest","maxInput"
"Currency check at the field","8666","Currency test","","Tue Nov 25 13:43:51 UTC 2025","passed","Tue Nov 25 13:44:00 UTC 2025","","Form. Checking the basic functions for the Money in the widget Form","application.Samples.Form.MoneyOnFormTest","currency"
"The test sets the value in the field. After approval, the popup window, the title, the text in it, and the buttons are validated","12729","Business Exception Validation Test","","Tue Nov 25 13:52:54 UTC 2025","passed","Tue Nov 25 13:53:07 UTC 2025","","Form. Checking the basic functions for the Percent in the widget Form","application.Samples.Form.PercentOnFormTest","businessException"
"The test sets the value in the field. After approval, the popup window, the title, the text in it, and the buttons are validated.","31447","Business Exception Validation Test","","Tue Nov 25 13:14:55 UTC 2025","passed","Tue Nov 25 13:15:26 UTC 2025","","List. Checking the basic functions for the Money in the widget List","application.Samples.List.MoneyOnListTest","businessException"
"Filtering is not available for the Form widget","11322","Filtering test","","Tue Nov 25 13:52:07 UTC 2025","passed","Tue Nov 25 13:52:18 UTC 2025","","Form. Checking the basic functions for the Percent in the widget Form","application.Samples.Form.PercentOnFormTest","filtration"
"The test sets the value in the field via Popup using a unique id, and then checks the value in the field with what needs to be set.","37101","A test for setting a value in a field","","Tue Nov 25 13:10:33 UTC 2025","passed","Tue Nov 25 13:11:10 UTC 2025","","List. Checking the basic functions for the SuggestionPickList in the widget List","application.Samples.List.SuggestionPickListOnListTest","edit"
"The test gets the value from the style attribute in RGB format, and then converts it to Hex format","9001","A test to get the field color value in Hex format","","Tue Nov 25 13:33:38 UTC 2025","passed","Tue Nov 25 13:33:47 UTC 2025","","List. Checking the basic functions for the DateTime in the widget List","application.Samples.List.DateTimeOnListTest","color"
"Info Widget is always read-only","7397","A test to check the field for ""Read-only""","","Tue Nov 25 13:38:01 UTC 2025","passed","Tue Nov 25 13:38:08 UTC 2025","","Info. Checking the basic functions for the DateTime","application.Samples.Info.DateTimeOnInfoTest","readonly"
"The test sets a value with the wrong data type in several fields for different widgets. After approval, it checks the text under the field, which informs about the correctness of the type of data entered","10911","Required Message validation test for multiple fields","","Tue Nov 25 13:42:44 UTC 2025","passed","Tue Nov 25 13:42:55 UTC 2025","","Form. Checking the basic functions for the Number in the widget Form","application.Samples.Form.NumberOnFormTest","fieldLevelValidation"
"The test clears the field and clicks the Save button. Then validates the message that the field is required","11302","Required Message text Verification field test","","Tue Nov 25 13:40:57 UTC 2025","passed","Tue Nov 25 13:41:08 UTC 2025","","Form. Checking the basic functions for the Text in the widget Form","application.Samples.Form.TextOnFormTest","required"
"The test sets the value in the field. After approval, the popup window, the title, the text in it, and the buttons are validated.","22167","Business Exception Validation Test","","Tue Nov 25 13:28:36 UTC 2025","passed","Tue Nov 25 13:28:58 UTC 2025","","List. Checking the basic functions for the PickList in the widget List","application.Samples.List.PickListOnListTest","businessException"
"Checking the url before the transition and after the transition/click on a special element","9290","The DrillDown test","","Tue Nov 25 13:22:53 UTC 2025","passed","Tue Nov 25 13:23:02 UTC 2025","","List. Checking the basic functions for the DateTimeWithSeconds in the widget List","application.Samples.List.DateTimeWithSecondsOnListTest","drillDown"
"Sorting is not available for InfoWidget.","8092","Sorting test","","Tue Nov 25 13:32:17 UTC 2025","passed","Tue Nov 25 13:32:25 UTC 2025","","Info. Checking the basic functions for the FileUp","application.Samples.Info.FileUploadOnInfoTest","sorting"
"","8413","The test for getting the value from the field","","Tue Nov 25 13:36:12 UTC 2025","passed","Tue Nov 25 13:36:20 UTC 2025","","Info. Checking the basic functions for the Money","application.Samples.Info.MoneyOnInfoTest","read"
"Getting a Placeholder is not available","10228","Test for getting the Placeholder value","","Tue Nov 25 13:54:51 UTC 2025","passed","Tue Nov 25 13:55:01 UTC 2025","","Form. Checking the basic functions for the MultiValueHover in the widget Form","application.Samples.Form.MultiValueHoverOnFormTest","placeholder"
"Sorting is not available for InfoWidget.","7751","Sorting test","","Tue Nov 25 13:38:43 UTC 2025","passed","Tue Nov 25 13:38:51 UTC 2025","","Info. Checking the basic functions for the Number","application.Samples.Info.NumberOnInfoTest","sorting"
"Checking the url before the transition and after the transition/click on a special element","13406","The DrillDown test","","Tue Nov 25 13:42:42 UTC 2025","passed","Tue Nov 25 13:42:55 UTC 2025","","Form. Checking the basic functions for the Suggestion PickList in the widget Form","application.Samples.Form.SuggestionPickListOnFormTest","drillDown"
"","10320","The test for getting the value from the field","","Tue Nov 25 13:40:16 UTC 2025","passed","Tue Nov 25 13:40:26 UTC 2025","","Info. Checking the basic functions for the Text","application.Samples.Info.TextOnInfoTest","read"
"The test sets the value in the field. After approval, the popup window, the title, the text in it, and the buttons are validated.","12800","Run-time exception validation test","","Tue Nov 25 13:14:49 UTC 2025","passed","Tue Nov 25 13:15:02 UTC 2025","","List. Checking the basic functions for the Percent in the widget List","application.Samples.List.PercentOnListTest","runtimeException"
"The test clears the field and clicks the Save button. Then validates the message that the field is required","10696","Required Message text Verification field test","","Tue Nov 25 13:46:00 UTC 2025","passed","Tue Nov 25 13:46:11 UTC 2025","","Form. Checking the basic functions for the CheckBox","application.Samples.Form.CheckBoxOnFormTest","required"
"The test sets the value in the field. After approval, by clicking on the save button, the popup window, the title, the text in it, and the buttons are validated.","11624","Confirmation Popup Validation Test","","Tue Nov 25 13:53:47 UTC 2025","passed","Tue Nov 25 13:53:58 UTC 2025","","Form. Checking the basic functions for the MultiValue in the widget Form","application.Samples.Form.MultiValueOnFormTest","confirm"
"Sorting by the specified column.","70323","Sorting test","","Tue Nov 25 13:08:07 UTC 2025","passed","Tue Nov 25 13:09:17 UTC 2025","","List. Checking the basic functions for the Percent in the widget List","application.Samples.List.PercentOnListTest","sorting"
"The test clears the field and clicks the Save button. Then validates the message that the field is required.","22870","Required Message text Verification field test","","Tue Nov 25 13:23:20 UTC 2025","passed","Tue Nov 25 13:23:43 UTC 2025","","List. Checking the basic functions for the DateTimeWithSeconds in the widget List","application.Samples.List.DateTimeWithSecondsOnListTest","required"
"The test check icon's name from the drop-down list ","12042","A test for checking the icon","","Tue Nov 25 13:32:07 UTC 2025","passed","Tue Nov 25 13:32:19 UTC 2025","","List. Checking the basic functions for the Dictionary in the widget List","application.Samples.List.DictionaryOnListTest","icon"
"The test gets the value in the field, and then checks the value in the field with what should be.","0","A test for checking a value in a field","","Tue Nov 25 13:19:47 UTC 2025","skipped","Tue Nov 25 13:19:47 UTC 2025","","List. Checking the basic functions for the MultiValue in the widget List","application.Samples.List.MultiValueOnListTest","read"
"Sorting is not available for the Form widget","8717","Sorting test","","Tue Nov 25 13:54:19 UTC 2025","passed","Tue Nov 25 13:54:28 UTC 2025","","Form. Checking the basic functions for the FileUpload in the widget Form","application.Samples.Form.FileUploadOnFormTest","sorting"
"Sorting is not available for the Form widget","11324","Sorting test","","Tue Nov 25 13:47:36 UTC 2025","passed","Tue Nov 25 13:47:47 UTC 2025","","Form. Checking the basic functions for the Dictionary in the widget Form","application.Samples.Form.DictionaryOnFormTest","sorting"
"The test sets a value with the wrong data type in several fields for different widgets. After approval, it checks the text under the field, which informs about the correctness of the type of data entered","10314","Required Message validation test for multiple fields","","Tue Nov 25 13:50:49 UTC 2025","passed","Tue Nov 25 13:50:59 UTC 2025","","Form. Checking the basic functions for the PickList in the widget Form","application.Samples.Form.PickListOnFormTest","fieldLevelValidation"
"The test sets the value in the field. After approval, the popup window, the title, the text in it, and the buttons are validated","11325","Business Exception Validation Test","","Tue Nov 25 13:53:06 UTC 2025","passed","Tue Nov 25 13:53:17 UTC 2025","","Form. Checking the basic functions for the MultipleSelect in the widget Form","application.Samples.Form.MultipleSelectOnFormTest","businessException"
"The test checks for the disabled attribute","11456","A test to check the field for ""Read-only""","","Tue Nov 25 13:45:15 UTC 2025","passed","Tue Nov 25 13:45:26 UTC 2025","","Form. Checking the basic functions for the InlinePickList in the widget Form","application.Samples.Form.InlinePickListOnFormTest","readonly"
"The test gets the value from the placeholder attribute and returns it in String format","7434","Test for getting the Placeholder value","","Tue Nov 25 13:56:12 UTC 2025","passed","Tue Nov 25 13:56:20 UTC 2025","","Form. Checking the basic functions for the DateTime in the widget Form","application.Samples.Form.DateTimeOnFormTest","placeholder"
"The test sets the value in the field. After approval, by clicking on the save button, the popup window, the title, the text in it, and the buttons are validated","10336","Confirmation Popup Validation Test","","Tue Nov 25 13:44:42 UTC 2025","passed","Tue Nov 25 13:44:52 UTC 2025","","Form. Checking the basic functions for the Date in the widget Form","application.Samples.Form.DateOnFormTest","confirm"
"The test checks for the disabled attribute.","12764","A test to check the field for ""Read-only""","","Tue Nov 25 13:26:20 UTC 2025","passed","Tue Nov 25 13:26:32 UTC 2025","","List. Checking the basic functions for the InlinePickList in the widget List","application.Samples.List.InlinePickListOnListTest","readonly"
"Getting the field color is not available","10612","A test to get the field color value in Hex format","","Tue Nov 25 13:22:09 UTC 2025","passed","Tue Nov 25 13:22:20 UTC 2025","","List. Checking the basic functions for the MultiValueHover in the widget List","application.Samples.List.MultiValueHoverOnListTest","color"
"Тест удаляет значение, проверяя автозаполнение в чистом поле","35584","Тест на автозаполнение после очистки","","Tue Nov 25 13:09:18 UTC 2025","passed","Tue Nov 25 13:09:53 UTC 2025","","List. Checking the basic functions for the Percent in the widget List","application.Samples.List.PercentOnListTest","nullable"
"The test sets the value in the field. After approval, the popup window, the title, the text in it, and the buttons are validated","10345","Business Exception Validation Test","","Tue Nov 25 13:44:05 UTC 2025","passed","Tue Nov 25 13:44:16 UTC 2025","","Form. Checking the basic functions for the Date in the widget Form","application.Samples.Form.DateOnFormTest","businessException"
"The test checks for the disabled attribute","6458","A test to check the field for ""Read-only""","","Tue Nov 25 13:43:40 UTC 2025","passed","Tue Nov 25 13:43:47 UTC 2025","","Form. Checking the basic functions for the Date in the widget Form","application.Samples.Form.DateOnFormTest","readonly"
"Checking the url before the transition and after the transition/click on a special element","12687","The DrillDown test","","Tue Nov 25 13:36:58 UTC 2025","passed","Tue Nov 25 13:37:11 UTC 2025","","Info. Checking the basic functions for the Time","application.Samples.Info.TimeOnInfoTest","drillDown"
"The test sets a value with the wrong data type in several fields for different widgets. After approval, it checks the text under the field, which informs about the correctness of the type of data entered","48206","Required Message validation test for multiple fields","","Tue Nov 25 13:24:43 UTC 2025","passed","Tue Nov 25 13:25:31 UTC 2025","","List. Checking the basic functions for the Text in the widget List","application.Samples.List.TextOnListTest","fieldLevelValidation"
"The test checks for the disabled attribute.","11904","A test to check the field for ""Read-only""","","Tue Nov 25 13:10:42 UTC 2025","passed","Tue Nov 25 13:10:54 UTC 2025","","List. Checking the basic functions for the Percent in the widget List","application.Samples.List.PercentOnListTest","readonly"
"The test sets the value in the field, and then checks the value in the field with what should be set","12904","A test for setting a value in a field","","Tue Nov 25 13:46:06 UTC 2025","passed","Tue Nov 25 13:46:18 UTC 2025","","Form. Checking the basic functions for the InlinePickList in the widget Form","application.Samples.Form.InlinePickListOnFormTest","edit"
"Sorting is not available for the Form widget","6125","Sorting test","","Tue Nov 25 13:55:01 UTC 2025","passed","Tue Nov 25 13:55:07 UTC 2025","","Form. Checking the basic functions for the DateTime in the widget Form","application.Samples.Form.DateTimeOnFormTest","sorting"
"The test gets the value from the placeholder attribute and returns it in String format","10314","Test for getting the Placeholder value","","Tue Nov 25 13:46:45 UTC 2025","passed","Tue Nov 25 13:46:55 UTC 2025","","Form. Checking the basic functions for the InlinePickList in the widget Form","application.Samples.Form.InlinePickListOnFormTest","placeholder"
"Filtering by the specified column.","12885","Filtering test","","Tue Nov 25 13:09:39 UTC 2025","passed","Tue Nov 25 13:09:51 UTC 2025","","List. Checking the basic functions for the SuggestionPickList in the widget List","application.Samples.List.SuggestionPickListOnListTest","filtration"
"The test gets the value from the style attribute in RGB format, and then converts it to Hex format","7959","A test to get the field color value in Hex format","","Tue Nov 25 13:42:17 UTC 2025","passed","Tue Nov 25 13:42:25 UTC 2025","","Form. Checking the basic functions for the Number in the widget Form","application.Samples.Form.NumberOnFormTest","color"
"The test sets the value in the field, and then checks the value in the field with what should be set","10084","A test for setting a value in a field","","Tue Nov 25 13:44:16 UTC 2025","passed","Tue Nov 25 13:44:26 UTC 2025","","Form. Checking the basic functions for the Date in the widget Form","application.Samples.Form.DateOnFormTest","edit"
"The test checks the status of one option, whether it is selected or not.","10757","A test to check the status of one option","","Tue Nov 25 13:17:56 UTC 2025","passed","Tue Nov 25 13:18:07 UTC 2025","","List. Checking the basic functions for the MultipleSelect in the widget List","application.Samples.List.MultipleSelectOnListTest","statusOption"
"Info Widget is always read-only","8981","A test to check the field for ""Read-only""","","Tue Nov 25 13:37:29 UTC 2025","passed","Tue Nov 25 13:37:38 UTC 2025","","Info. Checking the basic functions for the Radio","application.Samples.Info.RadioOnInfoTest","readonly"
"The test sets the value with the wrong data type in the field. After approval, it checks the text under the field, which informs about the correctness of the type of data entered.","31645","Required Message validation test for one field","","Tue Nov 25 13:27:26 UTC 2025","passed","Tue Nov 25 13:27:58 UTC 2025","","List. Checking the basic functions for the Date in the widget List","application.Samples.List.DateOnListTest","fieldLevelValidationAnnotation"
"The test checks for the disabled attribute","13525","A test to check the field for ""Read-only""","","Tue Nov 25 13:43:09 UTC 2025","passed","Tue Nov 25 13:43:22 UTC 2025","","Form. Checking the basic functions for the Suggestion PickList in the widget Form","application.Samples.Form.SuggestionPickListOnFormTest","readonly"
"The test sets a value with the wrong data type in several fields for different widgets. After approval, it checks the text under the field, which informs about the correctness of the type of data entered","17634","Required Message validation test for multiple fields","","Tue Nov 25 13:44:33 UTC 2025","passed","Tue Nov 25 13:44:51 UTC 2025","","Form. Checking the basic functions for the Suggestion PickList in the widget Form","application.Samples.Form.SuggestionPickListOnFormTest","fieldLevelValidation"
"The test sets a value with the wrong data type in several fields for different widgets. After approval, it checks the text under the field, which informs about the correctness of the type of data entered","11305","Required Message validation test for multiple fields","","Tue Nov 25 13:56:30 UTC 2025","passed","Tue Nov 25 13:56:41 UTC 2025","","Form. Checking the basic functions for the DateTime in the widget Form","application.Samples.Form.DateTimeOnFormTest","fieldLevelValidation"
"Filtering is not available for InfoWidget.","10293","Filtering test","","Tue Nov 25 13:37:19 UTC 2025","passed","Tue Nov 25 13:37:29 UTC 2025","","Info. Checking the basic functions for the Radio","application.Samples.Info.RadioOnInfoTest","filtration"
"Sorting by the specified column.","13631","Sorting test","","Tue Nov 25 13:30:06 UTC 2025","passed","Tue Nov 25 13:30:19 UTC 2025","","List. Checking the basic functions for the Dictionary in the widget List","application.Samples.List.DictionaryOnListTest","sorting"
"The test checks for the disabled attribute","10488","A test to check the field for ""Read-only""","","Tue Nov 25 13:52:32 UTC 2025","passed","Tue Nov 25 13:52:42 UTC 2025","","Form. Checking the basic functions for the MultipleSelect in the widget Form","application.Samples.Form.MultipleSelectOnFormTest","readonly"
"The test sets a value with the wrong data type in several fields for different widgets. After approval, it checks the text under the field, which informs about the correctness of the type of data entered","66122","Required Message validation test for multiple fields","","Tue Nov 25 13:25:21 UTC 2025","passed","Tue Nov 25 13:26:27 UTC 2025","","List. Checking the basic functions for the DateTimeWithSeconds in the widget List","application.Samples.List.DateTimeWithSecondsOnListTest","fieldLevelValidation"
"The test sets the value in the field. After approval, the popup window, the title, the text in it, and the buttons are validated.","10885","Business Exception Validation Test","","Tue Nov 25 13:24:24 UTC 2025","passed","Tue Nov 25 13:24:35 UTC 2025","","List. Checking the basic functions for the FileUpload in the widget List","application.Samples.List.FileUploadOnListTest","businessException"
"The test gets the value from the placeholder attribute and returns it in String format","11879","Test for getting the Placeholder value","","Tue Nov 25 13:28:46 UTC 2025","passed","Tue Nov 25 13:28:58 UTC 2025","","List. Checking the basic functions for the InlinePickList in the widget List","application.Samples.List.InlinePickListOnListTest","placeholder"
"The test sets the value in the field. After approval, by clicking on the save button, the popup window, the title, the text in it, and the buttons are validated","8692","Confirmation Popup Validation Test","","Tue Nov 25 13:49:37 UTC 2025","passed","Tue Nov 25 13:49:46 UTC 2025","","Form. Checking the basic functions for the Input in the widget Form","application.Samples.Form.InputOnFormTest","confirm"
"The test sets the value in the field. After approval, the popup window, the title, the text in it, and the buttons are validated.","15097","Business Exception Validation Test","","Tue Nov 25 13:31:39 UTC 2025","passed","Tue Nov 25 13:31:54 UTC 2025","","List. Checking the basic functions for the Dictionary in the widget List","application.Samples.List.DictionaryOnListTest","businessException"
"The test gets the value from the style attribute in RGB format, and then converts it to Hex format","10946","A test to get the field color value in Hex format","","Tue Nov 25 13:36:36 UTC 2025","passed","Tue Nov 25 13:36:47 UTC 2025","","Info. Checking the basic functions for the Percent","application.Samples.Info.PercentOnInfoTest","color"
"Sorting by the specified column.","20819","Sorting test","","Tue Nov 25 13:31:03 UTC 2025","passed","Tue Nov 25 13:31:24 UTC 2025","","List. Checking the basic functions for the DateTime in the widget List","application.Samples.List.DateTimeOnListTest","sorting"
"","10867","The test for getting the value from the field","","Tue Nov 25 13:38:32 UTC 2025","passed","Tue Nov 25 13:38:43 UTC 2025","","Info. Checking the basic functions for the MultiField","application.Samples.Info.MultiFieldOnInfoTest","read"
"The test gets the value from the style attribute in RGB format, and then converts it to Hex format","14162","A test to get the field color value in Hex format","","Tue Nov 25 13:21:35 UTC 2025","passed","Tue Nov 25 13:21:49 UTC 2025","","List. Checking the basic functions for the Time","application.Samples.List.TimeOnListTest","color"
"The test sets the value in the field, and then checks the value in the field with what should be set.","7415","A test for setting a number with a fractional part in a field","","Tue Nov 25 13:12:10 UTC 2025","passed","Tue Nov 25 13:12:17 UTC 2025","","List. Checking the basic functions for the Number in the widget List","application.Samples.List.NumberOnListTest","digits"
"The test checks the creation and deletion in the dictionary and the result of this work on another screen.","24992","Test region at Form","","Tue Nov 25 13:57:08 UTC 2025","passed","Tue Nov 25 13:57:33 UTC 2025","","Checking the basic functions for the Dictionary administration panel","application.Samples.DictionaryAdministrationTest","regionsForm"
"The test gets the value from the placeholder attribute and returns it in String format","12293","Test for getting the Placeholder value","","Tue Nov 25 13:11:09 UTC 2025","passed","Tue Nov 25 13:11:21 UTC 2025","","List. Checking the basic functions for the Radio in the widget List","application.Samples.List.RadioOnListTest","placeholder"
"The test sets the value in the field. After approval, the popup window, the title, the text in it, and the buttons are validated.","14351","Run-time exception validation test","","Tue Nov 25 13:29:51 UTC 2025","passed","Tue Nov 25 13:30:05 UTC 2025","","List. Checking the basic functions for the InlinePickList in the widget List","application.Samples.List.InlinePickListOnListTest","runtimeException"
"The test gets the value from the placeholder attribute and returns it in String format","11358","Test for getting the Placeholder value","","Tue Nov 25 13:56:33 UTC 2025","passed","Tue Nov 25 13:56:44 UTC 2025","","Form. Checking the basic functions for the Time","application.Samples.Form.TimeOnFormTest","placeholder"
"The test sets the value with the wrong data type in the field. After approval, it checks the text under the field, which informs about the correctness of the type of data entered.","11875","Required Message validation test for one field","","Tue Nov 25 13:23:49 UTC 2025","passed","Tue Nov 25 13:24:01 UTC 2025","","List. Checking the basic functions for the FileUpload in the widget List","application.Samples.List.FileUploadOnListTest","fieldLevelValidationAnnotation"
"","8460","The test for getting the file name in the field","","Tue Nov 25 13:32:34 UTC 2025","passed","Tue Nov 25 13:32:42 UTC 2025","","Info. Checking the basic functions for the FileUp","application.Samples.Info.FileUploadOnInfoTest","readNameFileInField"
"The test sets the value in the field, and then checks the value in the field with what should be set","12750","A test for setting a value in a field","","Tue Nov 25 13:49:10 UTC 2025","passed","Tue Nov 25 13:49:23 UTC 2025","","Form. Checking the basic functions for the Dictionary in the widget Form","application.Samples.Form.DictionaryOnFormTest","edit"
"The test checks for the disabled attribute.","9127","A test to check the field for ""Read-only""","","Tue Nov 25 13:27:17 UTC 2025","passed","Tue Nov 25 13:27:26 UTC 2025","","List. Checking the basic functions for the Date in the widget List","application.Samples.List.DateOnListTest","readonly"
"","10935","Digits test","","Tue Nov 25 13:35:52 UTC 2025","passed","Tue Nov 25 13:36:03 UTC 2025","","Info. Checking the basic functions for the Percent","application.Samples.Info.PercentOnInfoTest","digits"
"The InfoWidget doesn't have a Placeholder.","9415","Test for getting the Placeholder value","","Tue Nov 25 13:32:07 UTC 2025","passed","Tue Nov 25 13:32:16 UTC 2025","","Info. Checking the basic functions for the PickList","application.Samples.Info.PickListOnInfoTest","placeholder"
"The test sets a value with the wrong data type in several fields for different widgets. After approval, it checks the text under the field, which informs about the correctness of the type of data entered","12006","Required Message validation test for multiple fields","","Tue Nov 25 13:42:04 UTC 2025","passed","Tue Nov 25 13:42:16 UTC 2025","","Form. Checking the basic functions for the Text in the widget Form","application.Samples.Form.TextOnFormTest","fieldLevelValidation"
"Sorting by the specified column.","12237","Sorting test","","Tue Nov 25 13:26:25 UTC 2025","passed","Tue Nov 25 13:26:37 UTC 2025","","List. Checking the basic functions for the PickList in the widget List","application.Samples.List.PickListOnListTest","sorting"
"The test sets a value with the wrong data type in several fields for different widgets. After approval, it checks the text under the field, which informs about the correctness of the type of data entered","9236","Required Message validation test for multiple fields","","Tue Nov 25 13:49:53 UTC 2025","passed","Tue Nov 25 13:50:02 UTC 2025","","Form. Checking the basic functions for the Input in the widget Form","application.Samples.Form.InputOnFormTest","fieldLevelValidation"
"The test sets the value in the field. After approval, the popup window, the title, the text in it, and the buttons are validated","8894","Run-time exception validation test","","Tue Nov 25 13:47:03 UTC 2025","passed","Tue Nov 25 13:47:12 UTC 2025","","Form. Checking the basic functions for the DateTimeWithSeconds in the widget Form","application.Samples.Form.DateTimeWithSecondsOnFormTest","runtimeException"
"A test to get the value from the field. Hint is always read-only, so it is impossible to set the value.","7398","A test to check the value in a field","","Tue Nov 25 13:47:55 UTC 2025","passed","Tue Nov 25 13:48:02 UTC 2025","","Form. Checking the basic functions for the Hint in the widget Form","application.Samples.Form.HintOnFormTest","edit"
"The test sets the value in the field. After approval, the popup window, the title, the text in it, and the buttons are validated","7976","Run-time exception validation test","","Tue Nov 25 13:56:41 UTC 2025","passed","Tue Nov 25 13:56:49 UTC 2025","","Form. Checking the basic functions for the DateTime in the widget Form","application.Samples.Form.DateTimeOnFormTest","runtimeException"
"The test gets the value from the style attribute in RGB format, and then converts it to Hex format","12297","A test to get the field color value in Hex format","","Tue Nov 25 13:32:19 UTC 2025","passed","Tue Nov 25 13:32:31 UTC 2025","","List. Checking the basic functions for the Dictionary in the widget List","application.Samples.List.DictionaryOnListTest","color"
"Sorting by the specified column.","10688","Sorting test","","Tue Nov 25 13:11:40 UTC 2025","passed","Tue Nov 25 13:11:51 UTC 2025","","List. Checking the basic functions for the Number in the widget List","application.Samples.List.NumberOnListTest","sorting"
"The test clears the field and clicks the Save button. Then validates the message that the field is required","9055","Required Message text Verification field test","","Tue Nov 25 13:43:15 UTC 2025","passed","Tue Nov 25 13:43:24 UTC 2025","","Form. Checking the basic functions for the Money in the widget Form","application.Samples.Form.MoneyOnFormTest","required"
"The test sets a value with the wrong data type in several fields for different widgets. After approval, it checks the text under the field, which informs about the correctness of the type of data entered","20367","Required Message validation test for multiple fields","","Tue Nov 25 13:25:49 UTC 2025","passed","Tue Nov 25 13:26:09 UTC 2025","","List. Checking the basic functions for the FileUpload in the widget List","application.Samples.List.FileUploadOnListTest","fieldLevelValidation"
"Sorting by the specified column.","20863","Sorting test","","Tue Nov 25 13:26:38 UTC 2025","passed","Tue Nov 25 13:26:59 UTC 2025","","List. Checking the basic functions for the Date in the widget List","application.Samples.List.DateOnListTest","sorting"
"","8215","The test for getting the value from the field","","Tue Nov 25 13:31:51 UTC 2025","passed","Tue Nov 25 13:31:59 UTC 2025","","Info. Checking the basic functions for the PickList","application.Samples.Info.PickListOnInfoTest","read"
"Тест устанавливает значение в поле, а после проверяет значение в поле с тем, что должно быть установлено. Предварительной очистки поля нет","12301","A test for setting a value in a field","","Tue Nov 25 13:16:33 UTC 2025","passed","Tue Nov 25 13:16:46 UTC 2025","","List. Checking the basic functions for the MultipleSelect in the widget List","application.Samples.List.MultipleSelectOnListTest","edit"
"The test gets the value from the style attribute in RGB format, and then converts it to Hex format","9300","A test to get the field color value in Hex format","","Tue Nov 25 13:34:30 UTC 2025","passed","Tue Nov 25 13:34:40 UTC 2025","","Info. Checking the basic functions for the MultiValueHover","application.Samples.Info.MultiValueHoverOnInfoTest","color"
"The test gets the value from the placeholder attribute and returns it in String format","10844","Test for getting the Placeholder value","","Tue Nov 25 13:13:03 UTC 2025","passed","Tue Nov 25 13:13:14 UTC 2025","","List. Checking the basic functions for the Percent in the widget List","application.Samples.List.PercentOnListTest","placeholder"
"The test gets the value from the style attribute in RGB format, and then converts it to Hex format","12072","A test to get the field color value in Hex format","","Tue Nov 25 13:10:57 UTC 2025","passed","Tue Nov 25 13:11:09 UTC 2025","","List. Checking the basic functions for the Radio in the widget List","application.Samples.List.RadioOnListTest","color"
"Sorting by the specified column.","13188","Sorting test","","Tue Nov 25 13:21:59 UTC 2025","passed","Tue Nov 25 13:22:12 UTC 2025","","List. Checking the basic functions for the Text in the widget List","application.Samples.List.TextOnListTest","sorting"
"The test sets the value with the wrong data type in the field. After approval, it checks the text under the field, which informs about the correctness of the type of data entered.","22921","Required Message validation test for one field","","Tue Nov 25 13:22:45 UTC 2025","passed","Tue Nov 25 13:23:08 UTC 2025","","List. Checking the basic functions for the Text in the widget List","application.Samples.List.TextOnListTest","fieldLevelValidationAnnotation"
"The test sets the value in the field, and then checks the value in the field with what should be set","25462","A test for setting a value in a field","","Tue Nov 25 13:21:49 UTC 2025","passed","Tue Nov 25 13:22:14 UTC 2025","","List. Checking the basic functions for the Time","application.Samples.List.TimeOnListTest","edit2"
"Sorting is not available for the Form widget","8828","Sorting test","","Tue Nov 25 13:43:05 UTC 2025","passed","Tue Nov 25 13:43:14 UTC 2025","","Form. Checking the basic functions for the Date in the widget Form","application.Samples.Form.DateOnFormTest","sorting"
"The test gets the value from the placeholder attribute and returns it in String format","11188","Test for getting the Placeholder value","","Tue Nov 25 13:24:18 UTC 2025","passed","Tue Nov 25 13:24:29 UTC 2025","","List. Checking the basic functions for the Text in the widget List","application.Samples.List.TextOnListTest","placeholder"
"The test sets the value in the field. After approval, the popup window, the title, the text in it, and the buttons are validated.","11810","Run-time exception validation test","","Tue Nov 25 13:12:45 UTC 2025","passed","Tue Nov 25 13:12:57 UTC 2025","","List. Checking the basic functions for the Radio in the widget List","application.Samples.List.RadioOnListTest","runtimeException"
"The test sets the value in the field. After approval, the popup window, the title, the text in it, and the buttons are validated.","24900","Business Exception Validation Test","","Tue Nov 25 13:27:35 UTC 2025","passed","Tue Nov 25 13:28:00 UTC 2025","","List. Checking the basic functions for the InlinePickList in the widget List","application.Samples.List.InlinePickListOnListTest","businessException"
"Sorting is not available for the Form widget","8324","Sorting test","","Tue Nov 25 13:42:22 UTC 2025","passed","Tue Nov 25 13:42:30 UTC 2025","","Form. Checking the basic functions for the Money in the widget Form","application.Samples.Form.MoneyOnFormTest","sorting"
"Filtering is not available for the Form widget","12100","Filtering test","","Tue Nov 25 13:45:02 UTC 2025","passed","Tue Nov 25 13:45:15 UTC 2025","","Form. Checking the basic functions for the InlinePickList in the widget Form","application.Samples.Form.InlinePickListOnFormTest","filtration"
"The test sets the value to true in the field, and then checks the value in the field with what should be set.","12233","A test for setting a value in a field","","Tue Nov 25 13:20:32 UTC 2025","passed","Tue Nov 25 13:20:44 UTC 2025","","List. Checking the basic functions for the CheckBox","application.Samples.List.CheckBoxOnListTest","edit2"
"The test clears the field and clicks the Save button. Then validates the message that the field is required.","16712","Required Message text Verification field test","","Tue Nov 25 13:31:22 UTC 2025","passed","Tue Nov 25 13:31:39 UTC 2025","","List. Checking the basic functions for the Dictionary in the widget List","application.Samples.List.DictionaryOnListTest","required"
"The test sets a value with the wrong data type in several fields for different widgets. After approval, it checks the text under the field, which informs about the correctness of the type of data entered","16783","Required Message validation test for multiple fields","","Tue Nov 25 13:32:58 UTC 2025","passed","Tue Nov 25 13:33:15 UTC 2025","","List. Checking the basic functions for the Dictionary in the widget List","application.Samples.List.DictionaryOnListTest","fieldLevelValidation"
"The test clears the field and clicks the Save button. Then validates the message that the field is required","9196","Required Message text Verification field test","","Tue Nov 25 13:45:57 UTC 2025","passed","Tue Nov 25 13:46:07 UTC 2025","","Form. Checking the basic functions for the DateTimeWithSeconds in the widget Form","application.Samples.Form.DateTimeWithSecondsOnFormTest","required"
"Info Widget is always read-only","9407","A test to check the field for ""Read-only""","","Tue Nov 25 13:34:49 UTC 2025","passed","Tue Nov 25 13:34:58 UTC 2025","","Info. Checking the basic functions for the CheckBox","application.Samples.Info.CheckboxOnInfoTest","readonly"
"Sorting by the specified column.","12542","Sorting test","","Tue Nov 25 13:58:40 UTC 2025","broken","Tue Nov 25 13:58:52 UTC 2025","","List. Checking the basic functions for the Input in the widget List","application.Samples.List.InputOnListTest","sorting"
"The test sets the value in the field. After approval, the popup window, the title, the text in it, and the buttons are validated","9815","Business Exception Validation Test","","Tue Nov 25 13:55:14 UTC 2025","passed","Tue Nov 25 13:55:23 UTC 2025","","Form. Checking the basic functions for the FileUpload in the widget Form","application.Samples.Form.FileUploadOnFormTest","businessException"
"The test sets the value in the field. After approval, by clicking on the save button, the popup window, the title, the text in it, and the buttons are validated","12499","Confirmation Popup Validation Test","","Tue Nov 25 13:46:55 UTC 2025","passed","Tue Nov 25 13:47:08 UTC 2025","","Form. Checking the basic functions for the CheckBox","application.Samples.Form.CheckBoxOnFormTest","confirm"
"Filtering by the specified column.","9076","Filtering test","","Tue Nov 25 13:19:15 UTC 2025","passed","Tue Nov 25 13:19:24 UTC 2025","","List. Checking the basic functions for the Hint in the widget List","application.Samples.List.HintOnListTest","filtration"
"","9358","The test for getting the value from the field","","Tue Nov 25 13:39:25 UTC 2025","passed","Tue Nov 25 13:39:35 UTC 2025","","Info. Checking the basic functions for the Number","application.Samples.Info.NumberOnInfoTest","read"
"The test sets the value in the field, and then checks the value in the field with what should be set.","22765","A test for setting a value in a field","","Tue Nov 25 13:52:34 UTC 2025","passed","Tue Nov 25 13:52:57 UTC 2025","","Form. Checking the basic functions for the MultiValue in the widget Form","application.Samples.Form.MultiValueOnFormTest","edit"
"The test gets the value from the style attribute in RGB format, and then converts it to Hex format","11922","A test to get the field color value in Hex format","","Tue Nov 25 13:12:51 UTC 2025","passed","Tue Nov 25 13:13:03 UTC 2025","","List. Checking the basic functions for the Percent in the widget List","application.Samples.List.PercentOnListTest","color"
"The test sets the value in the field. After approval, the popup window, the title, the text in it, and the buttons are validated.","11752","Run-time exception validation test","","Tue Nov 25 13:31:02 UTC 2025","passed","Tue Nov 25 13:31:14 UTC 2025","","List. Checking the basic functions for the Date in the widget List","application.Samples.List.DateOnListTest","runtimeException"
"Checking the url before the transition and after the transition/click on a special element","10384","The DrillDown test","","Tue Nov 25 13:15:14 UTC 2025","passed","Tue Nov 25 13:15:25 UTC 2025","","List. Checking the basic functions for the MultipleSelect in the widget List","application.Samples.List.MultipleSelectOnListTest","drillDown"
"Filtering is not available for the Form widget","13612","Filtering test","","Tue Nov 25 13:42:55 UTC 2025","passed","Tue Nov 25 13:43:09 UTC 2025","","Form. Checking the basic functions for the Suggestion PickList in the widget Form","application.Samples.Form.SuggestionPickListOnFormTest","filtration"
"Sorting is not available for InfoWidget.","11103","Sorting test","","Tue Nov 25 13:38:10 UTC 2025","passed","Tue Nov 25 13:38:21 UTC 2025","","Info. Checking the basic functions for the MultiField","application.Samples.Info.MultiFieldOnInfoTest","sorting"
"The test sets all the values in the field, then checks the list with the expected value.","18657","Test to set all values in the field","","Tue Nov 25 13:53:28 UTC 2025","passed","Tue Nov 25 13:53:47 UTC 2025","","Form. Checking the basic functions for the MultiValue in the widget Form","application.Samples.Form.MultiValueOnFormTest","test_set_all"
"Filtering is not available for InfoWidget.","10748","Filtering test","","Tue Nov 25 13:36:03 UTC 2025","passed","Tue Nov 25 13:36:14 UTC 2025","","Info. Checking the basic functions for the Percent","application.Samples.Info.PercentOnInfoTest","filtration"
"Info Widget is always read-only","8401","A test to check the field for ""Read-only""","","Tue Nov 25 13:31:43 UTC 2025","passed","Tue Nov 25 13:31:51 UTC 2025","","Info. Checking the basic functions for the PickList","application.Samples.Info.PickListOnInfoTest","readonly"
"The test checks for the disabled attribute","10455","A test to check the field for ""Read-only""","","Tue Nov 25 13:48:22 UTC 2025","passed","Tue Nov 25 13:48:32 UTC 2025","","Form. Checking the basic functions for the Dictionary in the widget Form","application.Samples.Form.DictionaryOnFormTest","readonly"
"The test sets the value in the field. After approval, the popup window, the title, the text in it, and the buttons are validated.","11528","Run-time exception validation test","","Tue Nov 25 13:21:24 UTC 2025","passed","Tue Nov 25 13:21:36 UTC 2025","","List. Checking the basic functions for the CheckBox","application.Samples.List.CheckBoxOnListTest","runtimeException"
"The test checks for the disabled attribute","8460","A test to check the field for ""Read-only""","","Tue Nov 25 13:50:54 UTC 2025","passed","Tue Nov 25 13:51:02 UTC 2025","","Form. Checking the basic functions for the NumberDigits in the widget Form","application.Samples.Form.NumberDigitsOnFormTest","readonly"
"The test gets the value from the style attribute in RGB format, and then converts it to Hex format","10485","A test to get the field color value in Hex format","","Tue Nov 25 13:52:57 UTC 2025","passed","Tue Nov 25 13:53:07 UTC 2025","","Form. Checking the basic functions for the MultiValue in the widget Form","application.Samples.Form.MultiValueOnFormTest","color"
"","8790","digits()","","Tue Nov 25 13:41:13 UTC 2025","passed","Tue Nov 25 13:41:21 UTC 2025","","Form. Checking the basic functions for the Number in the widget Form","application.Samples.Form.NumberOnFormTest","digits"
"","6861","getTypeColumn()","","Tue Nov 25 13:18:47 UTC 2025","passed","Tue Nov 25 13:18:54 UTC 2025","","List. Checking the basic functions for the Input in the widget List","application.Samples.List.InputOnListTest","getTypeColumn"
"Sorting is not available for the Form widget","11061","Sorting test","","Tue Nov 25 13:51:20 UTC 2025","passed","Tue Nov 25 13:51:31 UTC 2025","","Form. Checking the basic functions for the Percent in the widget Form","application.Samples.Form.PercentOnFormTest","sorting"
"The test sets the value in the field. After approval, the popup window, the title, the text in it, and the buttons are validated.","11249","Run-time exception validation test","","Tue Nov 25 13:26:27 UTC 2025","passed","Tue Nov 25 13:26:38 UTC 2025","","List. Checking the basic functions for the DateTimeWithSeconds in the widget List","application.Samples.List.DateTimeWithSecondsOnListTest","runtimeException"
"Filtering is not available for the Form widget","8323","Filtering test","","Tue Nov 25 13:41:21 UTC 2025","passed","Tue Nov 25 13:41:30 UTC 2025","","Form. Checking the basic functions for the Number in the widget Form","application.Samples.Form.NumberOnFormTest","filtration"
"The test gets the value from the style attribute in RGB format, and then converts it to Hex format","12367","A test to get the field color value in Hex format","","Tue Nov 25 13:53:19 UTC 2025","passed","Tue Nov 25 13:53:31 UTC 2025","","Form. Checking the basic functions for the Percent in the widget Form","application.Samples.Form.PercentOnFormTest","color"
"The test gets the value from the placeholder attribute and returns it in String format","10060","Test for getting the Placeholder value","","Tue Nov 25 13:50:28 UTC 2025","passed","Tue Nov 25 13:50:38 UTC 2025","","Form. Checking the basic functions for the PickList in the widget Form","application.Samples.Form.PickListOnFormTest","placeholder"
"The test sets the value, after which the method returns the full list of value-status","11705","Test to get all values with the status","","Tue Nov 25 13:48:46 UTC 2025","passed","Tue Nov 25 13:48:58 UTC 2025","","Form. Checking the basic functions for the Radio in the widget Form","application.Samples.Form.RadioOnFormTest","getValues"
"Filtering is not available for InfoWidget.","6512","Filtering test","","Tue Nov 25 13:33:44 UTC 2025","passed","Tue Nov 25 13:33:51 UTC 2025","","Info. Checking the basic functions for the Input","application.Samples.Info.InputOnInfoTest","filtration"
"Checking the url before the transition and after the transition/click on a special element","8443","The DrillDown test","","Tue Nov 25 13:42:39 UTC 2025","passed","Tue Nov 25 13:42:48 UTC 2025","","Form. Checking the basic functions for the Money in the widget Form","application.Samples.Form.MoneyOnFormTest","drillDown"
"Filtering is not available for the Form widget","8998","Filtering test","","Tue Nov 25 13:54:36 UTC 2025","passed","Tue Nov 25 13:54:45 UTC 2025","","Form. Checking the basic functions for the FileUpload in the widget Form","application.Samples.Form.FileUploadOnFormTest","filtration"
"The test clears the field and clicks the Save button. Then validates the message that the field is required.","21909","Required Message text Verification field test","","Tue Nov 25 13:32:23 UTC 2025","passed","Tue Nov 25 13:32:45 UTC 2025","","List. Checking the basic functions for the DateTime in the widget List","application.Samples.List.DateTimeOnListTest","required"
"The test gets the value from the style attribute in RGB format, and then converts it to Hex format","8238","A test to get the field color value in Hex format","","Tue Nov 25 13:44:26 UTC 2025","passed","Tue Nov 25 13:44:34 UTC 2025","","Form. Checking the basic functions for the Date in the widget Form","application.Samples.Form.DateOnFormTest","color"
"Filtering by the specified column.","8895","Filtering test","","Tue Nov 25 13:31:33 UTC 2025","passed","Tue Nov 25 13:31:42 UTC 2025","","List. Checking the basic functions for the DateTime in the widget List","application.Samples.List.DateTimeOnListTest","filtration"
"The test checks for the disabled attribute","11844","A test to check the field for ""Read-only""","","Tue Nov 25 13:52:18 UTC 2025","passed","Tue Nov 25 13:52:30 UTC 2025","","Form. Checking the basic functions for the Percent in the widget Form","application.Samples.Form.PercentOnFormTest","readonly"
"The test sets the value in the field. After approval, the popup window, the title, the text in it, and the buttons are validated","9585","Business Exception Validation Test","","Tue Nov 25 13:41:58 UTC 2025","passed","Tue Nov 25 13:42:08 UTC 2025","","Form. Checking the basic functions for the Number in the widget Form","application.Samples.Form.NumberOnFormTest","businessException"
"Info Widget is always read-only","7081","A test to check the field for ""Read-only""","","Tue Nov 25 13:35:09 UTC 2025","passed","Tue Nov 25 13:35:16 UTC 2025","","Info. Checking the basic functions for the Hint","application.Samples.Info.HintOnInfoTest","readonly"
"Sorting by the specified column.","18181","Sorting test","","Tue Nov 25 13:19:58 UTC 2025","passed","Tue Nov 25 13:20:17 UTC 2025","","List. Checking the basic functions for the Time","application.Samples.List.TimeOnListTest","sorting"
"The test verifies that after clearing the field, it is empty.","21880","The test for deleting a file from a field","","Tue Nov 25 13:24:46 UTC 2025","passed","Tue Nov 25 13:25:08 UTC 2025","","List. Checking the basic functions for the FileUpload in the widget List","application.Samples.List.FileUploadOnListTest","clear"
"Filtering is not available for InfoWidget.","9452","Filtering test","","Tue Nov 25 13:38:18 UTC 2025","passed","Tue Nov 25 13:38:28 UTC 2025","","Info. Checking the basic functions for the MultiplySelect","application.Samples.Info.MultipleSelectOnInfoTest","filtration"
"The test sets the value in the field. After approval, the popup window, the title, the text in it, and the buttons are validated.","31558","Run-time exception validation test","","Tue Nov 25 13:18:34 UTC 2025","passed","Tue Nov 25 13:19:06 UTC 2025","","List. Checking the basic functions for the Money in the widget List","application.Samples.List.MoneyOnListTest","runtimeException"
"The test sets the value in the field. After approval, the popup window, the title, the text in it, and the buttons are validated.","23373","Business Exception Validation Test","","Tue Nov 25 13:23:43 UTC 2025","passed","Tue Nov 25 13:24:07 UTC 2025","","List. Checking the basic functions for the DateTimeWithSeconds in the widget List","application.Samples.List.DateTimeWithSecondsOnListTest","businessException"
"Checking the url before the transition and after the transition/click on a special element","8871","The DrillDown test","","Tue Nov 25 13:31:24 UTC 2025","passed","Tue Nov 25 13:31:33 UTC 2025","","List. Checking the basic functions for the DateTime in the widget List","application.Samples.List.DateTimeOnListTest","drillDown"
"Sorting is not available for InfoWidget.","7142","Sorting test","","Tue Nov 25 13:34:48 UTC 2025","passed","Tue Nov 25 13:34:55 UTC 2025","","Info. Checking the basic functions for the Hint","application.Samples.Info.HintOnInfoTest","sorting"
"Sorting is not available for InfoWidget.","9738","Sorting test","","Tue Nov 25 13:39:36 UTC 2025","passed","Tue Nov 25 13:39:46 UTC 2025","","Info. Checking the basic functions for the Text","application.Samples.Info.TextOnInfoTest","sorting"
"The test gets the value from the placeholder attribute and returns it in String format","8708","Test for getting the Placeholder value","","Tue Nov 25 13:14:01 UTC 2025","passed","Tue Nov 25 13:14:09 UTC 2025","","List. Checking the basic functions for the Number in the widget List","application.Samples.List.NumberOnListTest","placeholder"
"A test to get the value from the field. MultiValueHover is always read-only, so it is impossible to set the value","10207","A test for setting a value in a field","","Tue Nov 25 13:54:30 UTC 2025","passed","Tue Nov 25 13:54:41 UTC 2025","","Form. Checking the basic functions for the MultiValueHover in the widget Form","application.Samples.Form.MultiValueHoverOnFormTest","edit"
"The test sets the value with the wrong data type in the field. After approval, it checks the text under the field, which informs about the correctness of the type of data entered.","21496","Required Message validation test for one field","","Tue Nov 25 13:18:28 UTC 2025","passed","Tue Nov 25 13:18:50 UTC 2025","","List. Checking the basic functions for the MultiValue in the widget List","application.Samples.List.MultiValueOnListTest","fieldLevelValidationAnnotation"
"Filtering by the specified column.","9656","Filtering test","","Tue Nov 25 13:12:17 UTC 2025","passed","Tue Nov 25 13:12:27 UTC 2025","","List. Checking the basic functions for the Number in the widget List","application.Samples.List.NumberOnListTest","filtration"
"The test checks for the disabled attribute.","8824","A test to check the field for ""Read-only""","","Tue Nov 25 13:23:12 UTC 2025","passed","Tue Nov 25 13:23:20 UTC 2025","","List. Checking the basic functions for the DateTimeWithSeconds in the widget List","application.Samples.List.DateTimeWithSecondsOnListTest","readonly"
"The test gets the value from the style attribute in RGB format, and then converts it to Hex format","12873","A test to get the field color value in Hex format","","Tue Nov 25 13:55:53 UTC 2025","passed","Tue Nov 25 13:56:05 UTC 2025","","Form. Checking the basic functions for the Time","application.Samples.Form.TimeOnFormTest","color"
"The test gets the value from the placeholder attribute and returns it in String format","12487","Test for getting the Placeholder value","","Tue Nov 25 13:20:44 UTC 2025","passed","Tue Nov 25 13:20:56 UTC 2025","","List. Checking the basic functions for the CheckBox","application.Samples.List.CheckBoxOnListTest","placeholder"
"Sorting is not available for InfoWidget.","10710","Sorting test","","Tue Nov 25 13:34:18 UTC 2025","passed","Tue Nov 25 13:34:29 UTC 2025","","Info. Checking the basic functions for the CheckBox","application.Samples.Info.CheckboxOnInfoTest","sorting"
"The test gets the value from the style attribute in RGB format, and then converts it to Hex format","9103","A test to get the field color value in Hex format","","Tue Nov 25 13:29:13 UTC 2025","passed","Tue Nov 25 13:29:22 UTC 2025","","List. Checking the basic functions for the Date in the widget List","application.Samples.List.DateOnListTest","color"
"Checking the url before the transition and after the transition/click on a special element","10703","The DrillDown test","","Tue Nov 25 13:51:44 UTC 2025","passed","Tue Nov 25 13:51:54 UTC 2025","","Form. Checking the basic functions for the Percent in the widget Form","application.Samples.Form.PercentOnFormTest","drillDown"
"The test checks the creation and deletion in the dictionary and the result of this work on another screen.","10807","Test filtering at List","","Tue Nov 25 13:59:04 UTC 2025","broken","Tue Nov 25 13:59:14 UTC 2025","","Checking the basic functions for the Dictionary administration panel","application.Samples.DictionaryAdministrationTest","filterList"
"The test gets the value from the style attribute in RGB format, and then converts it to Hex format","8325","A test to get the field color value in Hex format","","Tue Nov 25 13:39:46 UTC 2025","passed","Tue Nov 25 13:39:54 UTC 2025","","Info. Checking the basic functions for the DateTimeWithSeconds","application.Samples.Info.DateTimeWithSecondsOnInfoTest","color"
"The test gets the value from the style attribute in RGB format, and then converts it to Hex format","8156","A test to get the field color value in Hex format","","Tue Nov 25 13:39:35 UTC 2025","passed","Tue Nov 25 13:39:43 UTC 2025","","Info. Checking the basic functions for the Number","application.Samples.Info.NumberOnInfoTest","color"
"","7057","The test for getting the value from the field","","Tue Nov 25 13:35:16 UTC 2025","passed","Tue Nov 25 13:35:23 UTC 2025","","Info. Checking the basic functions for the Hint","application.Samples.Info.HintOnInfoTest","read"
"DrillDown is not available for InfoWidget.","10308","The DrillDown test","","Tue Nov 25 13:39:46 UTC 2025","passed","Tue Nov 25 13:39:56 UTC 2025","","Info. Checking the basic functions for the Text","application.Samples.Info.TextOnInfoTest","drillDown"
"Sorting is not available for the Form widget","9492","Sorting test","","Tue Nov 25 13:51:53 UTC 2025","passed","Tue Nov 25 13:52:02 UTC 2025","","Form. Checking the basic functions for the MultipleSelect in the widget Form","application.Samples.Form.MultipleSelectOnFormTest","sorting"
"The InfoWidget doesn't have a Placeholder.","7893","Test for getting the Placeholder value","","Tue Nov 25 13:38:22 UTC 2025","passed","Tue Nov 25 13:38:30 UTC 2025","","Info. Checking the basic functions for the DateTime","application.Samples.Info.DateTimeOnInfoTest","placeholder"
"The test gets the value from the placeholder attribute and returns it in String format","9194","Test for getting the Placeholder value","","Tue Nov 25 13:42:25 UTC 2025","passed","Tue Nov 25 13:42:34 UTC 2025","","Form. Checking the basic functions for the Number in the widget Form","application.Samples.Form.NumberOnFormTest","placeholder"
"The test gets the value in the field, and then checks the value in the field with what should be.","0","A test for checking a value in a field","","Tue Nov 25 13:16:08 UTC 2025","skipped","Tue Nov 25 13:16:08 UTC 2025","","List. Checking the basic functions for the Money in the widget List","application.Samples.List.MoneyOnListTest","read"
"The test sets the value in the field, and then checks the value in the field with what should be set","24917","A test for setting a value in a field","","Tue Nov 25 13:21:10 UTC 2025","passed","Tue Nov 25 13:21:35 UTC 2025","","List. Checking the basic functions for the Time","application.Samples.List.TimeOnListTest","edit"
"The test calls a modal window, after which the method returns Status-Value pairs depending on the column header.","26840","A test for checking values by column heading in a modal window","","Tue Nov 25 13:52:07 UTC 2025","passed","Tue Nov 25 13:52:34 UTC 2025","","Form. Checking the basic functions for the MultiValue in the widget Form","application.Samples.Form.MultiValueOnFormTest","test_status"
"The test clears the field and clicks the Save button. Then validates the message that the field is required","8223","Required Message text Verification field test","","Tue Nov 25 13:55:38 UTC 2025","passed","Tue Nov 25 13:55:46 UTC 2025","","Form. Checking the basic functions for the DateTime in the widget Form","application.Samples.Form.DateTimeOnFormTest","required"
"","11497","The test for getting the value from the field","","Tue Nov 25 13:36:24 UTC 2025","passed","Tue Nov 25 13:36:36 UTC 2025","","Info. Checking the basic functions for the Percent","application.Samples.Info.PercentOnInfoTest","read"
"Checking the url before the transition and after the transition/click on a special element","13647","The DrillDown test","","Tue Nov 25 13:20:17 UTC 2025","passed","Tue Nov 25 13:20:30 UTC 2025","","List. Checking the basic functions for the Time","application.Samples.List.TimeOnListTest","drillDown"
"DrillDown is not available for InfoWidget.","8194","The DrillDown test","","Tue Nov 25 13:36:52 UTC 2025","passed","Tue Nov 25 13:37:00 UTC 2025","","Info. Checking the basic functions for the Date","application.Samples.Info.DateOnInfoTest","drillDown"
"Sorting is not available for the Form widget","9615","Sorting test","","Tue Nov 25 13:40:03 UTC 2025","passed","Tue Nov 25 13:40:12 UTC 2025","","Form. Checking the basic functions for the Text in the widget Form","application.Samples.Form.TextOnFormTest","sorting"
"Checking the url before the transition and after the transition/click on a special element","8289","The DrillDown test","","Tue Nov 25 13:54:28 UTC 2025","passed","Tue Nov 25 13:54:36 UTC 2025","","Form. Checking the basic functions for the FileUpload in the widget Form","application.Samples.Form.FileUploadOnFormTest","drillDown"
"The test sets the value in the field, and then checks the value in the field with what should be set.","11358","A test for setting a value in a field","","Tue Nov 25 13:24:35 UTC 2025","passed","Tue Nov 25 13:24:46 UTC 2025","","List. Checking the basic functions for the FileUpload in the widget List","application.Samples.List.FileUploadOnListTest","edit"
"The test gets the value in the field, and then checks the value in the field with what should be.","0","A test for checking a value in a field","","Tue Nov 25 13:12:51 UTC 2025","skipped","Tue Nov 25 13:12:51 UTC 2025","","List. Checking the basic functions for the Percent in the widget List","application.Samples.List.PercentOnListTest","read"
"Info Widget is always read-only","10602","A test to check the field for ""Read-only""","","Tue Nov 25 13:40:05 UTC 2025","passed","Tue Nov 25 13:40:16 UTC 2025","","Info. Checking the basic functions for the Text","application.Samples.Info.TextOnInfoTest","readonly"
"The test checks for the disabled attribute.","9973","A test to check the field for ""Read-only""","","Tue Nov 25 13:13:40 UTC 2025","passed","Tue Nov 25 13:13:50 UTC 2025","","List. Checking the basic functions for the Money in the widget List","application.Samples.List.MoneyOnListTest","readonly"
"The transition/Redirect is not available","7322","The DrillDown test","","Tue Nov 25 13:47:33 UTC 2025","passed","Tue Nov 25 13:47:40 UTC 2025","","Form. Checking the basic functions for the Hint in the widget Form","application.Samples.Form.HintOnFormTest","drillDown"
"The test sets the value in the field via Popup using a unique id, and then checks the value in the field with what needs to be set","14567","A test for setting a value in a field","","Tue Nov 25 13:43:52 UTC 2025","passed","Tue Nov 25 13:44:06 UTC 2025","","Form. Checking the basic functions for the Suggestion PickList in the widget Form","application.Samples.Form.SuggestionPickListOnFormTest","edit"
"Checking the url before the transition and after the transition/click on a special element","8770","The DrillDown test","","Tue Nov 25 13:26:59 UTC 2025","passed","Tue Nov 25 13:27:08 UTC 2025","","List. Checking the basic functions for the Date in the widget List","application.Samples.List.DateOnListTest","drillDown"
"The test gets the value from the placeholder attribute and returns it in String format","9218","Test for getting the Placeholder value","","Tue Nov 25 13:53:19 UTC 2025","passed","Tue Nov 25 13:53:28 UTC 2025","","Form. Checking the basic functions for the MultiValue in the widget Form","application.Samples.Form.MultiValueOnFormTest","placeholder"
"Checking the url before the transition and after the transition/click on a special element","10094","The DrillDown test","","Tue Nov 25 13:13:21 UTC 2025","passed","Tue Nov 25 13:13:31 UTC 2025","","List. Checking the basic functions for the Money in the widget List","application.Samples.List.MoneyOnListTest","drillDown"
"Checking the url before the transition and after the transition/click on a special element","10428","The DrillDown test","","Tue Nov 25 13:19:07 UTC 2025","passed","Tue Nov 25 13:19:17 UTC 2025","","List. Checking the basic functions for the CheckBox","application.Samples.List.CheckBoxOnListTest","drillDown"
"The test clears the field and clicks the Save button. Then validates the message that the field is required","12401","Required Message text Verification field test","","Tue Nov 25 13:45:40 UTC 2025","passed","Tue Nov 25 13:45:52 UTC 2025","","Form. Checking the basic functions for the InlinePickList in the widget Form","application.Samples.Form.InlinePickListOnFormTest","required"
"Checking the url before the transition and after the transition/click on a special element","7741","The DrillDown test","","Tue Nov 25 13:45:23 UTC 2025","passed","Tue Nov 25 13:45:31 UTC 2025","","Form. Checking the basic functions for the DateTimeWithSeconds in the widget Form","application.Samples.Form.DateTimeWithSecondsOnFormTest","drillDown"
"Filtering by the specified column.","11708","Filtering test","","Tue Nov 25 13:19:17 UTC 2025","passed","Tue Nov 25 13:19:29 UTC 2025","","List. Checking the basic functions for the CheckBox","application.Samples.List.CheckBoxOnListTest","filtration"
"The test gets the value from the placeholder attribute and returns it in String format","14913","Test for getting the Placeholder value","","Tue Nov 25 13:22:40 UTC 2025","passed","Tue Nov 25 13:22:54 UTC 2025","","List. Checking the basic functions for the Time","application.Samples.List.TimeOnListTest","placeholder"
"Filtering is not available for the Form widget","11892","Filtering test","","Tue Nov 25 13:48:10 UTC 2025","passed","Tue Nov 25 13:48:22 UTC 2025","","Form. Checking the basic functions for the Dictionary in the widget Form","application.Samples.Form.DictionaryOnFormTest","filtration"
"The test sets the value in the field. After approval, by clicking on the save button, the popup window, the title, the text in it, and the buttons are validated","10494","Confirmation Popup Validation Test","","Tue Nov 25 13:50:38 UTC 2025","passed","Tue Nov 25 13:50:49 UTC 2025","","Form. Checking the basic functions for the PickList in the widget Form","application.Samples.Form.PickListOnFormTest","confirm"
"Sorting is not available for the Form widget","7738","Sorting test","","Tue Nov 25 13:48:10 UTC 2025","passed","Tue Nov 25 13:48:18 UTC 2025","","Form. Checking the basic functions for the Input in the widget Form","application.Samples.Form.InputOnFormTest","sorting"
"Filtering is not available for the Form widget","8445","Filtering test","","Tue Nov 25 13:50:28 UTC 2025","passed","Tue Nov 25 13:50:36 UTC 2025","","Form. Checking the basic functions for the MultiValue in the widget Form","application.Samples.Form.MultiValueOnFormTest","filtration"
"The test gets the value from the placeholder attribute and returns it in String format","9814","Test for getting the Placeholder value","","Tue Nov 25 13:16:26 UTC 2025","passed","Tue Nov 25 13:16:36 UTC 2025","","List. Checking the basic functions for the Money in the widget List","application.Samples.List.MoneyOnListTest","placeholder"
"The test gets the value from the style attribute in RGB format, and then converts it to Hex format","14956","A test to get the field color value in Hex format","","Tue Nov 25 13:11:10 UTC 2025","passed","Tue Nov 25 13:11:25 UTC 2025","","List. Checking the basic functions for the SuggestionPickList in the widget List","application.Samples.List.SuggestionPickListOnListTest","color"
"The test clear the value in the field , and then checks the value in the field, it must be null.","8889","A test for checking the possibility of an empty field","","Tue Nov 25 13:42:30 UTC 2025","passed","Tue Nov 25 13:42:39 UTC 2025","","Form. Checking the basic functions for the Money in the widget Form","application.Samples.Form.MoneyOnFormTest","nullable"
"","9718","The test for getting the value from the field","","Tue Nov 25 13:34:58 UTC 2025","passed","Tue Nov 25 13:35:08 UTC 2025","","Info. Checking the basic functions for the CheckBox","application.Samples.Info.CheckboxOnInfoTest","read"
"The test checks for the disabled attribute","9800","A test to check the field for ""Read-only""","","Tue Nov 25 13:47:42 UTC 2025","passed","Tue Nov 25 13:47:52 UTC 2025","","Form. Checking the basic functions for the Radio in the widget Form","application.Samples.Form.RadioOnFormTest","readonly"
"The test clears the field and clicks the Save button. Then validates the message that the field is required.","24189","Required Message text Verification field test","","Tue Nov 25 13:23:08 UTC 2025","passed","Tue Nov 25 13:23:32 UTC 2025","","List. Checking the basic functions for the Text in the widget List","application.Samples.List.TextOnListTest","required"
"The test gets the value in the field, and then checks the value in the field with what should be.","0","A test for checking a value in a field","","Tue Nov 25 13:10:57 UTC 2025","skipped","Tue Nov 25 13:10:57 UTC 2025","","List. Checking the basic functions for the Radio in the widget List","application.Samples.List.RadioOnListTest","read"
"Filtering is not available for the Form widget","9827","Filtering test","","Tue Nov 25 13:52:22 UTC 2025","passed","Tue Nov 25 13:52:32 UTC 2025","","Form. Checking the basic functions for the MultipleSelect in the widget Form","application.Samples.Form.MultipleSelectOnFormTest","filtration"
"The test gets the value from the style attribute in RGB format, and then converts it to Hex format","7619","A test to get the field color value in Hex format","","Tue Nov 25 13:31:59 UTC 2025","passed","Tue Nov 25 13:32:07 UTC 2025","","Info. Checking the basic functions for the PickList","application.Samples.Info.PickListOnInfoTest","color"
"The test gets the value from the placeholder attribute and returns it in String format","11748","Test for getting the Placeholder value","","Tue Nov 25 13:49:46 UTC 2025","passed","Tue Nov 25 13:49:57 UTC 2025","","Form. Checking the basic functions for the Dictionary in the widget Form","application.Samples.Form.DictionaryOnFormTest","placeholder"
"The test sets the value in the field via Popup using a unique id, and then checks the value in the field with what needs to be set","9884","A test for setting a value in a field","","Tue Nov 25 13:50:18 UTC 2025","passed","Tue Nov 25 13:50:28 UTC 2025","","Form. Checking the basic functions for the PickList in the widget Form","application.Samples.Form.PickListOnFormTest","edit"
"The method returns Option-Status pairs, for all. The test checks each pair.","11323","Test to check the status of all options","","Tue Nov 25 13:17:19 UTC 2025","passed","Tue Nov 25 13:17:31 UTC 2025","","List. Checking the basic functions for the MultipleSelect in the widget List","application.Samples.List.MultipleSelectOnListTest","statusOptions"
"The test checks for the disabled attribute.","8865","A test to check the field for ""Read-only""","","Tue Nov 25 13:12:27 UTC 2025","passed","Tue Nov 25 13:12:36 UTC 2025","","List. Checking the basic functions for the Number in the widget List","application.Samples.List.NumberOnListTest","readonly"
"The test gets the value from the placeholder attribute and returns it in String format","10749","Test for getting the Placeholder value","","Tue Nov 25 13:20:21 UTC 2025","passed","Tue Nov 25 13:20:32 UTC 2025","","List. Checking the basic functions for the MultiValue in the widget List","application.Samples.List.MultiValueOnListTest","placeholder"
"The test sets the value with the wrong data type in the field. After approval, it checks the text under the field, which informs about the correctness of the type of data entered","9858","Required Message validation test for one field","","Tue Nov 25 13:55:28 UTC 2025","passed","Tue Nov 25 13:55:38 UTC 2025","","Form. Checking the basic functions for the DateTime in the widget Form","application.Samples.Form.DateTimeOnFormTest","fieldLevelValidationAnnotation"
"Sorting is not available for the Form widget","9068","Sorting test","","Tue Nov 25 13:40:47 UTC 2025","passed","Tue Nov 25 13:40:56 UTC 2025","","Form. Checking the basic functions for the Number in the widget Form","application.Samples.Form.NumberOnFormTest","sorting"
"Getting the field color is not available","10040","A test to get the field color value in Hex format","","Tue Nov 25 13:54:41 UTC 2025","passed","Tue Nov 25 13:54:51 UTC 2025","","Form. Checking the basic functions for the MultiValueHover in the widget Form","application.Samples.Form.MultiValueHoverOnFormTest","color"
"The test sets the value in the field. After approval, the popup window, the title, the text in it, and the buttons are validated.","13714","Business Exception Validation Test","","Tue Nov 25 13:19:54 UTC 2025","passed","Tue Nov 25 13:20:08 UTC 2025","","List. Checking the basic functions for the CheckBox","application.Samples.List.CheckBoxOnListTest","businessException"
"The test sets the value in the field. After approval, by clicking on the save button, the popup window, the title, the text in it, and the buttons are validated.","13942","Confirmation Popup Validation Test","","Tue Nov 25 13:24:29 UTC 2025","passed","Tue Nov 25 13:24:43 UTC 2025","","List. Checking the basic functions for the Text in the widget List","application.Samples.List.TextOnListTest","confirm"
"Info Widget is always read-only","11370","A test to check the field for ""Read-only""","","Tue Nov 25 13:36:00 UTC 2025","passed","Tue Nov 25 13:36:12 UTC 2025","","Info. Checking the basic functions for the Dictionary","application.Samples.Info.DictionaryOnInfoTest","readonly"
"Filtering is not available for the Form widget","8698","Filtering test","","Tue Nov 25 13:49:49 UTC 2025","passed","Tue Nov 25 13:49:58 UTC 2025","","Form. Checking the basic functions for the PickList in the widget Form","application.Samples.Form.PickListOnFormTest","filtration"
"Sorting is not available for InfoWidget.","5747","Sorting test","","Tue Nov 25 13:36:46 UTC 2025","passed","Tue Nov 25 13:36:52 UTC 2025","","Info. Checking the basic functions for the Date","application.Samples.Info.DateOnInfoTest","sorting"
"DrillDown is not available for InfoWidget.","10150","The DrillDown test","","Tue Nov 25 13:34:29 UTC 2025","passed","Tue Nov 25 13:34:39 UTC 2025","","Info. Checking the basic functions for the CheckBox","application.Samples.Info.CheckboxOnInfoTest","drillDown"
"The test checks for the disabled attribute.","11648","A test to check the field for ""Read-only""","","Tue Nov 25 13:09:44 UTC 2025","passed","Tue Nov 25 13:09:56 UTC 2025","","List. Checking the basic functions for the Radio in the widget List","application.Samples.List.RadioOnListTest","readonly"
"The test sets the value in the field. After approval, by clicking on the save button, the popup window, the title, the text in it, and the buttons are validated","11862","Confirmation Popup Validation Test","","Tue Nov 25 13:53:42 UTC 2025","passed","Tue Nov 25 13:53:54 UTC 2025","","Form. Checking the basic functions for the Percent in the widget Form","application.Samples.Form.PercentOnFormTest","confirm"
"The test gets the value in the field, and then checks the value in the field with what should be.","8801","A test for checking a value in a field","","Tue Nov 25 13:19:41 UTC 2025","passed","Tue Nov 25 13:19:50 UTC 2025","","List. Checking the basic functions for the Hint in the widget List","application.Samples.List.HintOnListTest","read"
"The InfoWidget doesn't have a Placeholder.","8605","Test for getting the Placeholder value","","Tue Nov 25 13:36:37 UTC 2025","passed","Tue Nov 25 13:36:46 UTC 2025","","Info. Checking the basic functions for the Money","application.Samples.Info.MoneyOnInfoTest","placeholder"
"Filtering by the specified column.","0","Filtering test","","Tue Nov 25 13:20:30 UTC 2025","skipped","Tue Nov 25 13:20:30 UTC 2025","","List. Checking the basic functions for the Time","application.Samples.List.TimeOnListTest","filtration"
"The test checks the status of one option, whether it is selected or not","10439","A test to check the status of one option","","Tue Nov 25 13:54:43 UTC 2025","passed","Tue Nov 25 13:54:53 UTC 2025","","Form. Checking the basic functions for the MultipleSelect in the widget Form","application.Samples.Form.MultipleSelectOnFormTest","statusOption"
"The test sets the value in the field, and then checks the value in the field with what should be set","13079","A test for setting a value in a field","","Tue Nov 25 13:56:05 UTC 2025","passed","Tue Nov 25 13:56:19 UTC 2025","","Form. Checking the basic functions for the Time","application.Samples.Form.TimeOnFormTest","edit2"
"The test sets the value in the field. After approval, by clicking on the save button, the popup window, the title, the text in it, and the buttons are validated.","12486","Confirmation Popup Validation Test","","Tue Nov 25 13:17:07 UTC 2025","passed","Tue Nov 25 13:17:19 UTC 2025","","List. Checking the basic functions for the MultipleSelect in the widget List","application.Samples.List.MultipleSelectOnListTest","confirm"
"The test opens a modal window, clears the field, closes the window, and then checks the message under the field.","11738","Required Message text Verification field test","","Tue Nov 25 13:53:07 UTC 2025","passed","Tue Nov 25 13:53:19 UTC 2025","","Form. Checking the basic functions for the MultiValue in the widget Form","application.Samples.Form.MultiValueOnFormTest","required_2"
"The test sets the value in the field. After approval, the popup window, the title, the text in it, and the buttons are validated.","10829","Business Exception Validation Test","","Tue Nov 25 13:13:19 UTC 2025","passed","Tue Nov 25 13:13:30 UTC 2025","","List. Checking the basic functions for the Number in the widget List","application.Samples.List.NumberOnListTest","businessException"
"Sorting is not available for InfoWidget.","8480","Sorting test","","Tue Nov 25 13:39:05 UTC 2025","passed","Tue Nov 25 13:39:13 UTC 2025","","Info. Checking the basic functions for the DateTimeWithSeconds","application.Samples.Info.DateTimeWithSecondsOnInfoTest","sorting"
"The test sets the value in the field. After approval, by clicking on the save button, the popup window, the title, the text in it, and the buttons are validated","9926","Confirmation Popup Validation Test","","Tue Nov 25 13:56:20 UTC 2025","passed","Tue Nov 25 13:56:30 UTC 2025","","Form. Checking the basic functions for the DateTime in the widget Form","application.Samples.Form.DateTimeOnFormTest","confirm"
"The test sets the value with the wrong data type in the field. After approval, it checks the text under the field, which informs about the correctness of the type of data entered","12078","Required Message validation test for one field","","Tue Nov 25 13:52:30 UTC 2025","passed","Tue Nov 25 13:52:42 UTC 2025","","Form. Checking the basic functions for the Percent in the widget Form","application.Samples.Form.PercentOnFormTest","fieldLevelValidationAnnotation"
"The test gets the value from the style attribute in RGB format, and then converts it to Hex format","10259","A test to get the field color value in Hex format","","Tue Nov 25 13:40:26 UTC 2025","passed","Tue Nov 25 13:40:36 UTC 2025","","Info. Checking the basic functions for the Text","application.Samples.Info.TextOnInfoTest","color"
"InfoWidget does not have a Hex field color for this type.","8399","A test to get the field color value in Hex format","","Tue Nov 25 13:35:08 UTC 2025","passed","Tue Nov 25 13:35:16 UTC 2025","","Info. Checking the basic functions for the CheckBox","application.Samples.Info.CheckboxOnInfoTest","color"
"Sorting is not available for InfoWidget.","11430","Sorting test","","Tue Nov 25 13:35:26 UTC 2025","passed","Tue Nov 25 13:35:38 UTC 2025","","Info. Checking the basic functions for the Dictionary","application.Samples.Info.DictionaryOnInfoTest","sorting"
"The test sets the value in the field. After approval, the popup window, the title, the text in it, and the buttons are validated","11111","Run-time exception validation test","","Tue Nov 25 13:50:59 UTC 2025","passed","Tue Nov 25 13:51:10 UTC 2025","","Form. Checking the basic functions for the PickList in the widget Form","application.Samples.Form.PickListOnFormTest","runtimeException"
"Sorting by the specified column.","76374","Sorting test","","Tue Nov 25 13:08:08 UTC 2025","passed","Tue Nov 25 13:09:24 UTC 2025","","List. Checking the basic functions for the SuggestionPickList in the widget List","application.Samples.List.SuggestionPickListOnListTest","sorting"
"The test gets the value in the field, and then checks the value in the field with what should be.","0","A test for checking a value in a field","","Tue Nov 25 13:16:57 UTC 2025","skipped","Tue Nov 25 13:16:57 UTC 2025","","List. Checking the basic functions for the Input in the widget List","application.Samples.List.InputOnListTest","read"
"DrillDown is not available for InfoWidget.","11224","The DrillDown test","","Tue Nov 25 13:35:41 UTC 2025","passed","Tue Nov 25 13:35:52 UTC 2025","","Info. Checking the basic functions for the Percent","application.Samples.Info.PercentOnInfoTest","drillDown"
"The transition/Redirect is not available","8560","The DrillDown test","","Tue Nov 25 13:19:06 UTC 2025","passed","Tue Nov 25 13:19:15 UTC 2025","","List. Checking the basic functions for the Hint in the widget List","application.Samples.List.HintOnListTest","drillDown"
"The test sets the value with the wrong data type in the field. After approval, it checks the text under the field, which informs about the correctness of the type of data entered","10517","Required Message validation test for one field","","Tue Nov 25 13:43:30 UTC 2025","passed","Tue Nov 25 13:43:40 UTC 2025","","Form. Checking the basic functions for the Date in the widget Form","application.Samples.Form.DateOnFormTest","fieldLevelValidationAnnotationAlternative"
"The test sets the value in the field. After approval, the popup window, the title, the text in it, and the buttons are validated","13429","Business Exception Validation Test","","Tue Nov 25 13:48:57 UTC 2025","passed","Tue Nov 25 13:49:10 UTC 2025","","Form. Checking the basic functions for the Dictionary in the widget Form","application.Samples.Form.DictionaryOnFormTest","businessException"
"The test gets the value from the style attribute in RGB format, and then converts it to Hex format","9926","A test to get the field color value in Hex format","","Tue Nov 25 13:16:46 UTC 2025","passed","Tue Nov 25 13:16:56 UTC 2025","","List. Checking the basic functions for the MultipleSelect in the widget List","application.Samples.List.MultipleSelectOnListTest","color"
"Checking the url before the transition and after the transition/click on a special element","11407","The DrillDown test","","Tue Nov 25 13:30:19 UTC 2025","passed","Tue Nov 25 13:30:31 UTC 2025","","List. Checking the basic functions for the Dictionary in the widget List","application.Samples.List.DictionaryOnListTest","drillDown"
"Filtering is not available for the Form widget","10309","Filtering test","","Tue Nov 25 13:40:24 UTC 2025","passed","Tue Nov 25 13:40:34 UTC 2025","","Form. Checking the basic functions for the Text in the widget Form","application.Samples.Form.TextOnFormTest","filtration"
"The test sets several values in the field, then checks the list with the expected value.","21506","A test for setting multiple values in a field","","Tue Nov 25 13:51:04 UTC 2025","passed","Tue Nov 25 13:51:25 UTC 2025","","Form. Checking the basic functions for the MultiValue in the widget Form","application.Samples.Form.MultiValueOnFormTest","test_set"
"The test checks for the disabled attribute","8199","A test to check the field for ""Read-only""","","Tue Nov 25 13:45:39 UTC 2025","passed","Tue Nov 25 13:45:47 UTC 2025","","Form. Checking the basic functions for the DateTimeWithSeconds in the widget Form","application.Samples.Form.DateTimeWithSecondsOnFormTest","readonly"
"The test sets the value in the field. After approval, the popup window, the title, the text in it, and the buttons are validated.","11691","Business Exception Validation Test","","Tue Nov 25 13:10:21 UTC 2025","passed","Tue Nov 25 13:10:33 UTC 2025","","List. Checking the basic functions for the Radio in the widget List","application.Samples.List.RadioOnListTest","businessException"
"Checking the url before the transition and after the transition/click on a special element","8152","The DrillDown test","","Tue Nov 25 13:15:15 UTC 2025","passed","Tue Nov 25 13:15:23 UTC 2025","","List. Checking the basic functions for the Input in the widget List","application.Samples.List.InputOnListTest","drillDown"
"The test sets the value in the field, and then checks the value in the field with what should be set","11607","A test for setting a value in a field","","Tue Nov 25 13:48:14 UTC 2025","passed","Tue Nov 25 13:48:25 UTC 2025","","Form. Checking the basic functions for the Radio in the widget Form","application.Samples.Form.RadioOnFormTest","edit"
"InfoWidget does not have a Hex field color for this type.","8429","A test to get the field color value in Hex format","","Tue Nov 25 13:33:08 UTC 2025","passed","Tue Nov 25 13:33:16 UTC 2025","","Info. Checking the basic functions for the FileUp","application.Samples.Info.FileUploadOnInfoTest","color"
"The test gets the value from the style attribute in RGB format, and then converts it to Hex format","9744","A test to get the field color value in Hex format","","Tue Nov 25 13:19:47 UTC 2025","passed","Tue Nov 25 13:19:57 UTC 2025","","List. Checking the basic functions for the MultiValue in the widget List","application.Samples.List.MultiValueOnListTest","color"
"The test sets the value in the field. After approval, the popup window, the title, the text in it, and the buttons are validated.","24999","Business Exception Validation Test","","Tue Nov 25 13:11:55 UTC 2025","passed","Tue Nov 25 13:12:20 UTC 2025","","List. Checking the basic functions for the Percent in the widget List","application.Samples.List.PercentOnListTest","businessException"
"The test clears the field and clicks the Save button. Then validates the message that the field is required","12065","Required Message text Verification field test","","Tue Nov 25 13:52:42 UTC 2025","passed","Tue Nov 25 13:52:54 UTC 2025","","Form. Checking the basic functions for the Percent in the widget Form","application.Samples.Form.PercentOnFormTest","required"
"Sorting is not available for the Form widget","9344","Sorting test","","Tue Nov 25 13:47:13 UTC 2025","passed","Tue Nov 25 13:47:22 UTC 2025","","Form. Checking the basic functions for the Radio in the widget Form","application.Samples.Form.RadioOnFormTest","sorting"
"Sorting by the specified column.","12644","Sorting test","","Tue Nov 25 13:18:54 UTC 2025","passed","Tue Nov 25 13:19:07 UTC 2025","","List. Checking the basic functions for the CheckBox","application.Samples.List.CheckBoxOnListTest","sorting"
"Filtering is not available for InfoWidget.","9170","Filtering test","","Tue Nov 25 13:39:56 UTC 2025","passed","Tue Nov 25 13:40:05 UTC 2025","","Info. Checking the basic functions for the Text","application.Samples.Info.TextOnInfoTest","filtration"
"The test sets a value with the wrong data type in several fields for different widgets. After approval, it checks the text under the field, which informs about the correctness of the type of data entered","43000","Required Message validation test for multiple fields","","Tue Nov 25 13:14:20 UTC 2025","passed","Tue Nov 25 13:15:03 UTC 2025","","List. Checking the basic functions for the Number in the widget List","application.Samples.List.NumberOnListTest","fieldLevelValidation"
"The test checks for the disabled attribute.","9632","A test to check the field for ""Read-only""","","Tue Nov 25 13:31:42 UTC 2025","passed","Tue Nov 25 13:31:52 UTC 2025","","List. Checking the basic functions for the DateTime in the widget List","application.Samples.List.DateTimeOnListTest","readonly"
"The test gets the value from the style attribute in RGB format, and then converts it to Hex format","9002","A test to get the field color value in Hex format","","Tue Nov 25 13:39:17 UTC 2025","passed","Tue Nov 25 13:39:26 UTC 2025","","Info. Checking the basic functions for the MultiValue","application.Samples.Info.MultiValueOnInfoTest","color"
"The test sets the value in the field, and then checks the value in the field with what should be set","11369","A test for setting a value in a field","","Tue Nov 25 13:41:21 UTC 2025","passed","Tue Nov 25 13:41:32 UTC 2025","","Form. Checking the basic functions for the Text in the widget Form","application.Samples.Form.TextOnFormTest","edit"
"The test gets the value from the style attribute in RGB format, and then converts it to Hex format","11214","A test to get the field color value in Hex format","","Tue Nov 25 13:36:35 UTC 2025","passed","Tue Nov 25 13:36:46 UTC 2025","","Info. Checking the basic functions for the Dictionary","application.Samples.Info.DictionaryOnInfoTest","color"
"Sorting is not available for InfoWidget.","9002","Sorting test","","Tue Nov 25 13:31:14 UTC 2025","passed","Tue Nov 25 13:31:23 UTC 2025","","Info. Checking the basic functions for the PickList","application.Samples.Info.PickListOnInfoTest","sorting"
"Checking the url before the transition and after the transition/click on a special element","11184","The DrillDown test","","Tue Nov 25 13:47:47 UTC 2025","passed","Tue Nov 25 13:47:59 UTC 2025","","Form. Checking the basic functions for the Dictionary in the widget Form","application.Samples.Form.DictionaryOnFormTest","drillDown"
"The test sets the value in the field. After approval, the popup window, the title, the text in it, and the buttons are validated","13452","Business Exception Validation Test","","Tue Nov 25 13:45:52 UTC 2025","passed","Tue Nov 25 13:46:06 UTC 2025","","Form. Checking the basic functions for the InlinePickList in the widget Form","application.Samples.Form.InlinePickListOnFormTest","businessException"
"The test gets the value from the style attribute in RGB format, and then converts it to  Hex format","9383","A test to get the field color value in Hex format","","Tue Nov 25 13:13:51 UTC 2025","passed","Tue Nov 25 13:14:01 UTC 2025","","List. Checking the basic functions for the Number in the widget List","application.Samples.List.NumberOnListTest","color"
"The test sets a value with the wrong data type in several fields for different widgets. After approval, it checks the text under the field, which informs about the correctness of the type of data entered","47237","Required Message validation test for multiple fields","","Tue Nov 25 13:11:58 UTC 2025","passed","Tue Nov 25 13:12:45 UTC 2025","","List. Checking the basic functions for the Radio in the widget List","application.Samples.List.RadioOnListTest","fieldLevelValidation"
"The test sets the value with the wrong data type in the field. After approval, it checks the text under the field, which informs about the correctness of the type of data entered.","42885","Required Message validation test for one field","","Tue Nov 25 13:13:50 UTC 2025","passed","Tue Nov 25 13:14:33 UTC 2025","","List. Checking the basic functions for the Money in the widget List","application.Samples.List.MoneyOnListTest","fieldLevelValidationAnnotation"
"The test checks for the disabled attribute","12402","A test to check the field for ""Read-only""","","Tue Nov 25 13:55:13 UTC 2025","passed","Tue Nov 25 13:55:25 UTC 2025","","Form. Checking the basic functions for the Time","application.Samples.Form.TimeOnFormTest","readonly"
"Filtering is not available for InfoWidget.","9161","Filtering test","","Tue Nov 25 13:38:49 UTC 2025","passed","Tue Nov 25 13:38:58 UTC 2025","","Info. Checking the basic functions for the MultiValue","application.Samples.Info.MultiValueOnInfoTest","filtration"
"The test sets the value in the field. After approval, by clicking on the save button, the popup window, the title, the text in it, and the buttons are validated","13658","Confirmation Popup Validation Test","","Tue Nov 25 13:44:20 UTC 2025","passed","Tue Nov 25 13:44:33 UTC 2025","","Form. Checking the basic functions for the Suggestion PickList in the widget Form","application.Samples.Form.SuggestionPickListOnFormTest","confirm"
"Info Widget is always read-only","9332","A test to check the field for ""Read-only""","","Tue Nov 25 13:34:12 UTC 2025","passed","Tue Nov 25 13:34:21 UTC 2025","","Info. Checking the basic functions for the MultiValueHover","application.Samples.Info.MultiValueHoverOnInfoTest","readonly"
"Filtering is not available for InfoWidget.","8058","Filtering test","","Tue Nov 25 13:39:22 UTC 2025","passed","Tue Nov 25 13:39:30 UTC 2025","","Info. Checking the basic functions for the DateTimeWithSeconds","application.Samples.Info.DateTimeWithSecondsOnInfoTest","filtration"
"","11718","A test to check the options of the drop-down list","","Tue Nov 25 13:30:31 UTC 2025","passed","Tue Nov 25 13:30:43 UTC 2025","","List. Checking the basic functions for the Dictionary in the widget List","application.Samples.List.DictionaryOnListTest","options"
"The test sets the value in the field. After approval, the popup window, the title, the text in it, and the buttons are validated","13717","Run-time exception validation test","","Tue Nov 25 13:50:23 UTC 2025","passed","Tue Nov 25 13:50:37 UTC 2025","","Form. Checking the basic functions for the Dictionary in the widget Form","application.Samples.Form.DictionaryOnFormTest","runtimeException"
"The test gets the value from the style attribute in RGB format, and then converts it to Hex format","8368","A test to get the field color value in Hex format","","Tue Nov 25 13:36:20 UTC 2025","passed","Tue Nov 25 13:36:29 UTC 2025","","Info. Checking the basic functions for the Money","application.Samples.Info.MoneyOnInfoTest","color"
"","7073","The test for getting the value from the field","","Tue Nov 25 13:33:57 UTC 2025","passed","Tue Nov 25 13:34:04 UTC 2025","","Info. Checking the basic functions for the Input","application.Samples.Info.InputOnInfoTest","read"
"Checking the url before the transition and after the transition/click on a special element","7779","The DrillDown test","","Tue Nov 25 13:55:07 UTC 2025","passed","Tue Nov 25 13:55:15 UTC 2025","","Form. Checking the basic functions for the DateTime in the widget Form","application.Samples.Form.DateTimeOnFormTest","drillDown"
"The test sets the value in the field, and then checks the value in the field with what should be set.","19305","A test for setting a value in a field","","Tue Nov 25 13:16:38 UTC 2025","passed","Tue Nov 25 13:16:57 UTC 2025","","List. Checking the basic functions for the Input in the widget List","application.Samples.List.InputOnListTest","edit"
"The test sets the value in the field, and then checks the value in the field with what should be set.","21333","A test for setting a value in a field","","Tue Nov 25 13:13:30 UTC 2025","passed","Tue Nov 25 13:13:51 UTC 2025","","List. Checking the basic functions for the Number in the widget List","application.Samples.List.NumberOnListTest","edit"
"Filtering is not available for the Form widget","7098","Filtering test","","Tue Nov 25 13:55:15 UTC 2025","passed","Tue Nov 25 13:55:22 UTC 2025","","Form. Checking the basic functions for the DateTime in the widget Form","application.Samples.Form.DateTimeOnFormTest","filtration"
"Checking the url before the transition and after the transition/click on a special element","9424","The DrillDown test","","Tue Nov 25 13:12:01 UTC 2025","passed","Tue Nov 25 13:12:10 UTC 2025","","List. Checking the basic functions for the Number in the widget List","application.Samples.List.NumberOnListTest","drillDown"
"The test sets the value in the field, and then checks the value in the field with what should be set","11749","A test for setting a value in a field","","Tue Nov 25 13:53:07 UTC 2025","passed","Tue Nov 25 13:53:19 UTC 2025","","Form. Checking the basic functions for the Percent in the widget Form","application.Samples.Form.PercentOnFormTest","edit"
"The test sets the value in the field. After approval, the popup window, the title, the text in it, and the buttons are validated","11269","Run-time exception validation test","","Tue Nov 25 13:42:16 UTC 2025","passed","Tue Nov 25 13:42:28 UTC 2025","","Form. Checking the basic functions for the Text in the widget Form","application.Samples.Form.TextOnFormTest","runtimeException"
"Sorting is not available for the Form widget","7818","Sorting test","","Tue Nov 25 13:45:15 UTC 2025","passed","Tue Nov 25 13:45:23 UTC 2025","","Form. Checking the basic functions for the DateTimeWithSeconds in the widget Form","application.Samples.Form.DateTimeWithSecondsOnFormTest","sorting"
"Filtering is not available for InfoWidget.","10238","Filtering test","","Tue Nov 25 13:34:39 UTC 2025","passed","Tue Nov 25 13:34:49 UTC 2025","","Info. Checking the basic functions for the CheckBox","application.Samples.Info.CheckboxOnInfoTest","filtration"
"Filtering is not available for InfoWidget.","9192","Filtering test","","Tue Nov 25 13:31:33 UTC 2025","passed","Tue Nov 25 13:31:43 UTC 2025","","Info. Checking the basic functions for the PickList","application.Samples.Info.PickListOnInfoTest","filtration"
"Sorting is not available for InfoWidget.","7452","Sorting test","","Tue Nov 25 13:37:38 UTC 2025","passed","Tue Nov 25 13:37:45 UTC 2025","","Info. Checking the basic functions for the DateTime","application.Samples.Info.DateTimeOnInfoTest","sorting"
"The test sets the value in the field, and then checks the value in the field with what should be set","10130","A test for setting a value in a field","","Tue Nov 25 13:51:02 UTC 2025","passed","Tue Nov 25 13:51:13 UTC 2025","","Form. Checking the basic functions for the NumberDigits in the widget Form","application.Samples.Form.NumberDigitsOnFormTest","edit"
"The InfoWidget doesn't have a Placeholder.","8190","Test for getting the Placeholder value","","Tue Nov 25 13:39:54 UTC 2025","passed","Tue Nov 25 13:40:02 UTC 2025","","Info. Checking the basic functions for the DateTimeWithSeconds","application.Samples.Info.DateTimeWithSecondsOnInfoTest","placeholder"
"The test sets the value in the field, and then checks the value in the field with what should be set.","22402","A test for setting a value in a field","","Tue Nov 25 13:23:44 UTC 2025","passed","Tue Nov 25 13:24:06 UTC 2025","","List. Checking the basic functions for the Text in the widget List","application.Samples.List.TextOnListTest","edit"
"The test checks for the disabled attribute.","9819","A test to check the field for ""Read-only""","","Tue Nov 25 13:51:25 UTC 2025","passed","Tue Nov 25 13:51:35 UTC 2025","","Form. Checking the basic functions for the MultiValue in the widget Form","application.Samples.Form.MultiValueOnFormTest","readonly"
"Sorting is not available for the Form widget","10618","Sorting test","","Tue Nov 25 13:45:07 UTC 2025","passed","Tue Nov 25 13:45:17 UTC 2025","","Form. Checking the basic functions for the CheckBox","application.Samples.Form.CheckBoxOnFormTest","sorting"
"The test sets the value in the field. After approval, by clicking on the save button, the popup window, the title, the text in it, and the buttons are validated.","26013","Confirmation Popup Validation Test","","Tue Nov 25 13:28:58 UTC 2025","passed","Tue Nov 25 13:29:24 UTC 2025","","List. Checking the basic functions for the InlinePickList in the widget List","application.Samples.List.InlinePickListOnListTest","confirm"
"The test sets the value in the field, and then checks the value in the field with what should be set","9517","A test for setting a value in a field","","Tue Nov 25 13:55:55 UTC 2025","passed","Tue Nov 25 13:56:05 UTC 2025","","Form. Checking the basic functions for the DateTime in the widget Form","application.Samples.Form.DateTimeOnFormTest","edit"
"The test sets a value with the wrong data type in several fields for different widgets. After approval, it checks the text under the field, which informs about the correctness of the type of data entered","11571","Required Message validation test for multiple fields","","Tue Nov 25 13:54:20 UTC 2025","passed","Tue Nov 25 13:54:32 UTC 2025","","Form. Checking the basic functions for the MultipleSelect in the widget Form","application.Samples.Form.MultipleSelectOnFormTest","fieldLevelValidation"
"The InfoWidget doesn't have a Placeholder.","9856","Test for getting the Placeholder value","","Tue Nov 25 13:38:00 UTC 2025","passed","Tue Nov 25 13:38:10 UTC 2025","","Info. Checking the basic functions for the Radio","application.Samples.Info.RadioOnInfoTest","placeholder"
"","11223","A test to get a value for a multifield hint","","Tue Nov 25 13:51:30 UTC 2025","passed","Tue Nov 25 13:51:41 UTC 2025","","Form. Checking the basic functions for the MultiField in the widget Form","application.Samples.Form.MultiFieldOnFormTest","getValues"
"The test clears the field and clicks the Save button. Then validates the message that the field is required","7675","Required Message text Verification field test","","Tue Nov 25 13:43:58 UTC 2025","passed","Tue Nov 25 13:44:05 UTC 2025","","Form. Checking the basic functions for the Date in the widget Form","application.Samples.Form.DateOnFormTest","required"
"The test sets the value in the field. After approval, by clicking on the save button, the popup window, the title, the text in it, and the buttons are validated.","14507","Confirmation Popup Validation Test","","Tue Nov 25 13:32:43 UTC 2025","passed","Tue Nov 25 13:32:58 UTC 2025","","List. Checking the basic functions for the Dictionary in the widget List","application.Samples.List.DictionaryOnListTest","confirm"
"The test clears the field and clicks the Save button. Then validates the message that the field is required","9488","Required Message text Verification field test","","Tue Nov 25 13:55:04 UTC 2025","passed","Tue Nov 25 13:55:14 UTC 2025","","Form. Checking the basic functions for the FileUpload in the widget Form","application.Samples.Form.FileUploadOnFormTest","required"
"The test sets the value in the field, and then checks the value in the field with what should be set.","12845","A test for setting a value in a field","","Tue Nov 25 13:31:54 UTC 2025","passed","Tue Nov 25 13:32:07 UTC 2025","","List. Checking the basic functions for the Dictionary in the widget List","application.Samples.List.DictionaryOnListTest","edit"
"The test sets the value in the field. After approval, the popup window, the title, the text in it, and the buttons are validated.","11455","Run-time exception validation test","","Tue Nov 25 13:17:45 UTC 2025","passed","Tue Nov 25 13:17:56 UTC 2025","","List. Checking the basic functions for the MultipleSelect in the widget List","application.Samples.List.MultipleSelectOnListTest","runtimeException"
"The test gets the value from the style attribute in RGB format, and then converts it to Hex format","0","A test to get the field color value in Hex format","","Tue Nov 25 13:50:28 UTC 2025","skipped","Tue Nov 25 13:50:28 UTC 2025","","Form. Checking the basic functions for the PickList in the widget Form","application.Samples.Form.PickListOnFormTest","color"
"The test sets the value in the field, and then checks the value in the field with what should be set.","31818","A test for setting a value in a field","","Tue Nov 25 13:12:20 UTC 2025","passed","Tue Nov 25 13:12:51 UTC 2025","","List. Checking the basic functions for the Percent in the widget List","application.Samples.List.PercentOnListTest","edit"
"The test sets the value in the field. After approval, the popup window, the title, the text in it, and the buttons are validated.","11033","Run-time exception validation test","","Tue Nov 25 13:35:26 UTC 2025","passed","Tue Nov 25 13:35:37 UTC 2025","","List. Checking the basic functions for the DateTime in the widget List","application.Samples.List.DateTimeOnListTest","runtimeException"
"","9376","The test for getting the value from the field","","Tue Nov 25 13:39:08 UTC 2025","passed","Tue Nov 25 13:39:17 UTC 2025","","Info. Checking the basic functions for the MultiValue","application.Samples.Info.MultiValueOnInfoTest","read"
"The test deletes the value by checking the autocomplete in a blank field","12718","Auto-completion test after cleaning","","Tue Nov 25 13:51:31 UTC 2025","passed","Tue Nov 25 13:51:44 UTC 2025","","Form. Checking the basic functions for the Percent in the widget Form","application.Samples.Form.PercentOnFormTest","nullable"
"The test sets the value in the field, and then checks the value in the field with what should be set.","23940","A test for setting a value in a field","","Tue Nov 25 13:10:33 UTC 2025","passed","Tue Nov 25 13:10:57 UTC 2025","","List. Checking the basic functions for the Radio in the widget List","application.Samples.List.RadioOnListTest","edit"
"The test checks for the disabled attribute","5957","A test to check the field for ""Read-only""","","Tue Nov 25 13:55:22 UTC 2025","passed","Tue Nov 25 13:55:28 UTC 2025","","Form. Checking the basic functions for the DateTime in the widget Form","application.Samples.Form.DateTimeOnFormTest","readonly"
"Filtering is not available for the Form widget","10034","Filtering test","","Tue Nov 25 13:47:32 UTC 2025","passed","Tue Nov 25 13:47:42 UTC 2025","","Form. Checking the basic functions for the Radio in the widget Form","application.Samples.Form.RadioOnFormTest","filtration"
"The test checks the list of options that the method returns, with the expected result","10582","Test to get a list of options","","Tue Nov 25 13:52:11 UTC 2025","passed","Tue Nov 25 13:52:22 UTC 2025","","Form. Checking the basic functions for the MultipleSelect in the widget Form","application.Samples.Form.MultipleSelectOnFormTest","getListOptions"
"Filtering by the specified column.","10020","Filtering test","","Tue Nov 25 13:23:30 UTC 2025","passed","Tue Nov 25 13:23:40 UTC 2025","","List. Checking the basic functions for the FileUpload in the widget List","application.Samples.List.FileUploadOnListTest","filtration"
"The test sets the value with the wrong data type in the field. After approval, it checks the text under the field, which informs about the correctness of the type of data entered","12199","Required Message validation test for one field","","Tue Nov 25 13:40:45 UTC 2025","passed","Tue Nov 25 13:40:57 UTC 2025","","Form. Checking the basic functions for the Text in the widget Form","application.Samples.Form.TextOnFormTest","fieldLevelValidationAnnotation"
"The test sets the value in the field. After approval, the popup window, the title, the text in it, and the buttons are validated","11071","Business Exception Validation Test","","Tue Nov 25 13:48:03 UTC 2025","passed","Tue Nov 25 13:48:14 UTC 2025","","Form. Checking the basic functions for the Radio in the widget Form","application.Samples.Form.RadioOnFormTest","businessException"
"Filtering is not available for InfoWidget.","8275","Filtering test","","Tue Nov 25 13:32:42 UTC 2025","passed","Tue Nov 25 13:32:50 UTC 2025","","Info. Checking the basic functions for the FileUp","application.Samples.Info.FileUploadOnInfoTest","filtration"
"The test checks the value in the field with what should be set","12298","A test to read value","","Tue Nov 25 13:37:48 UTC 2025","passed","Tue Nov 25 13:38:00 UTC 2025","","Info. Checking the basic functions for the Time","application.Samples.Info.TimeOnInfoTest","read3"
"The test sets the value in the field. After approval, by clicking on the save button, the popup window, the title, the text in it, and the buttons are validated.","11714","Confirmation Popup Validation Test","","Tue Nov 25 13:25:37 UTC 2025","passed","Tue Nov 25 13:25:49 UTC 2025","","List. Checking the basic functions for the FileUpload in the widget List","application.Samples.List.FileUploadOnListTest","confirm"
"The test gets the value from the style attribute in RGB format, and then converts it to Hex format","11016","A test to get the field color value in Hex format","","Tue Nov 25 13:46:18 UTC 2025","passed","Tue Nov 25 13:46:30 UTC 2025","","Form. Checking the basic functions for the InlinePickList in the widget Form","application.Samples.Form.InlinePickListOnFormTest","color"
"The test sets the value with the wrong data type in the field. After approval, it checks the text under the field, which informs about the correctness of the type of data entered","10744","Required Message validation test for one field","","Tue Nov 25 13:43:47 UTC 2025","passed","Tue Nov 25 13:43:58 UTC 2025","","Form. Checking the basic functions for the Date in the widget Form","application.Samples.Form.DateOnFormTest","fieldLevelValidationAnnotation"
"The test sets the value in the field. After approval, by clicking on the save button, the popup window, the title, the text in it, and the buttons are validated.","10495","Confirmation Popup Validation Test","","Tue Nov 25 13:17:44 UTC 2025","passed","Tue Nov 25 13:17:54 UTC 2025","","List. Checking the basic functions for the Input in the widget List","application.Samples.List.InputOnListTest","confirm"
"The test checks for the disabled attribute.","11653","A test to check the field for ""Read-only""","","Tue Nov 25 13:30:55 UTC 2025","passed","Tue Nov 25 13:31:06 UTC 2025","","List. Checking the basic functions for the Dictionary in the widget List","application.Samples.List.DictionaryOnListTest","readonly"
"Sorting is not available for InfoWidget.","9107","Sorting test","","Tue Nov 25 13:38:30 UTC 2025","passed","Tue Nov 25 13:38:39 UTC 2025","","Info. Checking the basic functions for the MultiValue","application.Samples.Info.MultiValueOnInfoTest","sorting"
"","20977","test_1()","","Tue Nov 25 13:26:57 UTC 2025","passed","Tue Nov 25 13:27:18 UTC 2025","","List. Checking the basic functions for the PickList in the widget List","application.Samples.List.PickListOnListTest","test_1"
"The test sets the value in the field. After approval, by clicking on the save button, the popup window, the title, the text in it, and the buttons are validated.","33311","Confirmation Popup Validation Test","","Tue Nov 25 13:16:36 UTC 2025","passed","Tue Nov 25 13:17:09 UTC 2025","","List. Checking the basic functions for the Money in the widget List","application.Samples.List.MoneyOnListTest","confirm"
"The test verifies that after clearing the field, it is empty","8078","The test for deleting a file from a field","","Tue Nov 25 13:55:33 UTC 2025","passed","Tue Nov 25 13:55:41 UTC 2025","","Form. Checking the basic functions for the FileUpload in the widget Form","application.Samples.Form.FileUploadOnFormTest","clear"
"","6526","The test for getting the value from the field","","Tue Nov 25 13:37:15 UTC 2025","passed","Tue Nov 25 13:37:22 UTC 2025","","Info. Checking the basic functions for the Date","application.Samples.Info.DateOnInfoTest","read"
"The test sets the value with the wrong data type in the field. After approval, it checks the text under the field, which informs about the correctness of the type of data entered","10052","Required Message validation test for one field","","Tue Nov 25 13:54:54 UTC 2025","passed","Tue Nov 25 13:55:04 UTC 2025","","Form. Checking the basic functions for the FileUpload in the widget Form","application.Samples.Form.FileUploadOnFormTest","fieldLevelValidationAnnotation"
"The test edit a new field in the admin panel","16703","Test for edit admin value","","Tue Nov 25 13:41:27 UTC 2025","passed","Tue Nov 25 13:41:43 UTC 2025","","Checking the basic functions for the Dictionary administration panel","application.Samples.DictionaryAdministrationTest","edit"
"The test checks the creation and deletion in the dictionary and the result of this work on another screen.","32649","Test region at List","","Tue Nov 25 13:40:26 UTC 2025","passed","Tue Nov 25 13:40:58 UTC 2025","","Checking the basic functions for the Dictionary administration panel","application.Samples.DictionaryAdministrationTest","regionsList"
"The test gets the value from the placeholder attribute and returns it in String format","10876","Test for getting the Placeholder value","","Tue Nov 25 13:53:31 UTC 2025","passed","Tue Nov 25 13:53:42 UTC 2025","","Form. Checking the basic functions for the Percent in the widget Form","application.Samples.Form.PercentOnFormTest","placeholder"
"The test sets the value in the field. After approval, by clicking on the save button, the popup window, the title, the text in it, and the buttons are validated","11639","Confirmation Popup Validation Test","","Tue Nov 25 13:41:53 UTC 2025","passed","Tue Nov 25 13:42:04 UTC 2025","","Form. Checking the basic functions for the Text in the widget Form","application.Samples.Form.TextOnFormTest","confirm"
"The test sets the value with the wrong data type in the field. After approval, it checks the text under the field, which informs about the correctness of the type of data entered","10421","Required Message validation test for one field","","Tue Nov 25 13:43:05 UTC 2025","passed","Tue Nov 25 13:43:15 UTC 2025","","Form. Checking the basic functions for the Money in the widget Form","application.Samples.Form.MoneyOnFormTest","fieldLevelValidationAnnotation"
"The test gets the value from the placeholder attribute and returns it in String format","8616","Test for getting the Placeholder value","","Tue Nov 25 13:44:00 UTC 2025","passed","Tue Nov 25 13:44:08 UTC 2025","","Form. Checking the basic functions for the Money in the widget Form","application.Samples.Form.MoneyOnFormTest","placeholder"
"The test sets the value in the field. After approval, by clicking on the save button, the popup window, the title, the text in it, and the buttons are validated.","13768","Confirmation Popup Validation Test","","Tue Nov 25 13:20:32 UTC 2025","passed","Tue Nov 25 13:20:46 UTC 2025","","List. Checking the basic functions for the MultiValue in the widget List","application.Samples.List.MultiValueOnListTest","confirm"
"The test gets the value from the style attribute in RGB format, and then converts it to Hex format","10518","A test to get the field color value in Hex format","","Tue Nov 25 13:48:25 UTC 2025","passed","Tue Nov 25 13:48:36 UTC 2025","","Form. Checking the basic functions for the Radio in the widget Form","application.Samples.Form.RadioOnFormTest","color"
"The test gets the value from the placeholder attribute and returns it in String format","8648","Test for getting the Placeholder value","","Tue Nov 25 13:53:40 UTC 2025","passed","Tue Nov 25 13:53:48 UTC 2025","","Form. Checking the basic functions for the MultipleSelect in the widget Form","application.Samples.Form.MultipleSelectOnFormTest","placeholder"
"The test sets the value in the field. After approval, the popup window, the title, the text in it, and the buttons are validated","15676","Run-time exception validation test","","Tue Nov 25 13:44:51 UTC 2025","passed","Tue Nov 25 13:45:07 UTC 2025","","Form. Checking the basic functions for the Suggestion PickList in the widget Form","application.Samples.Form.SuggestionPickListOnFormTest","runtimeException"
"The test sets a value with the wrong data type in several fields for different widgets. After approval, it checks the text under the field, which informs about the correctness of the type of data entered","85234","Required Message validation test for multiple fields","","Tue Nov 25 13:17:09 UTC 2025","passed","Tue Nov 25 13:18:34 UTC 2025","","List. Checking the basic functions for the Money in the widget List","application.Samples.List.MoneyOnListTest","fieldLevelValidation"
"The test clears the field and clicks the Save button. Then validates the message that the field is required.","23725","Required Message text Verification field test","","Tue Nov 25 13:18:50 UTC 2025","passed","Tue Nov 25 13:19:13 UTC 2025","","List. Checking the basic functions for the MultiValue in the widget List","application.Samples.List.MultiValueOnListTest","required"
"","9311","The test for getting the value from the field","","Tue Nov 25 13:38:36 UTC 2025","passed","Tue Nov 25 13:38:45 UTC 2025","","Info. Checking the basic functions for the MultiplySelect","application.Samples.Info.MultipleSelectOnInfoTest","read"
"Filtering is not available for the Form widget","8504","Filtering test","","Tue Nov 25 13:42:48 UTC 2025","passed","Tue Nov 25 13:42:56 UTC 2025","","Form. Checking the basic functions for the Money in the widget Form","application.Samples.Form.MoneyOnFormTest","filtration"
"DrillDown is not available for InfoWidget.","10161","The DrillDown test","","Tue Nov 25 13:31:23 UTC 2025","passed","Tue Nov 25 13:31:33 UTC 2025","","Info. Checking the basic functions for the PickList","application.Samples.Info.PickListOnInfoTest","drillDown"
"Sorting is not available for InfoWidget.","10705","Sorting test","","Tue Nov 25 13:36:58 UTC 2025","passed","Tue Nov 25 13:37:09 UTC 2025","","Info. Checking the basic functions for the Radio","application.Samples.Info.RadioOnInfoTest","sorting"
"","8103","nullable()","","Tue Nov 25 13:40:56 UTC 2025","passed","Tue Nov 25 13:41:04 UTC 2025","","Form. Checking the basic functions for the Number in the widget Form","application.Samples.Form.NumberOnFormTest","nullable"
"The test checks for the disabled attribute.","11330","A test to check the field for ""Read-only""","","Tue Nov 25 13:19:29 UTC 2025","passed","Tue Nov 25 13:19:40 UTC 2025","","List. Checking the basic functions for the CheckBox","application.Samples.List.CheckBoxOnListTest","readonly"
"Filtering is not available for InfoWidget.","10717","Filtering test","","Tue Nov 25 13:38:21 UTC 2025","passed","Tue Nov 25 13:38:32 UTC 2025","","Info. Checking the basic functions for the MultiField","application.Samples.Info.MultiFieldOnInfoTest","filtration"
"The test gets the value from the placeholder attribute and returns it in String format","11012","Test for getting the Placeholder value","","Tue Nov 25 13:16:56 UTC 2025","passed","Tue Nov 25 13:17:07 UTC 2025","","List. Checking the basic functions for the MultipleSelect in the widget List","application.Samples.List.MultipleSelectOnListTest","placeholder"
"The test gets the value in the field, and then checks the value in the field with what should be.","0","A test for checking a value in a field","","Tue Nov 25 13:24:46 UTC 2025","skipped","Tue Nov 25 13:24:46 UTC 2025","","List. Checking the basic functions for the FileUpload in the widget List","application.Samples.List.FileUploadOnListTest","read"
"Info Widget is always read-only","8948","A test to check the field for ""Read-only""","","Tue Nov 25 13:39:16 UTC 2025","passed","Tue Nov 25 13:39:25 UTC 2025","","Info. Checking the basic functions for the Number","application.Samples.Info.NumberOnInfoTest","readonly"
"The test sets a value with the wrong data type in several fields for different widgets. After approval, it checks the text under the field, which informs about the correctness of the type of data entered","11062","Required Message validation test for multiple fields","","Tue Nov 25 13:44:18 UTC 2025","passed","Tue Nov 25 13:44:29 UTC 2025","","Form. Checking the basic functions for the Money in the widget Form","application.Samples.Form.MoneyOnFormTest","fieldLevelValidation"
"The test sets the value in the field. After approval, the popup window, the title, the text in it, and the buttons are validated.","9550","Run-time exception validation test","","Tue Nov 25 13:18:37 UTC 2025","passed","Tue Nov 25 13:18:47 UTC 2025","","List. Checking the basic functions for the Input in the widget List","application.Samples.List.InputOnListTest","runtimeException"
"The test gets the value from the style attribute in RGB format, and then converts it to Hex format","11198","A test to get the field color value in Hex format","","Tue Nov 25 13:24:06 UTC 2025","passed","Tue Nov 25 13:24:18 UTC 2025","","List. Checking the basic functions for the Text in the widget List","application.Samples.List.TextOnListTest","color"
"InfoWidget does not have a Hex field color for this type.","6861","A test to get the field color value in Hex format","","Tue Nov 25 13:35:23 UTC 2025","passed","Tue Nov 25 13:35:30 UTC 2025","","Info. Checking the basic functions for the Hint","application.Samples.Info.HintOnInfoTest","color"
"The test clears the field and clicks the Save button. Then validates the message that the field is required.","21907","Required Message text Verification field test","","Tue Nov 25 13:16:07 UTC 2025","passed","Tue Nov 25 13:16:29 UTC 2025","","List. Checking the basic functions for the Input in the widget List","application.Samples.List.InputOnListTest","required"
"DrillDown is not available for InfoWidget.","8562","The DrillDown test","","Tue Nov 25 13:39:13 UTC 2025","passed","Tue Nov 25 13:39:22 UTC 2025","","Info. Checking the basic functions for the DateTimeWithSeconds","application.Samples.Info.DateTimeWithSecondsOnInfoTest","drillDown"
"The test sets a value with the wrong data type in several fields for different widgets. After approval, it checks the text under the field, which informs about the correctness of the type of data entered","12491","Required Message validation test for multiple fields","","Tue Nov 25 13:50:11 UTC 2025","passed","Tue Nov 25 13:50:23 UTC 2025","","Form. Checking the basic functions for the Dictionary in the widget Form","application.Samples.Form.DictionaryOnFormTest","fieldLevelValidation"
"The test clears the field and clicks the Save button. Then validates the message that the field is required.","23122","Required Message text Verification field test","","Tue Nov 25 13:27:58 UTC 2025","passed","Tue Nov 25 13:28:21 UTC 2025","","List. Checking the basic functions for the Date in the widget List","application.Samples.List.DateOnListTest","required"
"Currency check at the field","8471","Currency test","","Tue Nov 25 13:36:29 UTC 2025","passed","Tue Nov 25 13:36:37 UTC 2025","","Info. Checking the basic functions for the Money","application.Samples.Info.MoneyOnInfoTest","currency"
"The test sets the value in the field. After approval, the popup window, the title, the text in it, and the buttons are validated","12127","Business Exception Validation Test","","Tue Nov 25 13:46:11 UTC 2025","passed","Tue Nov 25 13:46:23 UTC 2025","","Form. Checking the basic functions for the CheckBox","application.Samples.Form.CheckBoxOnFormTest","businessException"
"The test sets the value in the field. After approval, by clicking on the save button, the popup window, the title, the text in it, and the buttons are validated","13348","Confirmation Popup Validation Test","","Tue Nov 25 13:49:57 UTC 2025","passed","Tue Nov 25 13:50:11 UTC 2025","","Form. Checking the basic functions for the Dictionary in the widget Form","application.Samples.Form.DictionaryOnFormTest","confirm"
"","13417","A test to get a value for a multifield hint","","Tue Nov 25 13:21:45 UTC 2025","passed","Tue Nov 25 13:21:59 UTC 2025","","List. Checking the basic functions for the MultiField in the widget List","application.Samples.List.MultiFieldOnListTest","getValues"
"The test checks the creation and deletion in the dictionary and the result of this work on another screen.","11122","Test sorting at Form","","Tue Nov 25 13:59:14 UTC 2025","broken","Tue Nov 25 13:59:26 UTC 2025","","Checking the basic functions for the Dictionary administration panel","application.Samples.DictionaryAdministrationTest","sortingForm"
"Filtering is not available for InfoWidget.","8481","Filtering test","","Tue Nov 25 13:39:08 UTC 2025","passed","Tue Nov 25 13:39:16 UTC 2025","","Info. Checking the basic functions for the Number","application.Samples.Info.NumberOnInfoTest","filtration"
"The test sets the value in the field. After approval, the popup window, the title, the text in it, and the buttons are validated.","15217","Run-time exception validation test","","Tue Nov 25 13:26:09 UTC 2025","passed","Tue Nov 25 13:26:24 UTC 2025","","List. Checking the basic functions for the FileUpload in the widget List","application.Samples.List.FileUploadOnListTest","runtimeException"
"The test checks the value of the digits attributes","8293","Required Message text Verification field test","","Tue Nov 25 13:49:22 UTC 2025","passed","Tue Nov 25 13:49:30 UTC 2025","","Form. Checking the basic functions for the Input in the widget Form","application.Samples.Form.InputOnFormTest","maxInput"
"The test checks for the disabled attribute","10256","A test to check the field for ""Read-only""","","Tue Nov 25 13:45:38 UTC 2025","passed","Tue Nov 25 13:45:49 UTC 2025","","Form. Checking the basic functions for the CheckBox","application.Samples.Form.CheckBoxOnFormTest","readonly"
"The test clears the field and clicks the Save button. Then validates the message that the field is required.","22097","Required Message text Verification field test","","Tue Nov 25 13:28:13 UTC 2025","passed","Tue Nov 25 13:28:36 UTC 2025","","List. Checking the basic functions for the PickList in the widget List","application.Samples.List.PickListOnListTest","required"
"Checking the url before the transition and after the transition/click on a special element","11514","The DrillDown test","","Tue Nov 25 13:25:57 UTC 2025","passed","Tue Nov 25 13:26:09 UTC 2025","","List. Checking the basic functions for the InlinePickList in the widget List","application.Samples.List.InlinePickListOnListTest","drillDown"
"The test gets the value from the placeholder attribute and returns it in String format","8125","Test for getting the Placeholder value","","Tue Nov 25 13:44:34 UTC 2025","passed","Tue Nov 25 13:44:42 UTC 2025","","Form. Checking the basic functions for the Date in the widget Form","application.Samples.Form.DateOnFormTest","placeholder"
"The test clears the field and clicks the Save button. Then validates the message that the field is required","10295","Required Message text Verification field test","","Tue Nov 25 13:41:48 UTC 2025","passed","Tue Nov 25 13:41:58 UTC 2025","","Form. Checking the basic functions for the Number in the widget Form","application.Samples.Form.NumberOnFormTest","required"
"The test sets the value with the wrong data type in the field. After approval, it checks the text under the field, which informs about the correctness of the type of data entered.","36487","Required Message validation test for one field","","Tue Nov 25 13:10:54 UTC 2025","passed","Tue Nov 25 13:11:30 UTC 2025","","List. Checking the basic functions for the Percent in the widget List","application.Samples.List.PercentOnListTest","fieldLevelValidationAnnotation"
"The test gets the value from the style attribute in RGB format, and then converts it to Hex format","9716","A test to get the field color value in Hex format","","Tue Nov 25 13:53:30 UTC 2025","passed","Tue Nov 25 13:53:40 UTC 2025","","Form. Checking the basic functions for the MultipleSelect in the widget Form","application.Samples.Form.MultipleSelectOnFormTest","color"
"The test checks for the disabled attribute","8506","A test to check the field for ""Read-only""","","Tue Nov 25 13:41:30 UTC 2025","passed","Tue Nov 25 13:41:38 UTC 2025","","Form. Checking the basic functions for the Number in the widget Form","application.Samples.Form.NumberOnFormTest","readonly"
"Sorting is not available for InfoWidget.","8447","Sorting test","","Tue Nov 25 13:38:00 UTC 2025","passed","Tue Nov 25 13:38:09 UTC 2025","","Info. Checking the basic functions for the MultiplySelect","application.Samples.Info.MultipleSelectOnInfoTest","sorting"
"The test gets the value from the placeholder attribute and returns it in String format","10277","Test for getting the Placeholder value","","Tue Nov 25 13:41:42 UTC 2025","passed","Tue Nov 25 13:41:53 UTC 2025","","Form. Checking the basic functions for the Text in the widget Form","application.Samples.Form.TextOnFormTest","placeholder"
"Filtering by the specified column.","9447","Filtering test","","Tue Nov 25 13:23:02 UTC 2025","passed","Tue Nov 25 13:23:12 UTC 2025","","List. Checking the basic functions for the DateTimeWithSeconds in the widget List","application.Samples.List.DateTimeWithSecondsOnListTest","filtration"
"","8909","The test for getting the value from the field","","Tue Nov 25 13:32:59 UTC 2025","passed","Tue Nov 25 13:33:08 UTC 2025","","Info. Checking the basic functions for the FileUp","application.Samples.Info.FileUploadOnInfoTest","read"
"The InfoWidget doesn't have a Placeholder.","6689","Test for getting the Placeholder value","","Tue Nov 25 13:34:11 UTC 2025","passed","Tue Nov 25 13:34:17 UTC 2025","","Info. Checking the basic functions for the Input","application.Samples.Info.InputOnInfoTest","placeholder"
"Filtering is not available for the Form widget","8507","Filtering test","","Tue Nov 25 13:45:31 UTC 2025","passed","Tue Nov 25 13:45:39 UTC 2025","","Form. Checking the basic functions for the DateTimeWithSeconds in the widget Form","application.Samples.Form.DateTimeWithSecondsOnFormTest","filtration"
"The test sets a value with the wrong data type in several fields for different widgets. After approval, it checks the text under the field, which informs about the correctness of the type of data entered","14728","Required Message validation test for multiple fields","","Tue Nov 25 13:47:09 UTC 2025","passed","Tue Nov 25 13:47:24 UTC 2025","","Form. Checking the basic functions for the InlinePickList in the widget Form","application.Samples.Form.InlinePickListOnFormTest","fieldLevelValidation"
"The test clears the field and clicks the Save button. Then validates the message that the field is required","12506","Required Message text Verification field test","","Tue Nov 25 13:52:54 UTC 2025","passed","Tue Nov 25 13:53:06 UTC 2025","","Form. Checking the basic functions for the MultipleSelect in the widget Form","application.Samples.Form.MultipleSelectOnFormTest","required"
"","11994","The test for getting the icon value from the field","","Tue Nov 25 13:36:12 UTC 2025","passed","Tue Nov 25 13:36:24 UTC 2025","","Info. Checking the basic functions for the Dictionary","application.Samples.Info.DictionaryOnInfoTest","icon"
"The test check icon's name from the drop-down list ","11371","A test for checking the icon","","Tue Nov 25 13:49:23 UTC 2025","passed","Tue Nov 25 13:49:34 UTC 2025","","Form. Checking the basic functions for the Dictionary in the widget Form","application.Samples.Form.DictionaryOnFormTest","icon"
"The test gets the value from the placeholder attribute and returns it in String format","13445","Test for getting the Placeholder value","","Tue Nov 25 13:44:06 UTC 2025","passed","Tue Nov 25 13:44:20 UTC 2025","","Form. Checking the basic functions for the Suggestion PickList in the widget Form","application.Samples.Form.SuggestionPickListOnFormTest","placeholder"
"The test gets the value from the placeholder attribute and returns it in String format","8429","Test for getting the Placeholder value","","Tue Nov 25 13:46:33 UTC 2025","passed","Tue Nov 25 13:46:41 UTC 2025","","Form. Checking the basic functions for the DateTimeWithSeconds in the widget Form","application.Samples.Form.DateTimeWithSecondsOnFormTest","placeholder"
"The test gets the value from the style attribute in RGB format, and then converts it to Hex format","6504","A test to get the field color value in Hex format","","Tue Nov 25 13:34:04 UTC 2025","passed","Tue Nov 25 13:34:11 UTC 2025","","Info. Checking the basic functions for the Input","application.Samples.Info.InputOnInfoTest","color"
"The test sets the value in the field. After approval, by clicking on the save button, the popup window, the title, the text in it, and the buttons are validated","9771","Confirmation Popup Validation Test","","Tue Nov 25 13:53:48 UTC 2025","passed","Tue Nov 25 13:53:58 UTC 2025","","Form. Checking the basic functions for the MultipleSelect in the widget Form","application.Samples.Form.MultipleSelectOnFormTest","confirm"
"The test gets the value from the style attribute in RGB format, and then converts it to Hex format","11663","A test to get the field color value in Hex format","","Tue Nov 25 13:37:24 UTC 2025","passed","Tue Nov 25 13:37:35 UTC 2025","","Info. Checking the basic functions for the Time","application.Samples.Info.TimeOnInfoTest","color"
"The test sets the value with the wrong data type in the field. After approval, it checks the text under the field, which informs about the correctness of the type of data entered","11177","Required Message validation test for one field","","Tue Nov 25 13:52:42 UTC 2025","passed","Tue Nov 25 13:52:54 UTC 2025","","Form. Checking the basic functions for the MultipleSelect in the widget Form","application.Samples.Form.MultipleSelectOnFormTest","fieldLevelValidationAnnotation"
"The test gets the value from the style attribute in RGB format, and then converts it to Hex format","10268","A test to get the field color value in Hex format","","Tue Nov 25 13:41:32 UTC 2025","passed","Tue Nov 25 13:41:42 UTC 2025","","Form. Checking the basic functions for the Text in the widget Form","application.Samples.Form.TextOnFormTest","color"
"The test checks the list of buttons","7115","Test getting all widget buttons","","Tue Nov 25 13:49:46 UTC 2025","passed","Tue Nov 25 13:49:53 UTC 2025","","Form. Checking the basic functions for the Input in the widget Form","application.Samples.Form.InputOnFormTest","getButtons"
"The test sets the value in the field. After approval, the popup window, the title, the text in it, and the buttons are validated","12022","Run-time exception validation test","","Tue Nov 25 13:47:24 UTC 2025","passed","Tue Nov 25 13:47:36 UTC 2025","","Form. Checking the basic functions for the InlinePickList in the widget Form","application.Samples.Form.InlinePickListOnFormTest","runtimeException"
"The test clears the field and clicks the Save button. Then validates the message that the field is required.","11310","Required Message text Verification field test","","Tue Nov 25 13:51:44 UTC 2025","passed","Tue Nov 25 13:51:55 UTC 2025","","Form. Checking the basic functions for the MultiValue in the widget Form","application.Samples.Form.MultiValueOnFormTest","required"
"DrillDown is not available for InfoWidget.","9705","The DrillDown test","","Tue Nov 25 13:37:09 UTC 2025","passed","Tue Nov 25 13:37:19 UTC 2025","","Info. Checking the basic functions for the Radio","application.Samples.Info.RadioOnInfoTest","drillDown"
"The test sets one value in the field, then checks the list with the expected value.","27533","A test for setting a single value in a field","","Tue Nov 25 13:50:36 UTC 2025","passed","Tue Nov 25 13:51:04 UTC 2025","","Form. Checking the basic functions for the MultiValue in the widget Form","application.Samples.Form.MultiValueOnFormTest","test_once"
"The test checks for the disabled attribute.","8749","A test to check the field for ""Read-only""","","Tue Nov 25 13:15:30 UTC 2025","passed","Tue Nov 25 13:15:39 UTC 2025","","List. Checking the basic functions for the Input in the widget List","application.Samples.List.InputOnListTest","readonly"
"The test sets the value with the wrong data type in the field. After approval, it checks the text under the field, which informs about the correctness of the type of data entered.","36293","Required Message validation test for one field","","Tue Nov 25 13:26:32 UTC 2025","passed","Tue Nov 25 13:27:09 UTC 2025","","List. Checking the basic functions for the InlinePickList in the widget List","application.Samples.List.InlinePickListOnListTest","fieldLevelValidationAnnotation"
"Drill Down is not available for InfoWidget.","7078","The DrillDown test","","Tue Nov 25 13:34:55 UTC 2025","passed","Tue Nov 25 13:35:02 UTC 2025","","Info. Checking the basic functions for the Hint","application.Samples.Info.HintOnInfoTest","drillDown"
"The test sets the value in the field. After approval, the popup window, the title, the text in it, and the buttons are validated.","20270","Business Exception Validation Test","","Tue Nov 25 13:28:21 UTC 2025","passed","Tue Nov 25 13:28:41 UTC 2025","","List. Checking the basic functions for the Date in the widget List","application.Samples.List.DateOnListTest","businessException"
"The test sets the value in the field. After approval, by clicking on the save button, the popup window, the title, the text in it, and the buttons are validated","10082","Confirmation Popup Validation Test","","Tue Nov 25 13:44:08 UTC 2025","passed","Tue Nov 25 13:44:18 UTC 2025","","Form. Checking the basic functions for the Money in the widget Form","application.Samples.Form.MoneyOnFormTest","confirm"
"The InfoWidget doesn't have a Placeholder.","8315","Test for getting the Placeholder value","","Tue Nov 25 13:37:29 UTC 2025","passed","Tue Nov 25 13:37:38 UTC 2025","","Info. Checking the basic functions for the Date","application.Samples.Info.DateOnInfoTest","placeholder"
"The test sets the value in the field. After approval, the popup window, the title, the text in it, and the buttons are validated","12380","Business Exception Validation Test","","Tue Nov 25 13:41:08 UTC 2025","passed","Tue Nov 25 13:41:21 UTC 2025","","Form. Checking the basic functions for the Text in the widget Form","application.Samples.Form.TextOnFormTest","businessException"
"The test sets the value in the field. After approval, the popup window, the title, the text in it, and the buttons are validated","7790","Run-time exception validation test","","Tue Nov 25 13:50:02 UTC 2025","passed","Tue Nov 25 13:50:10 UTC 2025","","Form. Checking the basic functions for the Input in the widget Form","application.Samples.Form.InputOnFormTest","runtimeException"
"","11462","A test to get a value for a multifield","","Tue Nov 25 13:51:41 UTC 2025","passed","Tue Nov 25 13:51:52 UTC 2025","","Form. Checking the basic functions for the MultiField in the widget Form","application.Samples.Form.MultiFieldOnFormTest","getValues2"
"The test sets the value in the field, and then checks the value in the field with what should be set.","31253","A test for setting a value in a field","","Tue Nov 25 13:24:07 UTC 2025","passed","Tue Nov 25 13:24:38 UTC 2025","","List. Checking the basic functions for the DateTimeWithSeconds in the widget List","application.Samples.List.DateTimeWithSecondsOnListTest","edit"
"The test sets the value in the field, and then checks the value in the field with what should be set","9304","A test for setting a value in a field","","Tue Nov 25 13:46:17 UTC 2025","passed","Tue Nov 25 13:46:26 UTC 2025","","Form. Checking the basic functions for the DateTimeWithSeconds in the widget Form","application.Samples.Form.DateTimeWithSecondsOnFormTest","edit"
"The test gets the value in the field, and then checks the value in the field with what should be.","0","A test for checking a value in a field","","Tue Nov 25 13:28:33 UTC 2025","skipped","Tue Nov 25 13:28:33 UTC 2025","","List. Checking the basic functions for the InlinePickList in the widget List","application.Samples.List.InlinePickListOnListTest","read"
"The test gets the value from the style attribute in RGB format, and then converts it to Hex format","12785","A test to get the field color value in Hex format","","Tue Nov 25 13:28:33 UTC 2025","passed","Tue Nov 25 13:28:46 UTC 2025","","List. Checking the basic functions for the InlinePickList in the widget List","application.Samples.List.InlinePickListOnListTest","color"
"","8639","digits()","","Tue Nov 25 13:38:59 UTC 2025","passed","Tue Nov 25 13:39:08 UTC 2025","","Info. Checking the basic functions for the Number","application.Samples.Info.NumberOnInfoTest","digits"
"The test sets the value in the field. After approval, the popup window, the title, the text in it, and the buttons are validated","9218","Business Exception Validation Test","","Tue Nov 25 13:55:46 UTC 2025","passed","Tue Nov 25 13:55:55 UTC 2025","","Form. Checking the basic functions for the DateTime in the widget Form","application.Samples.Form.DateTimeOnFormTest","businessException"
"The test gets the value from the placeholder attribute and returns it in String format","10164","Test for getting the Placeholder value","","Tue Nov 25 13:29:22 UTC 2025","passed","Tue Nov 25 13:29:32 UTC 2025","","List. Checking the basic functions for the Date in the widget List","application.Samples.List.DateOnListTest","placeholder"
"Sorting by the specified column.","13219","Sorting test","","Tue Nov 25 13:25:44 UTC 2025","passed","Tue Nov 25 13:25:57 UTC 2025","","List. Checking the basic functions for the InlinePickList in the widget List","application.Samples.List.InlinePickListOnListTest","sorting"
"The test gets the value in the field, and then checks the value in the field with what should be.","0","A test for checking a value in a field","","Tue Nov 25 13:13:51 UTC 2025","skipped","Tue Nov 25 13:13:51 UTC 2025","","List. Checking the basic functions for the Number in the widget List","application.Samples.List.NumberOnListTest","read"
"The test opens a modal window, clears the field, closes the window, and then checks the message under the field.","24162","Required Message text Verification field test","","Tue Nov 25 13:19:57 UTC 2025","passed","Tue Nov 25 13:20:21 UTC 2025","","List. Checking the basic functions for the MultiValue in the widget List","application.Samples.List.MultiValueOnListTest","required_2"
"The test sets the value in the field. After approval, by clicking on the save button, the popup window, the title, the text in it, and the buttons are validated.","22372","Confirmation Popup Validation Test","","Tue Nov 25 13:33:56 UTC 2025","passed","Tue Nov 25 13:34:19 UTC 2025","","List. Checking the basic functions for the DateTime in the widget List","application.Samples.List.DateTimeOnListTest","confirm"
"The test sets the value in the field, and then checks the value in the field with what should be set","6452","A test for setting a value in a field","","Tue Nov 25 13:49:07 UTC 2025","passed","Tue Nov 25 13:49:14 UTC 2025","","Form. Checking the basic functions for the Input in the widget Form","application.Samples.Form.InputOnFormTest","edit"
"The test gets the value from the style attribute in RGB format, and then converts it to Hex format","7566","A test to get the field color value in Hex format","","Tue Nov 25 13:37:22 UTC 2025","passed","Tue Nov 25 13:37:29 UTC 2025","","Info. Checking the basic functions for the Date","application.Samples.Info.DateOnInfoTest","color"
"Info Widget is always read-only","8429","A test to check the field for ""Read-only""","","Tue Nov 25 13:32:50 UTC 2025","passed","Tue Nov 25 13:32:59 UTC 2025","","Info. Checking the basic functions for the FileUp","application.Samples.Info.FileUploadOnInfoTest","readonly"
"The test sets the value in the field. After approval, the popup window, the title, the text in it, and the buttons are validated","10347","Business Exception Validation Test","","Tue Nov 25 13:50:08 UTC 2025","passed","Tue Nov 25 13:50:18 UTC 2025","","Form. Checking the basic functions for the PickList in the widget Form","application.Samples.Form.PickListOnFormTest","businessException"
"Currency by the specified column.","8320","Currency test","","Tue Nov 25 13:16:18 UTC 2025","passed","Tue Nov 25 13:16:26 UTC 2025","","List. Checking the basic functions for the Money in the widget List","application.Samples.List.MoneyOnListTest","currency"
"The test sets the value in the field. After approval, the popup window, the title, the text in it, and the buttons are validated","10702","Run-time exception validation test","","Tue Nov 25 13:49:20 UTC 2025","passed","Tue Nov 25 13:49:31 UTC 2025","","Form. Checking the basic functions for the Radio in the widget Form","application.Samples.Form.RadioOnFormTest","runtimeException"
"Filtering by the specified column.","9335","Filtering test","","Tue Nov 25 13:26:48 UTC 2025","passed","Tue Nov 25 13:26:57 UTC 2025","","List. Checking the basic functions for the PickList in the widget List","application.Samples.List.PickListOnListTest","filtration"
"The test clears the field and clicks the Save button. Then validates the message that the field is required.","0","Required Message text Verification field test","","Tue Nov 25 13:10:21 UTC 2025","skipped","Tue Nov 25 13:10:21 UTC 2025","","List. Checking the basic functions for the Radio in the widget List","application.Samples.List.RadioOnListTest","required"
"The test gets the value from the placeholder attribute and returns it in String format","10335","Test for getting the Placeholder value","","Tue Nov 25 13:48:36 UTC 2025","passed","Tue Nov 25 13:48:46 UTC 2025","","Form. Checking the basic functions for the Radio in the widget Form","application.Samples.Form.RadioOnFormTest","placeholder"
"DrillDown is not available for InfoWidget.","7657","The DrillDown test","","Tue Nov 25 13:37:45 UTC 2025","passed","Tue Nov 25 13:37:53 UTC 2025","","Info. Checking the basic functions for the DateTime","application.Samples.Info.DateTimeOnInfoTest","drillDown"
"The test sets the value in the field. After approval, the popup window, the title, the text in it, and the buttons are validated.","20983","Business Exception Validation Test","","Tue Nov 25 13:32:45 UTC 2025","passed","Tue Nov 25 13:33:06 UTC 2025","","List. Checking the basic functions for the DateTime in the widget List","application.Samples.List.DateTimeOnListTest","businessException"
"The test clear the value in the field , and then checks the value in the field, it must be null.","11517","A test for checking the possibility of an empty field","","Tue Nov 25 13:13:09 UTC 2025","passed","Tue Nov 25 13:13:21 UTC 2025","","List. Checking the basic functions for the Money in the widget List","application.Samples.List.MoneyOnListTest","nullable"
"The test gets the value from the placeholder attribute and returns it in String format","8693","Test for getting the Placeholder value","","Tue Nov 25 13:17:35 UTC 2025","passed","Tue Nov 25 13:17:44 UTC 2025","","List. Checking the basic functions for the Input in the widget List","application.Samples.List.InputOnListTest","placeholder"
"The test delete a field in the admin panel","14023","Test for deleting admin value","","Tue Nov 25 13:41:13 UTC 2025","passed","Tue Nov 25 13:41:27 UTC 2025","","Checking the basic functions for the Dictionary administration panel","application.Samples.DictionaryAdministrationTest","delete"
"Filtering by the specified column.","10019","Filtering test","","Tue Nov 25 13:22:23 UTC 2025","passed","Tue Nov 25 13:22:33 UTC 2025","","List. Checking the basic functions for the Text in the widget List","application.Samples.List.TextOnListTest","filtration"
"The test sets the value in the field, and then checks the value in the field with what should be set. The Number Digits class is used for numbers with a fractional part.","12653","A test for entering numbers with a fractional part using the PercentDigits class","","Tue Nov 25 13:51:54 UTC 2025","passed","Tue Nov 25 13:52:07 UTC 2025","","Form. Checking the basic functions for the Percent in the widget Form","application.Samples.Form.PercentOnFormTest","digits"
"","11216","The test for getting the value from the field","","Tue Nov 25 13:37:38 UTC 2025","passed","Tue Nov 25 13:37:49 UTC 2025","","Info. Checking the basic functions for the Radio","application.Samples.Info.RadioOnInfoTest","read"
"The test sets the value in the field. After approval, the popup window, the title, the text in it, and the buttons are validated.","12660","Business Exception Validation Test","","Tue Nov 25 13:19:13 UTC 2025","passed","Tue Nov 25 13:19:26 UTC 2025","","List. Checking the basic functions for the MultiValue in the widget List","application.Samples.List.MultiValueOnListTest","businessException"
"Checking the url before the transition and after the transition/click on a special element","8375","The DrillDown test","","Tue Nov 25 13:50:37 UTC 2025","passed","Tue Nov 25 13:50:46 UTC 2025","","Form. Checking the basic functions for the NumberDigits in the widget Form","application.Samples.Form.NumberDigitsOnFormTest","drillDown"
"The test gets the value from the placeholder attribute and returns it in String format","10549","Test for getting the Placeholder value","","Tue Nov 25 13:24:48 UTC 2025","passed","Tue Nov 25 13:24:58 UTC 2025","","List. Checking the basic functions for the DateTimeWithSeconds in the widget List","application.Samples.List.DateTimeWithSecondsOnListTest","placeholder"
"The test sets a value with the wrong data type in several fields for different widgets. After approval, it checks the text under the field, which informs about the correctness of the type of data entered","35131","Required Message validation test for multiple fields","","Tue Nov 25 13:20:46 UTC 2025","passed","Tue Nov 25 13:21:21 UTC 2025","","List. Checking the basic functions for the MultiValue in the widget List","application.Samples.List.MultiValueOnListTest","fieldLevelValidation"
"The test checks for the disabled attribute","10615","A test to check the field for ""Read-only""","","Tue Nov 25 13:40:34 UTC 2025","passed","Tue Nov 25 13:40:45 UTC 2025","","Form. Checking the basic functions for the Text in the widget Form","application.Samples.Form.TextOnFormTest","readonly"
"Sorting is not available for the Form widget","13572","Sorting test","","Tue Nov 25 13:42:28 UTC 2025","passed","Tue Nov 25 13:42:42 UTC 2025","","Form. Checking the basic functions for the Suggestion PickList in the widget Form","application.Samples.Form.SuggestionPickListOnFormTest","sorting"
"Filtering is not available for the Form widget","10888","Filtering test","","Tue Nov 25 13:45:28 UTC 2025","passed","Tue Nov 25 13:45:38 UTC 2025","","Form. Checking the basic functions for the CheckBox","application.Samples.Form.CheckBoxOnFormTest","filtration"
"The test sets the value in the field. After approval, the popup window, the title, the text in it, and the buttons are validated.","10602","Run-time exception validation test","","Tue Nov 25 13:54:09 UTC 2025","passed","Tue Nov 25 13:54:20 UTC 2025","","Form. Checking the basic functions for the MultiValue in the widget Form","application.Samples.Form.MultiValueOnFormTest","runtimeException"
"DrillDown is not available for InfoWidget.","8671","The DrillDown test","","Tue Nov 25 13:38:51 UTC 2025","passed","Tue Nov 25 13:38:59 UTC 2025","","Info. Checking the basic functions for the Number","application.Samples.Info.NumberOnInfoTest","drillDown"
"The test gets the value from the style attribute in RGB format, and then converts it to Hex format","9224","A test to get the field color value in Hex format","","Tue Nov 25 13:25:08 UTC 2025","passed","Tue Nov 25 13:25:17 UTC 2025","","List. Checking the basic functions for the FileUpload in the widget List","application.Samples.List.FileUploadOnListTest","color"
"The test sets the value in the field, and then checks the value in the field with what should be set.","22934","A test for setting a number with a fractional part in a field","","Tue Nov 25 13:10:06 UTC 2025","passed","Tue Nov 25 13:10:29 UTC 2025","","List. Checking the basic functions for the Percent in the widget List","application.Samples.List.PercentOnListTest","digits"
"","11433","A test to check the options of the drop-down list","","Tue Nov 25 13:47:59 UTC 2025","passed","Tue Nov 25 13:48:10 UTC 2025","","Form. Checking the basic functions for the Dictionary in the widget Form","application.Samples.Form.DictionaryOnFormTest","options"
"The InfoWidget doesn't have a Placeholder.","10158","Test for getting the Placeholder value","","Tue Nov 25 13:38:54 UTC 2025","passed","Tue Nov 25 13:39:04 UTC 2025","","Info. Checking the basic functions for the MultiplySelect","application.Samples.Info.MultipleSelectOnInfoTest","placeholder"
"Checking the url before the transition and after the transition/click on a special element","8487","The DrillDown test","","Tue Nov 25 13:41:04 UTC 2025","passed","Tue Nov 25 13:41:13 UTC 2025","","Form. Checking the basic functions for the Number in the widget Form","application.Samples.Form.NumberOnFormTest","drillDown"
"The test clears the field and clicks the Save button. Then validates the message that the field is required.","13737","Required Message text Verification field test","","Tue Nov 25 13:16:09 UTC 2025","passed","Tue Nov 25 13:16:23 UTC 2025","","List. Checking the basic functions for the MultipleSelect in the widget List","application.Samples.List.MultipleSelectOnListTest","required"
"The test sets the value in the field. After approval, by clicking on the save button, the popup window, the title, the text in it, and the buttons are validated.","22622","Confirmation Popup Validation Test","","Tue Nov 25 13:29:32 UTC 2025","passed","Tue Nov 25 13:29:55 UTC 2025","","List. Checking the basic functions for the Date in the widget List","application.Samples.List.DateOnListTest","confirm"
"The test sets the value with the wrong data type in the field. After approval, it checks the text under the field, which informs about the correctness of the type of data entered","12192","Required Message validation test for one field","","Tue Nov 25 13:48:32 UTC 2025","passed","Tue Nov 25 13:48:45 UTC 2025","","Form. Checking the basic functions for the Dictionary in the widget Form","application.Samples.Form.DictionaryOnFormTest","fieldLevelValidationAnnotation"
"The test checks for the disabled attribute.","11437","A test to check the field for ""Read-only""","","Tue Nov 25 13:22:33 UTC 2025","passed","Tue Nov 25 13:22:45 UTC 2025","","List. Checking the basic functions for the Text in the widget List","application.Samples.List.TextOnListTest","readonly"
"The test gets the value from the style attribute in RGB format, and then converts it to Hex format","10675","A test to get the field color value in Hex format","","Tue Nov 25 13:46:34 UTC 2025","passed","Tue Nov 25 13:46:45 UTC 2025","","Form. Checking the basic functions for the CheckBox","application.Samples.Form.CheckBoxOnFormTest","color"
"Sorting is not available for InfoWidget.","10361","Sorting test","","Tue Nov 25 13:35:30 UTC 2025","passed","Tue Nov 25 13:35:41 UTC 2025","","Info. Checking the basic functions for the Percent","application.Samples.Info.PercentOnInfoTest","sorting"
"","9475","A test to compare the source file with the downloaded one","","Tue Nov 25 13:33:24 UTC 2025","passed","Tue Nov 25 13:33:34 UTC 2025","","Info. Checking the basic functions for the FileUp","application.Samples.Info.FileUploadOnInfoTest","compare"
"Filtering is not available for the Form widget","8465","Filtering test","","Tue Nov 25 13:50:46 UTC 2025","passed","Tue Nov 25 13:50:54 UTC 2025","","Form. Checking the basic functions for the NumberDigits in the widget Form","application.Samples.Form.NumberDigitsOnFormTest","filtration"
"The method returns Option-Status pairs, for all. The test checks each pair.","10868","Test to check the status of all options","","Tue Nov 25 13:53:58 UTC 2025","passed","Tue Nov 25 13:54:09 UTC 2025","","Form. Checking the basic functions for the MultipleSelect in the widget Form","application.Samples.Form.MultipleSelectOnFormTest","statusOptions"
"The test gets the value in the field, and then checks the value in the field with what should be.","11250","A test for checking a value in a field","","Tue Nov 25 13:29:19 UTC 2025","passed","Tue Nov 25 13:29:31 UTC 2025","","List. Checking the basic functions for the PickList in the widget List","application.Samples.List.PickListOnListTest","read"
"Getting a Placeholder is not available","11640","Test for getting the Placeholder value","","Tue Nov 25 13:22:20 UTC 2025","passed","Tue Nov 25 13:22:31 UTC 2025","","List. Checking the basic functions for the MultiValueHover in the widget List","application.Samples.List.MultiValueHoverOnListTest","placeholder"
"The test sets the value in the field, and then checks the value in the field with what should be set","14076","A test for setting a value in a field","","Tue Nov 25 13:55:38 UTC 2025","passed","Tue Nov 25 13:55:53 UTC 2025","","Form. Checking the basic functions for the Time","application.Samples.Form.TimeOnFormTest","edit"
"The test sets a value with the wrong data type in several fields for different widgets. After approval, it checks the text under the field, which informs about the correctness of the type of data entered","69968","Required Message validation test for multiple fields","","Tue Nov 25 13:13:39 UTC 2025","passed","Tue Nov 25 13:14:49 UTC 2025","","List. Checking the basic functions for the Percent in the widget List","application.Samples.List.PercentOnListTest","fieldLevelValidation"
"Checking the url before the transition and after the transition/click on a special element","11663","The DrillDown test","","Tue Nov 25 13:40:12 UTC 2025","passed","Tue Nov 25 13:40:24 UTC 2025","","Form. Checking the basic functions for the Text in the widget Form","application.Samples.Form.TextOnFormTest","drillDown"
"The test sets a value with the wrong data type in several fields for different widgets. After approval, it checks the text under the field, which informs about the correctness of the type of data entered","43280","Required Message validation test for multiple fields","","Tue Nov 25 13:17:54 UTC 2025","passed","Tue Nov 25 13:18:37 UTC 2025","","List. Checking the basic functions for the Input in the widget List","application.Samples.List.InputOnListTest","fieldLevelValidation"
"The test gets the value from the placeholder attribute and returns it in String format","7361","Test for getting the Placeholder value","","Tue Nov 25 13:49:30 UTC 2025","passed","Tue Nov 25 13:49:37 UTC 2025","","Form. Checking the basic functions for the Input in the widget Form","application.Samples.Form.InputOnFormTest","placeholder"
"The test gets the value in the field, and then checks the value in the field with what should be.","0","A test for checking a value in a field","","Tue Nov 25 13:24:06 UTC 2025","skipped","Tue Nov 25 13:24:06 UTC 2025","","List. Checking the basic functions for the Text in the widget List","application.Samples.List.TextOnListTest","read"
"The test sets a value with the wrong data type in several fields for different widgets. After approval, it checks the text under the field, which informs about the correctness of the type of data entered","14370","Required Message validation test for multiple fields","","Tue Nov 25 13:17:31 UTC 2025","passed","Tue Nov 25 13:17:45 UTC 2025","","List. Checking the basic functions for the MultipleSelect in the widget List","application.Samples.List.MultipleSelectOnListTest","fieldLevelValidation"
"The test sets the value in the field. After approval, by clicking on the save button, the popup window, the title, the text in it, and the buttons are validated.","12107","Confirmation Popup Validation Test","","Tue Nov 25 13:20:56 UTC 2025","passed","Tue Nov 25 13:21:08 UTC 2025","","List. Checking the basic functions for the CheckBox","application.Samples.List.CheckBoxOnListTest","confirm"
"The test sets the value in the field. After approval, the popup window, the title, the text in it, and the buttons are validated.","12655","Run-time exception validation test","","Tue Nov 25 13:25:31 UTC 2025","passed","Tue Nov 25 13:25:44 UTC 2025","","List. Checking the basic functions for the Text in the widget List","application.Samples.List.TextOnListTest","runtimeException"
"Sorting is not available for InfoWidget.","8443","Sorting test","","Tue Nov 25 13:35:37 UTC 2025","passed","Tue Nov 25 13:35:45 UTC 2025","","Info. Checking the basic functions for the Money","application.Samples.Info.MoneyOnInfoTest","sorting"
"The test sets the value with the wrong data type in the field. After approval, it checks the text under the field, which informs about the correctness of the type of data entered.","10316","Required Message validation test for one field","","Tue Nov 25 13:15:59 UTC 2025","passed","Tue Nov 25 13:16:09 UTC 2025","","List. Checking the basic functions for the MultipleSelect in the widget List","application.Samples.List.MultipleSelectOnListTest","fieldLevelValidationAnnotation"
"The test clears the field and clicks the Save button. Then validates the message that the field is required.","26706","Required Message text Verification field test","","Tue Nov 25 13:10:06 UTC 2025","passed","Tue Nov 25 13:10:33 UTC 2025","","List. Checking the basic functions for the SuggestionPickList in the widget List","application.Samples.List.SuggestionPickListOnListTest","required"
"The InfoWidget doesn't have a Placeholder.","11693","Test for getting the Placeholder value","","Tue Nov 25 13:36:46 UTC 2025","passed","Tue Nov 25 13:36:58 UTC 2025","","Info. Checking the basic functions for the Dictionary","application.Samples.Info.DictionaryOnInfoTest","placeholder"
"The InfoWidget doesn't have a Placeholder.","9434","Test for getting the Placeholder value","","Tue Nov 25 13:35:16 UTC 2025","passed","Tue Nov 25 13:35:26 UTC 2025","","Info. Checking the basic functions for the CheckBox","application.Samples.Info.CheckboxOnInfoTest","placeholder"
"The test gets the value from the placeholder attribute and returns it in String format","9753","Test for getting the Placeholder value","","Tue Nov 25 13:29:42 UTC 2025","passed","Tue Nov 25 13:29:52 UTC 2025","","List. Checking the basic functions for the PickList in the widget List","application.Samples.List.PickListOnListTest","placeholder"
"The test checks the downloaded file with the template file that is contained in the resources","9252","A test to compare the downloaded file with the template","","Tue Nov 25 13:55:57 UTC 2025","passed","Tue Nov 25 13:56:07 UTC 2025","","Form. Checking the basic functions for the FileUpload in the widget Form","application.Samples.Form.FileUploadOnFormTest","compare"
"The test gets the value from the style attribute in RGB format, and then converts it to Hex format","9014","A test to get the field color value in Hex format","","Tue Nov 25 13:16:57 UTC 2025","passed","Tue Nov 25 13:17:06 UTC 2025","","List. Checking the basic functions for the Input in the widget List","application.Samples.List.InputOnListTest","color"
"Sorting is not available for InfoWidget.","9123","Sorting test","","Tue Nov 25 13:33:44 UTC 2025","passed","Tue Nov 25 13:33:53 UTC 2025","","Info. Checking the basic functions for the MultiValueHover","application.Samples.Info.MultiValueHoverOnInfoTest","sorting"
"Filtering by the specified column.","9978","Filtering test","","Tue Nov 25 13:18:08 UTC 2025","passed","Tue Nov 25 13:18:18 UTC 2025","","List. Checking the basic functions for the MultiValue in the widget List","application.Samples.List.MultiValueOnListTest","filtration"
"The test sets the value in the field. After approval, by clicking on the save button, the popup window, the title, the text in it, and the buttons are validated.","10476","Confirmation Popup Validation Test","","Tue Nov 25 13:14:09 UTC 2025","passed","Tue Nov 25 13:14:20 UTC 2025","","List. Checking the basic functions for the Number in the widget List","application.Samples.List.NumberOnListTest","confirm"
"The test gets the value from the style attribute in RGB format, and then converts it to Hex format","11299","A test to get the field color value in Hex format","","Tue Nov 25 13:49:34 UTC 2025","passed","Tue Nov 25 13:49:46 UTC 2025","","Form. Checking the basic functions for the Dictionary in the widget Form","application.Samples.Form.DictionaryOnFormTest","color"
"The test gets the value from the style attribute in RGB format, and then converts it to Hex format","8032","A test to get the field color value in Hex format","","Tue Nov 25 13:49:14 UTC 2025","passed","Tue Nov 25 13:49:22 UTC 2025","","Form. Checking the basic functions for the Input in the widget Form","application.Samples.Form.InputOnFormTest","color"
"Checking the url before the transition and after the transition/click on a special element","8510","The DrillDown test","","Tue Nov 25 13:43:14 UTC 2025","passed","Tue Nov 25 13:43:22 UTC 2025","","Form. Checking the basic functions for the Date in the widget Form","application.Samples.Form.DateOnFormTest","drillDown"
"The InfoWidget doesn't have a Placeholder.","10289","Test for getting the Placeholder value","","Tue Nov 25 13:40:36 UTC 2025","passed","Tue Nov 25 13:40:47 UTC 2025","","Info. Checking the basic functions for the Text","application.Samples.Info.TextOnInfoTest","placeholder"
"","25566","fieldLevelValidation()","","Tue Nov 25 13:30:15 UTC 2025","passed","Tue Nov 25 13:30:41 UTC 2025","","List. Checking the basic functions for the PickList in the widget List","application.Samples.List.PickListOnListTest","fieldLevelValidation"
"The test sets the value with the wrong data type in the field. After approval, it checks the text under the field, which informs about the correctness of the type of data entered.","15847","Required Message validation test for one field","","Tue Nov 25 13:31:06 UTC 2025","passed","Tue Nov 25 13:31:22 UTC 2025","","List. Checking the basic functions for the Dictionary in the widget List","application.Samples.List.DictionaryOnListTest","fieldLevelValidationAnnotation"
"Info Widget is always read-only","9451","A test to check the field for ""Read-only""","","Tue Nov 25 13:38:58 UTC 2025","passed","Tue Nov 25 13:39:08 UTC 2025","","Info. Checking the basic functions for the MultiValue","application.Samples.Info.MultiValueOnInfoTest","readonly"
"The test clears the field and clicks the Save button. Then validates the message that the field is required","14482","Required Message text Verification field test","","Tue Nov 25 13:43:22 UTC 2025","passed","Tue Nov 25 13:43:37 UTC 2025","","Form. Checking the basic functions for the Suggestion PickList in the widget Form","application.Samples.Form.SuggestionPickListOnFormTest","required"
"Filtering by the specified column.","8920","Filtering test","","Tue Nov 25 13:27:08 UTC 2025","passed","Tue Nov 25 13:27:17 UTC 2025","","List. Checking the basic functions for the Date in the widget List","application.Samples.List.DateOnListTest","filtration"
"The test checks the value in the field with what should be set","12348","A test to read value","","Tue Nov 25 13:37:35 UTC 2025","passed","Tue Nov 25 13:37:48 UTC 2025","","Info. Checking the basic functions for the Time","application.Samples.Info.TimeOnInfoTest","read2"
"Filtering is not available for the Form widget","6869","Filtering test","","Tue Nov 25 13:47:40 UTC 2025","passed","Tue Nov 25 13:47:47 UTC 2025","","Form. Checking the basic functions for the Hint in the widget Form","application.Samples.Form.HintOnFormTest","filtration"
"The test sets a value with the wrong data type in several fields for different widgets. After approval, it checks the text under the field, which informs about the correctness of the type of data entered","15575","Required Message validation test for multiple fields","","Tue Nov 25 13:21:08 UTC 2025","passed","Tue Nov 25 13:21:24 UTC 2025","","List. Checking the basic functions for the CheckBox","application.Samples.List.CheckBoxOnListTest","fieldLevelValidation"
"DrillDown is not available for InfoWidget.","8599","The DrillDown test","","Tue Nov 25 13:35:45 UTC 2025","passed","Tue Nov 25 13:35:54 UTC 2025","","Info. Checking the basic functions for the Money","application.Samples.Info.MoneyOnInfoTest","drillDown"
"The test gets the value in the field, and then checks the value in the field with what should be.","0","A test for checking a value in a field","","Tue Nov 25 13:20:20 UTC 2025","skipped","Tue Nov 25 13:20:20 UTC 2025","","List. Checking the basic functions for the CheckBox","application.Samples.List.CheckBoxOnListTest","read"
"The test sets the value in the field. After approval, by clicking on the save button, the popup window, the title, the text in it, and the buttons are validated","9862","Confirmation Popup Validation Test","","Tue Nov 25 13:42:34 UTC 2025","passed","Tue Nov 25 13:42:44 UTC 2025","","Form. Checking the basic functions for the Number in the widget Form","application.Samples.Form.NumberOnFormTest","confirm"
"Sorting by the specified column.","12081","Sorting test","","Tue Nov 25 13:12:57 UTC 2025","passed","Tue Nov 25 13:13:09 UTC 2025","","List. Checking the basic functions for the Money in the widget List","application.Samples.List.MoneyOnListTest","sorting"
"Getting the field color is not available","8270","A test to get the field color value in Hex format","","Tue Nov 25 13:19:50 UTC 2025","passed","Tue Nov 25 13:19:58 UTC 2025","","List. Checking the basic functions for the Hint in the widget List","application.Samples.List.HintOnListTest","color"
"The test sets the value in the field, and then checks the value in the field with what should be set.","21106","A test for setting a value in a field","","Tue Nov 25 13:19:26 UTC 2025","passed","Tue Nov 25 13:19:47 UTC 2025","","List. Checking the basic functions for the MultiValue in the widget List","application.Samples.List.MultiValueOnListTest","edit"
"The test gets the value from the placeholder attribute and returns it in String format","14657","Test for getting the Placeholder value","","Tue Nov 25 13:11:25 UTC 2025","passed","Tue Nov 25 13:11:40 UTC 2025","","List. Checking the basic functions for the SuggestionPickList in the widget List","application.Samples.List.SuggestionPickListOnListTest","placeholder"
"The test gets the value in the field, and then checks the value in the field with what should be.","0","A test for checking a value in a field","","Tue Nov 25 13:32:19 UTC 2025","skipped","Tue Nov 25 13:32:19 UTC 2025","","List. Checking the basic functions for the Dictionary in the widget List","application.Samples.List.DictionaryOnListTest","read"
"The test sets the value in the field. After approval, the popup window, the title, the text in it, and the buttons are validated.","13344","Run-time exception validation test","","Tue Nov 25 13:33:15 UTC 2025","passed","Tue Nov 25 13:33:28 UTC 2025","","List. Checking the basic functions for the Dictionary in the widget List","application.Samples.List.DictionaryOnListTest","runtimeException"
"The test sets a value with the wrong data type in several fields for different widgets. After approval, it checks the text under the field, which informs about the correctness of the type of data entered","11610","Required Message validation test for multiple fields","","Tue Nov 25 13:46:52 UTC 2025","passed","Tue Nov 25 13:47:03 UTC 2025","","Form. Checking the basic functions for the DateTimeWithSeconds in the widget Form","application.Samples.Form.DateTimeWithSecondsOnFormTest","fieldLevelValidation"
"The test clears the field and clicks the Save button. Then validates the message that the field is required.","22578","Required Message text Verification field test","","Tue Nov 25 13:24:01 UTC 2025","passed","Tue Nov 25 13:24:24 UTC 2025","","List. Checking the basic functions for the FileUpload in the widget List","application.Samples.List.FileUploadOnListTest","required"
"The test sets the value in the field. After approval, the popup window, the title, the text in it, and the buttons are validated.","11439","Run-time exception validation test","","Tue Nov 25 13:21:21 UTC 2025","passed","Tue Nov 25 13:21:32 UTC 2025","","List. Checking the basic functions for the MultiValue in the widget List","application.Samples.List.MultiValueOnListTest","runtimeException"
"Filtering is not available for InfoWidget.","7312","Filtering test","","Tue Nov 25 13:37:00 UTC 2025","passed","Tue Nov 25 13:37:08 UTC 2025","","Info. Checking the basic functions for the Date","application.Samples.Info.DateOnInfoTest","filtration"
"The test sets the value in the field. After approval, by clicking on the save button, the popup window, the title, the text in it, and the buttons are validated.","22309","Confirmation Popup Validation Test","","Tue Nov 25 13:24:58 UTC 2025","passed","Tue Nov 25 13:25:21 UTC 2025","","List. Checking the basic functions for the DateTimeWithSeconds in the widget List","application.Samples.List.DateTimeWithSecondsOnListTest","confirm"
"The test checks the creation and deletion in the dictionary and the result of this work on another screen.","10807","Test sorting at List","","Tue Nov 25 13:58:53 UTC 2025","broken","Tue Nov 25 13:59:04 UTC 2025","","Checking the basic functions for the Dictionary administration panel","application.Samples.DictionaryAdministrationTest","sortingList"
"The test sets the value to false in the field, and then checks the value in the field with what should be set.","11923","A test for setting a value in a field","","Tue Nov 25 13:20:08 UTC 2025","passed","Tue Nov 25 13:20:20 UTC 2025","","List. Checking the basic functions for the CheckBox","application.Samples.List.CheckBoxOnListTest","edit"
"Info Widget is always read-only","10758","A test to check the field for ""Read-only""","","Tue Nov 25 13:36:14 UTC 2025","passed","Tue Nov 25 13:36:24 UTC 2025","","Info. Checking the basic functions for the Percent","application.Samples.Info.PercentOnInfoTest","readonly"
"The test sets the value in the field. After approval, the popup window, the title, the text in it, and the buttons are validated.","11217","Run-time exception validation test","","Tue Nov 25 13:15:03 UTC 2025","passed","Tue Nov 25 13:15:14 UTC 2025","","List. Checking the basic functions for the Number in the widget List","application.Samples.List.NumberOnListTest","runtimeException"
"The test sets the value in the field. After approval, the popup window, the title, the text in it, and the buttons are validated","9817","Run-time exception validation test","","Tue Nov 25 13:42:55 UTC 2025","passed","Tue Nov 25 13:43:05 UTC 2025","","Form. Checking the basic functions for the Number in the widget Form","application.Samples.Form.NumberOnFormTest","runtimeException"
"The Hint field type is always read-only","8136","A test to check the field for ""Read-only""","","Tue Nov 25 13:19:24 UTC 2025","passed","Tue Nov 25 13:19:32 UTC 2025","","List. Checking the basic functions for the Hint in the widget List","application.Samples.List.HintOnListTest","readonly"
"A test to get the value from the field. MultiValueHover is always read-only, so it is impossible to set the value.","10983","A test for setting a value in a field","","Tue Nov 25 13:21:58 UTC 2025","passed","Tue Nov 25 13:22:09 UTC 2025","","List. Checking the basic functions for the MultiValueHover in the widget List","application.Samples.List.MultiValueHoverOnListTest","edit"
"The test gets the value from the style attribute in RGB format, and then converts it to Hex format","7421","A test to get the field color value in Hex format","","Tue Nov 25 13:43:43 UTC 2025","passed","Tue Nov 25 13:43:51 UTC 2025","","Form. Checking the basic functions for the Money in the widget Form","application.Samples.Form.MoneyOnFormTest","color"
"The test gets the value from the style attribute in RGB format, and then converts it to Hex format","11125","A test to get the field color value in Hex format","","Tue Nov 25 13:29:31 UTC 2025","passed","Tue Nov 25 13:29:42 UTC 2025","","List. Checking the basic functions for the PickList in the widget List","application.Samples.List.PickListOnListTest","color"
"The test sets the value in the field, and then checks the value in the field with what should be set.","31896","A test for setting a value in a field","","Tue Nov 25 13:28:41 UTC 2025","passed","Tue Nov 25 13:29:13 UTC 2025","","List. Checking the basic functions for the Date in the widget List","application.Samples.List.DateOnListTest","edit"
"The test sets the value in the field, and then checks the value in the field with what should be set","11135","A test for setting a value in a field","","Tue Nov 25 13:46:23 UTC 2025","passed","Tue Nov 25 13:46:34 UTC 2025","","Form. Checking the basic functions for the CheckBox","application.Samples.Form.CheckBoxOnFormTest","edit"
"Info Widget is always read-only","7629","A test to check the field for ""Read-only""","","Tue Nov 25 13:37:08 UTC 2025","passed","Tue Nov 25 13:37:15 UTC 2025","","Info. Checking the basic functions for the Date","application.Samples.Info.DateOnInfoTest","readonly"
"The test sets the value in the field. After approval, the popup window, the title, the text in it, and the buttons are validated.","11644","Business Exception Validation Test","","Tue Nov 25 13:51:55 UTC 2025","passed","Tue Nov 25 13:52:07 UTC 2025","","Form. Checking the basic functions for the MultiValue in the widget Form","application.Samples.Form.MultiValueOnFormTest","businessException"
"Checking the url before the transition and after the transition/click on a special element","9323","The DrillDown test","","Tue Nov 25 13:52:02 UTC 2025","passed","Tue Nov 25 13:52:11 UTC 2025","","Form. Checking the basic functions for the MultipleSelect in the widget Form","application.Samples.Form.MultipleSelectOnFormTest","drillDown"
"Filtering by the specified column.","12184","Filtering test","","Tue Nov 25 13:09:32 UTC 2025","passed","Tue Nov 25 13:09:44 UTC 2025","","List. Checking the basic functions for the Radio in the widget List","application.Samples.List.RadioOnListTest","filtration"
"The test sets the value with the wrong data type in the field. After approval, it checks the text under the field, which informs about the correctness of the type of data entered","9963","Required Message validation test for one field","","Tue Nov 25 13:45:47 UTC 2025","passed","Tue Nov 25 13:45:57 UTC 2025","","Form. Checking the basic functions for the DateTimeWithSeconds in the widget Form","application.Samples.Form.DateTimeWithSecondsOnFormTest","fieldLevelValidationAnnotation"
"The test sets a value with the wrong data type in several fields for different widgets. After approval, it checks the text under the field, which informs about the correctness of the type of data entered","26961","Required Message validation test for multiple fields","","Tue Nov 25 13:29:24 UTC 2025","passed","Tue Nov 25 13:29:51 UTC 2025","","List. Checking the basic functions for the InlinePickList in the widget List","application.Samples.List.InlinePickListOnListTest","fieldLevelValidation"
"The test sets the value with the wrong data type in the field. After approval, it checks the text under the field, which informs about the correctness of the type of data entered.","20704","Required Message validation test for one field","","Tue Nov 25 13:15:46 UTC 2025","passed","Tue Nov 25 13:16:07 UTC 2025","","List. Checking the basic functions for the Input in the widget List","application.Samples.List.InputOnListTest","fieldLevelValidationAnnotation"
"The test gets the value from the style attribute in RGB format, and then converts it to Hex format","7657","A test to get the field color value in Hex format","","Tue Nov 25 13:38:14 UTC 2025","passed","Tue Nov 25 13:38:22 UTC 2025","","Info. Checking the basic functions for the DateTime","application.Samples.Info.DateTimeOnInfoTest","color"
"The test sets the value in the field, and then checks the value in the field with what should be set.","33713","A test for setting a value in a field","","Tue Nov 25 13:28:00 UTC 2025","passed","Tue Nov 25 13:28:33 UTC 2025","","List. Checking the basic functions for the InlinePickList in the widget List","application.Samples.List.InlinePickListOnListTest","edit"
"Checking the url before the transition and after the transition/click on a special element","12926","The DrillDown test","","Tue Nov 25 13:09:53 UTC 2025","passed","Tue Nov 25 13:10:06 UTC 2025","","List. Checking the basic functions for the Percent in the widget List","application.Samples.List.PercentOnListTest","drillDown"
"The test checks for the disabled attribute.","14666","A test to check the field for ""Read-only""","","Tue Nov 25 13:09:51 UTC 2025","passed","Tue Nov 25 13:10:06 UTC 2025","","List. Checking the basic functions for the SuggestionPickList in the widget List","application.Samples.List.SuggestionPickListOnListTest","readonly"
"The test sets a value with the wrong data type in several fields for different widgets. After approval, it checks the text under the field, which informs about the correctness of the type of data entered","10479","Required Message validation test for multiple fields","","Tue Nov 25 13:56:16 UTC 2025","passed","Tue Nov 25 13:56:26 UTC 2025","","Form. Checking the basic functions for the FileUpload in the widget Form","application.Samples.Form.FileUploadOnFormTest","fieldLevelValidation"
"The test sets the characters in the field, and then returns a list of values that match or contain characters","15661","Character Matching test","","Tue Nov 25 13:46:30 UTC 2025","passed","Tue Nov 25 13:46:45 UTC 2025","","Form. Checking the basic functions for the InlinePickList in the widget Form","application.Samples.Form.InlinePickListOnFormTest","valuesInList"
"The test gets the value from the placeholder attribute and returns it in String format","9791","Test for getting the Placeholder value","","Tue Nov 25 13:25:17 UTC 2025","passed","Tue Nov 25 13:25:27 UTC 2025","","List. Checking the basic functions for the FileUpload in the widget List","application.Samples.List.FileUploadOnListTest","placeholder"
"Filtering is not available for InfoWidget.","6971","Filtering test","","Tue Nov 25 13:35:02 UTC 2025","passed","Tue Nov 25 13:35:09 UTC 2025","","Info. Checking the basic functions for the Hint","application.Samples.Info.HintOnInfoTest","filtration"
"The test clears the field and clicks the Save button. Then validates the message that the field is required.","22501","Required Message text Verification field test","","Tue Nov 25 13:14:33 UTC 2025","passed","Tue Nov 25 13:14:55 UTC 2025","","List. Checking the basic functions for the Money in the widget List","application.Samples.List.MoneyOnListTest","required"
"The InfoWidget doesn't have a Placeholder.","10948","Test for getting the Placeholder value","","Tue Nov 25 13:36:47 UTC 2025","passed","Tue Nov 25 13:36:58 UTC 2025","","Info. Checking the basic functions for the Percent","application.Samples.Info.PercentOnInfoTest","placeholder"
"The test gets the value from the placeholder attribute and returns it in String format","9285","Test for getting the Placeholder value","","Tue Nov 25 13:33:47 UTC 2025","passed","Tue Nov 25 13:33:56 UTC 2025","","List. Checking the basic functions for the DateTime in the widget List","application.Samples.List.DateTimeOnListTest","placeholder"
"Checking the url before the transition and after the transition/click on a special element","10093","The DrillDown test","","Tue Nov 25 13:45:17 UTC 2025","passed","Tue Nov 25 13:45:28 UTC 2025","","Form. Checking the basic functions for the CheckBox","application.Samples.Form.CheckBoxOnFormTest","drillDown"
"","11268","setValueGetValue()","","Tue Nov 25 13:23:09 UTC 2025","passed","Tue Nov 25 13:23:20 UTC 2025","","List. Checking the basic functions for the FileUpload in the widget List","application.Samples.List.FileUploadOnListTest","setValueGetValue"
"The test creates and delete a new field in the admin panel","14325","Test for creating admin value","","Tue Nov 25 13:40:58 UTC 2025","passed","Tue Nov 25 13:41:13 UTC 2025","","Checking the basic functions for the Dictionary administration panel","application.Samples.DictionaryAdministrationTest","create"
"The test checks for the disabled attribute.","14166","A test to check the field for ""Read-only""","","Tue Nov 25 13:20:30 UTC 2025","passed","Tue Nov 25 13:20:44 UTC 2025","","List. Checking the basic functions for the Time","application.Samples.List.TimeOnListTest","readonly"
"Checking the url before the transition and after the transition/click on a special element","10510","The DrillDown test","","Tue Nov 25 13:47:22 UTC 2025","passed","Tue Nov 25 13:47:32 UTC 2025","","Form. Checking the basic functions for the Radio in the widget Form","application.Samples.Form.RadioOnFormTest","drillDown"
"The test sets the value in the field. After approval, the popup window, the title, the text in it, and the buttons are validated","8959","Business Exception Validation Test","","Tue Nov 25 13:48:58 UTC 2025","passed","Tue Nov 25 13:49:07 UTC 2025","","Form. Checking the basic functions for the Input in the widget Form","application.Samples.Form.InputOnFormTest","businessException"
"Sorting is not available for the Form widget","8431","Sorting test","","Tue Nov 25 13:50:10 UTC 2025","passed","Tue Nov 25 13:50:19 UTC 2025","","Form. Checking the basic functions for the MultiValue in the widget Form","application.Samples.Form.MultiValueOnFormTest","sorting"
"The test sets the value in the field. After approval, the popup window, the title, the text in it, and the buttons are validated","14958","Business Exception Validation Test","","Tue Nov 25 13:43:37 UTC 2025","passed","Tue Nov 25 13:43:52 UTC 2025","","Form. Checking the basic functions for the Suggestion PickList in the widget Form","application.Samples.Form.SuggestionPickListOnFormTest","businessException"
"The test sets the value in the field, and then checks the value in the field with what should be set.","41175","A test for setting a value in a field","","Tue Nov 25 13:15:26 UTC 2025","passed","Tue Nov 25 13:16:08 UTC 2025","","List. Checking the basic functions for the Money in the widget List","application.Samples.List.MoneyOnListTest","edit"
"The test gets the value from the style attribute in RGB format, and then converts it to Hex format","7421","A test to get the field color value in Hex format","","Tue Nov 25 13:56:05 UTC 2025","passed","Tue Nov 25 13:56:12 UTC 2025","","Form. Checking the basic functions for the DateTime in the widget Form","application.Samples.Form.DateTimeOnFormTest","color"
"","21780","test_2()","","Tue Nov 25 13:27:18 UTC 2025","passed","Tue Nov 25 13:27:40 UTC 2025","","List. Checking the basic functions for the PickList in the widget List","application.Samples.List.PickListOnListTest","test_2"
"","12572","Filtering test","","Tue Nov 25 13:21:33 UTC 2025","passed","Tue Nov 25 13:21:45 UTC 2025","","List. Checking the basic functions for the MultiField in the widget List","application.Samples.List.MultiFieldOnListTest","filtration"
"The test clears the field and clicks the Save button. Then validates the message that the field is required","10250","Required Message text Verification field test","","Tue Nov 25 13:49:58 UTC 2025","passed","Tue Nov 25 13:50:08 UTC 2025","","Form. Checking the basic functions for the PickList in the widget Form","application.Samples.Form.PickListOnFormTest","required"
"Sorting by the specified column.","69334","Sorting test","","Tue Nov 25 13:08:09 UTC 2025","passed","Tue Nov 25 13:09:18 UTC 2025","","List. Checking the basic functions for the Radio in the widget List","application.Samples.List.RadioOnListTest","sorting"
"","8942","The test for getting the value from the field","","Tue Nov 25 13:34:21 UTC 2025","passed","Tue Nov 25 13:34:30 UTC 2025","","Info. Checking the basic functions for the MultiValueHover","application.Samples.Info.MultiValueHoverOnInfoTest","read"
"Drill Down is not available for InfoWidget.","9908","The DrillDown test","","Tue Nov 25 13:38:39 UTC 2025","passed","Tue Nov 25 13:38:49 UTC 2025","","Info. Checking the basic functions for the MultiValue","application.Samples.Info.MultiValueOnInfoTest","drillDown"
"The Hint field type is always read-only","7507","A test to check the field for ""Read-only""","","Tue Nov 25 13:47:47 UTC 2025","passed","Tue Nov 25 13:47:55 UTC 2025","","Form. Checking the basic functions for the Hint in the widget Form","application.Samples.Form.HintOnFormTest","readonly"
"Filtering by the specified column.","10544","Filtering test","","Tue Nov 25 13:15:38 UTC 2025","passed","Tue Nov 25 13:15:48 UTC 2025","","List. Checking the basic functions for the MultipleSelect in the widget List","application.Samples.List.MultipleSelectOnListTest","filtration"
"Checking the url before the transition and after the transition/click on a special element","10983","The DrillDown test","","Tue Nov 25 13:22:12 UTC 2025","passed","Tue Nov 25 13:22:23 UTC 2025","","List. Checking the basic functions for the Text in the widget List","application.Samples.List.TextOnListTest","drillDown"
"Filtering by the specified column.","9016","Filtering test","","Tue Nov 25 13:13:31 UTC 2025","passed","Tue Nov 25 13:13:40 UTC 2025","","List. Checking the basic functions for the Money in the widget List","application.Samples.List.MoneyOnListTest","filtration"
"","6811","checkFilterOrSort()","","Tue Nov 25 13:15:39 UTC 2025","passed","Tue Nov 25 13:15:46 UTC 2025","","List. Checking the basic functions for the Input in the widget List","application.Samples.List.InputOnListTest","checkFilterOrSort"
"The test sets the value with the wrong data type in the field. After approval, it checks the text under the field, which informs about the correctness of the type of data entered.","25113","Required Message validation test for one field","","Tue Nov 25 13:09:56 UTC 2025","passed","Tue Nov 25 13:10:21 UTC 2025","","List. Checking the basic functions for the Radio in the widget List","application.Samples.List.RadioOnListTest","fieldLevelValidationAnnotation"
"The test clears the field and clicks the Save button. Then validates the message that the field is required.","0","Required Message text Verification field test","","Tue Nov 25 13:19:54 UTC 2025","skipped","Tue Nov 25 13:19:54 UTC 2025","","List. Checking the basic functions for the CheckBox","application.Samples.List.CheckBoxOnListTest","required"
