"DESCRIPTION","DURATION IN MS","NAME","PARENT SUITE","START TIME","STATUS","STOP TIME","SUB SUITE","SUITE","TEST CLASS","TEST METHOD"
"","9651","The test for getting the value from the field","","Thu May 15 08:47:28 GMT 2025","passed","Thu May 15 08:47:38 GMT 2025","","Info. Checking the basic functions for the Text","application.Samples.Info.TextOnInfoTest","read"
"Sorting is not available for InfoWidget.","6062","Sorting test","","Thu May 15 08:51:14 GMT 2025","passed","Thu May 15 08:51:20 GMT 2025","","Info. Checking the basic functions for the Hint","application.Samples.Info.HintOnInfoTest","sorting"
"The test calls a modal window, after which the method returns Status-Value pairs depending on the column header.","28736","A test for checking values by column heading in a modal window","","Thu May 15 08:55:21 GMT 2025","passed","Thu May 15 08:55:49 GMT 2025","","Form. Checking the basic functions for the MultiValue in the widget Form","application.Samples.Form.MultiValueOnFormTest","test_status"
"The test sets the value in the field. After approval, by clicking on the save button, the popup window, the title, the text in it, and the buttons are validated","10560","Confirmation Popup Validation Test","","Thu May 15 09:01:49 GMT 2025","passed","Thu May 15 09:01:59 GMT 2025","","Form. Checking the basic functions for the CheckBox","application.Samples.Form.CheckBoxOnFormTest","confirm"
"The test gets the value from the style attribute in RGB format, and then converts it to Hex format","10841","A test to get the field color value in Hex format","","Thu May 15 08:48:00 GMT 2025","passed","Thu May 15 08:48:11 GMT 2025","","Info. Checking the basic functions for the Dictionary","application.Samples.Info.DictionaryOnInfoTest","color"
"DrillDown is not available for InfoWidget.","7524","The DrillDown test","","Thu May 15 08:49:44 GMT 2025","passed","Thu May 15 08:49:52 GMT 2025","","Info. Checking the basic functions for the DateTimeWithSeconds","application.Samples.Info.DateTimeWithSecondsOnInfoTest","drillDown"
"The test sets the value in the field, and then checks the value in the field with what should be set","12324","A test for setting a value in a field","","Thu May 15 09:03:07 GMT 2025","passed","Thu May 15 09:03:19 GMT 2025","","Form. Checking the basic functions for the InlinePickList in the widget Form","application.Samples.Form.InlinePickListOnFormTest","edit"
"The test sets the value in the field. After approval, by clicking on the save button, the popup window, the title, the text in it, and the buttons are validated","9600","Confirmation Popup Validation Test","","Thu May 15 08:53:05 GMT 2025","passed","Thu May 15 08:53:15 GMT 2025","","Form. Checking the basic functions for the DateTimeWithSeconds in the widget Form","application.Samples.Form.DateTimeWithSecondsOnFormTest","confirm"
"Filtering is not available for InfoWidget.","6380","Filtering test","","Thu May 15 08:49:05 GMT 2025","passed","Thu May 15 08:49:11 GMT 2025","","Info. Checking the basic functions for the DateTime","application.Samples.Info.DateTimeOnInfoTest","filtration"
"The test checks for the disabled attribute","6702","A test to check the field for ""Read-only""","","Thu May 15 08:56:11 GMT 2025","passed","Thu May 15 08:56:18 GMT 2025","","Form. Checking the basic functions for the Number in the widget Form","application.Samples.Form.NumberOnFormTest","readonly"
"Checking the url before the transition and after the transition/click on a special element","6970","The DrillDown test","","Thu May 15 08:51:55 GMT 2025","passed","Thu May 15 08:52:02 GMT 2025","","Form. Checking the basic functions for the DateTimeWithSeconds in the widget Form","application.Samples.Form.DateTimeWithSecondsOnFormTest","drillDown"
"The test checks for the disabled attribute","9632","A test to check the field for ""Read-only""","","Thu May 15 09:00:09 GMT 2025","passed","Thu May 15 09:00:19 GMT 2025","","Form. Checking the basic functions for the Percent in the widget Form","application.Samples.Form.PercentOnFormTest","readonly"
"The test sets the value in the field. After approval, the popup window, the title, the text in it, and the buttons are validated","10673","Run-time exception validation test","","Thu May 15 09:02:10 GMT 2025","passed","Thu May 15 09:02:21 GMT 2025","","Form. Checking the basic functions for the CheckBox","application.Samples.Form.CheckBoxOnFormTest","runtimeException"
"The test sets the value in the field. After approval, by clicking on the save button, the popup window, the title, the text in it, and the buttons are validated.","10227","Confirmation Popup Validation Test","","Thu May 15 08:56:58 GMT 2025","passed","Thu May 15 08:57:08 GMT 2025","","Form. Checking the basic functions for the MultiValue in the widget Form","application.Samples.Form.MultiValueOnFormTest","confirm"
"Sorting is not available for the Form widget","8083","Sorting test","","Thu May 15 08:57:33 GMT 2025","passed","Thu May 15 08:57:41 GMT 2025","","Form. Checking the basic functions for the MultipleSelect in the widget Form","application.Samples.Form.MultipleSelectOnFormTest","sorting"
"The test sets the value, after which the method returns the full list of value-status","10400","Test to get all values with the status","","Thu May 15 08:53:21 GMT 2025","passed","Thu May 15 08:53:32 GMT 2025","","Form. Checking the basic functions for the Radio in the widget Form","application.Samples.Form.RadioOnFormTest","getValues"
"Checking the url before the transition and after the transition/click on a special element","8984","The DrillDown test","","Thu May 15 09:00:23 GMT 2025","passed","Thu May 15 09:00:32 GMT 2025","","Form. Checking the basic functions for the CheckBox","application.Samples.Form.CheckBoxOnFormTest","drillDown"
"The test gets the value from the style attribute in RGB format, and then converts it to Hex format","6754","A test to get the field color value in Hex format","","Thu May 15 09:02:49 GMT 2025","passed","Thu May 15 09:02:56 GMT 2025","","Form. Checking the basic functions for the NumberDigits in the widget Form","application.Samples.Form.NumberDigitsOnFormTest","color"
"Filtering is not available for InfoWidget.","8954","Filtering test","","Thu May 15 08:47:32 GMT 2025","passed","Thu May 15 08:47:41 GMT 2025","","Info. Checking the basic functions for the MultiplySelect","application.Samples.Info.MultipleSelectOnInfoTest","filtration"
"Drill Down is not available for InfoWidget.","8824","The DrillDown test","","Thu May 15 08:49:50 GMT 2025","passed","Thu May 15 08:49:59 GMT 2025","","Info. Checking the basic functions for the MultiValue","application.Samples.Info.MultiValueOnInfoTest","drillDown"
"The test gets the value from the placeholder attribute and returns it in String format","8872","Test for getting the Placeholder value","","Thu May 15 08:52:52 GMT 2025","passed","Thu May 15 08:53:01 GMT 2025","","Form. Checking the basic functions for the FileUpload in the widget Form","application.Samples.Form.FileUploadOnFormTest","placeholder"
"The test clears the field and clicks the Save button. Then validates the message that the field is required","10650","Required Message text Verification field test","","Thu May 15 09:01:40 GMT 2025","passed","Thu May 15 09:01:51 GMT 2025","","Form. Checking the basic functions for the Dictionary in the widget Form","application.Samples.Form.DictionaryOnFormTest","required"
"The test sets the value in the field. After approval, the popup window, the title, the text in it, and the buttons are validated","8986","Business Exception Validation Test","","Thu May 15 08:52:18 GMT 2025","passed","Thu May 15 08:52:27 GMT 2025","","Form. Checking the basic functions for the FileUpload in the widget Form","application.Samples.Form.FileUploadOnFormTest","businessException"
"The test sets the value in the field, and then checks the value in the field with what should be set","6760","A test for setting a value in a field","","Thu May 15 09:03:47 GMT 2025","passed","Thu May 15 09:03:54 GMT 2025","","Form. Checking the basic functions for the DateTime in the widget Form","application.Samples.Form.DateTimeOnFormTest","edit"
"The test sets the value with the wrong data type in the field. After approval, it checks the text under the field, which informs about the correctness of the type of data entered","8507","Required Message validation test for one field","","Thu May 15 08:54:33 GMT 2025","passed","Thu May 15 08:54:41 GMT 2025","","Form. Checking the basic functions for the Money in the widget Form","application.Samples.Form.MoneyOnFormTest","fieldLevelValidationAnnotation"
"Filtering is not available for InfoWidget.","9425","Filtering test","","Thu May 15 08:51:01 GMT 2025","passed","Thu May 15 08:51:10 GMT 2025","","Info. Checking the basic functions for the Radio","application.Samples.Info.RadioOnInfoTest","filtration"
"The test sets the value with the wrong data type in the field. After approval, it checks the text under the field, which informs about the correctness of the type of data entered","9444","Required Message validation test for one field","","Thu May 15 08:58:16 GMT 2025","passed","Thu May 15 08:58:26 GMT 2025","","Form. Checking the basic functions for the MultipleSelect in the widget Form","application.Samples.Form.MultipleSelectOnFormTest","fieldLevelValidationAnnotation"
"Checking the url before the transition and after the transition/click on a special element","6045","The DrillDown test","","Thu May 15 08:53:46 GMT 2025","passed","Thu May 15 08:53:52 GMT 2025","","Form. Checking the basic functions for the Input in the widget Form","application.Samples.Form.InputOnFormTest","drillDown"
"Info Widget is always read-only","6626","A test to check the field for ""Read-only""","","Thu May 15 08:46:13 GMT 2025","passed","Thu May 15 08:46:19 GMT 2025","","Info. Checking the basic functions for the Input","application.Samples.Info.InputOnInfoTest","readonly"
"Info Widget is always read-only","9789","A test to check the field for ""Read-only""","","Thu May 15 08:47:18 GMT 2025","passed","Thu May 15 08:47:28 GMT 2025","","Info. Checking the basic functions for the Text","application.Samples.Info.TextOnInfoTest","readonly"
"The test clears the field and clicks the Save button. Then validates the message that the field is required","10265","Required Message text Verification field test","","Thu May 15 09:02:45 GMT 2025","passed","Thu May 15 09:02:56 GMT 2025","","Form. Checking the basic functions for the InlinePickList in the widget Form","application.Samples.Form.InlinePickListOnFormTest","required"
"Checking the url before the transition and after the transition/click on a special element","8163","The DrillDown test","","Thu May 15 08:57:41 GMT 2025","passed","Thu May 15 08:57:49 GMT 2025","","Form. Checking the basic functions for the MultipleSelect in the widget Form","application.Samples.Form.MultipleSelectOnFormTest","drillDown"
"Checking the url before the transition and after the transition/click on a special element","7958","The DrillDown test","","Thu May 15 08:53:42 GMT 2025","passed","Thu May 15 08:53:50 GMT 2025","","Form. Checking the basic functions for the MultiValue in the widget Form","application.Samples.Form.MultiValueOnFormTest","drillDown"
"The test gets the value from the style attribute in RGB format, and then converts it to Hex format","10099","A test to get the field color value in Hex format","","Thu May 15 08:50:12 GMT 2025","passed","Thu May 15 08:50:22 GMT 2025","","Info. Checking the basic functions for the Percent","application.Samples.Info.PercentOnInfoTest","color"
"The test checks for the disabled attribute","5766","A test to check the field for ""Read-only""","","Thu May 15 08:53:58 GMT 2025","passed","Thu May 15 08:54:03 GMT 2025","","Form. Checking the basic functions for the Input in the widget Form","application.Samples.Form.InputOnFormTest","readonly"
"The test gets the value from the placeholder attribute and returns it in String format","8846","Test for getting the Placeholder value","","Thu May 15 08:58:35 GMT 2025","passed","Thu May 15 08:58:44 GMT 2025","","Form. Checking the basic functions for the Text in the widget Form","application.Samples.Form.TextOnFormTest","placeholder"
"The InfoWidget doesn't have a Placeholder.","10543","Test for getting the Placeholder value","","Thu May 15 08:46:53 GMT 2025","passed","Thu May 15 08:47:03 GMT 2025","","Info. Checking the basic functions for the CheckBox","application.Samples.Info.CheckboxOnInfoTest","placeholder"
"Checking the url before the transition and after the transition/click on a special element","6522","The DrillDown test","","Thu May 15 08:55:57 GMT 2025","passed","Thu May 15 08:56:04 GMT 2025","","Form. Checking the basic functions for the Number in the widget Form","application.Samples.Form.NumberOnFormTest","drillDown"
"Sorting is not available for the Form widget","7987","Sorting test","","Thu May 15 08:58:16 GMT 2025","passed","Thu May 15 08:58:24 GMT 2025","","Form. Checking the basic functions for the PickList in the widget Form","application.Samples.Form.PickListOnFormTest","sorting"
"Filtering is not available for the Form widget","6986","Filtering test","","Thu May 15 08:52:02 GMT 2025","passed","Thu May 15 08:52:09 GMT 2025","","Form. Checking the basic functions for the DateTimeWithSeconds in the widget Form","application.Samples.Form.DateTimeWithSecondsOnFormTest","filtration"
"The test gets the value from the style attribute in RGB format, and then converts it to Hex format","6491","A test to get the field color value in Hex format","","Thu May 15 08:56:27 GMT 2025","passed","Thu May 15 08:56:34 GMT 2025","","Form. Checking the basic functions for the Date in the widget Form","application.Samples.Form.DateOnFormTest","color"
"The test clears the field and clicks the Save button. Then validates the message that the field is required","10501","Required Message text Verification field test","","Thu May 15 09:00:30 GMT 2025","passed","Thu May 15 09:00:41 GMT 2025","","Form. Checking the basic functions for the Percent in the widget Form","application.Samples.Form.PercentOnFormTest","required"
"Filtering is not available for the Form widget","7153","Filtering test","","Thu May 15 08:54:18 GMT 2025","passed","Thu May 15 08:54:25 GMT 2025","","Form. Checking the basic functions for the Money in the widget Form","application.Samples.Form.MoneyOnFormTest","filtration"
"","9913","A test to check the options of the drop-down list","","Thu May 15 09:01:00 GMT 2025","passed","Thu May 15 09:01:10 GMT 2025","","Form. Checking the basic functions for the Dictionary in the widget Form","application.Samples.Form.DictionaryOnFormTest","options"
"The test gets the value from the placeholder attribute and returns it in String format","8534","Test for getting the Placeholder value","","Thu May 15 09:03:40 GMT 2025","passed","Thu May 15 09:03:48 GMT 2025","","Form. Checking the basic functions for the InlinePickList in the widget Form","application.Samples.Form.InlinePickListOnFormTest","placeholder"
"The test sets the value in the field. After approval, the popup window, the title, the text in it, and the buttons are validated","7558","Business Exception Validation Test","","Thu May 15 08:54:18 GMT 2025","passed","Thu May 15 08:54:26 GMT 2025","","Form. Checking the basic functions for the Input in the widget Form","application.Samples.Form.InputOnFormTest","businessException"
"The test sets the value in the field, and then checks the value in the field with what should be set","10257","A test for setting a value in a field","","Thu May 15 09:00:52 GMT 2025","passed","Thu May 15 09:01:02 GMT 2025","","Form. Checking the basic functions for the Percent in the widget Form","application.Samples.Form.PercentOnFormTest","edit"
"The test sets the value with the wrong data type in the field. After approval, it checks the text under the field, which informs about the correctness of the type of data entered","9384","Required Message validation test for one field","","Thu May 15 08:55:39 GMT 2025","passed","Thu May 15 08:55:48 GMT 2025","","Form. Checking the basic functions for the Date in the widget Form","application.Samples.Form.DateOnFormTest","fieldLevelValidationAnnotationAlternative"
"Filtering is not available for the Form widget","8699","Filtering test","","Thu May 15 08:57:27 GMT 2025","passed","Thu May 15 08:57:36 GMT 2025","","Form. Checking the basic functions for the Text in the widget Form","application.Samples.Form.TextOnFormTest","filtration"
"The test checks for the disabled attribute","9885","A test to check the field for ""Read-only""","","Thu May 15 09:01:20 GMT 2025","passed","Thu May 15 09:01:30 GMT 2025","","Form. Checking the basic functions for the Dictionary in the widget Form","application.Samples.Form.DictionaryOnFormTest","readonly"
"The test sets the value in the field. After approval, by clicking on the save button, the popup window, the title, the text in it, and the buttons are validated","11368","Confirmation Popup Validation Test","","Thu May 15 08:58:44 GMT 2025","passed","Thu May 15 08:58:55 GMT 2025","","Form. Checking the basic functions for the Text in the widget Form","application.Samples.Form.TextOnFormTest","confirm"
"The test sets a value with the wrong data type in several fields for different widgets. After approval, it checks the text under the field, which informs about the correctness of the type of data entered","11174","Required Message validation test for multiple fields","","Thu May 15 08:58:55 GMT 2025","passed","Thu May 15 08:59:06 GMT 2025","","Form. Checking the basic functions for the Text in the widget Form","application.Samples.Form.TextOnFormTest","fieldLevelValidation"
"","8016","The test for getting the value from the field","","Thu May 15 08:48:28 GMT 2025","passed","Thu May 15 08:48:36 GMT 2025","","Info. Checking the basic functions for the Money","application.Samples.Info.MoneyOnInfoTest","read"
"InfoWidget does not have a Hex field color for this type.","10599","A test to get the field color value in Hex format","","Thu May 15 08:46:42 GMT 2025","passed","Thu May 15 08:46:53 GMT 2025","","Info. Checking the basic functions for the CheckBox","application.Samples.Info.CheckboxOnInfoTest","color"
"Sorting is not available for the Form widget","5754","Sorting test","","Thu May 15 08:53:40 GMT 2025","passed","Thu May 15 08:53:46 GMT 2025","","Form. Checking the basic functions for the Input in the widget Form","application.Samples.Form.InputOnFormTest","sorting"
"Filtering is not available for the Form widget","6837","Filtering test","","Thu May 15 09:02:27 GMT 2025","passed","Thu May 15 09:02:34 GMT 2025","","Form. Checking the basic functions for the NumberDigits in the widget Form","application.Samples.Form.NumberDigitsOnFormTest","filtration"
"The test gets the value from the style attribute in RGB format, and then converts it to Hex format","5494","A test to get the field color value in Hex format","","Thu May 15 08:54:32 GMT 2025","passed","Thu May 15 08:54:38 GMT 2025","","Form. Checking the basic functions for the Input in the widget Form","application.Samples.Form.InputOnFormTest","color"
"The test sets several values in the field, then checks the list with the expected value.","23111","A test for setting multiple values in a field","","Thu May 15 08:54:28 GMT 2025","passed","Thu May 15 08:54:51 GMT 2025","","Form. Checking the basic functions for the MultiValue in the widget Form","application.Samples.Form.MultiValueOnFormTest","test_set"
"The test checks the list of options that the method returns, with the expected result","9980","Test to get a list of options","","Thu May 15 08:57:49 GMT 2025","passed","Thu May 15 08:57:59 GMT 2025","","Form. Checking the basic functions for the MultipleSelect in the widget Form","application.Samples.Form.MultipleSelectOnFormTest","getListOptions"
"Info Widget is always read-only","7632","A test to check the field for ""Read-only""","","Thu May 15 08:48:20 GMT 2025","passed","Thu May 15 08:48:28 GMT 2025","","Info. Checking the basic functions for the Money","application.Samples.Info.MoneyOnInfoTest","readonly"
"Checking the url before the transition and after the transition/click on a special element","9427","The DrillDown test","","Thu May 15 09:02:05 GMT 2025","passed","Thu May 15 09:02:14 GMT 2025","","Form. Checking the basic functions for the InlinePickList in the widget Form","application.Samples.Form.InlinePickListOnFormTest","drillDown"
"Drill Down is not available for InfoWidget.","6362","The DrillDown test","","Thu May 15 08:51:20 GMT 2025","passed","Thu May 15 08:51:27 GMT 2025","","Info. Checking the basic functions for the Hint","application.Samples.Info.HintOnInfoTest","drillDown"
"DrillDown is not available for InfoWidget.","7164","The DrillDown test","","Thu May 15 08:50:33 GMT 2025","passed","Thu May 15 08:50:40 GMT 2025","","Info. Checking the basic functions for the Date","application.Samples.Info.DateOnInfoTest","drillDown"
"The test sets the value in the field. After approval, the popup window, the title, the text in it, and the buttons are validated","9905","Run-time exception validation test","","Thu May 15 08:59:54 GMT 2025","passed","Thu May 15 09:00:04 GMT 2025","","Form. Checking the basic functions for the MultipleSelect in the widget Form","application.Samples.Form.MultipleSelectOnFormTest","runtimeException"
"Filtering is not available for InfoWidget.","11234","Filtering test","","Thu May 15 08:47:26 GMT 2025","passed","Thu May 15 08:47:38 GMT 2025","","Info. Checking the basic functions for the Dictionary","application.Samples.Info.DictionaryOnInfoTest","filtration"
"The test gets the value from the style attribute in RGB format, and then converts it to Hex format","7756","A test to get the field color value in Hex format","","Thu May 15 08:52:44 GMT 2025","passed","Thu May 15 08:52:52 GMT 2025","","Form. Checking the basic functions for the FileUpload in the widget Form","application.Samples.Form.FileUploadOnFormTest","color"
"The test gets the value from the style attribute in RGB format, and then converts it to Hex format","6842","A test to get the field color value in Hex format","","Thu May 15 08:49:24 GMT 2025","passed","Thu May 15 08:49:31 GMT 2025","","Info. Checking the basic functions for the DateTime","application.Samples.Info.DateTimeOnInfoTest","color"
"Checking the url before the transition and after the transition/click on a special element","9486","The DrillDown test","","Thu May 15 08:52:03 GMT 2025","passed","Thu May 15 08:52:12 GMT 2025","","Form. Checking the basic functions for the Radio in the widget Form","application.Samples.Form.RadioOnFormTest","drillDown"
"","11630","The test for getting the value from the field","","Thu May 15 08:47:02 GMT 2025","passed","Thu May 15 08:47:13 GMT 2025","","Info. Checking the basic functions for the MultiField","application.Samples.Info.MultiFieldOnInfoTest","read"
"Sorting is not available for the Form widget","7417","Sorting test","","Thu May 15 08:54:03 GMT 2025","passed","Thu May 15 08:54:11 GMT 2025","","Form. Checking the basic functions for the Money in the widget Form","application.Samples.Form.MoneyOnFormTest","sorting"
"The test sets the value in the field. After approval, the popup window, the title, the text in it, and the buttons are validated","9128","Run-time exception validation test","","Thu May 15 08:55:41 GMT 2025","passed","Thu May 15 08:55:50 GMT 2025","","Form. Checking the basic functions for the Money in the widget Form","application.Samples.Form.MoneyOnFormTest","runtimeException"
"Sorting is not available for the Form widget","10333","Sorting test","","Thu May 15 08:51:52 GMT 2025","passed","Thu May 15 08:52:03 GMT 2025","","Form. Checking the basic functions for the Radio in the widget Form","application.Samples.Form.RadioOnFormTest","sorting"
"The test gets the value from the style attribute in RGB format, and then converts it to Hex format","7470","A test to get the field color value in Hex format","","Thu May 15 08:51:13 GMT 2025","passed","Thu May 15 08:51:21 GMT 2025","","Info. Checking the basic functions for the PickList","application.Samples.Info.PickListOnInfoTest","color"
"The test checks for the disabled attribute","6848","A test to check the field for ""Read-only""","","Thu May 15 08:52:09 GMT 2025","passed","Thu May 15 08:52:16 GMT 2025","","Form. Checking the basic functions for the DateTimeWithSeconds in the widget Form","application.Samples.Form.DateTimeWithSecondsOnFormTest","readonly"
"The test sets the value with the wrong data type in the field. After approval, it checks the text under the field, which informs about the correctness of the type of data entered","11086","Required Message validation test for one field","","Thu May 15 09:00:50 GMT 2025","passed","Thu May 15 09:01:01 GMT 2025","","Form. Checking the basic functions for the CheckBox","application.Samples.Form.CheckBoxOnFormTest","fieldLevelValidationAnnotation"
"Checking the url before the transition and after the transition/click on a special element","6448","The DrillDown test","","Thu May 15 08:55:26 GMT 2025","passed","Thu May 15 08:55:33 GMT 2025","","Form. Checking the basic functions for the Date in the widget Form","application.Samples.Form.DateOnFormTest","drillDown"
"The Hint field type is always read-only","8171","A test to check the field for ""Read-only""","","Thu May 15 09:00:07 GMT 2025","passed","Thu May 15 09:00:15 GMT 2025","","Form. Checking the basic functions for the MultiValueHover in the widget Form","application.Samples.Form.MultiValueHoverOnFormTest","readonly"
"The test sets the value with the wrong data type in the field. After approval, it checks the text under the field, which informs about the correctness of the type of data entered","10647","Required Message validation test for one field","","Thu May 15 09:01:30 GMT 2025","passed","Thu May 15 09:01:40 GMT 2025","","Form. Checking the basic functions for the Dictionary in the widget Form","application.Samples.Form.DictionaryOnFormTest","fieldLevelValidationAnnotation"
"","10091","The test for getting the value from the field","","Thu May 15 08:50:02 GMT 2025","passed","Thu May 15 08:50:12 GMT 2025","","Info. Checking the basic functions for the Percent","application.Samples.Info.PercentOnInfoTest","read"
"The InfoWidget doesn't have a Placeholder.","7631","Test for getting the Placeholder value","","Thu May 15 08:46:41 GMT 2025","passed","Thu May 15 08:46:48 GMT 2025","","Info. Checking the basic functions for the Number","application.Samples.Info.NumberOnInfoTest","placeholder"
"The test calls Popup, the method returns a list with column headings","8230","The test for getting column headings","","Thu May 15 08:59:59 GMT 2025","passed","Thu May 15 09:00:07 GMT 2025","","Form. Checking the basic functions for the PickList in the widget Form","application.Samples.Form.PickListOnFormTest","getColumnName"
"The test checks for the disabled attribute","6313","A test to check the field for ""Read-only""","","Thu May 15 08:55:48 GMT 2025","passed","Thu May 15 08:55:55 GMT 2025","","Form. Checking the basic functions for the Date in the widget Form","application.Samples.Form.DateOnFormTest","readonly"
"The test clears the field and clicks the Save button. Then validates the message that the field is required","10857","Required Message text Verification field test","","Thu May 15 08:58:26 GMT 2025","passed","Thu May 15 08:58:37 GMT 2025","","Form. Checking the basic functions for the MultipleSelect in the widget Form","application.Samples.Form.MultipleSelectOnFormTest","required"
"The test sets a value with the wrong data type in several fields for different widgets. After approval, it checks the text under the field, which informs about the correctness of the type of data entered","8622","Required Message validation test for multiple fields","","Thu May 15 08:53:19 GMT 2025","passed","Thu May 15 08:53:27 GMT 2025","","Form. Checking the basic functions for the FileUpload in the widget Form","application.Samples.Form.FileUploadOnFormTest","fieldLevelValidation"
"The test clears the field and clicks the Save button. Then validates the message that the field is required","8087","Required Message text Verification field test","","Thu May 15 08:52:25 GMT 2025","passed","Thu May 15 08:52:33 GMT 2025","","Form. Checking the basic functions for the DateTimeWithSeconds in the widget Form","application.Samples.Form.DateTimeWithSecondsOnFormTest","required"
"The InfoWidget doesn't have a Placeholder.","9638","Test for getting the Placeholder value","","Thu May 15 08:51:38 GMT 2025","passed","Thu May 15 08:51:48 GMT 2025","","Info. Checking the basic functions for the Radio","application.Samples.Info.RadioOnInfoTest","placeholder"
"The InfoWidget doesn't have a Placeholder.","6961","Test for getting the Placeholder value","","Thu May 15 08:51:07 GMT 2025","passed","Thu May 15 08:51:14 GMT 2025","","Info. Checking the basic functions for the Date","application.Samples.Info.DateOnInfoTest","placeholder"
"DrillDown is not available for InfoWidget.","13069","The DrillDown test","","Thu May 15 08:45:56 GMT 2025","passed","Thu May 15 08:46:09 GMT 2025","","Info. Checking the basic functions for the CheckBox","application.Samples.Info.CheckboxOnInfoTest","drillDown"
"Filtering is not available for the Form widget","7851","Filtering test","","Thu May 15 08:53:50 GMT 2025","passed","Thu May 15 08:53:58 GMT 2025","","Form. Checking the basic functions for the MultiValue in the widget Form","application.Samples.Form.MultiValueOnFormTest","filtration"
"The test sets the value in the field. After approval, the popup window, the title, the text in it, and the buttons are validated","12850","Run-time exception validation test","","Thu May 15 08:53:27 GMT 2025","passed","Thu May 15 08:53:40 GMT 2025","","Form. Checking the basic functions for the FileUpload in the widget Form","application.Samples.Form.FileUploadOnFormTest","runtimeException"
"The test sets the value in the field. After approval, the popup window, the title, the text in it, and the buttons are validated","11917","Business Exception Validation Test","","Thu May 15 09:01:51 GMT 2025","passed","Thu May 15 09:02:03 GMT 2025","","Form. Checking the basic functions for the Dictionary in the widget Form","application.Samples.Form.DictionaryOnFormTest","businessException"
"The test sets the value in the field. After approval, by clicking on the save button, the popup window, the title, the text in it, and the buttons are validated","9354","Confirmation Popup Validation Test","","Thu May 15 08:57:05 GMT 2025","passed","Thu May 15 08:57:15 GMT 2025","","Form. Checking the basic functions for the Number in the widget Form","application.Samples.Form.NumberOnFormTest","confirm"
"The test gets the value from the style attribute in RGB format, and then converts it to Hex format","9720","A test to get the field color value in Hex format","","Thu May 15 09:02:15 GMT 2025","passed","Thu May 15 09:02:24 GMT 2025","","Form. Checking the basic functions for the Dictionary in the widget Form","application.Samples.Form.DictionaryOnFormTest","color"
"The test checks for the disabled attribute","9651","A test to check the field for ""Read-only""","","Thu May 15 08:52:21 GMT 2025","passed","Thu May 15 08:52:31 GMT 2025","","Form. Checking the basic functions for the Radio in the widget Form","application.Samples.Form.RadioOnFormTest","readonly"
"Sorting is not available for the Form widget","6245","Sorting test","","Thu May 15 09:03:03 GMT 2025","passed","Thu May 15 09:03:09 GMT 2025","","Form. Checking the basic functions for the DateTime in the widget Form","application.Samples.Form.DateTimeOnFormTest","sorting"
"The test gets the value from the placeholder attribute and returns it in String format","7416","Test for getting the Placeholder value","","Thu May 15 08:55:15 GMT 2025","passed","Thu May 15 08:55:22 GMT 2025","","Form. Checking the basic functions for the Money in the widget Form","application.Samples.Form.MoneyOnFormTest","placeholder"
"Filtering is not available for InfoWidget.","8077","Filtering test","","Thu May 15 08:46:08 GMT 2025","passed","Thu May 15 08:46:16 GMT 2025","","Info. Checking the basic functions for the Number","application.Samples.Info.NumberOnInfoTest","filtration"
"DrillDown is not available for InfoWidget.","8895","The DrillDown test","","Thu May 15 08:47:23 GMT 2025","passed","Thu May 15 08:47:32 GMT 2025","","Info. Checking the basic functions for the MultiplySelect","application.Samples.Info.MultipleSelectOnInfoTest","drillDown"
"Filtering is not available for the Form widget","9676","Filtering test","","Thu May 15 09:01:10 GMT 2025","passed","Thu May 15 09:01:20 GMT 2025","","Form. Checking the basic functions for the Dictionary in the widget Form","application.Samples.Form.DictionaryOnFormTest","filtration"
"","7557","The test for getting the value from the field","","Thu May 15 09:03:10 GMT 2025","passed","Thu May 15 09:03:18 GMT 2025","","Info. Checking the basic functions for the FileUp","application.Samples.Info.FileUploadOnInfoTest","read"
"The test sets the value in the field, and then checks the value in the field with what should be set","8446","A test for setting a value in a field","","Thu May 15 08:52:27 GMT 2025","passed","Thu May 15 08:52:35 GMT 2025","","Form. Checking the basic functions for the FileUpload in the widget Form","application.Samples.Form.FileUploadOnFormTest","edit"
"The test sets the value in the field. After approval, the popup window, the title, the text in it, and the buttons are validated","9045","Business Exception Validation Test","","Thu May 15 08:56:35 GMT 2025","passed","Thu May 15 08:56:44 GMT 2025","","Form. Checking the basic functions for the Number in the widget Form","application.Samples.Form.NumberOnFormTest","businessException"
"","6837","The test for getting the value from the field","","Thu May 15 08:51:39 GMT 2025","passed","Thu May 15 08:51:46 GMT 2025","","Info. Checking the basic functions for the Hint","application.Samples.Info.HintOnInfoTest","read"
"","11110","The test for getting the value from the field","","Thu May 15 08:46:31 GMT 2025","passed","Thu May 15 08:46:42 GMT 2025","","Info. Checking the basic functions for the CheckBox","application.Samples.Info.CheckboxOnInfoTest","read"
"Filtering is not available for the Form widget","5513","Filtering test","","Thu May 15 08:53:52 GMT 2025","passed","Thu May 15 08:53:58 GMT 2025","","Form. Checking the basic functions for the Input in the widget Form","application.Samples.Form.InputOnFormTest","filtration"
"The test gets the value from the style attribute in RGB format, and then converts it to Hex format","8033","A test to get the field color value in Hex format","","Thu May 15 08:59:15 GMT 2025","passed","Thu May 15 08:59:23 GMT 2025","","Form. Checking the basic functions for the PickList in the widget Form","application.Samples.Form.PickListOnFormTest","color"
"The test sets the value in the field. After approval, the popup window, the title, the text in it, and the buttons are validated","9050","Business Exception Validation Test","","Thu May 15 08:54:50 GMT 2025","passed","Thu May 15 08:54:59 GMT 2025","","Form. Checking the basic functions for the Money in the widget Form","application.Samples.Form.MoneyOnFormTest","businessException"
"The test sets the value in the field via Popup using a unique id, and then checks the value in the field with what needs to be set","8406","A test for setting a value in a field","","Thu May 15 08:59:07 GMT 2025","passed","Thu May 15 08:59:15 GMT 2025","","Form. Checking the basic functions for the PickList in the widget Form","application.Samples.Form.PickListOnFormTest","edit"
"Sorting is not available for the Form widget","6736","Sorting test","","Thu May 15 08:51:48 GMT 2025","passed","Thu May 15 08:51:55 GMT 2025","","Form. Checking the basic functions for the DateTimeWithSeconds in the widget Form","application.Samples.Form.DateTimeWithSecondsOnFormTest","sorting"
"The test sets the value in the field, and then checks the value in the field with what should be set","9352","A test for setting a value in a field","","Thu May 15 09:01:22 GMT 2025","passed","Thu May 15 09:01:31 GMT 2025","","Form. Checking the basic functions for the CheckBox","application.Samples.Form.CheckBoxOnFormTest","edit"
"The test gets the value from the style attribute in RGB format, and then converts it to Hex format","5494","A test to get the field color value in Hex format","","Thu May 15 09:03:54 GMT 2025","passed","Thu May 15 09:04:00 GMT 2025","","Form. Checking the basic functions for the DateTime in the widget Form","application.Samples.Form.DateTimeOnFormTest","color"
"The test checks for the disabled attribute","7383","A test to check the field for ""Read-only""","","Thu May 15 08:54:25 GMT 2025","passed","Thu May 15 08:54:33 GMT 2025","","Form. Checking the basic functions for the Money in the widget Form","application.Samples.Form.MoneyOnFormTest","readonly"
"Info Widget is always read-only","11354","A test to check the field for ""Read-only""","","Thu May 15 08:47:38 GMT 2025","passed","Thu May 15 08:47:49 GMT 2025","","Info. Checking the basic functions for the Dictionary","application.Samples.Info.DictionaryOnInfoTest","readonly"
"The test deletes the value by checking the autocomplete in a blank field","11587","Auto-completion test after cleaning","","Thu May 15 08:59:27 GMT 2025","passed","Thu May 15 08:59:38 GMT 2025","","Form. Checking the basic functions for the Percent in the widget Form","application.Samples.Form.PercentOnFormTest","nullable"
"The test gets the value from the style attribute in RGB format, and then converts it to Hex format","9175","A test to get the field color value in Hex format","","Thu May 15 08:53:03 GMT 2025","passed","Thu May 15 08:53:12 GMT 2025","","Form. Checking the basic functions for the Radio in the widget Form","application.Samples.Form.RadioOnFormTest","color"
"The test sets a value with the wrong data type in several fields for different widgets. After approval, it checks the text under the field, which informs about the correctness of the type of data entered","10887","Required Message validation test for multiple fields","","Thu May 15 08:53:15 GMT 2025","passed","Thu May 15 08:53:26 GMT 2025","","Form. Checking the basic functions for the DateTimeWithSeconds in the widget Form","application.Samples.Form.DateTimeWithSecondsOnFormTest","fieldLevelValidation"
"","7843","Test to get the name of the downloaded file","","Thu May 15 08:49:34 GMT 2025","passed","Thu May 15 08:49:42 GMT 2025","","Info. Checking the basic functions for the FileUp","application.Samples.Info.FileUploadOnInfoTest","getFileName"
"The InfoWidget doesn't have a Placeholder.","7619","Test for getting the Placeholder value","","Thu May 15 08:51:21 GMT 2025","passed","Thu May 15 08:51:29 GMT 2025","","Info. Checking the basic functions for the PickList","application.Samples.Info.PickListOnInfoTest","placeholder"
"The test sets the value with the wrong data type in the field. After approval, it checks the text under the field, which informs about the correctness of the type of data entered","10922","Required Message validation test for one field","","Thu May 15 08:57:44 GMT 2025","passed","Thu May 15 08:57:55 GMT 2025","","Form. Checking the basic functions for the Text in the widget Form","application.Samples.Form.TextOnFormTest","fieldLevelValidationAnnotation"
"DrillDown is not available for InfoWidget.","11764","The DrillDown test","","Thu May 15 08:47:15 GMT 2025","passed","Thu May 15 08:47:26 GMT 2025","","Info. Checking the basic functions for the Dictionary","application.Samples.Info.DictionaryOnInfoTest","drillDown"
"Sorting is not available for InfoWidget.","7398","Sorting test","","Thu May 15 08:47:57 GMT 2025","passed","Thu May 15 08:48:04 GMT 2025","","Info. Checking the basic functions for the Money","application.Samples.Info.MoneyOnInfoTest","sorting"
"Sorting is not available for the Form widget","8959","Sorting test","","Thu May 15 08:57:09 GMT 2025","passed","Thu May 15 08:57:18 GMT 2025","","Form. Checking the basic functions for the Text in the widget Form","application.Samples.Form.TextOnFormTest","sorting"
"","10096","A test to get a value for a multifield","","Thu May 15 08:58:06 GMT 2025","passed","Thu May 15 08:58:16 GMT 2025","","Form. Checking the basic functions for the MultiField in the widget Form","application.Samples.Form.MultiFieldOnFormTest","getValues2"
"DrillDown is not available for InfoWidget.","8935","The DrillDown test","","Thu May 15 08:48:27 GMT 2025","passed","Thu May 15 08:48:35 GMT 2025","","Info. Checking the basic functions for the MultiValueHover","application.Samples.Info.MultiValueHoverOnInfoTest","drillDown"
"Sorting is not available for InfoWidget.","10216","Sorting test","","Thu May 15 08:49:20 GMT 2025","passed","Thu May 15 08:49:30 GMT 2025","","Info. Checking the basic functions for the Percent","application.Samples.Info.PercentOnInfoTest","sorting"
"The test sets a value with the wrong data type in several fields for different widgets. After approval, it checks the text under the field, which informs about the correctness of the type of data entered","9886","Required Message validation test for multiple fields","","Thu May 15 08:55:31 GMT 2025","passed","Thu May 15 08:55:41 GMT 2025","","Form. Checking the basic functions for the Money in the widget Form","application.Samples.Form.MoneyOnFormTest","fieldLevelValidation"
"","7895","The test for getting the value from the field","","Thu May 15 08:51:06 GMT 2025","passed","Thu May 15 08:51:13 GMT 2025","","Info. Checking the basic functions for the PickList","application.Samples.Info.PickListOnInfoTest","read"
"Filtering is not available for the Form widget","7620","Filtering test","","Thu May 15 08:58:41 GMT 2025","passed","Thu May 15 08:58:48 GMT 2025","","Form. Checking the basic functions for the PickList in the widget Form","application.Samples.Form.PickListOnFormTest","filtration"
"The test sets a value with the wrong data type in several fields for different widgets. After approval, it checks the text under the field, which informs about the correctness of the type of data entered","11507","Required Message validation test for multiple fields","","Thu May 15 09:02:47 GMT 2025","passed","Thu May 15 09:02:59 GMT 2025","","Form. Checking the basic functions for the Dictionary in the widget Form","application.Samples.Form.DictionaryOnFormTest","fieldLevelValidation"
"The test gets the value from the placeholder attribute and returns it in String format","9267","Test for getting the Placeholder value","","Thu May 15 09:01:11 GMT 2025","passed","Thu May 15 09:01:21 GMT 2025","","Form. Checking the basic functions for the Percent in the widget Form","application.Samples.Form.PercentOnFormTest","placeholder"
"The InfoWidget doesn't have a Placeholder.","6222","Test for getting the Placeholder value","","Thu May 15 08:49:31 GMT 2025","passed","Thu May 15 08:49:37 GMT 2025","","Info. Checking the basic functions for the DateTime","application.Samples.Info.DateTimeOnInfoTest","placeholder"
"The test sets a value with the wrong data type in several fields for different widgets. After approval, it checks the text under the field, which informs about the correctness of the type of data entered","8504","Required Message validation test for multiple fields","","Thu May 15 08:59:41 GMT 2025","passed","Thu May 15 08:59:50 GMT 2025","","Form. Checking the basic functions for the PickList in the widget Form","application.Samples.Form.PickListOnFormTest","fieldLevelValidation"
"The test sets the value in the field. After approval, the popup window, the title, the text in it, and the buttons are validated","9098","Business Exception Validation Test","","Thu May 15 08:52:33 GMT 2025","passed","Thu May 15 08:52:43 GMT 2025","","Form. Checking the basic functions for the DateTimeWithSeconds in the widget Form","application.Samples.Form.DateTimeWithSecondsOnFormTest","businessException"
"Info Widget is always read-only","11074","A test to check the field for ""Read-only""","","Thu May 15 08:46:20 GMT 2025","passed","Thu May 15 08:46:31 GMT 2025","","Info. Checking the basic functions for the CheckBox","application.Samples.Info.CheckboxOnInfoTest","readonly"
"The test gets the value from the style attribute in RGB format, and then converts it to Hex format","8424","A test to get the field color value in Hex format","","Thu May 15 09:03:19 GMT 2025","passed","Thu May 15 09:03:28 GMT 2025","","Form. Checking the basic functions for the InlinePickList in the widget Form","application.Samples.Form.InlinePickListOnFormTest","color"
"Info Widget is always read-only","6443","A test to check the field for ""Read-only""","","Thu May 15 08:49:59 GMT 2025","passed","Thu May 15 08:50:05 GMT 2025","","Info. Checking the basic functions for the DateTimeWithSeconds","application.Samples.Info.DateTimeWithSecondsOnInfoTest","readonly"
"The InfoWidget doesn't have a Placeholder.","6840","Test for getting the Placeholder value","","Thu May 15 08:46:32 GMT 2025","passed","Thu May 15 08:46:39 GMT 2025","","Info. Checking the basic functions for the Input","application.Samples.Info.InputOnInfoTest","placeholder"
"Info Widget is always read-only","8038","A test to check the field for ""Read-only""","","Thu May 15 08:48:53 GMT 2025","passed","Thu May 15 08:49:01 GMT 2025","","Info. Checking the basic functions for the FileUp","application.Samples.Info.FileUploadOnInfoTest","readonly"
"The InfoWidget doesn't have a Placeholder.","6913","Test for getting the Placeholder value","","Thu May 15 08:50:19 GMT 2025","passed","Thu May 15 08:50:26 GMT 2025","","Info. Checking the basic functions for the DateTimeWithSeconds","application.Samples.Info.DateTimeWithSecondsOnInfoTest","placeholder"
"The test gets the value from the style attribute in RGB format, and then converts it to Hex format","8413","A test to get the field color value in Hex format","","Thu May 15 08:56:13 GMT 2025","passed","Thu May 15 08:56:21 GMT 2025","","Form. Checking the basic functions for the MultiValue in the widget Form","application.Samples.Form.MultiValueOnFormTest","color"
"The test clears the field and clicks the Save button. Then validates the message that the field is required","9823","Required Message text Verification field test","","Thu May 15 09:01:01 GMT 2025","passed","Thu May 15 09:01:11 GMT 2025","","Form. Checking the basic functions for the CheckBox","application.Samples.Form.CheckBoxOnFormTest","required"
"Sorting is not available for InfoWidget.","8011","Sorting test","","Thu May 15 08:50:32 GMT 2025","passed","Thu May 15 08:50:40 GMT 2025","","Info. Checking the basic functions for the PickList","application.Samples.Info.PickListOnInfoTest","sorting"
"The test sets the value in the field. After approval, by clicking on the save button, the popup window, the title, the text in it, and the buttons are validated","7834","Confirmation Popup Validation Test","","Thu May 15 08:54:51 GMT 2025","passed","Thu May 15 08:54:58 GMT 2025","","Form. Checking the basic functions for the Input in the widget Form","application.Samples.Form.InputOnFormTest","confirm"
"The test sets the value with the wrong data type in the field. After approval, it checks the text under the field, which informs about the correctness of the type of data entered","7350","Required Message validation test for one field","","Thu May 15 09:03:26 GMT 2025","passed","Thu May 15 09:03:34 GMT 2025","","Form. Checking the basic functions for the DateTime in the widget Form","application.Samples.Form.DateTimeOnFormTest","fieldLevelValidationAnnotation"
"The test clears the field and clicks the Save button. Then validates the message that the field is required","8704","Required Message text Verification field test","","Thu May 15 08:52:09 GMT 2025","passed","Thu May 15 08:52:18 GMT 2025","","Form. Checking the basic functions for the FileUpload in the widget Form","application.Samples.Form.FileUploadOnFormTest","required"
"Filtering is not available for InfoWidget.","9624","Filtering test","","Thu May 15 08:47:09 GMT 2025","passed","Thu May 15 08:47:18 GMT 2025","","Info. Checking the basic functions for the Text","application.Samples.Info.TextOnInfoTest","filtration"
"The test sets the value in the field. After approval, the popup window, the title, the text in it, and the buttons are validated","11147","Business Exception Validation Test","","Thu May 15 09:00:41 GMT 2025","passed","Thu May 15 09:00:52 GMT 2025","","Form. Checking the basic functions for the Percent in the widget Form","application.Samples.Form.PercentOnFormTest","businessException"
"Sorting is not available for InfoWidget.","4880","Sorting test","","Thu May 15 09:04:28 GMT 2025","passed","Thu May 15 09:04:33 GMT 2025","","Info. Checking the basic functions for the Input","application.Samples.Info.InputOnInfoTest","sorting"
"The test gets the value from the style attribute in RGB format, and then converts it to Hex format","7511","A test to get the field color value in Hex format","","Thu May 15 08:48:36 GMT 2025","passed","Thu May 15 08:48:44 GMT 2025","","Info. Checking the basic functions for the Money","application.Samples.Info.MoneyOnInfoTest","color"
"The test sets the value in the field, and then checks the value in the field with what should be set","8466","A test for setting a value in a field","","Thu May 15 08:52:43 GMT 2025","passed","Thu May 15 08:52:51 GMT 2025","","Form. Checking the basic functions for the DateTimeWithSeconds in the widget Form","application.Samples.Form.DateTimeWithSecondsOnFormTest","edit"
"Getting a Placeholder is not available","7782","Test for getting the Placeholder value","","Thu May 15 09:00:32 GMT 2025","passed","Thu May 15 09:00:40 GMT 2025","","Form. Checking the basic functions for the MultiValueHover in the widget Form","application.Samples.Form.MultiValueHoverOnFormTest","placeholder"
"The test sets a value with the wrong data type in several fields for different widgets. After approval, it checks the text under the field, which informs about the correctness of the type of data entered","11047","Required Message validation test for multiple fields","","Thu May 15 08:53:42 GMT 2025","passed","Thu May 15 08:53:53 GMT 2025","","Form. Checking the basic functions for the Radio in the widget Form","application.Samples.Form.RadioOnFormTest","fieldLevelValidation"
"The test sets the value in the field. After approval, the popup window, the title, the text in it, and the buttons are validated","8661","Business Exception Validation Test","","Thu May 15 08:56:11 GMT 2025","passed","Thu May 15 08:56:19 GMT 2025","","Form. Checking the basic functions for the Date in the widget Form","application.Samples.Form.DateOnFormTest","businessException"
"The test checks for the disabled attribute","9804","A test to check the field for ""Read-only""","","Thu May 15 09:02:24 GMT 2025","passed","Thu May 15 09:02:34 GMT 2025","","Form. Checking the basic functions for the InlinePickList in the widget Form","application.Samples.Form.InlinePickListOnFormTest","readonly"
"Info Widget is always read-only","6335","A test to check the field for ""Read-only""","","Thu May 15 08:51:33 GMT 2025","passed","Thu May 15 08:51:39 GMT 2025","","Info. Checking the basic functions for the Hint","application.Samples.Info.HintOnInfoTest","readonly"
"The test clears the field and clicks the Save button. Then validates the message that the field is required","9290","Required Message text Verification field test","","Thu May 15 08:58:48 GMT 2025","passed","Thu May 15 08:58:58 GMT 2025","","Form. Checking the basic functions for the PickList in the widget Form","application.Samples.Form.PickListOnFormTest","required"
"The test sets the value in the field. After approval, the popup window, the title, the text in it, and the buttons are validated","11609","Business Exception Validation Test","","Thu May 15 09:02:56 GMT 2025","passed","Thu May 15 09:03:07 GMT 2025","","Form. Checking the basic functions for the InlinePickList in the widget Form","application.Samples.Form.InlinePickListOnFormTest","businessException"
"The test sets the value in the field. After approval, the popup window, the title, the text in it, and the buttons are validated.","10293","Business Exception Validation Test","","Thu May 15 08:55:10 GMT 2025","passed","Thu May 15 08:55:21 GMT 2025","","Form. Checking the basic functions for the MultiValue in the widget Form","application.Samples.Form.MultiValueOnFormTest","businessException"
"The test gets the value from the style attribute in RGB format, and then converts it to Hex format","9236","A test to get the field color value in Hex format","","Thu May 15 08:49:02 GMT 2025","passed","Thu May 15 08:49:11 GMT 2025","","Info. Checking the basic functions for the MultiValueHover","application.Samples.Info.MultiValueHoverOnInfoTest","color"
"Info Widget is always read-only","6456","A test to check the field for ""Read-only""","","Thu May 15 08:49:11 GMT 2025","passed","Thu May 15 08:49:17 GMT 2025","","Info. Checking the basic functions for the DateTime","application.Samples.Info.DateTimeOnInfoTest","readonly"
"The test sets the value with the wrong data type in the field. After approval, it checks the text under the field, which informs about the correctness of the type of data entered","9631","Required Message validation test for one field","","Thu May 15 08:52:16 GMT 2025","passed","Thu May 15 08:52:25 GMT 2025","","Form. Checking the basic functions for the DateTimeWithSeconds in the widget Form","application.Samples.Form.DateTimeWithSecondsOnFormTest","fieldLevelValidationAnnotation"
"The InfoWidget doesn't have a Placeholder.","10023","Test for getting the Placeholder value","","Thu May 15 08:50:22 GMT 2025","passed","Thu May 15 08:50:32 GMT 2025","","Info. Checking the basic functions for the Percent","application.Samples.Info.PercentOnInfoTest","placeholder"
"","6632","The test for getting the value from the field","","Thu May 15 08:49:17 GMT 2025","passed","Thu May 15 08:49:24 GMT 2025","","Info. Checking the basic functions for the DateTime","application.Samples.Info.DateTimeOnInfoTest","read"
"The test sets the value with the wrong data type in the field. After approval, it checks the text under the field, which informs about the correctness of the type of data entered","11610","Required Message validation test for one field","","Thu May 15 09:02:34 GMT 2025","passed","Thu May 15 09:02:45 GMT 2025","","Form. Checking the basic functions for the InlinePickList in the widget Form","application.Samples.Form.InlinePickListOnFormTest","fieldLevelValidationAnnotation"
"Filtering is not available for InfoWidget.","8131","Filtering test","","Thu May 15 08:49:59 GMT 2025","passed","Thu May 15 08:50:07 GMT 2025","","Info. Checking the basic functions for the MultiValue","application.Samples.Info.MultiValueOnInfoTest","filtration"
"The test gets the value from the placeholder attribute and returns it in String format","7931","Test for getting the Placeholder value","","Thu May 15 08:59:23 GMT 2025","passed","Thu May 15 08:59:31 GMT 2025","","Form. Checking the basic functions for the PickList in the widget Form","application.Samples.Form.PickListOnFormTest","placeholder"
"The test gets the value from the placeholder attribute and returns it in String format","8507","Test for getting the Placeholder value","","Thu May 15 08:59:05 GMT 2025","passed","Thu May 15 08:59:14 GMT 2025","","Form. Checking the basic functions for the MultipleSelect in the widget Form","application.Samples.Form.MultipleSelectOnFormTest","placeholder"
"The test gets the value from the style attribute in RGB format, and then converts it to Hex format","9439","A test to get the field color value in Hex format","","Thu May 15 08:51:29 GMT 2025","passed","Thu May 15 08:51:38 GMT 2025","","Info. Checking the basic functions for the Radio","application.Samples.Info.RadioOnInfoTest","color"
"The test gets the value from the style attribute in RGB format, and then converts it to Hex format","8713","A test to get the field color value in Hex format","","Thu May 15 08:50:24 GMT 2025","passed","Thu May 15 08:50:33 GMT 2025","","Info. Checking the basic functions for the MultiValue","application.Samples.Info.MultiValueOnInfoTest","color"
"Sorting is not available for the Form widget","8064","Sorting test","","Thu May 15 08:51:29 GMT 2025","passed","Thu May 15 08:51:37 GMT 2025","","Form. Checking the basic functions for the FileUpload in the widget Form","application.Samples.Form.FileUploadOnFormTest","sorting"
"The test sets the value in the field. After approval, the popup window, the title, the text in it, and the buttons are validated","10508","Business Exception Validation Test","","Thu May 15 09:01:11 GMT 2025","passed","Thu May 15 09:01:22 GMT 2025","","Form. Checking the basic functions for the CheckBox","application.Samples.Form.CheckBoxOnFormTest","businessException"
"The test gets the value from the placeholder attribute and returns it in String format","6775","Test for getting the Placeholder value","","Thu May 15 09:02:56 GMT 2025","passed","Thu May 15 09:03:03 GMT 2025","","Form. Checking the basic functions for the NumberDigits in the widget Form","application.Samples.Form.NumberDigitsOnFormTest","placeholder"
"The InfoWidget doesn't have a Placeholder.","8799","Test for getting the Placeholder value","","Thu May 15 08:49:11 GMT 2025","passed","Thu May 15 08:49:20 GMT 2025","","Info. Checking the basic functions for the MultiValueHover","application.Samples.Info.MultiValueHoverOnInfoTest","placeholder"
"Filtering is not available for InfoWidget.","6942","Filtering test","","Thu May 15 08:49:52 GMT 2025","passed","Thu May 15 08:49:59 GMT 2025","","Info. Checking the basic functions for the DateTimeWithSeconds","application.Samples.Info.DateTimeWithSecondsOnInfoTest","filtration"
"The test sets the value in the field. After approval, the popup window, the title, the text in it, and the buttons are validated","10297","Run-time exception validation test","","Thu May 15 08:53:53 GMT 2025","passed","Thu May 15 08:54:03 GMT 2025","","Form. Checking the basic functions for the Radio in the widget Form","application.Samples.Form.RadioOnFormTest","runtimeException"
"The test sets the value in the field. After approval, the popup window, the title, the text in it, and the buttons are validated","11533","Run-time exception validation test","","Thu May 15 09:02:59 GMT 2025","passed","Thu May 15 09:03:10 GMT 2025","","Form. Checking the basic functions for the Dictionary in the widget Form","application.Samples.Form.DictionaryOnFormTest","runtimeException"
"The test sets the value with the wrong data type in the field. After approval, it checks the text under the field, which informs about the correctness of the type of data entered","8336","Required Message validation test for one field","","Thu May 15 08:55:55 GMT 2025","passed","Thu May 15 08:56:03 GMT 2025","","Form. Checking the basic functions for the Date in the widget Form","application.Samples.Form.DateOnFormTest","fieldLevelValidationAnnotation"
"The test adds a value after removing all previous values.","10884","Value setting test with field clearing","","Thu May 15 08:59:34 GMT 2025","passed","Thu May 15 08:59:45 GMT 2025","","Form. Checking the basic functions for the MultipleSelect in the widget Form","application.Samples.Form.MultipleSelectOnFormTest","setValue"
"The test clears the field and clicks the Save button. Then validates the message that the field is required","8837","Required Message text Verification field test","","Thu May 15 08:54:41 GMT 2025","passed","Thu May 15 08:54:50 GMT 2025","","Form. Checking the basic functions for the Money in the widget Form","application.Samples.Form.MoneyOnFormTest","required"
"","7872","The test for getting the file name in the field","","Thu May 15 08:48:37 GMT 2025","passed","Thu May 15 08:48:45 GMT 2025","","Info. Checking the basic functions for the FileUp","application.Samples.Info.FileUploadOnInfoTest","readNameFileInField"
"Sorting is not available for InfoWidget.","8164","Sorting test","","Thu May 15 08:49:42 GMT 2025","passed","Thu May 15 08:49:50 GMT 2025","","Info. Checking the basic functions for the MultiValue","application.Samples.Info.MultiValueOnInfoTest","sorting"
"Getting the field color is not available","8008","A test to get the field color value in Hex format","","Thu May 15 09:00:24 GMT 2025","passed","Thu May 15 09:00:32 GMT 2025","","Form. Checking the basic functions for the MultiValueHover in the widget Form","application.Samples.Form.MultiValueHoverOnFormTest","color"
"The Hint field type is always read-only","5778","A test to check the field for ""Read-only""","","Thu May 15 08:57:39 GMT 2025","passed","Thu May 15 08:57:44 GMT 2025","","Form. Checking the basic functions for the Hint in the widget Form","application.Samples.Form.HintOnFormTest","readonly"
"The test gets the value from the style attribute in RGB format, and then converts it to Hex format","6348","A test to get the field color value in Hex format","","Thu May 15 08:46:25 GMT 2025","passed","Thu May 15 08:46:32 GMT 2025","","Info. Checking the basic functions for the Input","application.Samples.Info.InputOnInfoTest","color"
"The test sets the value in the field. After approval, the popup window, the title, the text in it, and the buttons are validated","8995","Run-time exception validation test","","Thu May 15 08:57:00 GMT 2025","passed","Thu May 15 08:57:09 GMT 2025","","Form. Checking the basic functions for the Date in the widget Form","application.Samples.Form.DateOnFormTest","runtimeException"
"Checking the url before the transition and after the transition/click on a special element","7361","The DrillDown test","","Thu May 15 08:54:11 GMT 2025","passed","Thu May 15 08:54:18 GMT 2025","","Form. Checking the basic functions for the Money in the widget Form","application.Samples.Form.MoneyOnFormTest","drillDown"
"Filtering is not available for the Form widget","7663","Filtering test","","Thu May 15 08:51:45 GMT 2025","passed","Thu May 15 08:51:52 GMT 2025","","Form. Checking the basic functions for the FileUpload in the widget Form","application.Samples.Form.FileUploadOnFormTest","filtration"
"The test sets the value with the wrong data type in the field. After approval, it checks the text under the field, which informs about the correctness of the type of data entered","8822","Required Message validation test for one field","","Thu May 15 08:56:18 GMT 2025","passed","Thu May 15 08:56:26 GMT 2025","","Form. Checking the basic functions for the Number in the widget Form","application.Samples.Form.NumberOnFormTest","fieldLevelValidationAnnotation"
"Info Widget is always read-only","8612","A test to check the field for ""Read-only""","","Thu May 15 08:48:44 GMT 2025","passed","Thu May 15 08:48:53 GMT 2025","","Info. Checking the basic functions for the MultiValueHover","application.Samples.Info.MultiValueHoverOnInfoTest","readonly"
"Filtering is not available for the Form widget","8293","Filtering test","","Thu May 15 08:57:59 GMT 2025","passed","Thu May 15 08:58:08 GMT 2025","","Form. Checking the basic functions for the MultipleSelect in the widget Form","application.Samples.Form.MultipleSelectOnFormTest","filtration"
"","7088","The test for getting the value from the field","","Thu May 15 08:50:05 GMT 2025","passed","Thu May 15 08:50:12 GMT 2025","","Info. Checking the basic functions for the DateTimeWithSeconds","application.Samples.Info.DateTimeWithSecondsOnInfoTest","read"
"DrillDown is not available for InfoWidget.","9842","The DrillDown test","","Thu May 15 08:50:51 GMT 2025","passed","Thu May 15 08:51:01 GMT 2025","","Info. Checking the basic functions for the Radio","application.Samples.Info.RadioOnInfoTest","drillDown"
"The test gets the value from the style attribute in RGB format, and then converts it to Hex format","8283","A test to get the field color value in Hex format","","Thu May 15 08:58:57 GMT 2025","passed","Thu May 15 08:59:05 GMT 2025","","Form. Checking the basic functions for the MultipleSelect in the widget Form","application.Samples.Form.MultipleSelectOnFormTest","color"
"","9000","The test for getting the value from the field","","Thu May 15 08:50:15 GMT 2025","passed","Thu May 15 08:50:24 GMT 2025","","Info. Checking the basic functions for the MultiValue","application.Samples.Info.MultiValueOnInfoTest","read"
"The test checks the list of buttons","5774","Test getting all widget buttons","","Thu May 15 08:54:58 GMT 2025","passed","Thu May 15 08:55:04 GMT 2025","","Form. Checking the basic functions for the Input in the widget Form","application.Samples.Form.InputOnFormTest","getButtons"
"The test sets the value in the field. After approval, the popup window, the title, the text in it, and the buttons are validated","10882","Run-time exception validation test","","Thu May 15 09:01:44 GMT 2025","passed","Thu May 15 09:01:55 GMT 2025","","Form. Checking the basic functions for the Percent in the widget Form","application.Samples.Form.PercentOnFormTest","runtimeException"
"Filtering is not available for the Form widget","9488","Filtering test","","Thu May 15 09:02:14 GMT 2025","passed","Thu May 15 09:02:24 GMT 2025","","Form. Checking the basic functions for the InlinePickList in the widget Form","application.Samples.Form.InlinePickListOnFormTest","filtration"
"Filtering is not available for InfoWidget.","8785","Filtering test","","Thu May 15 08:48:35 GMT 2025","passed","Thu May 15 08:48:44 GMT 2025","","Info. Checking the basic functions for the MultiValueHover","application.Samples.Info.MultiValueHoverOnInfoTest","filtration"
"The test sets the value in the field. After approval, by clicking on the save button, the popup window, the title, the text in it, and the buttons are validated","8783","Confirmation Popup Validation Test","","Thu May 15 08:56:40 GMT 2025","passed","Thu May 15 08:56:49 GMT 2025","","Form. Checking the basic functions for the Date in the widget Form","application.Samples.Form.DateOnFormTest","confirm"
"The test sets the value in the field, and then checks the value in the field with what should be set","8256","A test for setting a value in a field","","Thu May 15 08:56:19 GMT 2025","passed","Thu May 15 08:56:27 GMT 2025","","Form. Checking the basic functions for the Date in the widget Form","application.Samples.Form.DateOnFormTest","edit"
"Sorting is not available for the Form widget","10368","Sorting test","","Thu May 15 09:00:40 GMT 2025","passed","Thu May 15 09:00:50 GMT 2025","","Form. Checking the basic functions for the Dictionary in the widget Form","application.Samples.Form.DictionaryOnFormTest","sorting"
"Sorting is not available for InfoWidget.","10065","Sorting test","","Thu May 15 08:46:48 GMT 2025","passed","Thu May 15 08:46:58 GMT 2025","","Info. Checking the basic functions for the Text","application.Samples.Info.TextOnInfoTest","sorting"
"The test sets the value with the wrong data type in the field. After approval, it checks the text under the field, which informs about the correctness of the type of data entered","9248","Required Message validation test for one field","","Thu May 15 08:52:00 GMT 2025","passed","Thu May 15 08:52:09 GMT 2025","","Form. Checking the basic functions for the FileUpload in the widget Form","application.Samples.Form.FileUploadOnFormTest","fieldLevelValidationAnnotation"
"The test checks for the disabled attribute","9584","A test to check the field for ""Read-only""","","Thu May 15 09:00:41 GMT 2025","passed","Thu May 15 09:00:50 GMT 2025","","Form. Checking the basic functions for the CheckBox","application.Samples.Form.CheckBoxOnFormTest","readonly"
"Sorting is not available for InfoWidget.","6691","Sorting test","","Thu May 15 08:48:51 GMT 2025","passed","Thu May 15 08:48:58 GMT 2025","","Info. Checking the basic functions for the DateTime","application.Samples.Info.DateTimeOnInfoTest","sorting"
"DrillDown is not available for InfoWidget.","10889","The DrillDown test","","Thu May 15 08:49:30 GMT 2025","passed","Thu May 15 08:49:41 GMT 2025","","Info. Checking the basic functions for the Percent","application.Samples.Info.PercentOnInfoTest","drillDown"
"The test opens a modal window, clears the field, closes the window, and then checks the message under the field.","10004","Required Message text Verification field test","","Thu May 15 08:56:21 GMT 2025","passed","Thu May 15 08:56:31 GMT 2025","","Form. Checking the basic functions for the MultiValue in the widget Form","application.Samples.Form.MultiValueOnFormTest","required_2"
"Filtering is not available for the Form widget","9382","Filtering test","","Thu May 15 09:00:00 GMT 2025","passed","Thu May 15 09:00:09 GMT 2025","","Form. Checking the basic functions for the Percent in the widget Form","application.Samples.Form.PercentOnFormTest","filtration"
"The test checks for the disabled attribute","5488","A test to check the field for ""Read-only""","","Thu May 15 09:03:21 GMT 2025","passed","Thu May 15 09:03:26 GMT 2025","","Form. Checking the basic functions for the DateTime in the widget Form","application.Samples.Form.DateTimeOnFormTest","readonly"
"","11062","The test for getting the value from the field","","Thu May 15 08:47:49 GMT 2025","passed","Thu May 15 08:48:00 GMT 2025","","Info. Checking the basic functions for the Dictionary","application.Samples.Info.DictionaryOnInfoTest","read"
"DrillDown is not available for InfoWidget.","8212","The DrillDown test","","Thu May 15 08:48:04 GMT 2025","passed","Thu May 15 08:48:13 GMT 2025","","Info. Checking the basic functions for the Money","application.Samples.Info.MoneyOnInfoTest","drillDown"
"The test sets the value in the field. After approval, the popup window, the title, the text in it, and the buttons are validated","10390","Business Exception Validation Test","","Thu May 15 08:52:41 GMT 2025","passed","Thu May 15 08:52:52 GMT 2025","","Form. Checking the basic functions for the Radio in the widget Form","application.Samples.Form.RadioOnFormTest","businessException"
"DrillDown is not available for InfoWidget.","6749","The DrillDown test","","Thu May 15 08:48:58 GMT 2025","passed","Thu May 15 08:49:05 GMT 2025","","Info. Checking the basic functions for the DateTime","application.Samples.Info.DateTimeOnInfoTest","drillDown"
"The test checks the status of one option, whether it is selected or not","9141","A test to check the status of one option","","Thu May 15 09:00:04 GMT 2025","passed","Thu May 15 09:00:13 GMT 2025","","Form. Checking the basic functions for the MultipleSelect in the widget Form","application.Samples.Form.MultipleSelectOnFormTest","statusOption"
"The test checks for the disabled attribute","8562","A test to check the field for ""Read-only""","","Thu May 15 08:58:08 GMT 2025","passed","Thu May 15 08:58:16 GMT 2025","","Form. Checking the basic functions for the MultipleSelect in the widget Form","application.Samples.Form.MultipleSelectOnFormTest","readonly"
"Info Widget is always read-only","8368","A test to check the field for ""Read-only""","","Thu May 15 08:50:57 GMT 2025","passed","Thu May 15 08:51:06 GMT 2025","","Info. Checking the basic functions for the PickList","application.Samples.Info.PickListOnInfoTest","readonly"
"The test sets one value in the field, then checks the list with the expected value.","30462","A test for setting a single value in a field","","Thu May 15 08:53:58 GMT 2025","passed","Thu May 15 08:54:28 GMT 2025","","Form. Checking the basic functions for the MultiValue in the widget Form","application.Samples.Form.MultiValueOnFormTest","test_once"
"The test gets the value from the style attribute in RGB format, and then converts it to Hex format","6768","A test to get the field color value in Hex format","","Thu May 15 08:51:00 GMT 2025","passed","Thu May 15 08:51:07 GMT 2025","","Info. Checking the basic functions for the Date","application.Samples.Info.DateOnInfoTest","color"
"The test checks for the disabled attribute","7722","A test to check the field for ""Read-only""","","Thu May 15 08:51:52 GMT 2025","passed","Thu May 15 08:52:00 GMT 2025","","Form. Checking the basic functions for the FileUpload in the widget Form","application.Samples.Form.FileUploadOnFormTest","readonly"
"The test sets the value in the field, and then checks the value in the field with what should be set.","23314","A test for setting a value in a field","","Thu May 15 08:55:49 GMT 2025","passed","Thu May 15 08:56:13 GMT 2025","","Form. Checking the basic functions for the MultiValue in the widget Form","application.Samples.Form.MultiValueOnFormTest","edit"
"The test clears the field and clicks the Save button. Then validates the message that the field is required","9929","Required Message text Verification field test","","Thu May 15 08:57:55 GMT 2025","passed","Thu May 15 08:58:05 GMT 2025","","Form. Checking the basic functions for the Text in the widget Form","application.Samples.Form.TextOnFormTest","required"
"The test clears the field and clicks the Save button. Then validates the message that the field is required","7411","Required Message text Verification field test","","Thu May 15 08:56:03 GMT 2025","passed","Thu May 15 08:56:11 GMT 2025","","Form. Checking the basic functions for the Date in the widget Form","application.Samples.Form.DateOnFormTest","required"
"Info Widget is always read-only","8010","A test to check the field for ""Read-only""","","Thu May 15 08:50:07 GMT 2025","passed","Thu May 15 08:50:15 GMT 2025","","Info. Checking the basic functions for the MultiValue","application.Samples.Info.MultiValueOnInfoTest","readonly"
"The test sets the characters in the field, and then returns a list of values that match or contain characters","11631","Character Matching test","","Thu May 15 09:03:28 GMT 2025","passed","Thu May 15 09:03:40 GMT 2025","","Form. Checking the basic functions for the InlinePickList in the widget Form","application.Samples.Form.InlinePickListOnFormTest","valuesInList"
"","9669","The test for getting the value from the field","","Thu May 15 08:51:19 GMT 2025","passed","Thu May 15 08:51:29 GMT 2025","","Info. Checking the basic functions for the Radio","application.Samples.Info.RadioOnInfoTest","read"
"The test sets all the values in the field, then checks the list with the expected value.","18599","Test to set all values in the field","","Thu May 15 08:56:39 GMT 2025","passed","Thu May 15 08:56:58 GMT 2025","","Form. Checking the basic functions for the MultiValue in the widget Form","application.Samples.Form.MultiValueOnFormTest","test_set_all"
"Sorting is not available for InfoWidget.","8564","Sorting test","","Thu May 15 08:48:18 GMT 2025","passed","Thu May 15 08:48:27 GMT 2025","","Info. Checking the basic functions for the MultiValueHover","application.Samples.Info.MultiValueHoverOnInfoTest","sorting"
"The test sets the value in the field. After approval, by clicking on the save button, the popup window, the title, the text in it, and the buttons are validated","10775","Confirmation Popup Validation Test","","Thu May 15 08:59:14 GMT 2025","passed","Thu May 15 08:59:25 GMT 2025","","Form. Checking the basic functions for the MultipleSelect in the widget Form","application.Samples.Form.MultipleSelectOnFormTest","confirm"
"Sorting is not available for the Form widget","9991","Sorting test","","Thu May 15 09:01:55 GMT 2025","passed","Thu May 15 09:02:05 GMT 2025","","Form. Checking the basic functions for the InlinePickList in the widget Form","application.Samples.Form.InlinePickListOnFormTest","sorting"
"The test clears the field and clicks the Save button. Then validates the message that the field is required","7362","Required Message text Verification field test","","Thu May 15 08:54:11 GMT 2025","passed","Thu May 15 08:54:18 GMT 2025","","Form. Checking the basic functions for the Input in the widget Form","application.Samples.Form.InputOnFormTest","required"
"The test sets the value in the field, and then checks the value in the field with what should be set","8355","A test for setting a value in a field","","Thu May 15 08:54:59 GMT 2025","passed","Thu May 15 08:55:08 GMT 2025","","Form. Checking the basic functions for the Money in the widget Form","application.Samples.Form.MoneyOnFormTest","edit"
"The test sets a value with the wrong data type in several fields for different widgets. After approval, it checks the text under the field, which informs about the correctness of the type of data entered","9234","Required Message validation test for multiple fields","","Thu May 15 08:59:45 GMT 2025","passed","Thu May 15 08:59:54 GMT 2025","","Form. Checking the basic functions for the MultipleSelect in the widget Form","application.Samples.Form.MultipleSelectOnFormTest","fieldLevelValidation"
"DrillDown is not available for InfoWidget.","12581","The DrillDown test","","Thu May 15 08:45:55 GMT 2025","passed","Thu May 15 08:46:08 GMT 2025","","Info. Checking the basic functions for the Number","application.Samples.Info.NumberOnInfoTest","drillDown"
"Sorting is not available for InfoWidget.","9443","Sorting test","","Thu May 15 08:50:41 GMT 2025","passed","Thu May 15 08:50:51 GMT 2025","","Info. Checking the basic functions for the Radio","application.Samples.Info.RadioOnInfoTest","sorting"
"The test sets the value in the field. After approval, the popup window, the title, the text in it, and the buttons are validated","10914","Business Exception Validation Test","","Thu May 15 08:58:05 GMT 2025","passed","Thu May 15 08:58:16 GMT 2025","","Form. Checking the basic functions for the Text in the widget Form","application.Samples.Form.TextOnFormTest","businessException"
"Info Widget is always read-only","10203","A test to check the field for ""Read-only""","","Thu May 15 08:49:51 GMT 2025","passed","Thu May 15 08:50:02 GMT 2025","","Info. Checking the basic functions for the Percent","application.Samples.Info.PercentOnInfoTest","readonly"
"The test sets a value with the wrong data type in several fields for different widgets. After approval, it checks the text under the field, which informs about the correctness of the type of data entered","8935","Required Message validation test for multiple fields","","Thu May 15 09:04:14 GMT 2025","passed","Thu May 15 09:04:23 GMT 2025","","Form. Checking the basic functions for the DateTime in the widget Form","application.Samples.Form.DateTimeOnFormTest","fieldLevelValidation"
"Sorting is not available for InfoWidget.","5471","Sorting test","","Thu May 15 09:04:29 GMT 2025","passed","Thu May 15 09:04:35 GMT 2025","","Info. Checking the basic functions for the Number","application.Samples.Info.NumberOnInfoTest","sorting"
"The test sets the value in the field. After approval, by clicking on the save button, the popup window, the title, the text in it, and the buttons are validated","9780","Confirmation Popup Validation Test","","Thu May 15 08:53:09 GMT 2025","passed","Thu May 15 08:53:19 GMT 2025","","Form. Checking the basic functions for the FileUpload in the widget Form","application.Samples.Form.FileUploadOnFormTest","confirm"
"","9194","The test for getting the value from the field","","Thu May 15 08:48:53 GMT 2025","passed","Thu May 15 08:49:02 GMT 2025","","Info. Checking the basic functions for the MultiValueHover","application.Samples.Info.MultiValueHoverOnInfoTest","read"
"The test sets the value in the field. After approval, the popup window, the title, the text in it, and the buttons are validated","7789","Run-time exception validation test","","Thu May 15 08:55:12 GMT 2025","passed","Thu May 15 08:55:20 GMT 2025","","Form. Checking the basic functions for the Input in the widget Form","application.Samples.Form.InputOnFormTest","runtimeException"
"The test sets the value in the field. After approval, the popup window, the title, the text in it, and the buttons are validated.","9729","Run-time exception validation test","","Thu May 15 08:57:17 GMT 2025","passed","Thu May 15 08:57:27 GMT 2025","","Form. Checking the basic functions for the MultiValue in the widget Form","application.Samples.Form.MultiValueOnFormTest","runtimeException"
"The test sets the value in the field. After approval, the popup window, the title, the text in it, and the buttons are validated","9946","Run-time exception validation test","","Thu May 15 09:04:10 GMT 2025","passed","Thu May 15 09:04:20 GMT 2025","","Form. Checking the basic functions for the InlinePickList in the widget Form","application.Samples.Form.InlinePickListOnFormTest","runtimeException"
"The test gets the value from the placeholder attribute and returns it in String format","6457","Test for getting the Placeholder value","","Thu May 15 08:56:34 GMT 2025","passed","Thu May 15 08:56:40 GMT 2025","","Form. Checking the basic functions for the Date in the widget Form","application.Samples.Form.DateOnFormTest","placeholder"
"The test gets the value from the placeholder attribute and returns it in String format","5622","Test for getting the Placeholder value","","Thu May 15 09:04:00 GMT 2025","passed","Thu May 15 09:04:05 GMT 2025","","Form. Checking the basic functions for the DateTime in the widget Form","application.Samples.Form.DateTimeOnFormTest","placeholder"
"The test sets a value with the wrong data type in several fields for different widgets. After approval, it checks the text under the field, which informs about the correctness of the type of data entered","8015","Required Message validation test for multiple fields","","Thu May 15 08:55:04 GMT 2025","passed","Thu May 15 08:55:12 GMT 2025","","Form. Checking the basic functions for the Input in the widget Form","application.Samples.Form.InputOnFormTest","fieldLevelValidation"
"The test sets the value in the field. After approval, by clicking on the save button, the popup window, the title, the text in it, and the buttons are validated","9059","Confirmation Popup Validation Test","","Thu May 15 08:55:22 GMT 2025","passed","Thu May 15 08:55:31 GMT 2025","","Form. Checking the basic functions for the Money in the widget Form","application.Samples.Form.MoneyOnFormTest","confirm"
"The test gets the value from the placeholder attribute and returns it in String format","7931","Test for getting the Placeholder value","","Thu May 15 08:56:31 GMT 2025","passed","Thu May 15 08:56:39 GMT 2025","","Form. Checking the basic functions for the MultiValue in the widget Form","application.Samples.Form.MultiValueOnFormTest","placeholder"
"The test gets the value from the placeholder attribute and returns it in String format","6994","Test for getting the Placeholder value","","Thu May 15 08:52:58 GMT 2025","passed","Thu May 15 08:53:05 GMT 2025","","Form. Checking the basic functions for the DateTimeWithSeconds in the widget Form","application.Samples.Form.DateTimeWithSecondsOnFormTest","placeholder"
"Checking the url before the transition and after the transition/click on a special element","6270","The DrillDown test","","Thu May 15 09:02:21 GMT 2025","passed","Thu May 15 09:02:27 GMT 2025","","Form. Checking the basic functions for the NumberDigits in the widget Form","application.Samples.Form.NumberDigitsOnFormTest","drillDown"
"Checking the url before the transition and after the transition/click on a special element","7796","The DrillDown test","","Thu May 15 08:58:24 GMT 2025","passed","Thu May 15 08:58:32 GMT 2025","","Form. Checking the basic functions for the PickList in the widget Form","application.Samples.Form.PickListOnFormTest","drillDown"
"Info Widget is always read-only","9347","A test to check the field for ""Read-only""","","Thu May 15 08:51:10 GMT 2025","passed","Thu May 15 08:51:19 GMT 2025","","Info. Checking the basic functions for the Radio","application.Samples.Info.RadioOnInfoTest","readonly"
"The test gets the value from the style attribute in RGB format, and then converts it to Hex format","8726","A test to get the field color value in Hex format","","Thu May 15 09:01:31 GMT 2025","passed","Thu May 15 09:01:40 GMT 2025","","Form. Checking the basic functions for the CheckBox","application.Samples.Form.CheckBoxOnFormTest","color"
"The test sets a value with the wrong data type in several fields for different widgets. After approval, it checks the text under the field, which informs about the correctness of the type of data entered","10682","Required Message validation test for multiple fields","","Thu May 15 08:56:49 GMT 2025","passed","Thu May 15 08:57:00 GMT 2025","","Form. Checking the basic functions for the Date in the widget Form","application.Samples.Form.DateOnFormTest","fieldLevelValidation"
"The method returns Option-Status pairs, for all. The test checks each pair.","9337","Test to check the status of all options","","Thu May 15 08:59:25 GMT 2025","passed","Thu May 15 08:59:34 GMT 2025","","Form. Checking the basic functions for the MultipleSelect in the widget Form","application.Samples.Form.MultipleSelectOnFormTest","statusOptions"
"InfoWidget does not have a Hex field color for this type.","9464","A test to get the field color value in Hex format","","Thu May 15 08:47:59 GMT 2025","passed","Thu May 15 08:48:09 GMT 2025","","Info. Checking the basic functions for the MultiplySelect","application.Samples.Info.MultipleSelectOnInfoTest","color"
"The test sets the value in the field, and then checks the value in the field with what should be set","11194","A test for setting a value in a field","","Thu May 15 08:52:52 GMT 2025","passed","Thu May 15 08:53:03 GMT 2025","","Form. Checking the basic functions for the Radio in the widget Form","application.Samples.Form.RadioOnFormTest","edit"
"The test sets the value in the field. After approval, the popup window, the title, the text in it, and the buttons are validated","9039","Run-time exception validation test","","Thu May 15 08:57:24 GMT 2025","passed","Thu May 15 08:57:33 GMT 2025","","Form. Checking the basic functions for the Number in the widget Form","application.Samples.Form.NumberOnFormTest","runtimeException"
"The InfoWidget doesn't have a Placeholder.","10484","Test for getting the Placeholder value","","Thu May 15 08:48:11 GMT 2025","passed","Thu May 15 08:48:21 GMT 2025","","Info. Checking the basic functions for the Dictionary","application.Samples.Info.DictionaryOnInfoTest","placeholder"
"Sorting is not available for InfoWidget.","11260","Sorting test","","Thu May 15 08:47:03 GMT 2025","passed","Thu May 15 08:47:15 GMT 2025","","Info. Checking the basic functions for the Dictionary","application.Samples.Info.DictionaryOnInfoTest","sorting"
"Getting the field color is not available","5704","A test to get the field color value in Hex format","","Thu May 15 08:57:50 GMT 2025","passed","Thu May 15 08:57:56 GMT 2025","","Form. Checking the basic functions for the Hint in the widget Form","application.Samples.Form.HintOnFormTest","color"
"Filtering is not available for InfoWidget.","10458","Filtering test","","Thu May 15 08:46:09 GMT 2025","passed","Thu May 15 08:46:20 GMT 2025","","Info. Checking the basic functions for the CheckBox","application.Samples.Info.CheckboxOnInfoTest","filtration"
"The test sets the value in the field, and then checks the value in the field with what should be set","10148","A test for setting a value in a field","","Thu May 15 08:58:16 GMT 2025","passed","Thu May 15 08:58:26 GMT 2025","","Form. Checking the basic functions for the Text in the widget Form","application.Samples.Form.TextOnFormTest","edit"
"A test to get the value from the field. MultiValueHover is always read-only, so it is impossible to set the value","8613","A test for setting a value in a field","","Thu May 15 09:00:15 GMT 2025","passed","Thu May 15 09:00:24 GMT 2025","","Form. Checking the basic functions for the MultiValueHover in the widget Form","application.Samples.Form.MultiValueHoverOnFormTest","edit"
"Filtering is not available for InfoWidget.","10137","Filtering test","","Thu May 15 08:49:41 GMT 2025","passed","Thu May 15 08:49:51 GMT 2025","","Info. Checking the basic functions for the Percent","application.Samples.Info.PercentOnInfoTest","filtration"
"Info Widget is always read-only","6978","A test to check the field for ""Read-only""","","Thu May 15 08:50:47 GMT 2025","passed","Thu May 15 08:50:53 GMT 2025","","Info. Checking the basic functions for the Date","application.Samples.Info.DateOnInfoTest","readonly"
"The test sets the value in the field. After approval, by clicking on the save button, the popup window, the title, the text in it, and the buttons are validated","8449","Confirmation Popup Validation Test","","Thu May 15 09:04:05 GMT 2025","passed","Thu May 15 09:04:14 GMT 2025","","Form. Checking the basic functions for the DateTime in the widget Form","application.Samples.Form.DateTimeOnFormTest","confirm"
"Sorting is not available for the Form widget","6472","Sorting test","","Thu May 15 08:55:20 GMT 2025","passed","Thu May 15 08:55:26 GMT 2025","","Form. Checking the basic functions for the Date in the widget Form","application.Samples.Form.DateOnFormTest","sorting"
"The test gets the value from the style attribute in RGB format, and then converts it to Hex format","8649","A test to get the field color value in Hex format","","Thu May 15 08:58:26 GMT 2025","passed","Thu May 15 08:58:35 GMT 2025","","Form. Checking the basic functions for the Text in the widget Form","application.Samples.Form.TextOnFormTest","color"
"DrillDown is not available for InfoWidget.","10340","The DrillDown test","","Thu May 15 08:46:58 GMT 2025","passed","Thu May 15 08:47:09 GMT 2025","","Info. Checking the basic functions for the Text","application.Samples.Info.TextOnInfoTest","drillDown"
"The test sets the value in the field. After approval, the popup window, the title, the text in it, and the buttons are validated","9144","Run-time exception validation test","","Thu May 15 08:59:50 GMT 2025","passed","Thu May 15 08:59:59 GMT 2025","","Form. Checking the basic functions for the PickList in the widget Form","application.Samples.Form.PickListOnFormTest","runtimeException"
"The test gets the value from the style attribute in RGB format, and then converts it to Hex format","6761","A test to get the field color value in Hex format","","Thu May 15 08:56:51 GMT 2025","passed","Thu May 15 08:56:58 GMT 2025","","Form. Checking the basic functions for the Number in the widget Form","application.Samples.Form.NumberOnFormTest","color"
"The InfoWidget doesn't have a Placeholder.","7809","Test for getting the Placeholder value","","Thu May 15 08:49:17 GMT 2025","passed","Thu May 15 08:49:25 GMT 2025","","Info. Checking the basic functions for the FileUp","application.Samples.Info.FileUploadOnInfoTest","placeholder"
"The test gets the value from the style attribute in RGB format, and then converts it to Hex format","7407","A test to get the field color value in Hex format","","Thu May 15 08:52:51 GMT 2025","passed","Thu May 15 08:52:58 GMT 2025","","Form. Checking the basic functions for the DateTimeWithSeconds in the widget Form","application.Samples.Form.DateTimeWithSecondsOnFormTest","color"
"The test sets the value with the wrong data type in the field. After approval, it checks the text under the field, which informs about the correctness of the type of data entered","11186","Required Message validation test for one field","","Thu May 15 09:00:19 GMT 2025","passed","Thu May 15 09:00:30 GMT 2025","","Form. Checking the basic functions for the Percent in the widget Form","application.Samples.Form.PercentOnFormTest","fieldLevelValidationAnnotation"
"The test gets the value from the placeholder attribute and returns it in String format","7058","Test for getting the Placeholder value","","Thu May 15 08:56:58 GMT 2025","passed","Thu May 15 08:57:05 GMT 2025","","Form. Checking the basic functions for the Number in the widget Form","application.Samples.Form.NumberOnFormTest","placeholder"
"Filtering is not available for the Form widget","5487","Filtering test","","Thu May 15 09:03:15 GMT 2025","passed","Thu May 15 09:03:21 GMT 2025","","Form. Checking the basic functions for the DateTime in the widget Form","application.Samples.Form.DateTimeOnFormTest","filtration"
"Sorting is not available for InfoWidget.","7827","Sorting test","","Thu May 15 08:48:21 GMT 2025","passed","Thu May 15 08:48:29 GMT 2025","","Info. Checking the basic functions for the FileUp","application.Samples.Info.FileUploadOnInfoTest","sorting"
"The test sets the value in the field, and then checks the value in the field with what should be set","8709","A test for setting a value in a field","","Thu May 15 09:02:41 GMT 2025","passed","Thu May 15 09:02:49 GMT 2025","","Form. Checking the basic functions for the NumberDigits in the widget Form","application.Samples.Form.NumberDigitsOnFormTest","edit"
"The InfoWidget doesn't have a Placeholder..","8628","Test for getting the Placeholder value","","Thu May 15 08:50:33 GMT 2025","passed","Thu May 15 08:50:41 GMT 2025","","Info. Checking the basic functions for the MultiValue","application.Samples.Info.MultiValueOnInfoTest","placeholder"
"The test checks the downloaded file with the template file that is contained in the resources","8239","A test to compare the downloaded file with the template","","Thu May 15 08:53:01 GMT 2025","passed","Thu May 15 08:53:09 GMT 2025","","Form. Checking the basic functions for the FileUpload in the widget Form","application.Samples.Form.FileUploadOnFormTest","compare"
"Sorting is not available for InfoWidget.","9384","Sorting test","","Thu May 15 08:47:13 GMT 2025","passed","Thu May 15 08:47:23 GMT 2025","","Info. Checking the basic functions for the MultiplySelect","application.Samples.Info.MultipleSelectOnInfoTest","sorting"
"The test sets a value with the wrong data type in several fields for different widgets. After approval, it checks the text under the field, which informs about the correctness of the type of data entered","9500","Required Message validation test for multiple fields","","Thu May 15 08:57:15 GMT 2025","passed","Thu May 15 08:57:24 GMT 2025","","Form. Checking the basic functions for the Number in the widget Form","application.Samples.Form.NumberOnFormTest","fieldLevelValidation"
"Checking the url before the transition and after the transition/click on a special element","9007","The DrillDown test","","Thu May 15 08:57:18 GMT 2025","passed","Thu May 15 08:57:27 GMT 2025","","Form. Checking the basic functions for the Text in the widget Form","application.Samples.Form.TextOnFormTest","drillDown"
"","10115","A test to get a value for a multifield hint","","Thu May 15 08:57:56 GMT 2025","passed","Thu May 15 08:58:06 GMT 2025","","Form. Checking the basic functions for the MultiField in the widget Form","application.Samples.Form.MultiFieldOnFormTest","getValues"
"InfoWidget does not have a Hex field color for this type.","8632","A test to get the field color value in Hex format","","Thu May 15 08:49:09 GMT 2025","passed","Thu May 15 08:49:17 GMT 2025","","Info. Checking the basic functions for the FileUp","application.Samples.Info.FileUploadOnInfoTest","color"
"The test sets the value in the field. After approval, by clicking on the save button, the popup window, the title, the text in it, and the buttons are validated","10240","Confirmation Popup Validation Test","","Thu May 15 08:53:32 GMT 2025","passed","Thu May 15 08:53:42 GMT 2025","","Form. Checking the basic functions for the Radio in the widget Form","application.Samples.Form.RadioOnFormTest","confirm"
"Info Widget is always read-only","8458","A test to check the field for ""Read-only""","","Thu May 15 08:46:16 GMT 2025","passed","Thu May 15 08:46:24 GMT 2025","","Info. Checking the basic functions for the Number","application.Samples.Info.NumberOnInfoTest","readonly"
"The test sets the value in the field. After approval, the popup window, the title, the text in it, and the buttons are validated","9363","Business Exception Validation Test","","Thu May 15 08:58:58 GMT 2025","passed","Thu May 15 08:59:07 GMT 2025","","Form. Checking the basic functions for the PickList in the widget Form","application.Samples.Form.PickListOnFormTest","businessException"
"Checking the url before the transition and after the transition/click on a special element","10178","The DrillDown test","","Thu May 15 09:00:50 GMT 2025","passed","Thu May 15 09:01:00 GMT 2025","","Form. Checking the basic functions for the Dictionary in the widget Form","application.Samples.Form.DictionaryOnFormTest","drillDown"
"The test sets the value with the wrong data type in the field. After approval, it checks the text under the field, which informs about the correctness of the type of data entered.","8940","Required Message validation test for one field","","Thu May 15 08:54:51 GMT 2025","passed","Thu May 15 08:55:00 GMT 2025","","Form. Checking the basic functions for the MultiValue in the widget Form","application.Samples.Form.MultiValueOnFormTest","fieldLevelValidationAnnotation"
"Sorting is not available for the Form widget","9786","Sorting test","","Thu May 15 08:59:17 GMT 2025","passed","Thu May 15 08:59:27 GMT 2025","","Form. Checking the basic functions for the Percent in the widget Form","application.Samples.Form.PercentOnFormTest","sorting"
"","8544","A test to compare the source file with the downloaded one","","Thu May 15 08:49:25 GMT 2025","passed","Thu May 15 08:49:34 GMT 2025","","Info. Checking the basic functions for the FileUp","application.Samples.Info.FileUploadOnInfoTest","compare"
"The test sets the value in the field. After approval, by clicking on the save button, the popup window, the title, the text in it, and the buttons are validated","10759","Confirmation Popup Validation Test","","Thu May 15 09:03:48 GMT 2025","passed","Thu May 15 09:03:59 GMT 2025","","Form. Checking the basic functions for the InlinePickList in the widget Form","application.Samples.Form.InlinePickListOnFormTest","confirm"
"The test gets the value from the style attribute in RGB format, and then converts it to Hex format","7209","A test to get the field color value in Hex format","","Thu May 15 08:55:08 GMT 2025","passed","Thu May 15 08:55:15 GMT 2025","","Form. Checking the basic functions for the Money in the widget Form","application.Samples.Form.MoneyOnFormTest","color"
"The test sets the value in the field. After approval, the popup window, the title, the text in it, and the buttons are validated","6580","Run-time exception validation test","","Thu May 15 09:04:23 GMT 2025","passed","Thu May 15 09:04:29 GMT 2025","","Form. Checking the basic functions for the DateTime in the widget Form","application.Samples.Form.DateTimeOnFormTest","runtimeException"
"Filtering is not available for InfoWidget.","5969","Filtering test","","Thu May 15 08:51:27 GMT 2025","passed","Thu May 15 08:51:33 GMT 2025","","Info. Checking the basic functions for the Hint","application.Samples.Info.HintOnInfoTest","filtration"
"Filtering is not available for the Form widget","6965","Filtering test","","Thu May 15 08:56:04 GMT 2025","passed","Thu May 15 08:56:11 GMT 2025","","Form. Checking the basic functions for the Number in the widget Form","application.Samples.Form.NumberOnFormTest","filtration"
"Filtering is not available for the Form widget","9231","Filtering test","","Thu May 15 08:52:12 GMT 2025","passed","Thu May 15 08:52:21 GMT 2025","","Form. Checking the basic functions for the Radio in the widget Form","application.Samples.Form.RadioOnFormTest","filtration"
"The test sets a value with the wrong data type in several fields for different widgets. After approval, it checks the text under the field, which informs about the correctness of the type of data entered","8911","Required Message validation test for multiple fields","","Thu May 15 08:57:08 GMT 2025","passed","Thu May 15 08:57:17 GMT 2025","","Form. Checking the basic functions for the MultiValue in the widget Form","application.Samples.Form.MultiValueOnFormTest","fieldLevelValidation"
"The test sets the value in the field via Popup using the name, and then checks the value in the field with what should be set","8678","A test for setting a value in a field","","Thu May 15 08:58:32 GMT 2025","passed","Thu May 15 08:58:41 GMT 2025","","Form. Checking the basic functions for the PickList in the widget Form","application.Samples.Form.PickListOnFormTest","edit_2"
"Filtering is not available for InfoWidget.","8107","Filtering test","","Thu May 15 08:50:49 GMT 2025","passed","Thu May 15 08:50:57 GMT 2025","","Info. Checking the basic functions for the PickList","application.Samples.Info.PickListOnInfoTest","filtration"
"The test sets the value in the field, and then checks the value in the field with what should be set","6550","A test for setting a value in a field","","Thu May 15 08:54:26 GMT 2025","passed","Thu May 15 08:54:32 GMT 2025","","Form. Checking the basic functions for the Input in the widget Form","application.Samples.Form.InputOnFormTest","edit"
"Sorting is not available for the Form widget","9372","Sorting test","","Thu May 15 09:00:13 GMT 2025","passed","Thu May 15 09:00:23 GMT 2025","","Form. Checking the basic functions for the CheckBox","application.Samples.Form.CheckBoxOnFormTest","sorting"
"The test sets the value in the field. After approval, by clicking on the save button, the popup window, the title, the text in it, and the buttons are validated","9871","Confirmation Popup Validation Test","","Thu May 15 08:59:31 GMT 2025","passed","Thu May 15 08:59:41 GMT 2025","","Form. Checking the basic functions for the PickList in the widget Form","application.Samples.Form.PickListOnFormTest","confirm"
"Filtering is not available for InfoWidget.","6623","Filtering test","","Thu May 15 08:46:06 GMT 2025","passed","Thu May 15 08:46:13 GMT 2025","","Info. Checking the basic functions for the Input","application.Samples.Info.InputOnInfoTest","filtration"
"","7328","The test for getting the value from the field","","Thu May 15 09:04:20 GMT 2025","passed","Thu May 15 09:04:28 GMT 2025","","Info. Checking the basic functions for the MultiplySelect","application.Samples.Info.MultipleSelectOnInfoTest","read"
"The InfoWidget doesn't have a Placeholder.","9441","Test for getting the Placeholder value","","Thu May 15 08:47:47 GMT 2025","passed","Thu May 15 08:47:57 GMT 2025","","Info. Checking the basic functions for the Text","application.Samples.Info.TextOnInfoTest","placeholder"
"DrillDown is not available for InfoWidget.","11337","The DrillDown test","","Thu May 15 08:45:55 GMT 2025","passed","Thu May 15 08:46:06 GMT 2025","","Info. Checking the basic functions for the Input","application.Samples.Info.InputOnInfoTest","drillDown"
"Filtering is not available for InfoWidget.","10969","Filtering test","","Thu May 15 08:46:51 GMT 2025","passed","Thu May 15 08:47:02 GMT 2025","","Info. Checking the basic functions for the MultiField","application.Samples.Info.MultiFieldOnInfoTest","filtration"
"DrillDown is not available for InfoWidget.","9075","The DrillDown test","","Thu May 15 08:50:40 GMT 2025","passed","Thu May 15 08:50:49 GMT 2025","","Info. Checking the basic functions for the PickList","application.Samples.Info.PickListOnInfoTest","drillDown"
"The test checks for the disabled attribute","6617","A test to check the field for ""Read-only""","","Thu May 15 09:02:34 GMT 2025","passed","Thu May 15 09:02:41 GMT 2025","","Form. Checking the basic functions for the NumberDigits in the widget Form","application.Samples.Form.NumberDigitsOnFormTest","readonly"
"The test gets the value from the style attribute in RGB format, and then converts it to Hex format","9670","A test to get the field color value in Hex format","","Thu May 15 08:47:38 GMT 2025","passed","Thu May 15 08:47:47 GMT 2025","","Info. Checking the basic functions for the Text","application.Samples.Info.TextOnInfoTest","color"
"The test gets the value from the style attribute in RGB format, and then converts it to Hex format","8366","A test to get the field color value in Hex format","","Thu May 15 08:46:32 GMT 2025","passed","Thu May 15 08:46:41 GMT 2025","","Info. Checking the basic functions for the Number","application.Samples.Info.NumberOnInfoTest","color"
"Info Widget is always read-only","9360","A test to check the field for ""Read-only""","","Thu May 15 08:47:41 GMT 2025","passed","Thu May 15 08:47:50 GMT 2025","","Info. Checking the basic functions for the MultiplySelect","application.Samples.Info.MultipleSelectOnInfoTest","readonly"
"Sorting is not available for the Form widget","7233","Sorting test","","Thu May 15 08:55:50 GMT 2025","passed","Thu May 15 08:55:57 GMT 2025","","Form. Checking the basic functions for the Number in the widget Form","application.Samples.Form.NumberOnFormTest","sorting"
"The test clears the field and clicks the Save button. Then validates the message that the field is required","10344","Required Message text Verification field test","","Thu May 15 08:52:31 GMT 2025","passed","Thu May 15 08:52:41 GMT 2025","","Form. Checking the basic functions for the Radio in the widget Form","application.Samples.Form.RadioOnFormTest","required"
"Checking the url before the transition and after the transition/click on a special element","6080","The DrillDown test","","Thu May 15 09:03:09 GMT 2025","passed","Thu May 15 09:03:15 GMT 2025","","Form. Checking the basic functions for the DateTime in the widget Form","application.Samples.Form.DateTimeOnFormTest","drillDown"
"Sorting is not available for the Form widget","7771","Sorting test","","Thu May 15 08:53:34 GMT 2025","passed","Thu May 15 08:53:42 GMT 2025","","Form. Checking the basic functions for the MultiValue in the widget Form","application.Samples.Form.MultiValueOnFormTest","sorting"
"","6288","The test for getting the value from the field","","Thu May 15 08:46:19 GMT 2025","passed","Thu May 15 08:46:25 GMT 2025","","Info. Checking the basic functions for the Input","application.Samples.Info.InputOnInfoTest","read"
"The test gets the value from the style attribute in RGB format, and then converts it to Hex format","7015","A test to get the field color value in Hex format","","Thu May 15 08:50:12 GMT 2025","passed","Thu May 15 08:50:19 GMT 2025","","Info. Checking the basic functions for the DateTimeWithSeconds","application.Samples.Info.DateTimeWithSecondsOnInfoTest","color"
"Sorting is not available for InfoWidget.","6582","Sorting test","","Thu May 15 08:50:26 GMT 2025","passed","Thu May 15 08:50:33 GMT 2025","","Info. Checking the basic functions for the Date","application.Samples.Info.DateOnInfoTest","sorting"
"The test sets the value in the field, and then checks the value in the field with what should be set","7431","A test for setting a value in a field","","Thu May 15 08:56:44 GMT 2025","passed","Thu May 15 08:56:51 GMT 2025","","Form. Checking the basic functions for the Number in the widget Form","application.Samples.Form.NumberOnFormTest","edit"
"The test clears the field and clicks the Save button. Then validates the message that the field is required","8395","Required Message text Verification field test","","Thu May 15 08:56:26 GMT 2025","passed","Thu May 15 08:56:35 GMT 2025","","Form. Checking the basic functions for the Number in the widget Form","application.Samples.Form.NumberOnFormTest","required"
"The test checks for the disabled attribute","8595","A test to check the field for ""Read-only""","","Thu May 15 08:57:36 GMT 2025","passed","Thu May 15 08:57:44 GMT 2025","","Form. Checking the basic functions for the Text in the widget Form","application.Samples.Form.TextOnFormTest","readonly"
"Sorting is not available for InfoWidget.","11983","Sorting test","","Thu May 15 08:46:39 GMT 2025","passed","Thu May 15 08:46:51 GMT 2025","","Info. Checking the basic functions for the MultiField","application.Samples.Info.MultiFieldOnInfoTest","sorting"
"Filtering is not available for InfoWidget.","6690","Filtering test","","Thu May 15 08:50:40 GMT 2025","passed","Thu May 15 08:50:47 GMT 2025","","Info. Checking the basic functions for the Date","application.Samples.Info.DateOnInfoTest","filtration"
"InfoWidget does not have a Hex field color for this type.","6427","A test to get the field color value in Hex format","","Thu May 15 08:51:46 GMT 2025","passed","Thu May 15 08:51:52 GMT 2025","","Info. Checking the basic functions for the Hint","application.Samples.Info.HintOnInfoTest","color"
"","8105","The test for getting the value from the field","","Thu May 15 08:46:24 GMT 2025","passed","Thu May 15 08:46:32 GMT 2025","","Info. Checking the basic functions for the Number","application.Samples.Info.NumberOnInfoTest","read"
"The test verifies that after clearing the field, it is empty","8731","The test for deleting a file from a field","","Thu May 15 08:52:35 GMT 2025","passed","Thu May 15 08:52:44 GMT 2025","","Form. Checking the basic functions for the FileUpload in the widget Form","application.Samples.Form.FileUploadOnFormTest","clear"
"The test sets the value in the field, and then checks the value in the field with what should be set. The Number Digits class is used for numbers with a fractional part.","12301","A test for entering numbers with a fractional part using the PercentDigits class","","Thu May 15 08:59:48 GMT 2025","passed","Thu May 15 09:00:00 GMT 2025","","Form. Checking the basic functions for the Percent in the widget Form","application.Samples.Form.PercentOnFormTest","digits"
"The test sets the value in the field, and then checks the value in the field with what should be set","11702","A test for setting a value in a field","","Thu May 15 09:02:03 GMT 2025","passed","Thu May 15 09:02:15 GMT 2025","","Form. Checking the basic functions for the Dictionary in the widget Form","application.Samples.Form.DictionaryOnFormTest","edit"
"Filtering is not available for the Form widget","6186","Filtering test","","Thu May 15 08:55:33 GMT 2025","passed","Thu May 15 08:55:39 GMT 2025","","Form. Checking the basic functions for the Date in the widget Form","application.Samples.Form.DateOnFormTest","filtration"
"The test gets the value from the style attribute in RGB format, and then converts it to Hex format","9259","A test to get the field color value in Hex format","","Thu May 15 09:01:02 GMT 2025","passed","Thu May 15 09:01:11 GMT 2025","","Form. Checking the basic functions for the Percent in the widget Form","application.Samples.Form.PercentOnFormTest","color"
"The test clears the field and clicks the Save button. Then validates the message that the field is required","6346","Required Message text Verification field test","","Thu May 15 09:03:34 GMT 2025","passed","Thu May 15 09:03:40 GMT 2025","","Form. Checking the basic functions for the DateTime in the widget Form","application.Samples.Form.DateTimeOnFormTest","required"
"The test gets the value from the placeholder attribute and returns it in String format","9017","Test for getting the Placeholder value","","Thu May 15 09:01:40 GMT 2025","passed","Thu May 15 09:01:49 GMT 2025","","Form. Checking the basic functions for the CheckBox","application.Samples.Form.CheckBoxOnFormTest","placeholder"
"The test sets a value with the wrong data type in several fields for different widgets. After approval, it checks the text under the field, which informs about the correctness of the type of data entered","10986","Required Message validation test for multiple fields","","Thu May 15 09:01:59 GMT 2025","passed","Thu May 15 09:02:10 GMT 2025","","Form. Checking the basic functions for the CheckBox","application.Samples.Form.CheckBoxOnFormTest","fieldLevelValidation"
"Checking the url before the transition and after the transition/click on a special element","9480","The DrillDown test","","Thu May 15 08:59:38 GMT 2025","passed","Thu May 15 08:59:48 GMT 2025","","Form. Checking the basic functions for the Percent in the widget Form","application.Samples.Form.PercentOnFormTest","drillDown"
"DrillDown is not available for InfoWidget.","8043","The DrillDown test","","Thu May 15 08:48:29 GMT 2025","passed","Thu May 15 08:48:37 GMT 2025","","Info. Checking the basic functions for the FileUp","application.Samples.Info.FileUploadOnInfoTest","drillDown"
"The test sets the value in the field. After approval, the popup window, the title, the text in it, and the buttons are validated","7400","Business Exception Validation Test","","Thu May 15 09:03:40 GMT 2025","passed","Thu May 15 09:03:47 GMT 2025","","Form. Checking the basic functions for the DateTime in the widget Form","application.Samples.Form.DateTimeOnFormTest","businessException"
"The test sets the value in the field. After approval, by clicking on the save button, the popup window, the title, the text in it, and the buttons are validated","11257","Confirmation Popup Validation Test","","Thu May 15 09:01:21 GMT 2025","passed","Thu May 15 09:01:32 GMT 2025","","Form. Checking the basic functions for the Percent in the widget Form","application.Samples.Form.PercentOnFormTest","confirm"
"Filtering is not available for InfoWidget.","7559","Filtering test","","Thu May 15 08:48:45 GMT 2025","passed","Thu May 15 08:48:53 GMT 2025","","Info. Checking the basic functions for the FileUp","application.Samples.Info.FileUploadOnInfoTest","filtration"
"The test gets the value from the placeholder attribute and returns it in String format","10029","Test for getting the Placeholder value","","Thu May 15 09:02:24 GMT 2025","passed","Thu May 15 09:02:34 GMT 2025","","Form. Checking the basic functions for the Dictionary in the widget Form","application.Samples.Form.DictionaryOnFormTest","placeholder"
"The test sets the value in the field. After approval, the popup window, the title, the text in it, and the buttons are validated","9805","Business Exception Validation Test","","Thu May 15 08:58:37 GMT 2025","passed","Thu May 15 08:58:46 GMT 2025","","Form. Checking the basic functions for the MultipleSelect in the widget Form","application.Samples.Form.MultipleSelectOnFormTest","businessException"
"The test sets the value with the wrong data type in the field. After approval, it checks the text under the field, which informs about the correctness of the type of data entered","7395","Required Message validation test for one field","","Thu May 15 08:54:03 GMT 2025","passed","Thu May 15 08:54:11 GMT 2025","","Form. Checking the basic functions for the Input in the widget Form","application.Samples.Form.InputOnFormTest","fieldLevelValidationAnnotation"
"The test sets the value in the field, and then checks the value in the field with what should be set. Предварительной очистки поля нет","10679","A test for setting a value in a field","","Thu May 15 08:58:46 GMT 2025","passed","Thu May 15 08:58:57 GMT 2025","","Form. Checking the basic functions for the MultipleSelect in the widget Form","application.Samples.Form.MultipleSelectOnFormTest","edit"
"The test gets the value from the placeholder attribute and returns it in String format","9348","Test for getting the Placeholder value","","Thu May 15 08:53:12 GMT 2025","passed","Thu May 15 08:53:21 GMT 2025","","Form. Checking the basic functions for the Radio in the widget Form","application.Samples.Form.RadioOnFormTest","placeholder"
"The InfoWidget doesn't have a Placeholder.","7393","Test for getting the Placeholder value","","Thu May 15 08:48:44 GMT 2025","passed","Thu May 15 08:48:51 GMT 2025","","Info. Checking the basic functions for the Money","application.Samples.Info.MoneyOnInfoTest","placeholder"
"The test sets the value in the field. After approval, by clicking on the save button, the popup window, the title, the text in it, and the buttons are validated","12566","Confirmation Popup Validation Test","","Thu May 15 09:02:34 GMT 2025","passed","Thu May 15 09:02:47 GMT 2025","","Form. Checking the basic functions for the Dictionary in the widget Form","application.Samples.Form.DictionaryOnFormTest","confirm"
"Sorting is not available for InfoWidget.","40308","Sorting test","","Thu May 15 08:45:16 GMT 2025","passed","Thu May 15 08:45:56 GMT 2025","","Info. Checking the basic functions for the CheckBox","application.Samples.Info.CheckboxOnInfoTest","sorting"
"The test sets a value with the wrong data type in several fields for different widgets. After approval, it checks the text under the field, which informs about the correctness of the type of data entered","12004","Required Message validation test for multiple fields","","Thu May 15 09:01:32 GMT 2025","passed","Thu May 15 09:01:44 GMT 2025","","Form. Checking the basic functions for the Percent in the widget Form","application.Samples.Form.PercentOnFormTest","fieldLevelValidation"
"The test clears the field and clicks the Save button. Then validates the message that the field is required.","10367","Required Message text Verification field test","","Thu May 15 08:55:00 GMT 2025","passed","Thu May 15 08:55:10 GMT 2025","","Form. Checking the basic functions for the MultiValue in the widget Form","application.Samples.Form.MultiValueOnFormTest","required"
"The test sets a value with the wrong data type in several fields for different widgets. After approval, it checks the text under the field, which informs about the correctness of the type of data entered","11632","Required Message validation test for multiple fields","","Thu May 15 09:03:59 GMT 2025","passed","Thu May 15 09:04:10 GMT 2025","","Form. Checking the basic functions for the InlinePickList in the widget Form","application.Samples.Form.InlinePickListOnFormTest","fieldLevelValidation"
"The test checks the value of the digits attributes","7112","Required Message text Verification field test","","Thu May 15 08:54:38 GMT 2025","passed","Thu May 15 08:54:45 GMT 2025","","Form. Checking the basic functions for the Input in the widget Form","application.Samples.Form.InputOnFormTest","maxInput"
"The transition/Redirect is not available","5962","The DrillDown test","","Thu May 15 08:57:27 GMT 2025","passed","Thu May 15 08:57:33 GMT 2025","","Form. Checking the basic functions for the Hint in the widget Form","application.Samples.Form.HintOnFormTest","drillDown"
"The test sets the value in the field. After approval, the popup window, the title, the text in it, and the buttons are validated","10722","Run-time exception validation test","","Thu May 15 08:59:06 GMT 2025","passed","Thu May 15 08:59:17 GMT 2025","","Form. Checking the basic functions for the Text in the widget Form","application.Samples.Form.TextOnFormTest","runtimeException"
"","6864","The test for getting the value from the field","","Thu May 15 08:50:53 GMT 2025","passed","Thu May 15 08:51:00 GMT 2025","","Info. Checking the basic functions for the Date","application.Samples.Info.DateOnInfoTest","read"
"The InfoWidget doesn't have a Placeholder.","9404","Test for getting the Placeholder value","","Thu May 15 08:48:09 GMT 2025","passed","Thu May 15 08:48:18 GMT 2025","","Info. Checking the basic functions for the MultiplySelect","application.Samples.Info.MultipleSelectOnInfoTest","placeholder"
"Sorting is not available for InfoWidget.","6927","Sorting test","","Thu May 15 08:49:37 GMT 2025","passed","Thu May 15 08:49:44 GMT 2025","","Info. Checking the basic functions for the DateTimeWithSeconds","application.Samples.Info.DateTimeWithSecondsOnInfoTest","sorting"
"Filtering is not available for InfoWidget.","7872","Filtering test","","Thu May 15 08:48:13 GMT 2025","passed","Thu May 15 08:48:20 GMT 2025","","Info. Checking the basic functions for the Money","application.Samples.Info.MoneyOnInfoTest","filtration"
"A test to get the value from the field. Hint is always read-only, so it is impossible to set the value.","5868","A test to check the value in a field","","Thu May 15 08:57:44 GMT 2025","passed","Thu May 15 08:57:50 GMT 2025","","Form. Checking the basic functions for the Hint in the widget Form","application.Samples.Form.HintOnFormTest","edit"
"Checking the url before the transition and after the transition/click on a special element","7870","The DrillDown test","","Thu May 15 08:51:37 GMT 2025","passed","Thu May 15 08:51:45 GMT 2025","","Form. Checking the basic functions for the FileUpload in the widget Form","application.Samples.Form.FileUploadOnFormTest","drillDown"
"Filtering is not available for the Form widget","8982","Filtering test","","Thu May 15 09:00:32 GMT 2025","passed","Thu May 15 09:00:41 GMT 2025","","Form. Checking the basic functions for the CheckBox","application.Samples.Form.CheckBoxOnFormTest","filtration"
"The test gets the value from the placeholder attribute and returns it in String format","5689","Test for getting the Placeholder value","","Thu May 15 08:54:45 GMT 2025","passed","Thu May 15 08:54:51 GMT 2025","","Form. Checking the basic functions for the Input in the widget Form","application.Samples.Form.InputOnFormTest","placeholder"
"The test sets the value in the field. After approval, the popup window, the title, the text in it, and the buttons are validated","8002","Run-time exception validation test","","Thu May 15 08:53:26 GMT 2025","passed","Thu May 15 08:53:34 GMT 2025","","Form. Checking the basic functions for the DateTimeWithSeconds in the widget Form","application.Samples.Form.DateTimeWithSecondsOnFormTest","runtimeException"
"Filtering is not available for the Form widget","5896","Filtering test","","Thu May 15 08:57:33 GMT 2025","passed","Thu May 15 08:57:39 GMT 2025","","Form. Checking the basic functions for the Hint in the widget Form","application.Samples.Form.HintOnFormTest","filtration"
