"DESCRIPTION","DURATION IN MS","NAME","PARENT SUITE","START TIME","STATUS","STOP TIME","SUB SUITE","SUITE","TEST CLASS","TEST METHOD"
"Filtering is not available for InfoWidget.","7808","Filtering test","","Fri Aug 22 14:14:38 GMT 2025","passed","Fri Aug 22 14:14:45 GMT 2025","","Info. Checking the basic functions for the Money","application.Samples.Info.MoneyOnInfoTest","filtration"
"The test gets the value from the style attribute in RGB format, and then converts it to Hex format","5683","A test to get the field color value in Hex format","","Fri Aug 22 14:50:14 GMT 2025","passed","Fri Aug 22 14:50:20 GMT 2025","","Form. Checking the basic functions for the Number in the widget Form","application.Samples.Form.NumberOnFormTest","color"
"The test checks the list of buttons","4609","Test getting all widget buttons","","Fri Aug 22 14:42:16 GMT 2025","passed","Fri Aug 22 14:42:21 GMT 2025","","Form. Checking the basic functions for the Input in the widget Form","application.Samples.Form.InputOnFormTest","getButtons"
"Checking the url before the transition and after the transition/click on a special element","11039","The DrillDown test","","Fri Aug 22 14:45:35 GMT 2025","passed","Fri Aug 22 14:45:46 GMT 2025","","Form. Checking the basic functions for the Suggestion PickList in the widget Form","application.Samples.Form.SuggestionPickListOnFormTest","drillDown"
"The test sets the value in the field, and then checks the value in the field with what should be set","8661","A test for setting a value in a field","","Fri Aug 22 14:49:34 GMT 2025","passed","Fri Aug 22 14:49:43 GMT 2025","","Form. Checking the basic functions for the CheckBox","application.Samples.Form.CheckBoxOnFormTest","edit"
"Info Widget is always read-only","10774","A test to check the field for ""Read-only""","","Fri Aug 22 14:15:43 GMT 2025","passed","Fri Aug 22 14:15:53 GMT 2025","","Info. Checking the basic functions for the Dictionary","application.Samples.Info.DictionaryOnInfoTest","readonly"
"The transition/Redirect is not available","4796","The DrillDown test","","Fri Aug 22 14:43:58 GMT 2025","passed","Fri Aug 22 14:44:03 GMT 2025","","Form. Checking the basic functions for the Hint in the widget Form","application.Samples.Form.HintOnFormTest","drillDown"
"Info Widget is always read-only","7230","A test to check the field for ""Read-only""","","Fri Aug 22 14:18:36 GMT 2025","passed","Fri Aug 22 14:18:44 GMT 2025","","Info. Checking the basic functions for the PickList","application.Samples.Info.PickListOnInfoTest","readonly"
"The test sets the value in the field. After approval, the popup window, the title, the text in it, and the buttons are validated","10317","Run-time exception validation test","","Fri Aug 22 14:52:52 GMT 2025","passed","Fri Aug 22 14:53:02 GMT 2025","","Form. Checking the basic functions for the Dictionary in the widget Form","application.Samples.Form.DictionaryOnFormTest","runtimeException"
"The test sets the value in the field. After approval, by clicking on the save button, the popup window, the title, the text in it, and the buttons are validated","9748","Confirmation Popup Validation Test","","Fri Aug 22 14:44:55 GMT 2025","passed","Fri Aug 22 14:45:05 GMT 2025","","Form. Checking the basic functions for the Text in the widget Form","application.Samples.Form.TextOnFormTest","confirm"
"The test gets the value from the style attribute in RGB format, and then converts it to Hex format","9501","A test to get the field color value in Hex format","","Fri Aug 22 14:35:36 GMT 2025","passed","Fri Aug 22 14:35:45 GMT 2025","","List. Checking the basic functions for the Radio in the widget List","application.Samples.List.RadioOnListTest","color"
"The test sets the value in the field. After approval, the popup window, the title, the text in it, and the buttons are validated.","6210","Business Exception Validation Test","","Fri Aug 22 14:53:16 GMT 2025","passed","Fri Aug 22 14:53:22 GMT 2025","","Form. Checking the basic functions for the MultiValue in the widget Form","application.Samples.Form.MultiValueOnFormTest","businessException"
"Checking the url before the transition and after the transition/click on a special element","41776","The DrillDown test","","Fri Aug 22 14:13:53 GMT 2025","passed","Fri Aug 22 14:14:35 GMT 2025","","Info. Checking the basic functions for the Time","application.Samples.Info.TimeOnInfoTest","drillDown"
"Sorting is not available for the Form widget","8649","Sorting test","","Fri Aug 22 14:44:04 GMT 2025","passed","Fri Aug 22 14:44:12 GMT 2025","","Form. Checking the basic functions for the InlinePickList in the widget Form","application.Samples.Form.InlinePickListOnFormTest","sorting"
"The test sets the value in the field, and then checks the value in the field with what should be set","8715","A test for setting a value in a field","","Fri Aug 22 14:44:31 GMT 2025","passed","Fri Aug 22 14:44:39 GMT 2025","","Form. Checking the basic functions for the Text in the widget Form","application.Samples.Form.TextOnFormTest","edit"
"The test gets the value from the placeholder attribute and returns it in String format","10882","Test for getting the Placeholder value","","Fri Aug 22 14:42:41 GMT 2025","passed","Fri Aug 22 14:42:52 GMT 2025","","List. Checking the basic functions for the Dictionary in the widget List","application.Samples.List.DictionaryOnListTest","placeholder"
"DrillDown is not available for InfoWidget.","9155","The DrillDown test","","Fri Aug 22 14:14:27 GMT 2025","passed","Fri Aug 22 14:14:36 GMT 2025","","Info. Checking the basic functions for the DateTimeWithSeconds","application.Samples.Info.DateTimeWithSecondsOnInfoTest","drillDown"
"The test clears the field and clicks the Save button. Then validates the message that the field is required.","20155","Required Message text Verification field test","","Fri Aug 22 14:28:43 GMT 2025","passed","Fri Aug 22 14:29:03 GMT 2025","","List. Checking the basic functions for the DateTimeWithSeconds in the widget List","application.Samples.List.DateTimeWithSecondsOnListTest","required"
"The test deletes the value by checking the autocomplete in a blank field","9813","Auto-completion test after cleaning","","Fri Aug 22 14:50:57 GMT 2025","passed","Fri Aug 22 14:51:07 GMT 2025","","Form. Checking the basic functions for the Percent in the widget Form","application.Samples.Form.PercentOnFormTest","nullable"
"The test gets the value from the style attribute in RGB format, and then converts it to Hex format","8065","A test to get the field color value in Hex format","","Fri Aug 22 14:49:43 GMT 2025","passed","Fri Aug 22 14:49:51 GMT 2025","","Form. Checking the basic functions for the CheckBox","application.Samples.Form.CheckBoxOnFormTest","color"
"The test sets the value in the field. After approval, the popup window, the title, the text in it, and the buttons are validated.","7492","Business Exception Validation Test","","Fri Aug 22 14:25:42 GMT 2025","passed","Fri Aug 22 14:25:50 GMT 2025","","List. Checking the basic functions for the Input in the widget List","application.Samples.List.InputOnListTest","businessException"
"Sorting is not available for the Form widget","6467","Sorting test","","Fri Aug 22 14:48:20 GMT 2025","passed","Fri Aug 22 14:48:26 GMT 2025","","Form. Checking the basic functions for the FileUpload in the widget Form","application.Samples.Form.FileUploadOnFormTest","sorting"
"The test checks for the disabled attribute","5011","A test to check the field for ""Read-only""","","Fri Aug 22 14:47:15 GMT 2025","passed","Fri Aug 22 14:47:20 GMT 2025","","Form. Checking the basic functions for the DateTime in the widget Form","application.Samples.Form.DateTimeOnFormTest","readonly"
"","5611","The test for getting the value from the field","","Fri Aug 22 14:19:11 GMT 2025","passed","Fri Aug 22 14:19:17 GMT 2025","","Info. Checking the basic functions for the DateTime","application.Samples.Info.DateTimeOnInfoTest","read"
"Sorting by the specified column.","17860","Sorting test","","Fri Aug 22 14:25:38 GMT 2025","passed","Fri Aug 22 14:25:56 GMT 2025","","List. Checking the basic functions for the Date in the widget List","application.Samples.List.DateOnListTest","sorting"
"The test sets the value in the field. After approval, the popup window, the title, the text in it, and the buttons are validated","9404","Business Exception Validation Test","","Fri Aug 22 14:44:21 GMT 2025","passed","Fri Aug 22 14:44:31 GMT 2025","","Form. Checking the basic functions for the Text in the widget Form","application.Samples.Form.TextOnFormTest","businessException"
"The test gets the value from the placeholder attribute and returns it in String format","9825","Test for getting the Placeholder value","","Fri Aug 22 14:43:54 GMT 2025","passed","Fri Aug 22 14:44:04 GMT 2025","","Form. Checking the basic functions for the Time","application.Samples.Form.TimeOnFormTest","placeholder"
"The test checks for the disabled attribute","7765","A test to check the field for ""Read-only""","","Fri Aug 22 14:43:55 GMT 2025","passed","Fri Aug 22 14:44:03 GMT 2025","","Form. Checking the basic functions for the Text in the widget Form","application.Samples.Form.TextOnFormTest","readonly"
"The Hint field type is always read-only","9351","A test to check the field for ""Read-only""","","Fri Aug 22 14:20:17 GMT 2025","passed","Fri Aug 22 14:20:26 GMT 2025","","List. Checking the basic functions for the MultiValueHover in the widget List","application.Samples.List.MultiValueHoverOnListTest","readonly"
"The test sets the value in the field, and then checks the value in the field with what should be set.","28045","A test for setting a value in a field","","Fri Aug 22 14:27:28 GMT 2025","passed","Fri Aug 22 14:27:56 GMT 2025","","List. Checking the basic functions for the Date in the widget List","application.Samples.List.DateOnListTest","edit"
"The test sets the value in the field, and then checks the value in the field with what should be set.","18196","A test for setting a value in a field","","Fri Aug 22 14:23:50 GMT 2025","passed","Fri Aug 22 14:24:08 GMT 2025","","List. Checking the basic functions for the MultiValue in the widget List","application.Samples.List.MultiValueOnListTest","edit"
"The test sets the value in the field. After approval, by clicking on the save button, the popup window, the title, the text in it, and the buttons are validated","7945","Confirmation Popup Validation Test","","Fri Aug 22 14:48:46 GMT 2025","passed","Fri Aug 22 14:48:54 GMT 2025","","Form. Checking the basic functions for the Date in the widget Form","application.Samples.Form.DateOnFormTest","confirm"
"The test sets the value in the field, and then checks the value in the field with what should be set","20568","A test for setting a value in a field","","Fri Aug 22 14:25:12 GMT 2025","passed","Fri Aug 22 14:25:32 GMT 2025","","List. Checking the basic functions for the Time","application.Samples.List.TimeOnListTest","edit2"
"The test sets the value in the field. After approval, the popup window, the title, the text in it, and the buttons are validated.","11620","Run-time exception validation test","","Fri Aug 22 14:40:41 GMT 2025","passed","Fri Aug 22 14:40:53 GMT 2025","","List. Checking the basic functions for the InlinePickList in the widget List","application.Samples.List.InlinePickListOnListTest","runtimeException"
"The test sets the value in the field, and then checks the value in the field with what should be set.","8191","A test for setting a value in a field","","Fri Aug 22 14:22:16 GMT 2025","passed","Fri Aug 22 14:22:25 GMT 2025","","List. Checking the basic functions for the FileUpload in the widget List","application.Samples.List.FileUploadOnListTest","edit"
"The test sets a value with the wrong data type in several fields for different widgets. After approval, it checks the text under the field, which informs about the correctness of the type of data entered","5684","Required Message validation test for multiple fields","","Fri Aug 22 14:54:34 GMT 2025","passed","Fri Aug 22 14:54:40 GMT 2025","","Form. Checking the basic functions for the MultiValue in the widget Form","application.Samples.Form.MultiValueOnFormTest","fieldLevelValidation"
"The test gets the value from the placeholder attribute and returns it in String format","7461","Test for getting the Placeholder value","","Fri Aug 22 14:29:58 GMT 2025","passed","Fri Aug 22 14:30:05 GMT 2025","","List. Checking the basic functions for the DateTimeWithSeconds in the widget List","application.Samples.List.DateTimeWithSecondsOnListTest","placeholder"
"The test sets the value in the field, and then checks the value in the field with what should be set","7663","A test for setting a value in a field","","Fri Aug 22 14:46:40 GMT 2025","passed","Fri Aug 22 14:46:48 GMT 2025","","Form. Checking the basic functions for the NumberDigits in the widget Form","application.Samples.Form.NumberDigitsOnFormTest","edit"
"The test sets the value with the wrong data type in the field. After approval, it checks the text under the field, which informs about the correctness of the type of data entered","6370","Required Message validation test for one field","","Fri Aug 22 14:41:30 GMT 2025","passed","Fri Aug 22 14:41:37 GMT 2025","","Form. Checking the basic functions for the Input in the widget Form","application.Samples.Form.InputOnFormTest","fieldLevelValidationAnnotation"
"The test gets the value from the style attribute in RGB format, and then converts it to  Hex format","7440","A test to get the field color value in Hex format","","Fri Aug 22 14:31:27 GMT 2025","passed","Fri Aug 22 14:31:35 GMT 2025","","List. Checking the basic functions for the Number in the widget List","application.Samples.List.NumberOnListTest","color"
"Тест удаляет значение, проверяя автозаполнение в чистом поле","33061","Тест на автозаполнение после очистки","","Fri Aug 22 14:28:03 GMT 2025","passed","Fri Aug 22 14:28:36 GMT 2025","","List. Checking the basic functions for the Percent in the widget List","application.Samples.List.PercentOnListTest","nullable"
"","8401","The test for getting the value from the field","","Fri Aug 22 14:19:40 GMT 2025","passed","Fri Aug 22 14:19:48 GMT 2025","","Info. Checking the basic functions for the CheckBox","application.Samples.Info.CheckboxOnInfoTest","read"
"The test sets the value in the field. After approval, by clicking on the save button, the popup window, the title, the text in it, and the buttons are validated.","8908","Confirmation Popup Validation Test","","Fri Aug 22 14:26:46 GMT 2025","passed","Fri Aug 22 14:26:55 GMT 2025","","List. Checking the basic functions for the Input in the widget List","application.Samples.List.InputOnListTest","confirm"
"Info Widget is always read-only","8390","A test to check the field for ""Read-only""","","Fri Aug 22 14:15:49 GMT 2025","passed","Fri Aug 22 14:15:57 GMT 2025","","Info. Checking the basic functions for the MultiplySelect","application.Samples.Info.MultipleSelectOnInfoTest","readonly"
"Sorting is not available for InfoWidget.","31793","Sorting test","","Fri Aug 22 14:13:56 GMT 2025","passed","Fri Aug 22 14:14:28 GMT 2025","","Info. Checking the basic functions for the Money","application.Samples.Info.MoneyOnInfoTest","sorting"
"The test gets the value in the field, and then checks the value in the field with what should be.","0","A test for checking a value in a field","","Fri Aug 22 14:33:56 GMT 2025","skipped","Fri Aug 22 14:33:56 GMT 2025","","List. Checking the basic functions for the MultipleSelect in the widget List","application.Samples.List.MultipleSelectOnListTest","read"
"The test gets the value from the style attribute in RGB format, and then converts it to Hex format","7528","A test to get the field color value in Hex format","","Fri Aug 22 14:44:39 GMT 2025","passed","Fri Aug 22 14:44:47 GMT 2025","","Form. Checking the basic functions for the Text in the widget Form","application.Samples.Form.TextOnFormTest","color"
"The test sets a value with the wrong data type in several fields for different widgets. After approval, it checks the text under the field, which informs about the correctness of the type of data entered","62998","Required Message validation test for multiple fields","","Fri Aug 22 14:39:40 GMT 2025","passed","Fri Aug 22 14:40:43 GMT 2025","","List. Checking the basic functions for the DateTime in the widget List","application.Samples.List.DateTimeOnListTest","fieldLevelValidation"
"Sorting is not available for InfoWidget.","9006","Sorting test","","Fri Aug 22 14:17:16 GMT 2025","passed","Fri Aug 22 14:17:25 GMT 2025","","Info. Checking the basic functions for the Text","application.Samples.Info.TextOnInfoTest","sorting"
"The test checks for the disabled attribute","5821","A test to check the field for ""Read-only""","","Fri Aug 22 14:46:35 GMT 2025","passed","Fri Aug 22 14:46:40 GMT 2025","","Form. Checking the basic functions for the NumberDigits in the widget Form","application.Samples.Form.NumberDigitsOnFormTest","readonly"
"The test sets the value in the field. After approval, the popup window, the title, the text in it, and the buttons are validated.","8462","Run-time exception validation test","","Fri Aug 22 14:32:31 GMT 2025","passed","Fri Aug 22 14:32:40 GMT 2025","","List. Checking the basic functions for the Number in the widget List","application.Samples.List.NumberOnListTest","runtimeException"
"The test checks for the disabled attribute","5207","A test to check the field for ""Read-only""","","Fri Aug 22 14:48:02 GMT 2025","passed","Fri Aug 22 14:48:07 GMT 2025","","Form. Checking the basic functions for the Date in the widget Form","application.Samples.Form.DateOnFormTest","readonly"
"The test clears the field and clicks the Save button. Then validates the message that the field is required","8814","Required Message text Verification field test","","Fri Aug 22 14:44:12 GMT 2025","passed","Fri Aug 22 14:44:21 GMT 2025","","Form. Checking the basic functions for the Text in the widget Form","application.Samples.Form.TextOnFormTest","required"
"The test checks for the disabled attribute.","8684","A test to check the field for ""Read-only""","","Fri Aug 22 14:33:04 GMT 2025","passed","Fri Aug 22 14:33:13 GMT 2025","","List. Checking the basic functions for the MultipleSelect in the widget List","application.Samples.List.MultipleSelectOnListTest","readonly"
"Filtering by the specified column.","8702","Filtering test","","Fri Aug 22 14:34:24 GMT 2025","passed","Fri Aug 22 14:34:33 GMT 2025","","List. Checking the basic functions for the Radio in the widget List","application.Samples.List.RadioOnListTest","filtration"
"Sorting is not available for the Form widget","8336","Sorting test","","Fri Aug 22 14:50:48 GMT 2025","passed","Fri Aug 22 14:50:57 GMT 2025","","Form. Checking the basic functions for the Percent in the widget Form","application.Samples.Form.PercentOnFormTest","sorting"
"Checking the url before the transition and after the transition/click on a special element","5781","The DrillDown test","","Fri Aug 22 14:46:23 GMT 2025","passed","Fri Aug 22 14:46:29 GMT 2025","","Form. Checking the basic functions for the NumberDigits in the widget Form","application.Samples.Form.NumberDigitsOnFormTest","drillDown"
"Sorting is not available for the Form widget","5380","Sorting test","","Fri Aug 22 14:47:39 GMT 2025","passed","Fri Aug 22 14:47:44 GMT 2025","","Form. Checking the basic functions for the Date in the widget Form","application.Samples.Form.DateOnFormTest","sorting"
"Filtering by the specified column.","7534","Filtering test","","Fri Aug 22 14:31:56 GMT 2025","passed","Fri Aug 22 14:32:04 GMT 2025","","List. Checking the basic functions for the Text in the widget List","application.Samples.List.TextOnListTest","filtration"
"The test sets the value in the field. After approval, by clicking on the save button, the popup window, the title, the text in it, and the buttons are validated","11157","Confirmation Popup Validation Test","","Fri Aug 22 14:45:50 GMT 2025","passed","Fri Aug 22 14:46:01 GMT 2025","","Form. Checking the basic functions for the InlinePickList in the widget Form","application.Samples.Form.InlinePickListOnFormTest","confirm"
"The test gets the value from the style attribute in RGB format, and then converts it to Hex format","7402","A test to get the field color value in Hex format","","Fri Aug 22 14:15:01 GMT 2025","passed","Fri Aug 22 14:15:08 GMT 2025","","Info. Checking the basic functions for the Money","application.Samples.Info.MoneyOnInfoTest","color"
"The test sets the value in the field. After approval, by clicking on the save button, the popup window, the title, the text in it, and the buttons are validated.","28851","Confirmation Popup Validation Test","","Fri Aug 22 14:38:16 GMT 2025","passed","Fri Aug 22 14:38:45 GMT 2025","","List. Checking the basic functions for the Money in the widget List","application.Samples.List.MoneyOnListTest","confirm"
"","9842","Digits test","","Fri Aug 22 14:16:14 GMT 2025","passed","Fri Aug 22 14:16:24 GMT 2025","","Info. Checking the basic functions for the Percent","application.Samples.Info.PercentOnInfoTest","digits"
"Sorting is not available for the Form widget","7675","Sorting test","","Fri Aug 22 14:43:32 GMT 2025","passed","Fri Aug 22 14:43:40 GMT 2025","","Form. Checking the basic functions for the Text in the widget Form","application.Samples.Form.TextOnFormTest","sorting"
"Sorting is not available for InfoWidget.","6876","Sorting test","","Fri Aug 22 14:18:16 GMT 2025","passed","Fri Aug 22 14:18:22 GMT 2025","","Info. Checking the basic functions for the PickList","application.Samples.Info.PickListOnInfoTest","sorting"
"","10776","The test for getting the value from the field","","Fri Aug 22 14:15:45 GMT 2025","passed","Fri Aug 22 14:15:55 GMT 2025","","Info. Checking the basic functions for the MultiField","application.Samples.Info.MultiFieldOnInfoTest","read"
"","22918","fieldLevelValidation()","","Fri Aug 22 14:23:46 GMT 2025","passed","Fri Aug 22 14:24:09 GMT 2025","","List. Checking the basic functions for the PickList in the widget List","application.Samples.List.PickListOnListTest","fieldLevelValidation"
"The test sets the value in the field, and then checks the value in the field with what should be set","8873","A test for setting a value in a field","","Fri Aug 22 14:45:12 GMT 2025","passed","Fri Aug 22 14:45:21 GMT 2025","","Form. Checking the basic functions for the Radio in the widget Form","application.Samples.Form.RadioOnFormTest","edit"
"The test sets the value in the field. After approval, the popup window, the title, the text in it, and the buttons are validated.","12271","Run-time exception validation test","","Fri Aug 22 14:32:54 GMT 2025","passed","Fri Aug 22 14:33:06 GMT 2025","","List. Checking the basic functions for the Percent in the widget List","application.Samples.List.PercentOnListTest","runtimeException"
"InfoWidget does not have a Hex field color for this type.","8859","A test to get the field color value in Hex format","","Fri Aug 22 14:19:48 GMT 2025","passed","Fri Aug 22 14:19:57 GMT 2025","","Info. Checking the basic functions for the CheckBox","application.Samples.Info.CheckboxOnInfoTest","color"
"","8201","The test for getting the value from the field","","Fri Aug 22 14:17:50 GMT 2025","passed","Fri Aug 22 14:17:59 GMT 2025","","Info. Checking the basic functions for the Text","application.Samples.Info.TextOnInfoTest","read"
"The test gets the value from the placeholder attribute and returns it in String format","6314","Test for getting the Placeholder value","","Fri Aug 22 14:38:10 GMT 2025","passed","Fri Aug 22 14:38:16 GMT 2025","","List. Checking the basic functions for the Money in the widget List","application.Samples.List.MoneyOnListTest","placeholder"
"The test sets a value with the wrong data type in several fields for different widgets. After approval, it checks the text under the field, which informs about the correctness of the type of data entered","45433","Required Message validation test for multiple fields","","Fri Aug 22 14:33:51 GMT 2025","passed","Fri Aug 22 14:34:36 GMT 2025","","List. Checking the basic functions for the Text in the widget List","application.Samples.List.TextOnListTest","fieldLevelValidation"
"Sorting by the specified column.","16327","Sorting test","","Fri Aug 22 14:23:37 GMT 2025","passed","Fri Aug 22 14:23:53 GMT 2025","","List. Checking the basic functions for the Time","application.Samples.List.TimeOnListTest","sorting"
"The test sets the value in the field. After approval, the popup window, the title, the text in it, and the buttons are validated","7267","Business Exception Validation Test","","Fri Aug 22 14:50:55 GMT 2025","passed","Fri Aug 22 14:51:02 GMT 2025","","Form. Checking the basic functions for the PickList in the widget Form","application.Samples.Form.PickListOnFormTest","businessException"
"The InfoWidget doesn't have a Placeholder..","7737","Test for getting the Placeholder value","","Fri Aug 22 14:17:08 GMT 2025","passed","Fri Aug 22 14:17:16 GMT 2025","","Info. Checking the basic functions for the MultiValue","application.Samples.Info.MultiValueOnInfoTest","placeholder"
"The test sets the value with the wrong data type in the field. After approval, it checks the text under the field, which informs about the correctness of the type of data entered","7624","Required Message validation test for one field","","Fri Aug 22 14:41:23 GMT 2025","passed","Fri Aug 22 14:41:30 GMT 2025","","Form. Checking the basic functions for the Money in the widget Form","application.Samples.Form.MoneyOnFormTest","fieldLevelValidationAnnotation"
"The test sets the value in the field. After approval, by clicking on the save button, the popup window, the title, the text in it, and the buttons are validated.","20615","Confirmation Popup Validation Test","","Fri Aug 22 14:39:59 GMT 2025","passed","Fri Aug 22 14:40:20 GMT 2025","","List. Checking the basic functions for the InlinePickList in the widget List","application.Samples.List.InlinePickListOnListTest","confirm"
"The test gets the value from the style attribute in RGB format, and then converts it to Hex format","12587","A test to get the field color value in Hex format","","Fri Aug 22 14:14:48 GMT 2025","passed","Fri Aug 22 14:15:01 GMT 2025","","Info. Checking the basic functions for the Time","application.Samples.Info.TimeOnInfoTest","color"
"The test sets the value with the wrong data type in the field. After approval, it checks the text under the field, which informs about the correctness of the type of data entered","10325","Required Message validation test for one field","","Fri Aug 22 14:51:42 GMT 2025","passed","Fri Aug 22 14:51:53 GMT 2025","","Form. Checking the basic functions for the Percent in the widget Form","application.Samples.Form.PercentOnFormTest","fieldLevelValidationAnnotation"
"Checking the url before the transition and after the transition/click on a special element","6317","The DrillDown test","","Fri Aug 22 14:24:43 GMT 2025","passed","Fri Aug 22 14:24:49 GMT 2025","","List. Checking the basic functions for the Input in the widget List","application.Samples.List.InputOnListTest","drillDown"
"Sorting is not available for InfoWidget.","4699","Sorting test","","Fri Aug 22 14:18:15 GMT 2025","passed","Fri Aug 22 14:18:20 GMT 2025","","Info. Checking the basic functions for the Input","application.Samples.Info.InputOnInfoTest","sorting"
"","10367","The test for getting the icon value from the field","","Fri Aug 22 14:15:53 GMT 2025","passed","Fri Aug 22 14:16:04 GMT 2025","","Info. Checking the basic functions for the Dictionary","application.Samples.Info.DictionaryOnInfoTest","icon"
"The test sets the value with the wrong data type in the field. After approval, it checks the text under the field, which informs about the correctness of the type of data entered.","18645","Required Message validation test for one field","","Fri Aug 22 14:25:06 GMT 2025","passed","Fri Aug 22 14:25:25 GMT 2025","","List. Checking the basic functions for the Input in the widget List","application.Samples.List.InputOnListTest","fieldLevelValidationAnnotation"
"The test checks the creation and deletion in the dictionary and the result of this work on another screen.","25441","Test sorting at List","","Fri Aug 22 14:22:07 GMT 2025","passed","Fri Aug 22 14:22:32 GMT 2025","","Checking the basic functions for the Dictionary administration panel","application.Samples.DictionaryAdministrationTest","sortingList"
"The test gets the value from the placeholder attribute and returns it in String format","8118","Test for getting the Placeholder value","","Fri Aug 22 14:27:25 GMT 2025","passed","Fri Aug 22 14:27:34 GMT 2025","","List. Checking the basic functions for the CheckBox","application.Samples.List.CheckBoxOnListTest","placeholder"
"The test sets the value in the field. After approval, the popup window, the title, the text in it, and the buttons are validated.","19983","Run-time exception validation test","","Fri Aug 22 14:24:09 GMT 2025","passed","Fri Aug 22 14:24:29 GMT 2025","","List. Checking the basic functions for the PickList in the widget List","application.Samples.List.PickListOnListTest","runtimeException"
"Filtering is not available for InfoWidget.","6019","Filtering test","","Fri Aug 22 14:17:30 GMT 2025","passed","Fri Aug 22 14:17:36 GMT 2025","","Info. Checking the basic functions for the Number","application.Samples.Info.NumberOnInfoTest","filtration"
"The test checks for the disabled attribute","6432","A test to check the field for ""Read-only""","","Fri Aug 22 14:48:39 GMT 2025","passed","Fri Aug 22 14:48:45 GMT 2025","","Form. Checking the basic functions for the FileUpload in the widget Form","application.Samples.Form.FileUploadOnFormTest","readonly"
"The test gets the value from the style attribute in RGB format, and then converts it to Hex format","5241","A test to get the field color value in Hex format","","Fri Aug 22 14:53:58 GMT 2025","passed","Fri Aug 22 14:54:03 GMT 2025","","Form. Checking the basic functions for the MultiValue in the widget Form","application.Samples.Form.MultiValueOnFormTest","color"
"The test gets the value from the placeholder attribute and returns it in String format","8053","Test for getting the Placeholder value","","Fri Aug 22 14:22:41 GMT 2025","passed","Fri Aug 22 14:22:49 GMT 2025","","List. Checking the basic functions for the FileUpload in the widget List","application.Samples.List.FileUploadOnListTest","placeholder"
"Sorting by the specified column.","11893","Sorting test","","Fri Aug 22 14:20:54 GMT 2025","passed","Fri Aug 22 14:21:06 GMT 2025","","List. Checking the basic functions for the FileUpload in the widget List","application.Samples.List.FileUploadOnListTest","sorting"
"Currency check at the field","7532","Currency test","","Fri Aug 22 14:15:08 GMT 2025","passed","Fri Aug 22 14:15:16 GMT 2025","","Info. Checking the basic functions for the Money","application.Samples.Info.MoneyOnInfoTest","currency"
"The test sets the value in the field, and then checks the value in the field with what should be set.","15746","A test for setting a value in a field","","Fri Aug 22 14:53:42 GMT 2025","passed","Fri Aug 22 14:53:58 GMT 2025","","Form. Checking the basic functions for the MultiValue in the widget Form","application.Samples.Form.MultiValueOnFormTest","edit"
"The test sets the value in the field. After approval, by clicking on the save button, the popup window, the title, the text in it, and the buttons are validated.","18670","Confirmation Popup Validation Test","","Fri Aug 22 14:39:21 GMT 2025","passed","Fri Aug 22 14:39:40 GMT 2025","","List. Checking the basic functions for the DateTime in the widget List","application.Samples.List.DateTimeOnListTest","confirm"
"The test checks for the disabled attribute.","8533","A test to check the field for ""Read-only""","","Fri Aug 22 14:29:14 GMT 2025","passed","Fri Aug 22 14:29:23 GMT 2025","","List. Checking the basic functions for the Percent in the widget List","application.Samples.List.PercentOnListTest","readonly"
"The test sets the value with the wrong data type in the field. After approval, it checks the text under the field, which informs about the correctness of the type of data entered.","32277","Required Message validation test for one field","","Fri Aug 22 14:29:23 GMT 2025","passed","Fri Aug 22 14:29:55 GMT 2025","","List. Checking the basic functions for the Percent in the widget List","application.Samples.List.PercentOnListTest","fieldLevelValidationAnnotation"
"The test gets the value in the field, and then checks the value in the field with what should be.","0","A test for checking a value in a field","","Fri Aug 22 14:37:57 GMT 2025","skipped","Fri Aug 22 14:37:57 GMT 2025","","List. Checking the basic functions for the Money in the widget List","application.Samples.List.MoneyOnListTest","read"
"The test clears the field and clicks the Save button. Then validates the message that the field is required.","21282","Required Message text Verification field test","","Fri Aug 22 14:38:29 GMT 2025","passed","Fri Aug 22 14:38:50 GMT 2025","","List. Checking the basic functions for the InlinePickList in the widget List","application.Samples.List.InlinePickListOnListTest","required"
"The test sets a value with the wrong data type in several fields for different widgets. After approval, it checks the text under the field, which informs about the correctness of the type of data entered","64644","Required Message validation test for multiple fields","","Fri Aug 22 14:28:30 GMT 2025","passed","Fri Aug 22 14:29:35 GMT 2025","","List. Checking the basic functions for the Date in the widget List","application.Samples.List.DateOnListTest","fieldLevelValidation"
"The test sets the value in the field, and then checks the value in the field with what should be set. Предварительной очистки поля нет","9352","A test for setting a value in a field","","Fri Aug 22 14:47:19 GMT 2025","passed","Fri Aug 22 14:47:28 GMT 2025","","Form. Checking the basic functions for the MultipleSelect in the widget Form","application.Samples.Form.MultipleSelectOnFormTest","edit"
"The test gets the value from the style attribute in RGB format, and then converts it to Hex format","7136","A test to get the field color value in Hex format","","Fri Aug 22 14:23:10 GMT 2025","passed","Fri Aug 22 14:23:17 GMT 2025","","List. Checking the basic functions for the PickList in the widget List","application.Samples.List.PickListOnListTest","color"
"Filtering is not available for InfoWidget.","7709","Filtering test","","Fri Aug 22 14:19:41 GMT 2025","passed","Fri Aug 22 14:19:49 GMT 2025","","Info. Checking the basic functions for the MultiValueHover","application.Samples.Info.MultiValueHoverOnInfoTest","filtration"
"The test sets the value in the field. After approval, the popup window, the title, the text in it, and the buttons are validated.","8205","Run-time exception validation test","","Fri Aug 22 14:31:29 GMT 2025","passed","Fri Aug 22 14:31:37 GMT 2025","","List. Checking the basic functions for the DateTimeWithSeconds in the widget List","application.Samples.List.DateTimeWithSecondsOnListTest","runtimeException"
"The test sets the value in the field. After approval, the popup window, the title, the text in it, and the buttons are validated.","6249","Run-time exception validation test","","Fri Aug 22 14:54:40 GMT 2025","passed","Fri Aug 22 14:54:46 GMT 2025","","Form. Checking the basic functions for the MultiValue in the widget Form","application.Samples.Form.MultiValueOnFormTest","runtimeException"
"The test sets a value with the wrong data type in several fields for different widgets. After approval, it checks the text under the field, which informs about the correctness of the type of data entered","7591","Required Message validation test for multiple fields","","Fri Aug 22 14:51:25 GMT 2025","passed","Fri Aug 22 14:51:33 GMT 2025","","Form. Checking the basic functions for the PickList in the widget Form","application.Samples.Form.PickListOnFormTest","fieldLevelValidation"
"The test sets the value in the field. After approval, the popup window, the title, the text in it, and the buttons are validated","8743","Run-time exception validation test","","Fri Aug 22 14:52:58 GMT 2025","passed","Fri Aug 22 14:53:06 GMT 2025","","Form. Checking the basic functions for the Percent in the widget Form","application.Samples.Form.PercentOnFormTest","runtimeException"
"Filtering is not available for the Form widget","5106","Filtering test","","Fri Aug 22 14:44:03 GMT 2025","passed","Fri Aug 22 14:44:08 GMT 2025","","Form. Checking the basic functions for the Hint in the widget Form","application.Samples.Form.HintOnFormTest","filtration"
"","10766","A test to get a value for a multifield hint","","Fri Aug 22 14:33:52 GMT 2025","passed","Fri Aug 22 14:34:03 GMT 2025","","List. Checking the basic functions for the MultiField in the widget List","application.Samples.List.MultiFieldOnListTest","getValues"
"The test clears the field and clicks the Save button. Then validates the message that the field is required.","15427","Required Message text Verification field test","","Fri Aug 22 14:41:41 GMT 2025","passed","Fri Aug 22 14:41:56 GMT 2025","","List. Checking the basic functions for the Dictionary in the widget List","application.Samples.List.DictionaryOnListTest","required"
"","9165","A test to get a value for a multifield","","Fri Aug 22 14:41:02 GMT 2025","passed","Fri Aug 22 14:41:11 GMT 2025","","Form. Checking the basic functions for the MultiField in the widget Form","application.Samples.Form.MultiFieldOnFormTest","getValues2"
"The test gets the value from the placeholder attribute and returns it in String format","8307","Test for getting the Placeholder value","","Fri Aug 22 14:49:51 GMT 2025","passed","Fri Aug 22 14:49:59 GMT 2025","","Form. Checking the basic functions for the CheckBox","application.Samples.Form.CheckBoxOnFormTest","placeholder"
"Filtering is not available for InfoWidget.","9859","Filtering test","","Fri Aug 22 14:15:33 GMT 2025","passed","Fri Aug 22 14:15:43 GMT 2025","","Info. Checking the basic functions for the Dictionary","application.Samples.Info.DictionaryOnInfoTest","filtration"
"The test sets the value in the field, and then checks the value in the field with what should be set","10710","A test for setting a value in a field","","Fri Aug 22 14:51:53 GMT 2025","passed","Fri Aug 22 14:52:04 GMT 2025","","Form. Checking the basic functions for the Dictionary in the widget Form","application.Samples.Form.DictionaryOnFormTest","edit"
"The test clears the field and clicks the Save button. Then validates the message that the field is required.","17973","Required Message text Verification field test","","Fri Aug 22 14:30:44 GMT 2025","passed","Fri Aug 22 14:31:02 GMT 2025","","List. Checking the basic functions for the Number in the widget List","application.Samples.List.NumberOnListTest","required"
"The test gets the value from the placeholder attribute and returns it in String format","7330","Test for getting the Placeholder value","","Fri Aug 22 14:31:18 GMT 2025","passed","Fri Aug 22 14:31:25 GMT 2025","","List. Checking the basic functions for the Percent in the widget List","application.Samples.List.PercentOnListTest","placeholder"
"The test checks for the disabled attribute","5648","A test to check the field for ""Read-only""","","Fri Aug 22 14:49:41 GMT 2025","passed","Fri Aug 22 14:49:47 GMT 2025","","Form. Checking the basic functions for the Number in the widget Form","application.Samples.Form.NumberOnFormTest","readonly"
"The test gets the value from the placeholder attribute and returns it in String format","6347","Test for getting the Placeholder value","","Fri Aug 22 14:42:05 GMT 2025","passed","Fri Aug 22 14:42:12 GMT 2025","","Form. Checking the basic functions for the Money in the widget Form","application.Samples.Form.MoneyOnFormTest","placeholder"
"Info Widget is always read-only","6305","A test to check the field for ""Read-only""","","Fri Aug 22 14:17:52 GMT 2025","passed","Fri Aug 22 14:17:58 GMT 2025","","Info. Checking the basic functions for the Date","application.Samples.Info.DateOnInfoTest","readonly"
"The test sets the value to true in the field, and then checks the value in the field with what should be set.","7794","A test for setting a value in a field","","Fri Aug 22 14:27:18 GMT 2025","passed","Fri Aug 22 14:27:25 GMT 2025","","List. Checking the basic functions for the CheckBox","application.Samples.List.CheckBoxOnListTest","edit2"
"The test checks for the disabled attribute.","7513","A test to check the field for ""Read-only""","","Fri Aug 22 14:26:33 GMT 2025","passed","Fri Aug 22 14:26:41 GMT 2025","","List. Checking the basic functions for the CheckBox","application.Samples.List.CheckBoxOnListTest","readonly"
"The test edit a new field in the admin panel","13205","Test for edit admin value","","Fri Aug 22 14:21:31 GMT 2025","passed","Fri Aug 22 14:21:44 GMT 2025","","Checking the basic functions for the Dictionary administration panel","application.Samples.DictionaryAdministrationTest","edit"
"The test sets a value with the wrong data type in several fields for different widgets. After approval, it checks the text under the field, which informs about the correctness of the type of data entered","8534","Required Message validation test for multiple fields","","Fri Aug 22 14:42:20 GMT 2025","passed","Fri Aug 22 14:42:28 GMT 2025","","Form. Checking the basic functions for the Money in the widget Form","application.Samples.Form.MoneyOnFormTest","fieldLevelValidation"
"","6969","Test to get the name of the downloaded file","","Fri Aug 22 14:19:03 GMT 2025","passed","Fri Aug 22 14:19:10 GMT 2025","","Info. Checking the basic functions for the FileUp","application.Samples.Info.FileUploadOnInfoTest","getFileName"
"Sorting is not available for the Form widget","5838","Sorting test","","Fri Aug 22 14:49:11 GMT 2025","passed","Fri Aug 22 14:49:17 GMT 2025","","Form. Checking the basic functions for the Number in the widget Form","application.Samples.Form.NumberOnFormTest","sorting"
"","9162","The test for getting the value from the field","","Fri Aug 22 14:16:42 GMT 2025","passed","Fri Aug 22 14:16:51 GMT 2025","","Info. Checking the basic functions for the Percent","application.Samples.Info.PercentOnInfoTest","read"
"The test sets the value in the field. After approval, by clicking on the save button, the popup window, the title, the text in it, and the buttons are validated.","10125","Confirmation Popup Validation Test","","Fri Aug 22 14:27:34 GMT 2025","passed","Fri Aug 22 14:27:44 GMT 2025","","List. Checking the basic functions for the CheckBox","application.Samples.List.CheckBoxOnListTest","confirm"
"Checking the url before the transition and after the transition/click on a special element","7441","The DrillDown test","","Fri Aug 22 14:46:21 GMT 2025","passed","Fri Aug 22 14:46:29 GMT 2025","","Form. Checking the basic functions for the MultipleSelect in the widget Form","application.Samples.Form.MultipleSelectOnFormTest","drillDown"
"The test sets the value in the field. After approval, by clicking on the save button, the popup window, the title, the text in it, and the buttons are validated","9563","Confirmation Popup Validation Test","","Fri Aug 22 14:52:37 GMT 2025","passed","Fri Aug 22 14:52:47 GMT 2025","","Form. Checking the basic functions for the Percent in the widget Form","application.Samples.Form.PercentOnFormTest","confirm"
"The test clears the field and clicks the Save button. Then validates the message that the field is required","5790","Required Message text Verification field test","","Fri Aug 22 14:41:37 GMT 2025","passed","Fri Aug 22 14:41:42 GMT 2025","","Form. Checking the basic functions for the Input in the widget Form","application.Samples.Form.InputOnFormTest","required"
"The test gets the value from the style attribute in RGB format, and then converts it to Hex format","6168","A test to get the field color value in Hex format","","Fri Aug 22 14:41:53 GMT 2025","passed","Fri Aug 22 14:41:59 GMT 2025","","Form. Checking the basic functions for the Money in the widget Form","application.Samples.Form.MoneyOnFormTest","color"
"DrillDown is not available for InfoWidget.","8991","The DrillDown test","","Fri Aug 22 14:17:25 GMT 2025","passed","Fri Aug 22 14:17:34 GMT 2025","","Info. Checking the basic functions for the Text","application.Samples.Info.TextOnInfoTest","drillDown"
"The test clears the field and clicks the Save button. Then validates the message that the field is required","5697","Required Message text Verification field test","","Fri Aug 22 14:47:27 GMT 2025","passed","Fri Aug 22 14:47:33 GMT 2025","","Form. Checking the basic functions for the DateTime in the widget Form","application.Samples.Form.DateTimeOnFormTest","required"
"Info Widget is always read-only","8582","A test to check the field for ""Read-only""","","Fri Aug 22 14:19:31 GMT 2025","passed","Fri Aug 22 14:19:40 GMT 2025","","Info. Checking the basic functions for the CheckBox","application.Samples.Info.CheckboxOnInfoTest","readonly"
"A test to get the value from the field. Hint is always read-only, so it is impossible to set the value.","6464","A test to check the value in a field","","Fri Aug 22 14:33:24 GMT 2025","passed","Fri Aug 22 14:33:30 GMT 2025","","List. Checking the basic functions for the Hint in the widget List","application.Samples.List.HintOnListTest","edit"
"The test checks for the disabled attribute.","6121","A test to check the field for ""Read-only""","","Fri Aug 22 14:24:55 GMT 2025","passed","Fri Aug 22 14:25:01 GMT 2025","","List. Checking the basic functions for the Input in the widget List","application.Samples.List.InputOnListTest","readonly"
"The test gets the value from the placeholder attribute and returns it in String format","5829","Test for getting the Placeholder value","","Fri Aug 22 14:26:40 GMT 2025","passed","Fri Aug 22 14:26:46 GMT 2025","","List. Checking the basic functions for the Input in the widget List","application.Samples.List.InputOnListTest","placeholder"
"Filtering is not available for the Form widget","5182","Filtering test","","Fri Aug 22 14:47:49 GMT 2025","passed","Fri Aug 22 14:47:54 GMT 2025","","Form. Checking the basic functions for the Date in the widget Form","application.Samples.Form.DateOnFormTest","filtration"
"The test sets the value in the field. After approval, the popup window, the title, the text in it, and the buttons are validated","9861","Run-time exception validation test","","Fri Aug 22 14:46:13 GMT 2025","passed","Fri Aug 22 14:46:23 GMT 2025","","Form. Checking the basic functions for the InlinePickList in the widget Form","application.Samples.Form.InlinePickListOnFormTest","runtimeException"
"The test checks for the disabled attribute.","9411","A test to check the field for ""Read-only""","","Fri Aug 22 14:34:33 GMT 2025","passed","Fri Aug 22 14:34:42 GMT 2025","","List. Checking the basic functions for the Radio in the widget List","application.Samples.List.RadioOnListTest","readonly"
"The test adds a value after removing all previous values.","9050","Value setting test with field clearing","","Fri Aug 22 14:48:00 GMT 2025","passed","Fri Aug 22 14:48:09 GMT 2025","","Form. Checking the basic functions for the MultipleSelect in the widget Form","application.Samples.Form.MultipleSelectOnFormTest","setValue"
"The test checks for the disabled attribute.","7441","A test to check the field for ""Read-only""","","Fri Aug 22 14:32:04 GMT 2025","passed","Fri Aug 22 14:32:11 GMT 2025","","List. Checking the basic functions for the Text in the widget List","application.Samples.List.TextOnListTest","readonly"
"The test gets the value from the style attribute in RGB format, and then converts it to Hex format","6812","A test to get the field color value in Hex format","","Fri Aug 22 14:37:57 GMT 2025","passed","Fri Aug 22 14:38:04 GMT 2025","","List. Checking the basic functions for the Money in the widget List","application.Samples.List.MoneyOnListTest","color"
"The test sets the value in the field via Popup using a unique id, and then checks the value in the field with what needs to be set","7511","A test for setting a value in a field","","Fri Aug 22 14:51:02 GMT 2025","passed","Fri Aug 22 14:51:10 GMT 2025","","Form. Checking the basic functions for the PickList in the widget Form","application.Samples.Form.PickListOnFormTest","edit"
"Sorting is not available for the Form widget","11004","Sorting test","","Fri Aug 22 14:45:24 GMT 2025","passed","Fri Aug 22 14:45:35 GMT 2025","","Form. Checking the basic functions for the Suggestion PickList in the widget Form","application.Samples.Form.SuggestionPickListOnFormTest","sorting"
"The test gets the value from the style attribute in RGB format, and then converts it to Hex format","9775","A test to get the field color value in Hex format","","Fri Aug 22 14:43:22 GMT 2025","passed","Fri Aug 22 14:43:32 GMT 2025","","Form. Checking the basic functions for the Time","application.Samples.Form.TimeOnFormTest","color"
"The test checks the status of one option, whether it is selected or not","8063","A test to check the status of one option","","Fri Aug 22 14:48:25 GMT 2025","passed","Fri Aug 22 14:48:33 GMT 2025","","Form. Checking the basic functions for the MultipleSelect in the widget Form","application.Samples.Form.MultipleSelectOnFormTest","statusOption"
"The test checks for the disabled attribute","11096","A test to check the field for ""Read-only""","","Fri Aug 22 14:45:57 GMT 2025","passed","Fri Aug 22 14:46:08 GMT 2025","","Form. Checking the basic functions for the Suggestion PickList in the widget Form","application.Samples.Form.SuggestionPickListOnFormTest","readonly"
"The test sets the value in the field. After approval, the popup window, the title, the text in it, and the buttons are validated.","17461","Business Exception Validation Test","","Fri Aug 22 14:38:25 GMT 2025","passed","Fri Aug 22 14:38:42 GMT 2025","","List. Checking the basic functions for the DateTime in the widget List","application.Samples.List.DateTimeOnListTest","businessException"
"The test check icon's name from the drop-down list ","9779","A test for checking the icon","","Fri Aug 22 14:52:04 GMT 2025","passed","Fri Aug 22 14:52:14 GMT 2025","","Form. Checking the basic functions for the Dictionary in the widget Form","application.Samples.Form.DictionaryOnFormTest","icon"
"The test sets the value in the field. After approval, by clicking on the save button, the popup window, the title, the text in it, and the buttons are validated","9145","Confirmation Popup Validation Test","","Fri Aug 22 14:45:46 GMT 2025","passed","Fri Aug 22 14:45:55 GMT 2025","","Form. Checking the basic functions for the Radio in the widget Form","application.Samples.Form.RadioOnFormTest","confirm"
"The test checks the value in the field with what should be set","12184","A test to read value","","Fri Aug 22 14:15:01 GMT 2025","passed","Fri Aug 22 14:15:13 GMT 2025","","Info. Checking the basic functions for the Time","application.Samples.Info.TimeOnInfoTest","read2"
"","5285","The test for getting the value from the field","","Fri Aug 22 14:54:46 GMT 2025","passed","Fri Aug 22 14:54:51 GMT 2025","","Info. Checking the basic functions for the MultiplySelect","application.Samples.Info.MultipleSelectOnInfoTest","read"
"Filtering is not available for InfoWidget.","6654","Filtering test","","Fri Aug 22 14:18:22 GMT 2025","passed","Fri Aug 22 14:18:28 GMT 2025","","Info. Checking the basic functions for the FileUp","application.Samples.Info.FileUploadOnInfoTest","filtration"
"Filtering by the specified column.","8781","Filtering test","","Fri Aug 22 14:29:05 GMT 2025","passed","Fri Aug 22 14:29:14 GMT 2025","","List. Checking the basic functions for the Percent in the widget List","application.Samples.List.PercentOnListTest","filtration"
"The test verifies that after clearing the field, it is empty","7351","The test for deleting a file from a field","","Fri Aug 22 14:49:13 GMT 2025","passed","Fri Aug 22 14:49:21 GMT 2025","","Form. Checking the basic functions for the FileUpload in the widget Form","application.Samples.Form.FileUploadOnFormTest","clear"
"The test sets the value in the field, and then checks the value in the field with what should be set","6768","A test for setting a value in a field","","Fri Aug 22 14:43:18 GMT 2025","passed","Fri Aug 22 14:43:25 GMT 2025","","Form. Checking the basic functions for the DateTimeWithSeconds in the widget Form","application.Samples.Form.DateTimeWithSecondsOnFormTest","edit"
"The test sets the value in the field. After approval, by clicking on the save button, the popup window, the title, the text in it, and the buttons are validated.","9560","Confirmation Popup Validation Test","","Fri Aug 22 14:22:57 GMT 2025","passed","Fri Aug 22 14:23:07 GMT 2025","","List. Checking the basic functions for the FileUpload in the widget List","application.Samples.List.FileUploadOnListTest","confirm"
"The test clears the field and clicks the Save button. Then validates the message that the field is required","9264","Required Message text Verification field test","","Fri Aug 22 14:49:15 GMT 2025","passed","Fri Aug 22 14:49:25 GMT 2025","","Form. Checking the basic functions for the CheckBox","application.Samples.Form.CheckBoxOnFormTest","required"
"The test checks for the disabled attribute","6201","A test to check the field for ""Read-only""","","Fri Aug 22 14:41:16 GMT 2025","passed","Fri Aug 22 14:41:23 GMT 2025","","Form. Checking the basic functions for the Money in the widget Form","application.Samples.Form.MoneyOnFormTest","readonly"
"Sorting by the specified column.","12237","Sorting test","","Fri Aug 22 14:37:18 GMT 2025","passed","Fri Aug 22 14:37:30 GMT 2025","","List. Checking the basic functions for the InlinePickList in the widget List","application.Samples.List.InlinePickListOnListTest","sorting"
"The test gets the value from the style attribute in RGB format, and then converts it to Hex format","7815","A test to get the field color value in Hex format","","Fri Aug 22 14:45:21 GMT 2025","passed","Fri Aug 22 14:45:29 GMT 2025","","Form. Checking the basic functions for the Radio in the widget Form","application.Samples.Form.RadioOnFormTest","color"
"Filtering by the specified column.","7953","Filtering test","","Fri Aug 22 14:28:30 GMT 2025","passed","Fri Aug 22 14:28:38 GMT 2025","","List. Checking the basic functions for the DateTimeWithSeconds in the widget List","application.Samples.List.DateTimeWithSecondsOnListTest","filtration"
"Currency by the specified column.","5663","Currency test","","Fri Aug 22 14:38:04 GMT 2025","passed","Fri Aug 22 14:38:10 GMT 2025","","List. Checking the basic functions for the Money in the widget List","application.Samples.List.MoneyOnListTest","currency"
"The test sets the value in the field. After approval, the popup window, the title, the text in it, and the buttons are validated.","10657","Run-time exception validation test","","Fri Aug 22 14:34:36 GMT 2025","passed","Fri Aug 22 14:34:47 GMT 2025","","List. Checking the basic functions for the Text in the widget List","application.Samples.List.TextOnListTest","runtimeException"
"The test sets the value in the field. After approval, the popup window, the title, the text in it, and the buttons are validated","10953","Business Exception Validation Test","","Fri Aug 22 14:44:58 GMT 2025","passed","Fri Aug 22 14:45:09 GMT 2025","","Form. Checking the basic functions for the InlinePickList in the widget Form","application.Samples.Form.InlinePickListOnFormTest","businessException"
"Getting the field color is not available","5822","A test to get the field color value in Hex format","","Fri Aug 22 14:33:37 GMT 2025","passed","Fri Aug 22 14:33:42 GMT 2025","","List. Checking the basic functions for the Hint in the widget List","application.Samples.List.HintOnListTest","color"
"","5770","The test for getting the value from the field","","Fri Aug 22 14:19:31 GMT 2025","passed","Fri Aug 22 14:19:37 GMT 2025","","Info. Checking the basic functions for the Hint","application.Samples.Info.HintOnInfoTest","read"
"The method returns Option-Status pairs, for all. The test checks each pair.","10229","Test to check the status of all options","","Fri Aug 22 14:34:24 GMT 2025","passed","Fri Aug 22 14:34:34 GMT 2025","","List. Checking the basic functions for the MultipleSelect in the widget List","application.Samples.List.MultipleSelectOnListTest","statusOptions"
"The test checks for the disabled attribute","8063","A test to check the field for ""Read-only""","","Fri Aug 22 14:48:58 GMT 2025","passed","Fri Aug 22 14:49:06 GMT 2025","","Form. Checking the basic functions for the CheckBox","application.Samples.Form.CheckBoxOnFormTest","readonly"
"The test sets the value in the field. After approval, the popup window, the title, the text in it, and the buttons are validated.","19399","Business Exception Validation Test","","Fri Aug 22 14:29:03 GMT 2025","passed","Fri Aug 22 14:29:23 GMT 2025","","List. Checking the basic functions for the DateTimeWithSeconds in the widget List","application.Samples.List.DateTimeWithSecondsOnListTest","businessException"
"The test checks for the disabled attribute.","6989","A test to check the field for ""Read-only""","","Fri Aug 22 14:26:11 GMT 2025","passed","Fri Aug 22 14:26:18 GMT 2025","","List. Checking the basic functions for the Date in the widget List","application.Samples.List.DateOnListTest","readonly"
"Filtering is not available for InfoWidget.","5883","Filtering test","","Fri Aug 22 14:17:46 GMT 2025","passed","Fri Aug 22 14:17:52 GMT 2025","","Info. Checking the basic functions for the Date","application.Samples.Info.DateOnInfoTest","filtration"
"Checking the url before the transition and after the transition/click on a special element","8134","The DrillDown test","","Fri Aug 22 14:48:41 GMT 2025","passed","Fri Aug 22 14:48:50 GMT 2025","","Form. Checking the basic functions for the CheckBox","application.Samples.Form.CheckBoxOnFormTest","drillDown"
"Filtering is not available for InfoWidget.","8724","Filtering test","","Fri Aug 22 14:16:24 GMT 2025","passed","Fri Aug 22 14:16:33 GMT 2025","","Info. Checking the basic functions for the Percent","application.Samples.Info.PercentOnInfoTest","filtration"
"Filtering is not available for InfoWidget.","4813","Filtering test","","Fri Aug 22 14:19:21 GMT 2025","passed","Fri Aug 22 14:19:26 GMT 2025","","Info. Checking the basic functions for the Hint","application.Samples.Info.HintOnInfoTest","filtration"
"The method returns Option-Status pairs, for all. The test checks each pair.","8175","Test to check the status of all options","","Fri Aug 22 14:47:51 GMT 2025","passed","Fri Aug 22 14:48:00 GMT 2025","","Form. Checking the basic functions for the MultipleSelect in the widget Form","application.Samples.Form.MultipleSelectOnFormTest","statusOptions"
"The test checks for the disabled attribute","8498","A test to check the field for ""Read-only""","","Fri Aug 22 14:51:34 GMT 2025","passed","Fri Aug 22 14:51:42 GMT 2025","","Form. Checking the basic functions for the Percent in the widget Form","application.Samples.Form.PercentOnFormTest","readonly"
"The test gets the value from the style attribute in RGB format, and then converts it to Hex format","7200","A test to get the field color value in Hex format","","Fri Aug 22 14:47:28 GMT 2025","passed","Fri Aug 22 14:47:36 GMT 2025","","Form. Checking the basic functions for the MultipleSelect in the widget Form","application.Samples.Form.MultipleSelectOnFormTest","color"
"Filtering by the specified column.","0","Filtering test","","Fri Aug 22 14:24:04 GMT 2025","skipped","Fri Aug 22 14:24:04 GMT 2025","","List. Checking the basic functions for the Time","application.Samples.List.TimeOnListTest","filtration"
"Info Widget is always read-only","7471","A test to check the field for ""Read-only""","","Fri Aug 22 14:14:45 GMT 2025","passed","Fri Aug 22 14:14:53 GMT 2025","","Info. Checking the basic functions for the Money","application.Samples.Info.MoneyOnInfoTest","readonly"
"The test checks the downloaded file with the template file that is contained in the resources","7245","A test to compare the downloaded file with the template","","Fri Aug 22 14:49:34 GMT 2025","passed","Fri Aug 22 14:49:41 GMT 2025","","Form. Checking the basic functions for the FileUpload in the widget Form","application.Samples.Form.FileUploadOnFormTest","compare"
"The test sets the value in the field, and then checks the value in the field with what should be set","7096","A test for setting a value in a field","","Fri Aug 22 14:48:28 GMT 2025","passed","Fri Aug 22 14:48:35 GMT 2025","","Form. Checking the basic functions for the Date in the widget Form","application.Samples.Form.DateOnFormTest","edit"
"Checking the url before the transition and after the transition/click on a special element","4700","The DrillDown test","","Fri Aug 22 14:47:44 GMT 2025","passed","Fri Aug 22 14:47:49 GMT 2025","","Form. Checking the basic functions for the Date in the widget Form","application.Samples.Form.DateOnFormTest","drillDown"
"Checking the url before the transition and after the transition/click on a special element","5489","The DrillDown test","","Fri Aug 22 14:42:39 GMT 2025","passed","Fri Aug 22 14:42:45 GMT 2025","","Form. Checking the basic functions for the DateTimeWithSeconds in the widget Form","application.Samples.Form.DateTimeWithSecondsOnFormTest","drillDown"
"The test sets the value in the field. After approval, the popup window, the title, the text in it, and the buttons are validated","7599","Run-time exception validation test","","Fri Aug 22 14:42:28 GMT 2025","passed","Fri Aug 22 14:42:36 GMT 2025","","Form. Checking the basic functions for the Money in the widget Form","application.Samples.Form.MoneyOnFormTest","runtimeException"
"","8648","setValueGetValue()","","Fri Aug 22 14:21:06 GMT 2025","passed","Fri Aug 22 14:21:14 GMT 2025","","List. Checking the basic functions for the FileUpload in the widget List","application.Samples.List.FileUploadOnListTest","setValueGetValue"
"Sorting is not available for InfoWidget.","8998","Sorting test","","Fri Aug 22 14:16:33 GMT 2025","passed","Fri Aug 22 14:16:42 GMT 2025","","Info. Checking the basic functions for the Radio","application.Samples.Info.RadioOnInfoTest","sorting"
"","20997","test_2()","","Fri Aug 22 14:21:10 GMT 2025","passed","Fri Aug 22 14:21:31 GMT 2025","","List. Checking the basic functions for the PickList in the widget List","application.Samples.List.PickListOnListTest","test_2"
"The Hint field type is always read-only","7155","A test to check the field for ""Read-only""","","Fri Aug 22 14:50:08 GMT 2025","passed","Fri Aug 22 14:50:16 GMT 2025","","Form. Checking the basic functions for the MultiValueHover in the widget Form","application.Samples.Form.MultiValueHoverOnFormTest","readonly"
"The test gets the value from the placeholder attribute and returns it in String format","4864","Test for getting the Placeholder value","","Fri Aug 22 14:42:05 GMT 2025","passed","Fri Aug 22 14:42:10 GMT 2025","","Form. Checking the basic functions for the Input in the widget Form","application.Samples.Form.InputOnFormTest","placeholder"
"The test checks for the disabled attribute","8190","A test to check the field for ""Read-only""","","Fri Aug 22 14:44:46 GMT 2025","passed","Fri Aug 22 14:44:55 GMT 2025","","Form. Checking the basic functions for the Radio in the widget Form","application.Samples.Form.RadioOnFormTest","readonly"
"The test sets the value in the field. After approval, the popup window, the title, the text in it, and the buttons are validated","9496","Business Exception Validation Test","","Fri Aug 22 14:49:25 GMT 2025","passed","Fri Aug 22 14:49:34 GMT 2025","","Form. Checking the basic functions for the CheckBox","application.Samples.Form.CheckBoxOnFormTest","businessException"
"The test sets the value in the field. After approval, the popup window, the title, the text in it, and the buttons are validated.","10313","Business Exception Validation Test","","Fri Aug 22 14:23:40 GMT 2025","passed","Fri Aug 22 14:23:50 GMT 2025","","List. Checking the basic functions for the MultiValue in the widget List","application.Samples.List.MultiValueOnListTest","businessException"
"Filtering is not available for the Form widget","5886","Filtering test","","Fri Aug 22 14:46:29 GMT 2025","passed","Fri Aug 22 14:46:35 GMT 2025","","Form. Checking the basic functions for the NumberDigits in the widget Form","application.Samples.Form.NumberDigitsOnFormTest","filtration"
"The test gets the value from the style attribute in RGB format, and then converts it to Hex format","8746","A test to get the field color value in Hex format","","Fri Aug 22 14:33:22 GMT 2025","passed","Fri Aug 22 14:33:31 GMT 2025","","List. Checking the basic functions for the Text in the widget List","application.Samples.List.TextOnListTest","color"
"The test sets the value in the field, and then checks the value in the field with what should be set.","39049","A test for setting a value in a field","","Fri Aug 22 14:37:18 GMT 2025","passed","Fri Aug 22 14:37:57 GMT 2025","","List. Checking the basic functions for the Money in the widget List","application.Samples.List.MoneyOnListTest","edit"
"The InfoWidget doesn't have a Placeholder.","6705","Test for getting the Placeholder value","","Fri Aug 22 14:15:04 GMT 2025","passed","Fri Aug 22 14:15:11 GMT 2025","","Info. Checking the basic functions for the DateTimeWithSeconds","application.Samples.Info.DateTimeWithSecondsOnInfoTest","placeholder"
"DrillDown is not available for InfoWidget.","5138","The DrillDown test","","Fri Aug 22 14:18:20 GMT 2025","passed","Fri Aug 22 14:18:25 GMT 2025","","Info. Checking the basic functions for the Input","application.Samples.Info.InputOnInfoTest","drillDown"
"The test checks for the disabled attribute.","8252","A test to check the field for ""Read-only""","","Fri Aug 22 14:21:29 GMT 2025","passed","Fri Aug 22 14:21:37 GMT 2025","","List. Checking the basic functions for the FileUpload in the widget List","application.Samples.List.FileUploadOnListTest","readonly"
"The test gets the value from the style attribute in RGB format, and then converts it to Hex format","5928","A test to get the field color value in Hex format","","Fri Aug 22 14:39:10 GMT 2025","passed","Fri Aug 22 14:39:16 GMT 2025","","List. Checking the basic functions for the DateTime in the widget List","application.Samples.List.DateTimeOnListTest","color"
"The test sets the value with the wrong data type in the field. After approval, it checks the text under the field, which informs about the correctness of the type of data entered.","30353","Required Message validation test for one field","","Fri Aug 22 14:26:18 GMT 2025","passed","Fri Aug 22 14:26:48 GMT 2025","","List. Checking the basic functions for the Date in the widget List","application.Samples.List.DateOnListTest","fieldLevelValidationAnnotation"
"The test clears the field and clicks the Save button. Then validates the message that the field is required.","20261","Required Message text Verification field test","","Fri Aug 22 14:22:01 GMT 2025","passed","Fri Aug 22 14:22:22 GMT 2025","","List. Checking the basic functions for the PickList in the widget List","application.Samples.List.PickListOnListTest","required"
"The test sets a value with the wrong data type in several fields for different widgets. After approval, it checks the text under the field, which informs about the correctness of the type of data entered","8848","Required Message validation test for multiple fields","","Fri Aug 22 14:48:04 GMT 2025","passed","Fri Aug 22 14:48:13 GMT 2025","","Form. Checking the basic functions for the DateTime in the widget Form","application.Samples.Form.DateTimeOnFormTest","fieldLevelValidation"
"","7135","The test for getting the value from the field","","Fri Aug 22 14:14:50 GMT 2025","passed","Fri Aug 22 14:14:57 GMT 2025","","Info. Checking the basic functions for the DateTimeWithSeconds","application.Samples.Info.DateTimeWithSecondsOnInfoTest","read"
"The test sets the value with the wrong data type in the field. After approval, it checks the text under the field, which informs about the correctness of the type of data entered.","41153","Required Message validation test for one field","","Fri Aug 22 14:35:49 GMT 2025","passed","Fri Aug 22 14:36:30 GMT 2025","","List. Checking the basic functions for the Money in the widget List","application.Samples.List.MoneyOnListTest","fieldLevelValidationAnnotation"
"The test sets the value in the field. After approval, the popup window, the title, the text in it, and the buttons are validated","6883","Run-time exception validation test","","Fri Aug 22 14:50:41 GMT 2025","passed","Fri Aug 22 14:50:48 GMT 2025","","Form. Checking the basic functions for the Number in the widget Form","application.Samples.Form.NumberOnFormTest","runtimeException"
"Sorting is not available for the Form widget","4991","Sorting test","","Fri Aug 22 14:47:00 GMT 2025","passed","Fri Aug 22 14:47:05 GMT 2025","","Form. Checking the basic functions for the DateTime in the widget Form","application.Samples.Form.DateTimeOnFormTest","sorting"
"The test sets the value with the wrong data type in the field. After approval, it checks the text under the field, which informs about the correctness of the type of data entered","10745","Required Message validation test for one field","","Fri Aug 22 14:44:38 GMT 2025","passed","Fri Aug 22 14:44:49 GMT 2025","","Form. Checking the basic functions for the InlinePickList in the widget Form","application.Samples.Form.InlinePickListOnFormTest","fieldLevelValidationAnnotation"
"The test sets the value in the field. After approval, the popup window, the title, the text in it, and the buttons are validated.","8362","Business Exception Validation Test","","Fri Aug 22 14:22:08 GMT 2025","passed","Fri Aug 22 14:22:16 GMT 2025","","List. Checking the basic functions for the FileUpload in the widget List","application.Samples.List.FileUploadOnListTest","businessException"
"The test sets the value in the field. After approval, the popup window, the title, the text in it, and the buttons are validated","7415","Business Exception Validation Test","","Fri Aug 22 14:41:38 GMT 2025","passed","Fri Aug 22 14:41:45 GMT 2025","","Form. Checking the basic functions for the Money in the widget Form","application.Samples.Form.MoneyOnFormTest","businessException"
"The test gets the value from the style attribute in RGB format, and then converts it to Hex format","10241","A test to get the field color value in Hex format","","Fri Aug 22 14:36:40 GMT 2025","passed","Fri Aug 22 14:36:50 GMT 2025","","List. Checking the basic functions for the SuggestionPickList in the widget List","application.Samples.List.SuggestionPickListOnListTest","color"
"Checking the url before the transition and after the transition/click on a special element","9675","The DrillDown test","","Fri Aug 22 14:40:46 GMT 2025","passed","Fri Aug 22 14:40:55 GMT 2025","","List. Checking the basic functions for the Dictionary in the widget List","application.Samples.List.DictionaryOnListTest","drillDown"
"The test sets the value in the field, and then checks the value in the field with what should be set.","20715","A test for setting a value in a field","","Fri Aug 22 14:35:15 GMT 2025","passed","Fri Aug 22 14:35:36 GMT 2025","","List. Checking the basic functions for the Radio in the widget List","application.Samples.List.RadioOnListTest","edit"
"The test clears the field and clicks the Save button. Then validates the message that the field is required.","17502","Required Message text Verification field test","","Fri Aug 22 14:25:25 GMT 2025","passed","Fri Aug 22 14:25:42 GMT 2025","","List. Checking the basic functions for the Input in the widget List","application.Samples.List.InputOnListTest","required"
"The test checks for the disabled attribute.","11712","A test to check the field for ""Read-only""","","Fri Aug 22 14:24:04 GMT 2025","passed","Fri Aug 22 14:24:15 GMT 2025","","List. Checking the basic functions for the Time","application.Samples.List.TimeOnListTest","readonly"
"The test sets the value with the wrong data type in the field. After approval, it checks the text under the field, which informs about the correctness of the type of data entered.","11196","Required Message validation test for one field","","Fri Aug 22 14:26:41 GMT 2025","passed","Fri Aug 22 14:26:52 GMT 2025","","List. Checking the basic functions for the CheckBox","application.Samples.List.CheckBoxOnListTest","fieldLevelValidationAnnotation"
"The test gets the value from the placeholder attribute and returns it in String format","5068","Test for getting the Placeholder value","","Fri Aug 22 14:47:52 GMT 2025","passed","Fri Aug 22 14:47:57 GMT 2025","","Form. Checking the basic functions for the DateTime in the widget Form","application.Samples.Form.DateTimeOnFormTest","placeholder"
"Getting a Placeholder is not available","7126","Test for getting the Placeholder value","","Fri Aug 22 14:50:30 GMT 2025","passed","Fri Aug 22 14:50:37 GMT 2025","","Form. Checking the basic functions for the MultiValueHover in the widget Form","application.Samples.Form.MultiValueHoverOnFormTest","placeholder"
"Checking the url before the transition and after the transition/click on a special element","6280","The DrillDown test","","Fri Aug 22 14:25:56 GMT 2025","passed","Fri Aug 22 14:26:02 GMT 2025","","List. Checking the basic functions for the Date in the widget List","application.Samples.List.DateOnListTest","drillDown"
"The test sets the value in the field. After approval, by clicking on the save button, the popup window, the title, the text in it, and the buttons are validated.","13277","Confirmation Popup Validation Test","","Fri Aug 22 14:42:52 GMT 2025","passed","Fri Aug 22 14:43:05 GMT 2025","","List. Checking the basic functions for the Dictionary in the widget List","application.Samples.List.DictionaryOnListTest","confirm"
"Sorting is not available for the Form widget","5625","Sorting test","","Fri Aug 22 14:42:34 GMT 2025","passed","Fri Aug 22 14:42:39 GMT 2025","","Form. Checking the basic functions for the DateTimeWithSeconds in the widget Form","application.Samples.Form.DateTimeWithSecondsOnFormTest","sorting"
"The test sets the value in the field. After approval, the popup window, the title, the text in it, and the buttons are validated","7408","Business Exception Validation Test","","Fri Aug 22 14:43:10 GMT 2025","passed","Fri Aug 22 14:43:18 GMT 2025","","Form. Checking the basic functions for the DateTimeWithSeconds in the widget Form","application.Samples.Form.DateTimeWithSecondsOnFormTest","businessException"
"The test sets a value with the wrong data type in several fields for different widgets. After approval, it checks the text under the field, which informs about the correctness of the type of data entered","81826","Required Message validation test for multiple fields","","Fri Aug 22 14:38:45 GMT 2025","passed","Fri Aug 22 14:40:07 GMT 2025","","List. Checking the basic functions for the Money in the widget List","application.Samples.List.MoneyOnListTest","fieldLevelValidation"
"Filtering is not available for InfoWidget.","8422","Filtering test","","Fri Aug 22 14:15:40 GMT 2025","passed","Fri Aug 22 14:15:49 GMT 2025","","Info. Checking the basic functions for the MultiplySelect","application.Samples.Info.MultipleSelectOnInfoTest","filtration"
"The test checks the value in the field with what should be set","13218","A test to read value","","Fri Aug 22 14:14:35 GMT 2025","passed","Fri Aug 22 14:14:48 GMT 2025","","Info. Checking the basic functions for the Time","application.Samples.Info.TimeOnInfoTest","read"
"Test check max input at the field","28084","Max input test","","Fri Aug 22 14:26:12 GMT 2025","passed","Fri Aug 22 14:26:40 GMT 2025","","List. Checking the basic functions for the Input in the widget List","application.Samples.List.InputOnListTest","maxInput"
"Sorting by the specified column.","10772","Sorting test","","Fri Aug 22 14:40:35 GMT 2025","passed","Fri Aug 22 14:40:46 GMT 2025","","List. Checking the basic functions for the Dictionary in the widget List","application.Samples.List.DictionaryOnListTest","sorting"
"Filtering is not available for InfoWidget.","8380","Filtering test","","Fri Aug 22 14:19:23 GMT 2025","passed","Fri Aug 22 14:19:31 GMT 2025","","Info. Checking the basic functions for the CheckBox","application.Samples.Info.CheckboxOnInfoTest","filtration"
"The test sets the value with the wrong data type in the field. After approval, it checks the text under the field, which informs about the correctness of the type of data entered.","20537","Required Message validation test for one field","","Fri Aug 22 14:22:57 GMT 2025","passed","Fri Aug 22 14:23:18 GMT 2025","","List. Checking the basic functions for the MultiValue in the widget List","application.Samples.List.MultiValueOnListTest","fieldLevelValidationAnnotation"
"The test sets the value in the field. After approval, by clicking on the save button, the popup window, the title, the text in it, and the buttons are validated","7423","Confirmation Popup Validation Test","","Fri Aug 22 14:47:57 GMT 2025","passed","Fri Aug 22 14:48:04 GMT 2025","","Form. Checking the basic functions for the DateTime in the widget Form","application.Samples.Form.DateTimeOnFormTest","confirm"
"The test gets the value from the style attribute in RGB format, and then converts it to Hex format","7106","A test to get the field color value in Hex format","","Fri Aug 22 14:14:57 GMT 2025","passed","Fri Aug 22 14:15:04 GMT 2025","","Info. Checking the basic functions for the DateTimeWithSeconds","application.Samples.Info.DateTimeWithSecondsOnInfoTest","color"
"The test checks for the disabled attribute","8693","A test to check the field for ""Read-only""","","Fri Aug 22 14:44:29 GMT 2025","passed","Fri Aug 22 14:44:38 GMT 2025","","Form. Checking the basic functions for the InlinePickList in the widget Form","application.Samples.Form.InlinePickListOnFormTest","readonly"
"Sorting is not available for the Form widget","6286","Sorting test","","Fri Aug 22 14:40:51 GMT 2025","passed","Fri Aug 22 14:40:57 GMT 2025","","Form. Checking the basic functions for the Money in the widget Form","application.Samples.Form.MoneyOnFormTest","sorting"
"Info Widget is always read-only","8613","A test to check the field for ""Read-only""","","Fri Aug 22 14:17:00 GMT 2025","passed","Fri Aug 22 14:17:08 GMT 2025","","Info. Checking the basic functions for the Radio","application.Samples.Info.RadioOnInfoTest","readonly"
"The test gets the value from the style attribute in RGB format, and then converts it to Hex format","9447","A test to get the field color value in Hex format","","Fri Aug 22 14:16:51 GMT 2025","passed","Fri Aug 22 14:17:01 GMT 2025","","Info. Checking the basic functions for the Percent","application.Samples.Info.PercentOnInfoTest","color"
"DrillDown is not available for InfoWidget.","7435","The DrillDown test","","Fri Aug 22 14:19:34 GMT 2025","passed","Fri Aug 22 14:19:41 GMT 2025","","Info. Checking the basic functions for the MultiValueHover","application.Samples.Info.MultiValueHoverOnInfoTest","drillDown"
"The test sets the value in the field. After approval, the popup window, the title, the text in it, and the buttons are validated.","13041","Run-time exception validation test","","Fri Aug 22 14:23:24 GMT 2025","passed","Fri Aug 22 14:23:37 GMT 2025","","List. Checking the basic functions for the FileUpload in the widget List","application.Samples.List.FileUploadOnListTest","runtimeException"
"Sorting by the specified column.","10952","Sorting test","","Fri Aug 22 14:20:22 GMT 2025","passed","Fri Aug 22 14:20:33 GMT 2025","","List. Checking the basic functions for the PickList in the widget List","application.Samples.List.PickListOnListTest","sorting"
"The test checks the list of options that the method returns, with the expected result","9183","Test to get a list of options","","Fri Aug 22 14:46:29 GMT 2025","passed","Fri Aug 22 14:46:38 GMT 2025","","Form. Checking the basic functions for the MultipleSelect in the widget Form","application.Samples.Form.MultipleSelectOnFormTest","getListOptions"
"The test gets the value from the style attribute in RGB format, and then converts it to Hex format","5814","A test to get the field color value in Hex format","","Fri Aug 22 14:46:48 GMT 2025","passed","Fri Aug 22 14:46:54 GMT 2025","","Form. Checking the basic functions for the NumberDigits in the widget Form","application.Samples.Form.NumberDigitsOnFormTest","color"
"The test gets the value from the style attribute in RGB format, and then converts it to Hex format","4555","A test to get the field color value in Hex format","","Fri Aug 22 14:41:54 GMT 2025","passed","Fri Aug 22 14:41:59 GMT 2025","","Form. Checking the basic functions for the Input in the widget Form","application.Samples.Form.InputOnFormTest","color"
"Filtering is not available for the Form widget","5980","Filtering test","","Fri Aug 22 14:42:45 GMT 2025","passed","Fri Aug 22 14:42:51 GMT 2025","","Form. Checking the basic functions for the DateTimeWithSeconds in the widget Form","application.Samples.Form.DateTimeWithSecondsOnFormTest","filtration"
"The test sets a value with the wrong data type in several fields for different widgets. After approval, it checks the text under the field, which informs about the correctness of the type of data entered","33318","Required Message validation test for multiple fields","","Fri Aug 22 14:24:56 GMT 2025","passed","Fri Aug 22 14:25:29 GMT 2025","","List. Checking the basic functions for the MultiValue in the widget List","application.Samples.List.MultiValueOnListTest","fieldLevelValidation"
"Filtering by the specified column.","8293","Filtering test","","Fri Aug 22 14:26:02 GMT 2025","passed","Fri Aug 22 14:26:11 GMT 2025","","List. Checking the basic functions for the Date in the widget List","application.Samples.List.DateOnListTest","filtration"
"The test gets the value from the style attribute in RGB format, and then converts it to Hex format","8248","A test to get the field color value in Hex format","","Fri Aug 22 14:52:21 GMT 2025","passed","Fri Aug 22 14:52:29 GMT 2025","","Form. Checking the basic functions for the Percent in the widget Form","application.Samples.Form.PercentOnFormTest","color"
"","8707","The test for getting the value from the field","","Fri Aug 22 14:19:57 GMT 2025","passed","Fri Aug 22 14:20:06 GMT 2025","","Info. Checking the basic functions for the MultiValueHover","application.Samples.Info.MultiValueHoverOnInfoTest","read"
"The test gets the value from the style attribute in RGB format, and then converts it to Hex format","9178","A test to get the field color value in Hex format","","Fri Aug 22 14:39:41 GMT 2025","passed","Fri Aug 22 14:39:50 GMT 2025","","List. Checking the basic functions for the InlinePickList in the widget List","application.Samples.List.InlinePickListOnListTest","color"
"","6233","nullable()","","Fri Aug 22 14:49:17 GMT 2025","passed","Fri Aug 22 14:49:23 GMT 2025","","Form. Checking the basic functions for the Number in the widget Form","application.Samples.Form.NumberOnFormTest","nullable"
"The test gets the value from the placeholder attribute and returns it in String format","8165","Test for getting the Placeholder value","","Fri Aug 22 14:34:05 GMT 2025","passed","Fri Aug 22 14:34:13 GMT 2025","","List. Checking the basic functions for the MultipleSelect in the widget List","application.Samples.List.MultipleSelectOnListTest","placeholder"
"Checking the url before the transition and after the transition/click on a special element","10630","The DrillDown test","","Fri Aug 22 14:23:53 GMT 2025","passed","Fri Aug 22 14:24:04 GMT 2025","","List. Checking the basic functions for the Time","application.Samples.List.TimeOnListTest","drillDown"
"The test gets the value from the style attribute in RGB format, and then converts it to Hex format","6311","A test to get the field color value in Hex format","","Fri Aug 22 14:17:48 GMT 2025","passed","Fri Aug 22 14:17:54 GMT 2025","","Info. Checking the basic functions for the Number","application.Samples.Info.NumberOnInfoTest","color"
"Filtering is not available for the Form widget","6502","Filtering test","","Fri Aug 22 14:50:41 GMT 2025","passed","Fri Aug 22 14:50:48 GMT 2025","","Form. Checking the basic functions for the PickList in the widget Form","application.Samples.Form.PickListOnFormTest","filtration"
"The test clears the field and clicks the Save button. Then validates the message that the field is required","7361","Required Message text Verification field test","","Fri Aug 22 14:48:52 GMT 2025","passed","Fri Aug 22 14:49:00 GMT 2025","","Form. Checking the basic functions for the FileUpload in the widget Form","application.Samples.Form.FileUploadOnFormTest","required"
"The test sets all the values in the field, then checks the list with the expected value.","13503","Test to set all values in the field","","Fri Aug 22 14:54:14 GMT 2025","passed","Fri Aug 22 14:54:28 GMT 2025","","Form. Checking the basic functions for the MultiValue in the widget Form","application.Samples.Form.MultiValueOnFormTest","test_set_all"
"Sorting is not available for the Form widget","8955","Sorting test","","Fri Aug 22 14:50:37 GMT 2025","passed","Fri Aug 22 14:50:46 GMT 2025","","Form. Checking the basic functions for the Dictionary in the widget Form","application.Samples.Form.DictionaryOnFormTest","sorting"
"Filtering by the specified column.","8287","Filtering test","","Fri Aug 22 14:20:42 GMT 2025","passed","Fri Aug 22 14:20:50 GMT 2025","","List. Checking the basic functions for the PickList in the widget List","application.Samples.List.PickListOnListTest","filtration"
"The test gets the value from the placeholder attribute and returns it in String format","10820","Test for getting the Placeholder value","","Fri Aug 22 14:36:50 GMT 2025","passed","Fri Aug 22 14:37:01 GMT 2025","","List. Checking the basic functions for the SuggestionPickList in the widget List","application.Samples.List.SuggestionPickListOnListTest","placeholder"
"The test sets the value in the field, and then checks the value in the field with what should be set.","29351","A test for setting a value in a field","","Fri Aug 22 14:30:39 GMT 2025","passed","Fri Aug 22 14:31:09 GMT 2025","","List. Checking the basic functions for the Percent in the widget List","application.Samples.List.PercentOnListTest","edit"
"Info Widget is always read-only","8687","A test to check the field for ""Read-only""","","Fri Aug 22 14:17:42 GMT 2025","passed","Fri Aug 22 14:17:50 GMT 2025","","Info. Checking the basic functions for the Text","application.Samples.Info.TextOnInfoTest","readonly"
"The test sets the value in the field. After approval, the popup window, the title, the text in it, and the buttons are validated","7138","Business Exception Validation Test","","Fri Aug 22 14:47:33 GMT 2025","passed","Fri Aug 22 14:47:40 GMT 2025","","Form. Checking the basic functions for the DateTime in the widget Form","application.Samples.Form.DateTimeOnFormTest","businessException"
"The test gets the value from the style attribute in RGB format, and then converts it to Hex format","7041","A test to get the field color value in Hex format","","Fri Aug 22 14:27:56 GMT 2025","passed","Fri Aug 22 14:28:03 GMT 2025","","List. Checking the basic functions for the Date in the widget List","application.Samples.List.DateOnListTest","color"
"The test sets the value in the field. After approval, the popup window, the title, the text in it, and the buttons are validated.","11975","Run-time exception validation test","","Fri Aug 22 14:43:20 GMT 2025","passed","Fri Aug 22 14:43:32 GMT 2025","","List. Checking the basic functions for the Dictionary in the widget List","application.Samples.List.DictionaryOnListTest","runtimeException"
"The test sets the value in the field. After approval, by clicking on the save button, the popup window, the title, the text in it, and the buttons are validated","7718","Confirmation Popup Validation Test","","Fri Aug 22 14:50:26 GMT 2025","passed","Fri Aug 22 14:50:33 GMT 2025","","Form. Checking the basic functions for the Number in the widget Form","application.Samples.Form.NumberOnFormTest","confirm"
"The test calls a modal window, after which the method returns Status-Value pairs depending on the column header.","19415","A test for checking values by column heading in a modal window","","Fri Aug 22 14:53:22 GMT 2025","passed","Fri Aug 22 14:53:42 GMT 2025","","Form. Checking the basic functions for the MultiValue in the widget Form","application.Samples.Form.MultiValueOnFormTest","test_status"
"The test checks for the disabled attribute.","8643","A test to check the field for ""Read-only""","","Fri Aug 22 14:37:48 GMT 2025","passed","Fri Aug 22 14:37:56 GMT 2025","","List. Checking the basic functions for the InlinePickList in the widget List","application.Samples.List.InlinePickListOnListTest","readonly"
"The test clears the field and clicks the Save button. Then validates the message that the field is required","9435","Required Message text Verification field test","","Fri Aug 22 14:44:49 GMT 2025","passed","Fri Aug 22 14:44:58 GMT 2025","","Form. Checking the basic functions for the InlinePickList in the widget Form","application.Samples.Form.InlinePickListOnFormTest","required"
"The test sets the value in the field. After approval, the popup window, the title, the text in it, and the buttons are validated","6878","Business Exception Validation Test","","Fri Aug 22 14:50:01 GMT 2025","passed","Fri Aug 22 14:50:08 GMT 2025","","Form. Checking the basic functions for the Number in the widget Form","application.Samples.Form.NumberOnFormTest","businessException"
"The test sets the value in the field. After approval, the popup window, the title, the text in it, and the buttons are validated","7687","Run-time exception validation test","","Fri Aug 22 14:49:04 GMT 2025","passed","Fri Aug 22 14:49:11 GMT 2025","","Form. Checking the basic functions for the Date in the widget Form","application.Samples.Form.DateOnFormTest","runtimeException"
"The test sets the value in the field, and then checks the value in the field with what should be set","8684","A test for setting a value in a field","","Fri Aug 22 14:52:12 GMT 2025","passed","Fri Aug 22 14:52:21 GMT 2025","","Form. Checking the basic functions for the Percent in the widget Form","application.Samples.Form.PercentOnFormTest","edit"
"Filtering is not available for the Form widget","9029","Filtering test","","Fri Aug 22 14:51:04 GMT 2025","passed","Fri Aug 22 14:51:13 GMT 2025","","Form. Checking the basic functions for the Dictionary in the widget Form","application.Samples.Form.DictionaryOnFormTest","filtration"
"The test sets the value in the field. After approval, the popup window, the title, the text in it, and the buttons are validated","13173","Run-time exception validation test","","Fri Aug 22 14:47:26 GMT 2025","passed","Fri Aug 22 14:47:39 GMT 2025","","Form. Checking the basic functions for the Suggestion PickList in the widget Form","application.Samples.Form.SuggestionPickListOnFormTest","runtimeException"
"The test gets the value from the style attribute in RGB format, and then converts it to Hex format","0","A test to get the field color value in Hex format","","Fri Aug 22 14:51:10 GMT 2025","skipped","Fri Aug 22 14:51:10 GMT 2025","","Form. Checking the basic functions for the PickList in the widget Form","application.Samples.Form.PickListOnFormTest","color"
"The test gets the value from the placeholder attribute and returns it in String format","8820","Test for getting the Placeholder value","","Fri Aug 22 14:39:50 GMT 2025","passed","Fri Aug 22 14:39:59 GMT 2025","","List. Checking the basic functions for the InlinePickList in the widget List","application.Samples.List.InlinePickListOnListTest","placeholder"
"The test clears the field and clicks the Save button. Then validates the message that the field is required.","20263","Required Message text Verification field test","","Fri Aug 22 14:32:31 GMT 2025","passed","Fri Aug 22 14:32:51 GMT 2025","","List. Checking the basic functions for the Text in the widget List","application.Samples.List.TextOnListTest","required"
"The test clears the field and clicks the Save button. Then validates the message that the field is required.","0","Required Message text Verification field test","","Fri Aug 22 14:35:04 GMT 2025","skipped","Fri Aug 22 14:35:04 GMT 2025","","List. Checking the basic functions for the Radio in the widget List","application.Samples.List.RadioOnListTest","required"
"Filtering is not available for InfoWidget.","4852","Filtering test","","Fri Aug 22 14:18:25 GMT 2025","passed","Fri Aug 22 14:18:30 GMT 2025","","Info. Checking the basic functions for the Input","application.Samples.Info.InputOnInfoTest","filtration"
"The test sets the value in the field, and then checks the value in the field with what should be set","7091","A test for setting a value in a field","","Fri Aug 22 14:47:40 GMT 2025","passed","Fri Aug 22 14:47:47 GMT 2025","","Form. Checking the basic functions for the DateTime in the widget Form","application.Samples.Form.DateTimeOnFormTest","edit"
"Filtering by the specified column.","7107","Filtering test","","Fri Aug 22 14:37:23 GMT 2025","passed","Fri Aug 22 14:37:30 GMT 2025","","List. Checking the basic functions for the DateTime in the widget List","application.Samples.List.DateTimeOnListTest","filtration"
"The test sets the value in the field. After approval, by clicking on the save button, the popup window, the title, the text in it, and the buttons are validated","13056","Confirmation Popup Validation Test","","Fri Aug 22 14:46:58 GMT 2025","passed","Fri Aug 22 14:47:11 GMT 2025","","Form. Checking the basic functions for the Suggestion PickList in the widget Form","application.Samples.Form.SuggestionPickListOnFormTest","confirm"
"The test gets the value from the style attribute in RGB format, and then converts it to Hex format","7165","A test to get the field color value in Hex format","","Fri Aug 22 14:22:34 GMT 2025","passed","Fri Aug 22 14:22:41 GMT 2025","","List. Checking the basic functions for the FileUpload in the widget List","application.Samples.List.FileUploadOnListTest","color"
"Checking the url before the transition and after the transition/click on a special element","8460","The DrillDown test","","Fri Aug 22 14:44:12 GMT 2025","passed","Fri Aug 22 14:44:21 GMT 2025","","Form. Checking the basic functions for the InlinePickList in the widget Form","application.Samples.Form.InlinePickListOnFormTest","drillDown"
"A test to get the value from the field. MultiValueHover is always read-only, so it is impossible to set the value","7519","A test for setting a value in a field","","Fri Aug 22 14:50:16 GMT 2025","passed","Fri Aug 22 14:50:23 GMT 2025","","Form. Checking the basic functions for the MultiValueHover in the widget Form","application.Samples.Form.MultiValueHoverOnFormTest","edit"
"Sorting by the specified column.","15627","Sorting test","","Fri Aug 22 14:37:01 GMT 2025","passed","Fri Aug 22 14:37:17 GMT 2025","","List. Checking the basic functions for the DateTime in the widget List","application.Samples.List.DateTimeOnListTest","sorting"
"Info Widget is always read-only","9053","A test to check the field for ""Read-only""","","Fri Aug 22 14:16:33 GMT 2025","passed","Fri Aug 22 14:16:42 GMT 2025","","Info. Checking the basic functions for the Percent","application.Samples.Info.PercentOnInfoTest","readonly"
"The test sets several values in the field, then checks the list with the expected value.","21336","A test for setting multiple values in a field","","Fri Aug 22 14:52:36 GMT 2025","passed","Fri Aug 22 14:52:57 GMT 2025","","Form. Checking the basic functions for the MultiValue in the widget Form","application.Samples.Form.MultiValueOnFormTest","test_set"
"The test sets the value in the field, and then checks the value in the field with what should be set.","20736","A test for setting a number with a fractional part in a field","","Fri Aug 22 14:28:45 GMT 2025","passed","Fri Aug 22 14:29:05 GMT 2025","","List. Checking the basic functions for the Percent in the widget List","application.Samples.List.PercentOnListTest","digits"
"Sorting is not available for the Form widget","7055","Sorting test","","Fri Aug 22 14:51:48 GMT 2025","passed","Fri Aug 22 14:51:55 GMT 2025","","Form. Checking the basic functions for the MultiValue in the widget Form","application.Samples.Form.MultiValueOnFormTest","sorting"
"Sorting by the specified column.","7432","Sorting test","","Fri Aug 22 14:29:43 GMT 2025","passed","Fri Aug 22 14:29:50 GMT 2025","","List. Checking the basic functions for the Number in the widget List","application.Samples.List.NumberOnListTest","sorting"
"Filtering by the specified column.","8478","Filtering test","","Fri Aug 22 14:32:56 GMT 2025","passed","Fri Aug 22 14:33:04 GMT 2025","","List. Checking the basic functions for the MultipleSelect in the widget List","application.Samples.List.MultipleSelectOnListTest","filtration"
"Checking the url before the transition and after the transition/click on a special element","7703","The DrillDown test","","Fri Aug 22 14:44:31 GMT 2025","passed","Fri Aug 22 14:44:39 GMT 2025","","Form. Checking the basic functions for the Radio in the widget Form","application.Samples.Form.RadioOnFormTest","drillDown"
"The test sets the value with the wrong data type in the field. After approval, it checks the text under the field, which informs about the correctness of the type of data entered.","32438","Required Message validation test for one field","","Fri Aug 22 14:37:56 GMT 2025","passed","Fri Aug 22 14:38:29 GMT 2025","","List. Checking the basic functions for the InlinePickList in the widget List","application.Samples.List.InlinePickListOnListTest","fieldLevelValidationAnnotation"
"The test sets the value with the wrong data type in the field. After approval, it checks the text under the field, which informs about the correctness of the type of data entered.","19600","Required Message validation test for one field","","Fri Aug 22 14:32:11 GMT 2025","passed","Fri Aug 22 14:32:31 GMT 2025","","List. Checking the basic functions for the Text in the widget List","application.Samples.List.TextOnListTest","fieldLevelValidationAnnotation"
"The test clears the field and clicks the Save button. Then validates the message that the field is required","9255","Required Message text Verification field test","","Fri Aug 22 14:51:53 GMT 2025","passed","Fri Aug 22 14:52:02 GMT 2025","","Form. Checking the basic functions for the Percent in the widget Form","application.Samples.Form.PercentOnFormTest","required"
"The test sets the value in the field, and then checks the value in the field with what should be set","11054","A test for setting a value in a field","","Fri Aug 22 14:43:43 GMT 2025","passed","Fri Aug 22 14:43:54 GMT 2025","","Form. Checking the basic functions for the Time","application.Samples.Form.TimeOnFormTest","edit3"
"The test sets the value in the field. After approval, the popup window, the title, the text in it, and the buttons are validated","6723","Business Exception Validation Test","","Fri Aug 22 14:49:00 GMT 2025","passed","Fri Aug 22 14:49:06 GMT 2025","","Form. Checking the basic functions for the FileUpload in the widget Form","application.Samples.Form.FileUploadOnFormTest","businessException"
"The test checks the value in the field with what should be set","11693","A test to read value","","Fri Aug 22 14:15:13 GMT 2025","passed","Fri Aug 22 14:15:25 GMT 2025","","Info. Checking the basic functions for the Time","application.Samples.Info.TimeOnInfoTest","read3"
"Filtering is not available for InfoWidget.","7849","Filtering test","","Fri Aug 22 14:17:34 GMT 2025","passed","Fri Aug 22 14:17:42 GMT 2025","","Info. Checking the basic functions for the Text","application.Samples.Info.TextOnInfoTest","filtration"
"The test gets the value in the field, and then checks the value in the field with what should be.","0","A test for checking a value in a field","","Fri Aug 22 14:26:06 GMT 2025","skipped","Fri Aug 22 14:26:06 GMT 2025","","List. Checking the basic functions for the Input in the widget List","application.Samples.List.InputOnListTest","read"
"Sorting is not available for InfoWidget.","6861","Sorting test","","Fri Aug 22 14:19:27 GMT 2025","passed","Fri Aug 22 14:19:34 GMT 2025","","Info. Checking the basic functions for the MultiValueHover","application.Samples.Info.MultiValueHoverOnInfoTest","sorting"
"The test sets the value, after which the method returns the full list of value-status","19337","Test to get all values with the status","","Fri Aug 22 14:35:55 GMT 2025","passed","Fri Aug 22 14:36:14 GMT 2025","","List. Checking the basic functions for the Radio in the widget List","application.Samples.List.RadioOnListTest","getValues"
"The test gets the value from the placeholder attribute and returns it in String format","5509","Test for getting the Placeholder value","","Fri Aug 22 14:48:41 GMT 2025","passed","Fri Aug 22 14:48:46 GMT 2025","","Form. Checking the basic functions for the Date in the widget Form","application.Samples.Form.DateOnFormTest","placeholder"
"Checking the url before the transition and after the transition/click on a special element","7780","The DrillDown test","","Fri Aug 22 14:21:14 GMT 2025","passed","Fri Aug 22 14:21:22 GMT 2025","","List. Checking the basic functions for the FileUpload in the widget List","application.Samples.List.FileUploadOnListTest","drillDown"
"The test sets one value in the field, then checks the list with the expected value.","27274","A test for setting a single value in a field","","Fri Aug 22 14:52:08 GMT 2025","passed","Fri Aug 22 14:52:36 GMT 2025","","Form. Checking the basic functions for the MultiValue in the widget Form","application.Samples.Form.MultiValueOnFormTest","test_once"
"The test sets the value in the field. After approval, by clicking on the save button, the popup window, the title, the text in it, and the buttons are validated","8565","Confirmation Popup Validation Test","","Fri Aug 22 14:51:16 GMT 2025","passed","Fri Aug 22 14:51:25 GMT 2025","","Form. Checking the basic functions for the PickList in the widget Form","application.Samples.Form.PickListOnFormTest","confirm"
"The test gets the value from the style attribute in RGB format, and then converts it to Hex format","6739","A test to get the field color value in Hex format","","Fri Aug 22 14:29:51 GMT 2025","passed","Fri Aug 22 14:29:58 GMT 2025","","List. Checking the basic functions for the DateTimeWithSeconds in the widget List","application.Samples.List.DateTimeWithSecondsOnListTest","color"
"The test sets a value with the wrong data type in several fields for different widgets. After approval, it checks the text under the field, which informs about the correctness of the type of data entered","67254","Required Message validation test for multiple fields","","Fri Aug 22 14:31:47 GMT 2025","passed","Fri Aug 22 14:32:54 GMT 2025","","List. Checking the basic functions for the Percent in the widget List","application.Samples.List.PercentOnListTest","fieldLevelValidation"
"The test clears the field and clicks the Save button. Then validates the message that the field is required","6142","Required Message text Verification field test","","Fri Aug 22 14:43:04 GMT 2025","passed","Fri Aug 22 14:43:10 GMT 2025","","Form. Checking the basic functions for the DateTimeWithSeconds in the widget Form","application.Samples.Form.DateTimeWithSecondsOnFormTest","required"
"DrillDown is not available for InfoWidget.","9591","The DrillDown test","","Fri Aug 22 14:14:28 GMT 2025","passed","Fri Aug 22 14:14:38 GMT 2025","","Info. Checking the basic functions for the Money","application.Samples.Info.MoneyOnInfoTest","drillDown"
"The test sets a value with the wrong data type in several fields for different widgets. After approval, it checks the text under the field, which informs about the correctness of the type of data entered","41618","Required Message validation test for multiple fields","","Fri Aug 22 14:26:55 GMT 2025","passed","Fri Aug 22 14:27:37 GMT 2025","","List. Checking the basic functions for the Input in the widget List","application.Samples.List.InputOnListTest","fieldLevelValidation"
"Sorting by the specified column.","12628","Sorting test","","Fri Aug 22 14:26:05 GMT 2025","passed","Fri Aug 22 14:26:18 GMT 2025","","List. Checking the basic functions for the CheckBox","application.Samples.List.CheckBoxOnListTest","sorting"
"The InfoWidget doesn't have a Placeholder.","8035","Test for getting the Placeholder value","","Fri Aug 22 14:20:14 GMT 2025","passed","Fri Aug 22 14:20:22 GMT 2025","","Info. Checking the basic functions for the MultiValueHover","application.Samples.Info.MultiValueHoverOnInfoTest","placeholder"
"Getting the field color is not available","9159","A test to get the field color value in Hex format","","Fri Aug 22 14:20:35 GMT 2025","passed","Fri Aug 22 14:20:44 GMT 2025","","List. Checking the basic functions for the MultiValueHover in the widget List","application.Samples.List.MultiValueHoverOnListTest","color"
"Checking the url before the transition and after the transition/click on a special element","5016","The DrillDown test","","Fri Aug 22 14:41:16 GMT 2025","passed","Fri Aug 22 14:41:21 GMT 2025","","Form. Checking the basic functions for the Input in the widget Form","application.Samples.Form.InputOnFormTest","drillDown"
"The test sets a value with the wrong data type in several fields for different widgets. After approval, it checks the text under the field, which informs about the correctness of the type of data entered","8044","Required Message validation test for multiple fields","","Fri Aug 22 14:50:33 GMT 2025","passed","Fri Aug 22 14:50:41 GMT 2025","","Form. Checking the basic functions for the Number in the widget Form","application.Samples.Form.NumberOnFormTest","fieldLevelValidation"
"Filtering is not available for InfoWidget.","8314","Filtering test","","Fri Aug 22 14:16:51 GMT 2025","passed","Fri Aug 22 14:17:00 GMT 2025","","Info. Checking the basic functions for the Radio","application.Samples.Info.RadioOnInfoTest","filtration"
"The InfoWidget doesn't have a Placeholder.","7600","Test for getting the Placeholder value","","Fri Aug 22 14:18:58 GMT 2025","passed","Fri Aug 22 14:19:05 GMT 2025","","Info. Checking the basic functions for the PickList","application.Samples.Info.PickListOnInfoTest","placeholder"
"The test checks for the disabled attribute.","7941","A test to check the field for ""Read-only""","","Fri Aug 22 14:35:41 GMT 2025","passed","Fri Aug 22 14:35:49 GMT 2025","","List. Checking the basic functions for the Money in the widget List","application.Samples.List.MoneyOnListTest","readonly"
"The test sets the value to false in the field, and then checks the value in the field with what should be set.","7656","A test for setting a value in a field","","Fri Aug 22 14:27:02 GMT 2025","passed","Fri Aug 22 14:27:10 GMT 2025","","List. Checking the basic functions for the CheckBox","application.Samples.List.CheckBoxOnListTest","edit"
"The test gets the value from the placeholder attribute and returns it in String format","11481","Test for getting the Placeholder value","","Fri Aug 22 14:46:47 GMT 2025","passed","Fri Aug 22 14:46:58 GMT 2025","","Form. Checking the basic functions for the Suggestion PickList in the widget Form","application.Samples.Form.SuggestionPickListOnFormTest","placeholder"
"The test gets the value from the style attribute in RGB format, and then converts it to Hex format","6265","A test to get the field color value in Hex format","","Fri Aug 22 14:49:21 GMT 2025","passed","Fri Aug 22 14:49:27 GMT 2025","","Form. Checking the basic functions for the FileUpload in the widget Form","application.Samples.Form.FileUploadOnFormTest","color"
"The test gets the value from the style attribute in RGB format, and then converts it to Hex format","5685","A test to get the field color value in Hex format","","Fri Aug 22 14:18:04 GMT 2025","passed","Fri Aug 22 14:18:10 GMT 2025","","Info. Checking the basic functions for the Date","application.Samples.Info.DateOnInfoTest","color"
"Getting the field color is not available","7130","A test to get the field color value in Hex format","","Fri Aug 22 14:50:23 GMT 2025","passed","Fri Aug 22 14:50:30 GMT 2025","","Form. Checking the basic functions for the MultiValueHover in the widget Form","application.Samples.Form.MultiValueHoverOnFormTest","color"
"The test sets the value in the field via Popup using a unique id, and then checks the value in the field with what needs to be set","12872","A test for setting a value in a field","","Fri Aug 22 14:46:34 GMT 2025","passed","Fri Aug 22 14:46:47 GMT 2025","","Form. Checking the basic functions for the Suggestion PickList in the widget Form","application.Samples.Form.SuggestionPickListOnFormTest","edit"
"The test sets the value with the wrong data type in the field. After approval, it checks the text under the field, which informs about the correctness of the type of data entered.","19566","Required Message validation test for one field","","Fri Aug 22 14:30:24 GMT 2025","passed","Fri Aug 22 14:30:44 GMT 2025","","List. Checking the basic functions for the Number in the widget List","application.Samples.List.NumberOnListTest","fieldLevelValidationAnnotation"
"Sorting is not available for InfoWidget.","6746","Sorting test","","Fri Aug 22 14:17:10 GMT 2025","passed","Fri Aug 22 14:17:16 GMT 2025","","Info. Checking the basic functions for the Number","application.Samples.Info.NumberOnInfoTest","sorting"
"Filtering is not available for the Form widget","6792","Filtering test","","Fri Aug 22 14:52:01 GMT 2025","passed","Fri Aug 22 14:52:08 GMT 2025","","Form. Checking the basic functions for the MultiValue in the widget Form","application.Samples.Form.MultiValueOnFormTest","filtration"
"Filtering by the specified column.","6260","Filtering test","","Fri Aug 22 14:30:11 GMT 2025","passed","Fri Aug 22 14:30:17 GMT 2025","","List. Checking the basic functions for the Number in the widget List","application.Samples.List.NumberOnListTest","filtration"
"Filtering by the specified column.","8333","Filtering test","","Fri Aug 22 14:37:39 GMT 2025","passed","Fri Aug 22 14:37:48 GMT 2025","","List. Checking the basic functions for the InlinePickList in the widget List","application.Samples.List.InlinePickListOnListTest","filtration"
"","7648","A test to compare the source file with the downloaded one","","Fri Aug 22 14:18:56 GMT 2025","passed","Fri Aug 22 14:19:03 GMT 2025","","Info. Checking the basic functions for the FileUp","application.Samples.Info.FileUploadOnInfoTest","compare"
"Filtering is not available for InfoWidget.","5185","Filtering test","","Fri Aug 22 14:19:01 GMT 2025","passed","Fri Aug 22 14:19:06 GMT 2025","","Info. Checking the basic functions for the DateTime","application.Samples.Info.DateTimeOnInfoTest","filtration"
"The test clears the field and clicks the Save button. Then validates the message that the field is required","7372","Required Message text Verification field test","","Fri Aug 22 14:50:48 GMT 2025","passed","Fri Aug 22 14:50:55 GMT 2025","","Form. Checking the basic functions for the PickList in the widget Form","application.Samples.Form.PickListOnFormTest","required"
"The test sets the value in the field. After approval, the popup window, the title, the text in it, and the buttons are validated.","10200","Run-time exception validation test","","Fri Aug 22 14:27:57 GMT 2025","passed","Fri Aug 22 14:28:07 GMT 2025","","List. Checking the basic functions for the CheckBox","application.Samples.List.CheckBoxOnListTest","runtimeException"
"The test gets the value from the placeholder attribute and returns it in String format","7965","Test for getting the Placeholder value","","Fri Aug 22 14:44:47 GMT 2025","passed","Fri Aug 22 14:44:55 GMT 2025","","Form. Checking the basic functions for the Text in the widget Form","application.Samples.Form.TextOnFormTest","placeholder"
"The test gets the value from the placeholder attribute and returns it in String format","7334","Test for getting the Placeholder value","","Fri Aug 22 14:47:36 GMT 2025","passed","Fri Aug 22 14:47:43 GMT 2025","","Form. Checking the basic functions for the MultipleSelect in the widget Form","application.Samples.Form.MultipleSelectOnFormTest","placeholder"
"The test gets the value from the placeholder attribute and returns it in String format","7788","Test for getting the Placeholder value","","Fri Aug 22 14:45:29 GMT 2025","passed","Fri Aug 22 14:45:37 GMT 2025","","Form. Checking the basic functions for the Radio in the widget Form","application.Samples.Form.RadioOnFormTest","placeholder"
"","9569","The test for getting the value from the field","","Fri Aug 22 14:16:04 GMT 2025","passed","Fri Aug 22 14:16:13 GMT 2025","","Info. Checking the basic functions for the Dictionary","application.Samples.Info.DictionaryOnInfoTest","read"
"The test sets the value in the field, and then checks the value in the field with what should be set.","27686","A test for setting a value in a field","","Fri Aug 22 14:38:42 GMT 2025","passed","Fri Aug 22 14:39:10 GMT 2025","","List. Checking the basic functions for the DateTime in the widget List","application.Samples.List.DateTimeOnListTest","edit"
"The test clears the field and clicks the Save button. Then validates the message that the field is required.","22510","Required Message text Verification field test","","Fri Aug 22 14:29:55 GMT 2025","passed","Fri Aug 22 14:30:18 GMT 2025","","List. Checking the basic functions for the Percent in the widget List","application.Samples.List.PercentOnListTest","required"
"The test sets the value in the field, and then checks the value in the field with what should be set","21911","A test for setting a value in a field","","Fri Aug 22 14:25:32 GMT 2025","passed","Fri Aug 22 14:25:54 GMT 2025","","List. Checking the basic functions for the Time","application.Samples.List.TimeOnListTest","edit3"
"Sorting is not available for InfoWidget.","9131","Sorting test","","Fri Aug 22 14:15:55 GMT 2025","passed","Fri Aug 22 14:16:05 GMT 2025","","Info. Checking the basic functions for the Percent","application.Samples.Info.PercentOnInfoTest","sorting"
"Filtering is not available for the Form widget","8438","Filtering test","","Fri Aug 22 14:44:21 GMT 2025","passed","Fri Aug 22 14:44:29 GMT 2025","","Form. Checking the basic functions for the InlinePickList in the widget Form","application.Samples.Form.InlinePickListOnFormTest","filtration"
"The test sets the value in the field. After approval, by clicking on the save button, the popup window, the title, the text in it, and the buttons are validated","11409","Confirmation Popup Validation Test","","Fri Aug 22 14:52:31 GMT 2025","passed","Fri Aug 22 14:52:42 GMT 2025","","Form. Checking the basic functions for the Dictionary in the widget Form","application.Samples.Form.DictionaryOnFormTest","confirm"
"Filtering by the specified column.","5603","Filtering test","","Fri Aug 22 14:24:49 GMT 2025","passed","Fri Aug 22 14:24:55 GMT 2025","","List. Checking the basic functions for the Input in the widget List","application.Samples.List.InputOnListTest","filtration"
"Drill Down is not available for InfoWidget.","5295","The DrillDown test","","Fri Aug 22 14:19:16 GMT 2025","passed","Fri Aug 22 14:19:21 GMT 2025","","Info. Checking the basic functions for the Hint","application.Samples.Info.HintOnInfoTest","drillDown"
"Checking the url before the transition and after the transition/click on a special element","9043","The DrillDown test","","Fri Aug 22 14:20:33 GMT 2025","passed","Fri Aug 22 14:20:42 GMT 2025","","List. Checking the basic functions for the PickList in the widget List","application.Samples.List.PickListOnListTest","drillDown"
"Info Widget is always read-only","5444","A test to check the field for ""Read-only""","","Fri Aug 22 14:19:26 GMT 2025","passed","Fri Aug 22 14:19:31 GMT 2025","","Info. Checking the basic functions for the Hint","application.Samples.Info.HintOnInfoTest","readonly"
"The test sets the value in the field. After approval, the popup window, the title, the text in it, and the buttons are validated.","7600","Business Exception Validation Test","","Fri Aug 22 14:31:02 GMT 2025","passed","Fri Aug 22 14:31:10 GMT 2025","","List. Checking the basic functions for the Number in the widget List","application.Samples.List.NumberOnListTest","businessException"
"The test gets the value from the style attribute in RGB format, and then converts it to Hex format","8474","A test to get the field color value in Hex format","","Fri Aug 22 14:52:14 GMT 2025","passed","Fri Aug 22 14:52:22 GMT 2025","","Form. Checking the basic functions for the Dictionary in the widget Form","application.Samples.Form.DictionaryOnFormTest","color"
"The test clears the field and clicks the Save button. Then validates the message that the field is required","6890","Required Message text Verification field test","","Fri Aug 22 14:49:54 GMT 2025","passed","Fri Aug 22 14:50:01 GMT 2025","","Form. Checking the basic functions for the Number in the widget Form","application.Samples.Form.NumberOnFormTest","required"
"The test sets the value in the field. After approval, the popup window, the title, the text in it, and the buttons are validated.","20391","Business Exception Validation Test","","Fri Aug 22 14:22:22 GMT 2025","passed","Fri Aug 22 14:22:42 GMT 2025","","List. Checking the basic functions for the PickList in the widget List","application.Samples.List.PickListOnListTest","businessException"
"The test sets the value in the field. After approval, the popup window, the title, the text in it, and the buttons are validated.","10100","Run-time exception validation test","","Fri Aug 22 14:37:07 GMT 2025","passed","Fri Aug 22 14:37:18 GMT 2025","","List. Checking the basic functions for the Radio in the widget List","application.Samples.List.RadioOnListTest","runtimeException"
"The test clears the field and clicks the Save button. Then validates the message that the field is required","6121","Required Message text Verification field test","","Fri Aug 22 14:48:15 GMT 2025","passed","Fri Aug 22 14:48:21 GMT 2025","","Form. Checking the basic functions for the Date in the widget Form","application.Samples.Form.DateOnFormTest","required"
"Drill Down is not available for InfoWidget.","7607","The DrillDown test","","Fri Aug 22 14:16:31 GMT 2025","passed","Fri Aug 22 14:16:38 GMT 2025","","Info. Checking the basic functions for the MultiValue","application.Samples.Info.MultiValueOnInfoTest","drillDown"
"Filtering by the specified column.","7531","Filtering test","","Fri Aug 22 14:26:26 GMT 2025","passed","Fri Aug 22 14:26:33 GMT 2025","","List. Checking the basic functions for the CheckBox","application.Samples.List.CheckBoxOnListTest","filtration"
"The test sets the value in the field via Popup using a unique id, and then checks the value in the field with what needs to be set.","31379","A test for setting a value in a field","","Fri Aug 22 14:36:09 GMT 2025","passed","Fri Aug 22 14:36:40 GMT 2025","","List. Checking the basic functions for the SuggestionPickList in the widget List","application.Samples.List.SuggestionPickListOnListTest","edit"
"The test sets the value in the field. After approval, by clicking on the save button, the popup window, the title, the text in it, and the buttons are validated","7672","Confirmation Popup Validation Test","","Fri Aug 22 14:43:35 GMT 2025","passed","Fri Aug 22 14:43:43 GMT 2025","","Form. Checking the basic functions for the DateTimeWithSeconds in the widget Form","application.Samples.Form.DateTimeWithSecondsOnFormTest","confirm"
"Sorting is not available for InfoWidget.","10381","Sorting test","","Fri Aug 22 14:15:25 GMT 2025","passed","Fri Aug 22 14:15:35 GMT 2025","","Info. Checking the basic functions for the MultiField","application.Samples.Info.MultiFieldOnInfoTest","sorting"
"The test gets the value from the placeholder attribute and returns it in String format","8820","Test for getting the Placeholder value","","Fri Aug 22 14:52:22 GMT 2025","passed","Fri Aug 22 14:52:31 GMT 2025","","Form. Checking the basic functions for the Dictionary in the widget Form","application.Samples.Form.DictionaryOnFormTest","placeholder"
"The test sets the value with the wrong data type in the field. After approval, it checks the text under the field, which informs about the correctness of the type of data entered","9614","Required Message validation test for one field","","Fri Aug 22 14:49:06 GMT 2025","passed","Fri Aug 22 14:49:15 GMT 2025","","Form. Checking the basic functions for the CheckBox","application.Samples.Form.CheckBoxOnFormTest","fieldLevelValidationAnnotation"
"Checking the url before the transition and after the transition/click on a special element","8253","The DrillDown test","","Fri Aug 22 14:51:07 GMT 2025","passed","Fri Aug 22 14:51:15 GMT 2025","","Form. Checking the basic functions for the Percent in the widget Form","application.Samples.Form.PercentOnFormTest","drillDown"
"The test sets the value in the field. After approval, by clicking on the save button, the popup window, the title, the text in it, and the buttons are validated.","20758","Confirmation Popup Validation Test","","Fri Aug 22 14:23:25 GMT 2025","passed","Fri Aug 22 14:23:46 GMT 2025","","List. Checking the basic functions for the PickList in the widget List","application.Samples.List.PickListOnListTest","confirm"
"The test gets the value from the placeholder attribute and returns it in String format","10562","Test for getting the Placeholder value","","Fri Aug 22 14:25:54 GMT 2025","passed","Fri Aug 22 14:26:05 GMT 2025","","List. Checking the basic functions for the Time","application.Samples.List.TimeOnListTest","placeholder"
"The test gets the value from the placeholder attribute and returns it in String format","9889","Test for getting the Placeholder value","","Fri Aug 22 14:35:45 GMT 2025","passed","Fri Aug 22 14:35:55 GMT 2025","","List. Checking the basic functions for the Radio in the widget List","application.Samples.List.RadioOnListTest","placeholder"
"The test sets the value with the wrong data type in the field. After approval, it checks the text under the field, which informs about the correctness of the type of data entered.","11081","Required Message validation test for one field","","Fri Aug 22 14:21:37 GMT 2025","passed","Fri Aug 22 14:21:48 GMT 2025","","List. Checking the basic functions for the FileUpload in the widget List","application.Samples.List.FileUploadOnListTest","fieldLevelValidationAnnotation"
"Currency check at the field","6491","Currency test","","Fri Aug 22 14:41:59 GMT 2025","passed","Fri Aug 22 14:42:05 GMT 2025","","Form. Checking the basic functions for the Money in the widget Form","application.Samples.Form.MoneyOnFormTest","currency"
"The test sets the value in the field, and then checks the value in the field with what should be set","6316","A test for setting a value in a field","","Fri Aug 22 14:50:08 GMT 2025","passed","Fri Aug 22 14:50:14 GMT 2025","","Form. Checking the basic functions for the Number in the widget Form","application.Samples.Form.NumberOnFormTest","edit"
"The test sets the value in the field. After approval, the popup window, the title, the text in it, and the buttons are validated.","11996","Business Exception Validation Test","","Fri Aug 22 14:41:56 GMT 2025","passed","Fri Aug 22 14:42:08 GMT 2025","","List. Checking the basic functions for the Dictionary in the widget List","application.Samples.List.DictionaryOnListTest","businessException"
"The test clear the value in the field , and then checks the value in the field, it must be null.","7468","A test for checking the possibility of an empty field","","Fri Aug 22 14:29:50 GMT 2025","passed","Fri Aug 22 14:29:58 GMT 2025","","List. Checking the basic functions for the Number in the widget List","application.Samples.List.NumberOnListTest","nullable"
"Info Widget is always read-only","6852","A test to check the field for ""Read-only""","","Fri Aug 22 14:14:43 GMT 2025","passed","Fri Aug 22 14:14:50 GMT 2025","","Info. Checking the basic functions for the DateTimeWithSeconds","application.Samples.Info.DateTimeWithSecondsOnInfoTest","readonly"
"DrillDown is not available for InfoWidget.","6776","The DrillDown test","","Fri Aug 22 14:17:16 GMT 2025","passed","Fri Aug 22 14:17:23 GMT 2025","","Info. Checking the basic functions for the Number","application.Samples.Info.NumberOnInfoTest","drillDown"
"The test sets the value in the field, and then checks the value in the field with what should be set. The Number Digits class is used for numbers with a fractional part.","10737","A test for entering numbers with a fractional part using the PercentDigits class","","Fri Aug 22 14:51:15 GMT 2025","passed","Fri Aug 22 14:51:26 GMT 2025","","Form. Checking the basic functions for the Percent in the widget Form","application.Samples.Form.PercentOnFormTest","digits"
"The test clears the field and clicks the Save button. Then validates the message that the field is required.","0","Required Message text Verification field test","","Fri Aug 22 14:26:52 GMT 2025","skipped","Fri Aug 22 14:26:52 GMT 2025","","List. Checking the basic functions for the CheckBox","application.Samples.List.CheckBoxOnListTest","required"
"Getting the field color is not available","4878","A test to get the field color value in Hex format","","Fri Aug 22 14:44:18 GMT 2025","passed","Fri Aug 22 14:44:23 GMT 2025","","Form. Checking the basic functions for the Hint in the widget Form","application.Samples.Form.HintOnFormTest","color"
"The test calls Popup, the method returns a list with column headings","7075","The test for getting column headings","","Fri Aug 22 14:51:41 GMT 2025","passed","Fri Aug 22 14:51:48 GMT 2025","","Form. Checking the basic functions for the PickList in the widget Form","application.Samples.Form.PickListOnFormTest","getColumnName"
"The test sets the value in the field, and then checks the value in the field with what should be set.","11826","A test for setting a value in a field","","Fri Aug 22 14:42:08 GMT 2025","passed","Fri Aug 22 14:42:20 GMT 2025","","List. Checking the basic functions for the Dictionary in the widget List","application.Samples.List.DictionaryOnListTest","edit"
"The test checks for the disabled attribute","10207","A test to check the field for ""Read-only""","","Fri Aug 22 14:42:50 GMT 2025","passed","Fri Aug 22 14:43:01 GMT 2025","","Form. Checking the basic functions for the Time","application.Samples.Form.TimeOnFormTest","readonly"
"The test sets the value with the wrong data type in the field. After approval, it checks the text under the field, which informs about the correctness of the type of data entered.","10169","Required Message validation test for one field","","Fri Aug 22 14:33:13 GMT 2025","passed","Fri Aug 22 14:33:23 GMT 2025","","List. Checking the basic functions for the MultipleSelect in the widget List","application.Samples.List.MultipleSelectOnListTest","fieldLevelValidationAnnotation"
"The test sets the value with the wrong data type in the field. After approval, it checks the text under the field, which informs about the correctness of the type of data entered.","13286","Required Message validation test for one field","","Fri Aug 22 14:41:28 GMT 2025","passed","Fri Aug 22 14:41:41 GMT 2025","","List. Checking the basic functions for the Dictionary in the widget List","application.Samples.List.DictionaryOnListTest","fieldLevelValidationAnnotation"
"The test sets the value in the field. After approval, by clicking on the save button, the popup window, the title, the text in it, and the buttons are validated.","20016","Confirmation Popup Validation Test","","Fri Aug 22 14:28:10 GMT 2025","passed","Fri Aug 22 14:28:30 GMT 2025","","List. Checking the basic functions for the Date in the widget List","application.Samples.List.DateOnListTest","confirm"
"Checking the url before the transition and after the transition/click on a special element","9372","The DrillDown test","","Fri Aug 22 14:37:30 GMT 2025","passed","Fri Aug 22 14:37:39 GMT 2025","","List. Checking the basic functions for the InlinePickList in the widget List","application.Samples.List.InlinePickListOnListTest","drillDown"
"Checking the url before the transition and after the transition/click on a special element","9467","The DrillDown test","","Fri Aug 22 14:42:36 GMT 2025","passed","Fri Aug 22 14:42:45 GMT 2025","","Form. Checking the basic functions for the Time","application.Samples.Form.TimeOnFormTest","drillDown"
"The test sets the value with the wrong data type in the field. After approval, it checks the text under the field, which informs about the correctness of the type of data entered","9726","Required Message validation test for one field","","Fri Aug 22 14:51:22 GMT 2025","passed","Fri Aug 22 14:51:32 GMT 2025","","Form. Checking the basic functions for the Dictionary in the widget Form","application.Samples.Form.DictionaryOnFormTest","fieldLevelValidationAnnotation"
"","10063","Filtering test","","Fri Aug 22 14:33:42 GMT 2025","passed","Fri Aug 22 14:33:52 GMT 2025","","List. Checking the basic functions for the MultiField in the widget List","application.Samples.List.MultiFieldOnListTest","filtration"
"The test gets the value from the style attribute in RGB format, and then converts it to Hex format","8966","A test to get the field color value in Hex format","","Fri Aug 22 14:31:09 GMT 2025","passed","Fri Aug 22 14:31:18 GMT 2025","","List. Checking the basic functions for the Percent in the widget List","application.Samples.List.PercentOnListTest","color"
"Filtering by the specified column.","9057","Filtering test","","Fri Aug 22 14:22:41 GMT 2025","passed","Fri Aug 22 14:22:50 GMT 2025","","List. Checking the basic functions for the MultiValue in the widget List","application.Samples.List.MultiValueOnListTest","filtration"
"The test sets the value in the field, and then checks the value in the field with what should be set","5524","A test for setting a value in a field","","Fri Aug 22 14:41:49 GMT 2025","passed","Fri Aug 22 14:41:54 GMT 2025","","Form. Checking the basic functions for the Input in the widget Form","application.Samples.Form.InputOnFormTest","edit"
"The test sets the value in the field. After approval, the popup window, the title, the text in it, and the buttons are validated","9001","Run-time exception validation test","","Fri Aug 22 14:46:05 GMT 2025","passed","Fri Aug 22 14:46:14 GMT 2025","","Form. Checking the basic functions for the Radio in the widget Form","application.Samples.Form.RadioOnFormTest","runtimeException"
"Тест устанавливает значение в поле, а после проверяет значение в поле с тем, что должно быть установлено. Предварительной очистки поля нет","10386","A test for setting a value in a field","","Fri Aug 22 14:33:46 GMT 2025","passed","Fri Aug 22 14:33:56 GMT 2025","","List. Checking the basic functions for the MultipleSelect in the widget List","application.Samples.List.MultipleSelectOnListTest","edit"
"Checking the url before the transition and after the transition/click on a special element","6096","The DrillDown test","","Fri Aug 22 14:49:23 GMT 2025","passed","Fri Aug 22 14:49:30 GMT 2025","","Form. Checking the basic functions for the Number in the widget Form","application.Samples.Form.NumberOnFormTest","drillDown"
"DrillDown is not available for InfoWidget.","9700","The DrillDown test","","Fri Aug 22 14:16:05 GMT 2025","passed","Fri Aug 22 14:16:14 GMT 2025","","Info. Checking the basic functions for the Percent","application.Samples.Info.PercentOnInfoTest","drillDown"
"The test gets the value from the style attribute in RGB format, and then converts it to Hex format","11140","A test to get the field color value in Hex format","","Fri Aug 22 14:25:01 GMT 2025","passed","Fri Aug 22 14:25:12 GMT 2025","","List. Checking the basic functions for the Time","application.Samples.List.TimeOnListTest","color"
"The test sets a value with the wrong data type in several fields for different widgets. After approval, it checks the text under the field, which informs about the correctness of the type of data entered","42138","Required Message validation test for multiple fields","","Fri Aug 22 14:31:49 GMT 2025","passed","Fri Aug 22 14:32:31 GMT 2025","","List. Checking the basic functions for the Number in the widget List","application.Samples.List.NumberOnListTest","fieldLevelValidation"
"The test sets a value with the wrong data type in several fields for different widgets. After approval, it checks the text under the field, which informs about the correctness of the type of data entered","14546","Required Message validation test for multiple fields","","Fri Aug 22 14:47:11 GMT 2025","passed","Fri Aug 22 14:47:26 GMT 2025","","Form. Checking the basic functions for the Suggestion PickList in the widget Form","application.Samples.Form.SuggestionPickListOnFormTest","fieldLevelValidation"
"The test clears the field and clicks the Save button. Then validates the message that the field is required.","6673","Required Message text Verification field test","","Fri Aug 22 14:53:10 GMT 2025","passed","Fri Aug 22 14:53:16 GMT 2025","","Form. Checking the basic functions for the MultiValue in the widget Form","application.Samples.Form.MultiValueOnFormTest","required"
"The test sets the value in the field. After approval, the popup window, the title, the text in it, and the buttons are validated.","8021","Run-time exception validation test","","Fri Aug 22 14:29:35 GMT 2025","passed","Fri Aug 22 14:29:43 GMT 2025","","List. Checking the basic functions for the Date in the widget List","application.Samples.List.DateOnListTest","runtimeException"
"The test sets the value in the field. After approval, the popup window, the title, the text in it, and the buttons are validated","11051","Business Exception Validation Test","","Fri Aug 22 14:51:42 GMT 2025","passed","Fri Aug 22 14:51:53 GMT 2025","","Form. Checking the basic functions for the Dictionary in the widget Form","application.Samples.Form.DictionaryOnFormTest","businessException"
"The test checks for the disabled attribute","7351","A test to check the field for ""Read-only""","","Fri Aug 22 14:46:45 GMT 2025","passed","Fri Aug 22 14:46:53 GMT 2025","","Form. Checking the basic functions for the MultipleSelect in the widget Form","application.Samples.Form.MultipleSelectOnFormTest","readonly"
"The test sets the value in the field. After approval, by clicking on the save button, the popup window, the title, the text in it, and the buttons are validated.","20054","Confirmation Popup Validation Test","","Fri Aug 22 14:30:05 GMT 2025","passed","Fri Aug 22 14:30:25 GMT 2025","","List. Checking the basic functions for the DateTimeWithSeconds in the widget List","application.Samples.List.DateTimeWithSecondsOnListTest","confirm"
"The test opens a modal window, clears the field, closes the window, and then checks the message under the field.","20841","Required Message text Verification field test","","Fri Aug 22 14:24:16 GMT 2025","passed","Fri Aug 22 14:24:37 GMT 2025","","List. Checking the basic functions for the MultiValue in the widget List","application.Samples.List.MultiValueOnListTest","required_2"
"Filtering by the specified column.","11489","Filtering test","","Fri Aug 22 14:41:06 GMT 2025","passed","Fri Aug 22 14:41:17 GMT 2025","","List. Checking the basic functions for the Dictionary in the widget List","application.Samples.List.DictionaryOnListTest","filtration"
"Filtering is not available for InfoWidget.","6833","Filtering test","","Fri Aug 22 14:18:30 GMT 2025","passed","Fri Aug 22 14:18:36 GMT 2025","","Info. Checking the basic functions for the PickList","application.Samples.Info.PickListOnInfoTest","filtration"
"Checking the url before the transition and after the transition/click on a special element","9018","The DrillDown test","","Fri Aug 22 14:34:15 GMT 2025","passed","Fri Aug 22 14:34:24 GMT 2025","","List. Checking the basic functions for the Radio in the widget List","application.Samples.List.RadioOnListTest","drillDown"
"Sorting by the specified column.","11613","Sorting test","","Fri Aug 22 14:34:03 GMT 2025","passed","Fri Aug 22 14:34:15 GMT 2025","","List. Checking the basic functions for the Radio in the widget List","application.Samples.List.RadioOnListTest","sorting"
"The test sets the value in the field. After approval, the popup window, the title, the text in it, and the buttons are validated.","28213","Run-time exception validation test","","Fri Aug 22 14:40:07 GMT 2025","passed","Fri Aug 22 14:40:35 GMT 2025","","List. Checking the basic functions for the Money in the widget List","application.Samples.List.MoneyOnListTest","runtimeException"
"The test gets the value from the placeholder attribute and returns it in String format","5179","Test for getting the Placeholder value","","Fri Aug 22 14:54:09 GMT 2025","passed","Fri Aug 22 14:54:14 GMT 2025","","Form. Checking the basic functions for the MultiValue in the widget Form","application.Samples.Form.MultiValueOnFormTest","placeholder"
"The InfoWidget doesn't have a Placeholder.","4778","Test for getting the Placeholder value","","Fri Aug 22 14:18:45 GMT 2025","passed","Fri Aug 22 14:18:50 GMT 2025","","Info. Checking the basic functions for the Input","application.Samples.Info.InputOnInfoTest","placeholder"
"InfoWidget does not have a Hex field color for this type.","8569","A test to get the field color value in Hex format","","Fri Aug 22 14:16:06 GMT 2025","passed","Fri Aug 22 14:16:14 GMT 2025","","Info. Checking the basic functions for the MultiplySelect","application.Samples.Info.MultipleSelectOnInfoTest","color"
"The test checks for the disabled attribute","5420","A test to check the field for ""Read-only""","","Fri Aug 22 14:42:51 GMT 2025","passed","Fri Aug 22 14:42:56 GMT 2025","","Form. Checking the basic functions for the DateTimeWithSeconds in the widget Form","application.Samples.Form.DateTimeWithSecondsOnFormTest","readonly"
"The test sets a value with the wrong data type in several fields for different widgets. After approval, it checks the text under the field, which informs about the correctness of the type of data entered","15466","Required Message validation test for multiple fields","","Fri Aug 22 14:43:05 GMT 2025","passed","Fri Aug 22 14:43:20 GMT 2025","","List. Checking the basic functions for the Dictionary in the widget List","application.Samples.List.DictionaryOnListTest","fieldLevelValidation"
"The test checks the creation and deletion in the dictionary and the result of this work on another screen.","28719","Test filtering at List","","Fri Aug 22 14:19:42 GMT 2025","passed","Fri Aug 22 14:20:11 GMT 2025","","Checking the basic functions for the Dictionary administration panel","application.Samples.DictionaryAdministrationTest","filterList"
"","7423","The test for getting the value from the field","","Fri Aug 22 14:16:53 GMT 2025","passed","Fri Aug 22 14:17:00 GMT 2025","","Info. Checking the basic functions for the MultiValue","application.Samples.Info.MultiValueOnInfoTest","read"
"Info Widget is always read-only","6869","A test to check the field for ""Read-only""","","Fri Aug 22 14:18:28 GMT 2025","passed","Fri Aug 22 14:18:35 GMT 2025","","Info. Checking the basic functions for the FileUp","application.Samples.Info.FileUploadOnInfoTest","readonly"
"The InfoWidget doesn't have a Placeholder.","5088","Test for getting the Placeholder value","","Fri Aug 22 14:19:22 GMT 2025","passed","Fri Aug 22 14:19:27 GMT 2025","","Info. Checking the basic functions for the DateTime","application.Samples.Info.DateTimeOnInfoTest","placeholder"
"","8835","The test for getting the value from the field","","Fri Aug 22 14:17:08 GMT 2025","passed","Fri Aug 22 14:17:17 GMT 2025","","Info. Checking the basic functions for the Radio","application.Samples.Info.RadioOnInfoTest","read"
"The test gets the value in the field, and then checks the value in the field with what should be.","0","A test for checking a value in a field","","Fri Aug 22 14:22:25 GMT 2025","skipped","Fri Aug 22 14:22:25 GMT 2025","","List. Checking the basic functions for the FileUpload in the widget List","application.Samples.List.FileUploadOnListTest","read"
"The test sets the value in the field. After approval, the popup window, the title, the text in it, and the buttons are validated.","19694","Business Exception Validation Test","","Fri Aug 22 14:38:50 GMT 2025","passed","Fri Aug 22 14:39:10 GMT 2025","","List. Checking the basic functions for the InlinePickList in the widget List","application.Samples.List.InlinePickListOnListTest","businessException"
"The test gets the value from the placeholder attribute and returns it in String format","4964","Test for getting the Placeholder value","","Fri Aug 22 14:43:30 GMT 2025","passed","Fri Aug 22 14:43:35 GMT 2025","","Form. Checking the basic functions for the DateTimeWithSeconds in the widget Form","application.Samples.Form.DateTimeWithSecondsOnFormTest","placeholder"
"Sorting by the specified column.","10443","Sorting test","","Fri Aug 22 14:31:37 GMT 2025","passed","Fri Aug 22 14:31:47 GMT 2025","","List. Checking the basic functions for the Text in the widget List","application.Samples.List.TextOnListTest","sorting"
"The test checks for the disabled attribute","4572","A test to check the field for ""Read-only""","","Fri Aug 22 14:41:26 GMT 2025","passed","Fri Aug 22 14:41:30 GMT 2025","","Form. Checking the basic functions for the Input in the widget Form","application.Samples.Form.InputOnFormTest","readonly"
"The test checks the downloaded file with the template file that is contained in the resources","8019","A test to compare the downloaded file with the template","","Fri Aug 22 14:22:49 GMT 2025","passed","Fri Aug 22 14:22:57 GMT 2025","","List. Checking the basic functions for the FileUpload in the widget List","application.Samples.List.FileUploadOnListTest","compare"
"Checking the url before the transition and after the transition/click on a special element","6365","The DrillDown test","","Fri Aug 22 14:37:17 GMT 2025","passed","Fri Aug 22 14:37:23 GMT 2025","","List. Checking the basic functions for the DateTime in the widget List","application.Samples.List.DateTimeOnListTest","drillDown"
"","6766","digits()","","Fri Aug 22 14:17:23 GMT 2025","passed","Fri Aug 22 14:17:30 GMT 2025","","Info. Checking the basic functions for the Number","application.Samples.Info.NumberOnInfoTest","digits"
"The test clears the field and clicks the Save button. Then validates the message that the field is required.","19603","Required Message text Verification field test","","Fri Aug 22 14:21:48 GMT 2025","passed","Fri Aug 22 14:22:08 GMT 2025","","List. Checking the basic functions for the FileUpload in the widget List","application.Samples.List.FileUploadOnListTest","required"
"The test checks for the disabled attribute.","12202","A test to check the field for ""Read-only""","","Fri Aug 22 14:35:31 GMT 2025","passed","Fri Aug 22 14:35:43 GMT 2025","","List. Checking the basic functions for the SuggestionPickList in the widget List","application.Samples.List.SuggestionPickListOnListTest","readonly"
"The test gets the value from the placeholder attribute and returns it in String format","8533","Test for getting the Placeholder value","","Fri Aug 22 14:52:29 GMT 2025","passed","Fri Aug 22 14:52:37 GMT 2025","","Form. Checking the basic functions for the Percent in the widget Form","application.Samples.Form.PercentOnFormTest","placeholder"
"The test gets the value from the placeholder attribute and returns it in String format","6741","Test for getting the Placeholder value","","Fri Aug 22 14:51:10 GMT 2025","passed","Fri Aug 22 14:51:16 GMT 2025","","Form. Checking the basic functions for the PickList in the widget Form","application.Samples.Form.PickListOnFormTest","placeholder"
"The test gets the value from the style attribute in RGB format, and then converts it to Hex format","8185","A test to get the field color value in Hex format","","Fri Aug 22 14:17:59 GMT 2025","passed","Fri Aug 22 14:18:07 GMT 2025","","Info. Checking the basic functions for the Text","application.Samples.Info.TextOnInfoTest","color"
"DrillDown is not available for InfoWidget.","7183","The DrillDown test","","Fri Aug 22 14:18:22 GMT 2025","passed","Fri Aug 22 14:18:30 GMT 2025","","Info. Checking the basic functions for the PickList","application.Samples.Info.PickListOnInfoTest","drillDown"
"Getting a Placeholder is not available","9342","Test for getting the Placeholder value","","Fri Aug 22 14:20:44 GMT 2025","passed","Fri Aug 22 14:20:54 GMT 2025","","List. Checking the basic functions for the MultiValueHover in the widget List","application.Samples.List.MultiValueHoverOnListTest","placeholder"
"The test checks for the disabled attribute.","5056","A test to check the field for ""Read-only""","","Fri Aug 22 14:28:38 GMT 2025","passed","Fri Aug 22 14:28:43 GMT 2025","","List. Checking the basic functions for the DateTimeWithSeconds in the widget List","application.Samples.List.DateTimeWithSecondsOnListTest","readonly"
"","6823","The test for getting the value from the field","","Fri Aug 22 14:18:35 GMT 2025","passed","Fri Aug 22 14:18:42 GMT 2025","","Info. Checking the basic functions for the FileUp","application.Samples.Info.FileUploadOnInfoTest","read"
"The test sets the value with the wrong data type in the field. After approval, it checks the text under the field, which informs about the correctness of the type of data entered","8013","Required Message validation test for one field","","Fri Aug 22 14:42:56 GMT 2025","passed","Fri Aug 22 14:43:04 GMT 2025","","Form. Checking the basic functions for the DateTimeWithSeconds in the widget Form","application.Samples.Form.DateTimeWithSecondsOnFormTest","fieldLevelValidationAnnotation"
"The test sets the value in the field. After approval, by clicking on the save button, the popup window, the title, the text in it, and the buttons are validated","7697","Confirmation Popup Validation Test","","Fri Aug 22 14:49:41 GMT 2025","passed","Fri Aug 22 14:49:49 GMT 2025","","Form. Checking the basic functions for the FileUpload in the widget Form","application.Samples.Form.FileUploadOnFormTest","confirm"
"The test gets the value from the style attribute in RGB format, and then converts it to Hex format","5016","A test to get the field color value in Hex format","","Fri Aug 22 14:18:40 GMT 2025","passed","Fri Aug 22 14:18:45 GMT 2025","","Info. Checking the basic functions for the Input","application.Samples.Info.InputOnInfoTest","color"
"Sorting is not available for InfoWidget.","5650","Sorting test","","Fri Aug 22 14:18:50 GMT 2025","passed","Fri Aug 22 14:18:55 GMT 2025","","Info. Checking the basic functions for the DateTime","application.Samples.Info.DateTimeOnInfoTest","sorting"
"The test clears the field and clicks the Save button. Then validates the message that the field is required.","20972","Required Message text Verification field test","","Fri Aug 22 14:26:48 GMT 2025","passed","Fri Aug 22 14:27:09 GMT 2025","","List. Checking the basic functions for the Date in the widget List","application.Samples.List.DateOnListTest","required"
"Filtering by the specified column.","11615","Filtering test","","Fri Aug 22 14:35:19 GMT 2025","passed","Fri Aug 22 14:35:31 GMT 2025","","List. Checking the basic functions for the SuggestionPickList in the widget List","application.Samples.List.SuggestionPickListOnListTest","filtration"
"The test gets the value from the style attribute in RGB format, and then converts it to Hex format","9927","A test to get the field color value in Hex format","","Fri Aug 22 14:16:13 GMT 2025","passed","Fri Aug 22 14:16:23 GMT 2025","","Info. Checking the basic functions for the Dictionary","application.Samples.Info.DictionaryOnInfoTest","color"
"The test sets a value with the wrong data type in several fields for different widgets. After approval, it checks the text under the field, which informs about the correctness of the type of data entered","11879","Required Message validation test for multiple fields","","Fri Aug 22 14:46:01 GMT 2025","passed","Fri Aug 22 14:46:13 GMT 2025","","Form. Checking the basic functions for the InlinePickList in the widget Form","application.Samples.Form.InlinePickListOnFormTest","fieldLevelValidation"
"","4247","getTypeColumn()","","Fri Aug 22 14:27:44 GMT 2025","passed","Fri Aug 22 14:27:48 GMT 2025","","List. Checking the basic functions for the Input in the widget List","application.Samples.List.InputOnListTest","getTypeColumn"
"A test to get the value from the field. MultiValueHover is always read-only, so it is impossible to set the value.","9025","A test for setting a value in a field","","Fri Aug 22 14:20:26 GMT 2025","passed","Fri Aug 22 14:20:35 GMT 2025","","List. Checking the basic functions for the MultiValueHover in the widget List","application.Samples.List.MultiValueHoverOnListTest","edit"
"The test sets the value in the field. After approval, the popup window, the title, the text in it, and the buttons are validated","11975","Run-time exception validation test","","Fri Aug 22 14:49:56 GMT 2025","passed","Fri Aug 22 14:50:08 GMT 2025","","Form. Checking the basic functions for the FileUpload in the widget Form","application.Samples.Form.FileUploadOnFormTest","runtimeException"
"The test sets the value with the wrong data type in the field. After approval, it checks the text under the field, which informs about the correctness of the type of data entered.","5863","Required Message validation test for one field","","Fri Aug 22 14:53:04 GMT 2025","passed","Fri Aug 22 14:53:10 GMT 2025","","Form. Checking the basic functions for the MultiValue in the widget Form","application.Samples.Form.MultiValueOnFormTest","fieldLevelValidationAnnotation"
"","9151","A test to check the options of the drop-down list","","Fri Aug 22 14:50:55 GMT 2025","passed","Fri Aug 22 14:51:04 GMT 2025","","Form. Checking the basic functions for the Dictionary in the widget Form","application.Samples.Form.DictionaryOnFormTest","options"
"Sorting by the specified column.","10328","Sorting test","","Fri Aug 22 14:35:06 GMT 2025","passed","Fri Aug 22 14:35:17 GMT 2025","","List. Checking the basic functions for the Money in the widget List","application.Samples.List.MoneyOnListTest","sorting"
"DrillDown is not available for InfoWidget.","5841","The DrillDown test","","Fri Aug 22 14:18:55 GMT 2025","passed","Fri Aug 22 14:19:01 GMT 2025","","Info. Checking the basic functions for the DateTime","application.Samples.Info.DateTimeOnInfoTest","drillDown"
"The test sets a value with the wrong data type in several fields for different widgets. After approval, it checks the text under the field, which informs about the correctness of the type of data entered","17101","Required Message validation test for multiple fields","","Fri Aug 22 14:23:07 GMT 2025","passed","Fri Aug 22 14:23:24 GMT 2025","","List. Checking the basic functions for the FileUpload in the widget List","application.Samples.List.FileUploadOnListTest","fieldLevelValidation"
"The test sets the value in the field. After approval, by clicking on the save button, the popup window, the title, the text in it, and the buttons are validated","9277","Confirmation Popup Validation Test","","Fri Aug 22 14:49:59 GMT 2025","passed","Fri Aug 22 14:50:08 GMT 2025","","Form. Checking the basic functions for the CheckBox","application.Samples.Form.CheckBoxOnFormTest","confirm"
"DrillDown is not available for InfoWidget.","9094","The DrillDown test","","Fri Aug 22 14:16:42 GMT 2025","passed","Fri Aug 22 14:16:51 GMT 2025","","Info. Checking the basic functions for the Radio","application.Samples.Info.RadioOnInfoTest","drillDown"
"Checking the url before the transition and after the transition/click on a special element","4969","The DrillDown test","","Fri Aug 22 14:47:05 GMT 2025","passed","Fri Aug 22 14:47:10 GMT 2025","","Form. Checking the basic functions for the DateTime in the widget Form","application.Samples.Form.DateTimeOnFormTest","drillDown"
"Sorting is not available for InfoWidget.","7578","Sorting test","","Fri Aug 22 14:16:23 GMT 2025","passed","Fri Aug 22 14:16:31 GMT 2025","","Info. Checking the basic functions for the MultiValue","application.Samples.Info.MultiValueOnInfoTest","sorting"
"The test gets the value in the field, and then checks the value in the field with what should be.","0","A test for checking a value in a field","","Fri Aug 22 14:24:08 GMT 2025","skipped","Fri Aug 22 14:24:08 GMT 2025","","List. Checking the basic functions for the MultiValue in the widget List","application.Samples.List.MultiValueOnListTest","read"
"The test sets the value in the field. After approval, the popup window, the title, the text in it, and the buttons are validated.","10134","Run-time exception validation test","","Fri Aug 22 14:34:47 GMT 2025","passed","Fri Aug 22 14:34:58 GMT 2025","","List. Checking the basic functions for the MultipleSelect in the widget List","application.Samples.List.MultipleSelectOnListTest","runtimeException"
"The test sets a value with the wrong data type in several fields for different widgets. After approval, it checks the text under the field, which informs about the correctness of the type of data entered","9381","Required Message validation test for multiple fields","","Fri Aug 22 14:52:42 GMT 2025","passed","Fri Aug 22 14:52:52 GMT 2025","","Form. Checking the basic functions for the Dictionary in the widget Form","application.Samples.Form.DictionaryOnFormTest","fieldLevelValidation"
"The test gets the value from the placeholder attribute and returns it in String format","8255","Test for getting the Placeholder value","","Fri Aug 22 14:23:17 GMT 2025","passed","Fri Aug 22 14:23:25 GMT 2025","","List. Checking the basic functions for the PickList in the widget List","application.Samples.List.PickListOnListTest","placeholder"
"The test sets the value with the wrong data type in the field. After approval, it checks the text under the field, which informs about the correctness of the type of data entered","7319","Required Message validation test for one field","","Fri Aug 22 14:48:45 GMT 2025","passed","Fri Aug 22 14:48:52 GMT 2025","","Form. Checking the basic functions for the FileUpload in the widget Form","application.Samples.Form.FileUploadOnFormTest","fieldLevelValidationAnnotation"
"The test checks for the disabled attribute","9077","A test to check the field for ""Read-only""","","Fri Aug 22 14:51:13 GMT 2025","passed","Fri Aug 22 14:51:22 GMT 2025","","Form. Checking the basic functions for the Dictionary in the widget Form","application.Samples.Form.DictionaryOnFormTest","readonly"
"The test sets the value with the wrong data type in the field. After approval, it checks the text under the field, which informs about the correctness of the type of data entered","7838","Required Message validation test for one field","","Fri Aug 22 14:47:54 GMT 2025","passed","Fri Aug 22 14:48:02 GMT 2025","","Form. Checking the basic functions for the Date in the widget Form","application.Samples.Form.DateOnFormTest","fieldLevelValidationAnnotationAlternative"
"The InfoWidget doesn't have a Placeholder.","9849","Test for getting the Placeholder value","","Fri Aug 22 14:16:23 GMT 2025","passed","Fri Aug 22 14:16:33 GMT 2025","","Info. Checking the basic functions for the Dictionary","application.Samples.Info.DictionaryOnInfoTest","placeholder"
"Sorting is not available for InfoWidget.","10494","Sorting test","","Fri Aug 22 14:15:11 GMT 2025","passed","Fri Aug 22 14:15:22 GMT 2025","","Info. Checking the basic functions for the Dictionary","application.Samples.Info.DictionaryOnInfoTest","sorting"
"The test sets a value with the wrong data type in several fields for different widgets. After approval, it checks the text under the field, which informs about the correctness of the type of data entered","21691","Required Message validation test for multiple fields","","Fri Aug 22 14:40:20 GMT 2025","passed","Fri Aug 22 14:40:41 GMT 2025","","List. Checking the basic functions for the InlinePickList in the widget List","application.Samples.List.InlinePickListOnListTest","fieldLevelValidation"
"A test to get the value from the field. Hint is always read-only, so it is impossible to set the value.","4848","A test to check the value in a field","","Fri Aug 22 14:44:13 GMT 2025","passed","Fri Aug 22 14:44:18 GMT 2025","","Form. Checking the basic functions for the Hint in the widget Form","application.Samples.Form.HintOnFormTest","edit"
"Filtering is not available for the Form widget","7472","Filtering test","","Fri Aug 22 14:43:48 GMT 2025","passed","Fri Aug 22 14:43:55 GMT 2025","","Form. Checking the basic functions for the Text in the widget Form","application.Samples.Form.TextOnFormTest","filtration"
"The test gets the value from the placeholder attribute and returns it in String format","8616","Test for getting the Placeholder value","","Fri Aug 22 14:45:41 GMT 2025","passed","Fri Aug 22 14:45:50 GMT 2025","","Form. Checking the basic functions for the InlinePickList in the widget Form","application.Samples.Form.InlinePickListOnFormTest","placeholder"
"The test sets the value in the field, and then checks the value in the field with what should be set","11240","A test for setting a value in a field","","Fri Aug 22 14:43:32 GMT 2025","passed","Fri Aug 22 14:43:43 GMT 2025","","Form. Checking the basic functions for the Time","application.Samples.Form.TimeOnFormTest","edit2"
"The test sets a value with the wrong data type in several fields for different widgets. After approval, it checks the text under the field, which informs about the correctness of the type of data entered","13198","Required Message validation test for multiple fields","","Fri Aug 22 14:27:44 GMT 2025","passed","Fri Aug 22 14:27:57 GMT 2025","","List. Checking the basic functions for the CheckBox","application.Samples.List.CheckBoxOnListTest","fieldLevelValidation"
"The test sets the value in the field. After approval, by clicking on the save button, the popup window, the title, the text in it, and the buttons are validated.","10974","Confirmation Popup Validation Test","","Fri Aug 22 14:24:45 GMT 2025","passed","Fri Aug 22 14:24:56 GMT 2025","","List. Checking the basic functions for the MultiValue in the widget List","application.Samples.List.MultiValueOnListTest","confirm"
"The test sets the value, after which the method returns the full list of value-status","9351","Test to get all values with the status","","Fri Aug 22 14:45:37 GMT 2025","passed","Fri Aug 22 14:45:46 GMT 2025","","Form. Checking the basic functions for the Radio in the widget Form","application.Samples.Form.RadioOnFormTest","getValues"
"The test clears the field and clicks the Save button. Then validates the message that the field is required.","18942","Required Message text Verification field test","","Fri Aug 22 14:36:30 GMT 2025","passed","Fri Aug 22 14:36:49 GMT 2025","","List. Checking the basic functions for the Money in the widget List","application.Samples.List.MoneyOnListTest","required"
"The test sets a value with the wrong data type in several fields for different widgets. After approval, it checks the text under the field, which informs about the correctness of the type of data entered","9667","Required Message validation test for multiple fields","","Fri Aug 22 14:45:55 GMT 2025","passed","Fri Aug 22 14:46:05 GMT 2025","","Form. Checking the basic functions for the Radio in the widget Form","application.Samples.Form.RadioOnFormTest","fieldLevelValidation"
"The test clears the field and clicks the Save button. Then validates the message that the field is required.","19068","Required Message text Verification field test","","Fri Aug 22 14:38:06 GMT 2025","passed","Fri Aug 22 14:38:25 GMT 2025","","List. Checking the basic functions for the DateTime in the widget List","application.Samples.List.DateTimeOnListTest","required"
"The test gets the value from the style attribute in RGB format, and then converts it to Hex format","7938","A test to get the field color value in Hex format","","Fri Aug 22 14:24:08 GMT 2025","passed","Fri Aug 22 14:24:16 GMT 2025","","List. Checking the basic functions for the MultiValue in the widget List","application.Samples.List.MultiValueOnListTest","color"
"The test gets the value from the placeholder attribute and returns it in String format","5973","Test for getting the Placeholder value","","Fri Aug 22 14:31:35 GMT 2025","passed","Fri Aug 22 14:31:41 GMT 2025","","List. Checking the basic functions for the Number in the widget List","application.Samples.List.NumberOnListTest","placeholder"
"The test sets the value in the field. After approval, by clicking on the save button, the popup window, the title, the text in it, and the buttons are validated.","6250","Confirmation Popup Validation Test","","Fri Aug 22 14:54:28 GMT 2025","passed","Fri Aug 22 14:54:34 GMT 2025","","Form. Checking the basic functions for the MultiValue in the widget Form","application.Samples.Form.MultiValueOnFormTest","confirm"
"","4937","The test for getting the value from the field","","Fri Aug 22 14:18:35 GMT 2025","passed","Fri Aug 22 14:18:40 GMT 2025","","Info. Checking the basic functions for the Input","application.Samples.Info.InputOnInfoTest","read"
"Sorting is not available for InfoWidget.","6804","Sorting test","","Fri Aug 22 14:18:01 GMT 2025","passed","Fri Aug 22 14:18:07 GMT 2025","","Info. Checking the basic functions for the FileUp","application.Samples.Info.FileUploadOnInfoTest","sorting"
"The test sets the value in the field. After approval, the popup window, the title, the text in it, and the buttons are validated.","10889","Business Exception Validation Test","","Fri Aug 22 14:32:51 GMT 2025","passed","Fri Aug 22 14:33:02 GMT 2025","","List. Checking the basic functions for the Text in the widget List","application.Samples.List.TextOnListTest","businessException"
"Sorting by the specified column.","16697","Sorting test","","Fri Aug 22 14:28:07 GMT 2025","passed","Fri Aug 22 14:28:24 GMT 2025","","List. Checking the basic functions for the DateTimeWithSeconds in the widget List","application.Samples.List.DateTimeWithSecondsOnListTest","sorting"
"The InfoWidget doesn't have a Placeholder.","9363","Test for getting the Placeholder value","","Fri Aug 22 14:19:57 GMT 2025","passed","Fri Aug 22 14:20:06 GMT 2025","","Info. Checking the basic functions for the CheckBox","application.Samples.Info.CheckboxOnInfoTest","placeholder"
"The test sets the value in the field. After approval, by clicking on the save button, the popup window, the title, the text in it, and the buttons are validated.","10492","Confirmation Popup Validation Test","","Fri Aug 22 14:34:13 GMT 2025","passed","Fri Aug 22 14:34:24 GMT 2025","","List. Checking the basic functions for the MultipleSelect in the widget List","application.Samples.List.MultipleSelectOnListTest","confirm"
"The test sets the value in the field. After approval, the popup window, the title, the text in it, and the buttons are validated","5954","Run-time exception validation test","","Fri Aug 22 14:42:28 GMT 2025","passed","Fri Aug 22 14:42:34 GMT 2025","","Form. Checking the basic functions for the Input in the widget Form","application.Samples.Form.InputOnFormTest","runtimeException"
"Info Widget is always read-only","4893","A test to check the field for ""Read-only""","","Fri Aug 22 14:19:06 GMT 2025","passed","Fri Aug 22 14:19:11 GMT 2025","","Info. Checking the basic functions for the DateTime","application.Samples.Info.DateTimeOnInfoTest","readonly"
"The test sets the value in the field. After approval, the popup window, the title, the text in it, and the buttons are validated","8643","Business Exception Validation Test","","Fri Aug 22 14:45:04 GMT 2025","passed","Fri Aug 22 14:45:12 GMT 2025","","Form. Checking the basic functions for the Radio in the widget Form","application.Samples.Form.RadioOnFormTest","businessException"
"The test checks the creation and deletion in the dictionary and the result of this work on another screen.","28478","Test region at Form","","Fri Aug 22 14:20:11 GMT 2025","passed","Fri Aug 22 14:20:39 GMT 2025","","Checking the basic functions for the Dictionary administration panel","application.Samples.DictionaryAdministrationTest","regionsForm"
"The test sets the value in the field. After approval, the popup window, the title, the text in it, and the buttons are validated.","10165","Business Exception Validation Test","","Fri Aug 22 14:26:52 GMT 2025","passed","Fri Aug 22 14:27:02 GMT 2025","","List. Checking the basic functions for the CheckBox","application.Samples.List.CheckBoxOnListTest","businessException"
"The test sets the value in the field, and then checks the value in the field with what should be set","10639","A test for setting a value in a field","","Fri Aug 22 14:43:11 GMT 2025","passed","Fri Aug 22 14:43:22 GMT 2025","","Form. Checking the basic functions for the Time","application.Samples.Form.TimeOnFormTest","edit"
"The test sets the value in the field. After approval, the popup window, the title, the text in it, and the buttons are validated","6595","Run-time exception validation test","","Fri Aug 22 14:43:51 GMT 2025","passed","Fri Aug 22 14:43:58 GMT 2025","","Form. Checking the basic functions for the DateTimeWithSeconds in the widget Form","application.Samples.Form.DateTimeWithSecondsOnFormTest","runtimeException"
"Checking the url before the transition and after the transition/click on a special element","7594","The DrillDown test","","Fri Aug 22 14:43:40 GMT 2025","passed","Fri Aug 22 14:43:48 GMT 2025","","Form. Checking the basic functions for the Text in the widget Form","application.Samples.Form.TextOnFormTest","drillDown"
"The test sets a value with the wrong data type in several fields for different widgets. After approval, it checks the text under the field, which informs about the correctness of the type of data entered","10614","Required Message validation test for multiple fields","","Fri Aug 22 14:52:47 GMT 2025","passed","Fri Aug 22 14:52:58 GMT 2025","","Form. Checking the basic functions for the Percent in the widget Form","application.Samples.Form.PercentOnFormTest","fieldLevelValidation"
"","19391","test_1()","","Fri Aug 22 14:20:50 GMT 2025","passed","Fri Aug 22 14:21:10 GMT 2025","","List. Checking the basic functions for the PickList in the widget List","application.Samples.List.PickListOnListTest","test_1"
"The test sets the value in the field. After approval, by clicking on the save button, the popup window, the title, the text in it, and the buttons are validated.","11546","Confirmation Popup Validation Test","","Fri Aug 22 14:33:39 GMT 2025","passed","Fri Aug 22 14:33:51 GMT 2025","","List. Checking the basic functions for the Text in the widget List","application.Samples.List.TextOnListTest","confirm"
"Sorting is not available for InfoWidget.","5225","Sorting test","","Fri Aug 22 14:19:10 GMT 2025","passed","Fri Aug 22 14:19:16 GMT 2025","","Info. Checking the basic functions for the Hint","application.Samples.Info.HintOnInfoTest","sorting"
"Checking the url before the transition and after the transition/click on a special element","12935","The DrillDown test","","Fri Aug 22 14:35:06 GMT 2025","passed","Fri Aug 22 14:35:19 GMT 2025","","List. Checking the basic functions for the SuggestionPickList in the widget List","application.Samples.List.SuggestionPickListOnListTest","drillDown"
"Sorting is not available for InfoWidget.","8291","Sorting test","","Fri Aug 22 14:19:05 GMT 2025","passed","Fri Aug 22 14:19:14 GMT 2025","","Info. Checking the basic functions for the CheckBox","application.Samples.Info.CheckboxOnInfoTest","sorting"
"Sorting by the specified column.","14631","Sorting test","","Fri Aug 22 14:27:48 GMT 2025","passed","Fri Aug 22 14:28:03 GMT 2025","","List. Checking the basic functions for the Percent in the widget List","application.Samples.List.PercentOnListTest","sorting"
"The test checks the creation and deletion in the dictionary and the result of this work on another screen.","27718","Test region at List","","Fri Aug 22 14:20:39 GMT 2025","passed","Fri Aug 22 14:21:07 GMT 2025","","Checking the basic functions for the Dictionary administration panel","application.Samples.DictionaryAdministrationTest","regionsList"
"The test gets the value from the style attribute in RGB format, and then converts it to Hex format","5127","A test to get the field color value in Hex format","","Fri Aug 22 14:47:47 GMT 2025","passed","Fri Aug 22 14:47:52 GMT 2025","","Form. Checking the basic functions for the DateTime in the widget Form","application.Samples.Form.DateTimeOnFormTest","color"
"The test clear the value in the field , and then checks the value in the field, it must be null.","6713","A test for checking the possibility of an empty field","","Fri Aug 22 14:40:57 GMT 2025","passed","Fri Aug 22 14:41:04 GMT 2025","","Form. Checking the basic functions for the Money in the widget Form","application.Samples.Form.MoneyOnFormTest","nullable"
"DrillDown is not available for InfoWidget.","6275","The DrillDown test","","Fri Aug 22 14:17:40 GMT 2025","passed","Fri Aug 22 14:17:46 GMT 2025","","Info. Checking the basic functions for the Date","application.Samples.Info.DateOnInfoTest","drillDown"
"DrillDown is not available for InfoWidget.","11230","The DrillDown test","","Fri Aug 22 14:15:22 GMT 2025","passed","Fri Aug 22 14:15:33 GMT 2025","","Info. Checking the basic functions for the Dictionary","application.Samples.Info.DictionaryOnInfoTest","drillDown"
"The test sets the value in the field. After approval, the popup window, the title, the text in it, and the buttons are validated","8617","Business Exception Validation Test","","Fri Aug 22 14:47:10 GMT 2025","passed","Fri Aug 22 14:47:19 GMT 2025","","Form. Checking the basic functions for the MultipleSelect in the widget Form","application.Samples.Form.MultipleSelectOnFormTest","businessException"
"The test sets a value with the wrong data type in several fields for different widgets. After approval, it checks the text under the field, which informs about the correctness of the type of data entered","9837","Required Message validation test for multiple fields","","Fri Aug 22 14:45:05 GMT 2025","passed","Fri Aug 22 14:45:14 GMT 2025","","Form. Checking the basic functions for the Text in the widget Form","application.Samples.Form.TextOnFormTest","fieldLevelValidation"
"The test sets the value with the wrong data type in the field. After approval, it checks the text under the field, which informs about the correctness of the type of data entered","9327","Required Message validation test for one field","","Fri Aug 22 14:44:03 GMT 2025","passed","Fri Aug 22 14:44:12 GMT 2025","","Form. Checking the basic functions for the Text in the widget Form","application.Samples.Form.TextOnFormTest","fieldLevelValidationAnnotation"
"The Hint field type is always read-only","5491","A test to check the field for ""Read-only""","","Fri Aug 22 14:33:18 GMT 2025","passed","Fri Aug 22 14:33:24 GMT 2025","","List. Checking the basic functions for the Hint in the widget List","application.Samples.List.HintOnListTest","readonly"
"Info Widget is always read-only","8239","A test to check the field for ""Read-only""","","Fri Aug 22 14:19:49 GMT 2025","passed","Fri Aug 22 14:19:57 GMT 2025","","Info. Checking the basic functions for the MultiValueHover","application.Samples.Info.MultiValueHoverOnInfoTest","readonly"
"The test opens a modal window, clears the field, closes the window, and then checks the message under the field.","6393","Required Message text Verification field test","","Fri Aug 22 14:54:03 GMT 2025","passed","Fri Aug 22 14:54:09 GMT 2025","","Form. Checking the basic functions for the MultiValue in the widget Form","application.Samples.Form.MultiValueOnFormTest","required_2"
"The test checks for the disabled attribute.","5640","A test to check the field for ""Read-only""","","Fri Aug 22 14:37:30 GMT 2025","passed","Fri Aug 22 14:37:36 GMT 2025","","List. Checking the basic functions for the DateTime in the widget List","application.Samples.List.DateTimeOnListTest","readonly"
"Info Widget is always read-only","6025","A test to check the field for ""Read-only""","","Fri Aug 22 14:17:36 GMT 2025","passed","Fri Aug 22 14:17:42 GMT 2025","","Info. Checking the basic functions for the Number","application.Samples.Info.NumberOnInfoTest","readonly"
"The test sets the value with the wrong data type in the field. After approval, it checks the text under the field, which informs about the correctness of the type of data entered","8129","Required Message validation test for one field","","Fri Aug 22 14:46:53 GMT 2025","passed","Fri Aug 22 14:47:01 GMT 2025","","Form. Checking the basic functions for the MultipleSelect in the widget Form","application.Samples.Form.MultipleSelectOnFormTest","fieldLevelValidationAnnotation"
"The test sets a value with the wrong data type in several fields for different widgets. After approval, it checks the text under the field, which informs about the correctness of the type of data entered","43054","Required Message validation test for multiple fields","","Fri Aug 22 14:36:24 GMT 2025","passed","Fri Aug 22 14:37:07 GMT 2025","","List. Checking the basic functions for the Radio in the widget List","application.Samples.List.RadioOnListTest","fieldLevelValidation"
"","7898","The test for getting the value from the field","","Fri Aug 22 14:14:53 GMT 2025","passed","Fri Aug 22 14:15:01 GMT 2025","","Info. Checking the basic functions for the Money","application.Samples.Info.MoneyOnInfoTest","read"
"DrillDown is not available for InfoWidget.","7156","The DrillDown test","","Fri Aug 22 14:18:07 GMT 2025","passed","Fri Aug 22 14:18:15 GMT 2025","","Info. Checking the basic functions for the FileUp","application.Samples.Info.FileUploadOnInfoTest","drillDown"
"The test sets the value in the field. After approval, the popup window, the title, the text in it, and the buttons are validated","8575","Run-time exception validation test","","Fri Aug 22 14:48:17 GMT 2025","passed","Fri Aug 22 14:48:25 GMT 2025","","Form. Checking the basic functions for the MultipleSelect in the widget Form","application.Samples.Form.MultipleSelectOnFormTest","runtimeException"
"Checking the url before the transition and after the transition/click on a special element","8806","The DrillDown test","","Fri Aug 22 14:31:47 GMT 2025","passed","Fri Aug 22 14:31:56 GMT 2025","","List. Checking the basic functions for the Text in the widget List","application.Samples.List.TextOnListTest","drillDown"
"Checking the url before the transition and after the transition/click on a special element","6890","The DrillDown test","","Fri Aug 22 14:32:40 GMT 2025","passed","Fri Aug 22 14:32:47 GMT 2025","","List. Checking the basic functions for the MultipleSelect in the widget List","application.Samples.List.MultipleSelectOnListTest","drillDown"
"The test sets the value in the field. After approval, the popup window, the title, the text in it, and the buttons are validated","9271","Run-time exception validation test","","Fri Aug 22 14:45:14 GMT 2025","passed","Fri Aug 22 14:45:24 GMT 2025","","Form. Checking the basic functions for the Text in the widget Form","application.Samples.Form.TextOnFormTest","runtimeException"
"The test checks for the disabled attribute.","7655","A test to check the field for ""Read-only""","","Fri Aug 22 14:22:50 GMT 2025","passed","Fri Aug 22 14:22:57 GMT 2025","","List. Checking the basic functions for the MultiValue in the widget List","application.Samples.List.MultiValueOnListTest","readonly"
"The test sets the value in the field. After approval, the popup window, the title, the text in it, and the buttons are validated","13582","Business Exception Validation Test","","Fri Aug 22 14:46:20 GMT 2025","passed","Fri Aug 22 14:46:34 GMT 2025","","Form. Checking the basic functions for the Suggestion PickList in the widget Form","application.Samples.Form.SuggestionPickListOnFormTest","businessException"
"Checking the url before the transition and after the transition/click on a special element","6972","The DrillDown test","","Fri Aug 22 14:35:26 GMT 2025","passed","Fri Aug 22 14:35:33 GMT 2025","","List. Checking the basic functions for the Money in the widget List","application.Samples.List.MoneyOnListTest","drillDown"
"The test gets the value from the style attribute in RGB format, and then converts it to Hex format","8675","A test to get the field color value in Hex format","","Fri Aug 22 14:45:20 GMT 2025","passed","Fri Aug 22 14:45:29 GMT 2025","","Form. Checking the basic functions for the InlinePickList in the widget Form","application.Samples.Form.InlinePickListOnFormTest","color"
"The test sets the value in the field. After approval, by clicking on the save button, the popup window, the title, the text in it, and the buttons are validated.","10019","Confirmation Popup Validation Test","","Fri Aug 22 14:36:14 GMT 2025","passed","Fri Aug 22 14:36:24 GMT 2025","","List. Checking the basic functions for the Radio in the widget List","application.Samples.List.RadioOnListTest","confirm"
"The test checks the list of options that the method returns, with the expected result.","9398","Test to get a list of options","","Fri Aug 22 14:32:47 GMT 2025","passed","Fri Aug 22 14:32:56 GMT 2025","","List. Checking the basic functions for the MultipleSelect in the widget List","application.Samples.List.MultipleSelectOnListTest","getListOptions"
"The test clear the value in the field , and then checks the value in the field, it must be null.","9155","A test for checking the possibility of an empty field","","Fri Aug 22 14:35:17 GMT 2025","passed","Fri Aug 22 14:35:26 GMT 2025","","List. Checking the basic functions for the Money in the widget List","application.Samples.List.MoneyOnListTest","nullable"
"Checking the url before the transition and after the transition/click on a special element","6080","The DrillDown test","","Fri Aug 22 14:41:04 GMT 2025","passed","Fri Aug 22 14:41:10 GMT 2025","","Form. Checking the basic functions for the Money in the widget Form","application.Samples.Form.MoneyOnFormTest","drillDown"
"Filtering by the specified column.","10429","Filtering test","","Fri Aug 22 14:20:06 GMT 2025","passed","Fri Aug 22 14:20:17 GMT 2025","","List. Checking the basic functions for the MultiValueHover in the widget List","application.Samples.List.MultiValueHoverOnListTest","filtration"
"The test sets the value in the field, and then checks the value in the field with what should be set.","31315","A test for setting a value in a field","","Fri Aug 22 14:39:10 GMT 2025","passed","Fri Aug 22 14:39:41 GMT 2025","","List. Checking the basic functions for the InlinePickList in the widget List","application.Samples.List.InlinePickListOnListTest","edit"
"The test gets the value from the style attribute in RGB format, and then converts it to Hex format","5324","A test to get the field color value in Hex format","","Fri Aug 22 14:48:35 GMT 2025","passed","Fri Aug 22 14:48:41 GMT 2025","","Form. Checking the basic functions for the Date in the widget Form","application.Samples.Form.DateOnFormTest","color"
"Checking the url before the transition and after the transition/click on a special element","8941","The DrillDown test","","Fri Aug 22 14:28:36 GMT 2025","passed","Fri Aug 22 14:28:45 GMT 2025","","List. Checking the basic functions for the Percent in the widget List","application.Samples.List.PercentOnListTest","drillDown"
"The test sets the value in the field. After approval, by clicking on the save button, the popup window, the title, the text in it, and the buttons are validated","8537","Confirmation Popup Validation Test","","Fri Aug 22 14:47:43 GMT 2025","passed","Fri Aug 22 14:47:51 GMT 2025","","Form. Checking the basic functions for the MultipleSelect in the widget Form","application.Samples.Form.MultipleSelectOnFormTest","confirm"
"The test checks for the disabled attribute.","8754","A test to check the field for ""Read-only""","","Fri Aug 22 14:21:31 GMT 2025","passed","Fri Aug 22 14:21:40 GMT 2025","","List. Checking the basic functions for the PickList in the widget List","application.Samples.List.PickListOnListTest","readonly"
"","6180","The test for getting the value from the field","","Fri Aug 22 14:17:42 GMT 2025","passed","Fri Aug 22 14:17:48 GMT 2025","","Info. Checking the basic functions for the Number","application.Samples.Info.NumberOnInfoTest","read"
"The test gets the value from the style attribute in RGB format, and then converts it to Hex format","10324","A test to get the field color value in Hex format","","Fri Aug 22 14:42:30 GMT 2025","passed","Fri Aug 22 14:42:41 GMT 2025","","List. Checking the basic functions for the Dictionary in the widget List","application.Samples.List.DictionaryOnListTest","color"
"Checking the url before the transition and after the transition/click on a special element","6669","The DrillDown test","","Fri Aug 22 14:50:34 GMT 2025","passed","Fri Aug 22 14:50:41 GMT 2025","","Form. Checking the basic functions for the PickList in the widget Form","application.Samples.Form.PickListOnFormTest","drillDown"
"The test gets the value from the style attribute in RGB format, and then converts it to Hex format","7607","A test to get the field color value in Hex format","","Fri Aug 22 14:17:00 GMT 2025","passed","Fri Aug 22 14:17:08 GMT 2025","","Info. Checking the basic functions for the MultiValue","application.Samples.Info.MultiValueOnInfoTest","color"
"The test check icon's name from the drop-down list ","10185","A test for checking the icon","","Fri Aug 22 14:42:20 GMT 2025","passed","Fri Aug 22 14:42:30 GMT 2025","","List. Checking the basic functions for the Dictionary in the widget List","application.Samples.List.DictionaryOnListTest","icon"
"The test sets the value in the field, and then checks the value in the field with what should be set","7082","A test for setting a value in a field","","Fri Aug 22 14:49:06 GMT 2025","passed","Fri Aug 22 14:49:13 GMT 2025","","Form. Checking the basic functions for the FileUpload in the widget Form","application.Samples.Form.FileUploadOnFormTest","edit"
"Filtering by the specified column.","6990","Filtering test","","Fri Aug 22 14:21:22 GMT 2025","passed","Fri Aug 22 14:21:29 GMT 2025","","List. Checking the basic functions for the FileUpload in the widget List","application.Samples.List.FileUploadOnListTest","filtration"
"","6975","The test for getting the value from the field","","Fri Aug 22 14:18:44 GMT 2025","passed","Fri Aug 22 14:18:51 GMT 2025","","Info. Checking the basic functions for the PickList","application.Samples.Info.PickListOnInfoTest","read"
"","9092","A test to get a value for a multifield hint","","Fri Aug 22 14:40:53 GMT 2025","passed","Fri Aug 22 14:41:02 GMT 2025","","Form. Checking the basic functions for the MultiField in the widget Form","application.Samples.Form.MultiFieldOnFormTest","getValues"
"InfoWidget does not have a Hex field color for this type.","5296","A test to get the field color value in Hex format","","Fri Aug 22 14:19:37 GMT 2025","passed","Fri Aug 22 14:19:42 GMT 2025","","Info. Checking the basic functions for the Hint","application.Samples.Info.HintOnInfoTest","color"
"Sorting is not available for the Form widget","7900","Sorting test","","Fri Aug 22 14:48:33 GMT 2025","passed","Fri Aug 22 14:48:41 GMT 2025","","Form. Checking the basic functions for the CheckBox","application.Samples.Form.CheckBoxOnFormTest","sorting"
"Sorting is not available for the Form widget","4707","Sorting test","","Fri Aug 22 14:41:11 GMT 2025","passed","Fri Aug 22 14:41:16 GMT 2025","","Form. Checking the basic functions for the Input in the widget Form","application.Samples.Form.InputOnFormTest","sorting"
"Checking the url before the transition and after the transition/click on a special element","6624","The DrillDown test","","Fri Aug 22 14:51:55 GMT 2025","passed","Fri Aug 22 14:52:01 GMT 2025","","Form. Checking the basic functions for the MultiValue in the widget Form","application.Samples.Form.MultiValueOnFormTest","drillDown"
"The test sets the value with the wrong data type in the field. After approval, it checks the text under the field, which informs about the correctness of the type of data entered.","29772","Required Message validation test for one field","","Fri Aug 22 14:37:36 GMT 2025","passed","Fri Aug 22 14:38:06 GMT 2025","","List. Checking the basic functions for the DateTime in the widget List","application.Samples.List.DateTimeOnListTest","fieldLevelValidationAnnotation"
"The test gets the value in the field, and then checks the value in the field with what should be.","6377","A test for checking a value in a field","","Fri Aug 22 14:33:30 GMT 2025","passed","Fri Aug 22 14:33:37 GMT 2025","","List. Checking the basic functions for the Hint in the widget List","application.Samples.List.HintOnListTest","read"
"The test gets the value from the placeholder attribute and returns it in String format","8090","Test for getting the Placeholder value","","Fri Aug 22 14:24:37 GMT 2025","passed","Fri Aug 22 14:24:45 GMT 2025","","List. Checking the basic functions for the MultiValue in the widget List","application.Samples.List.MultiValueOnListTest","placeholder"
"","5956","digits()","","Fri Aug 22 14:49:30 GMT 2025","passed","Fri Aug 22 14:49:36 GMT 2025","","Form. Checking the basic functions for the Number in the widget Form","application.Samples.Form.NumberOnFormTest","digits"
"The InfoWidget doesn't have a Placeholder.","8816","Test for getting the Placeholder value","","Fri Aug 22 14:16:14 GMT 2025","passed","Fri Aug 22 14:16:23 GMT 2025","","Info. Checking the basic functions for the MultiplySelect","application.Samples.Info.MultipleSelectOnInfoTest","placeholder"
"The test sets the value in the field, and then checks the value in the field with what should be set.","6395","A test for setting a number with a fractional part in a field","","Fri Aug 22 14:30:05 GMT 2025","passed","Fri Aug 22 14:30:11 GMT 2025","","List. Checking the basic functions for the Number in the widget List","application.Samples.List.NumberOnListTest","digits"
"Test click ""Export"" and check the file for standards.","8322","Test export button","","Fri Aug 22 14:22:32 GMT 2025","passed","Fri Aug 22 14:22:40 GMT 2025","","Checking the basic functions for the Dictionary administration panel","application.Samples.DictionaryAdministrationTest","testExprotFile"
"Filtering is not available for the Form widget","11138","Filtering test","","Fri Aug 22 14:45:46 GMT 2025","passed","Fri Aug 22 14:45:57 GMT 2025","","Form. Checking the basic functions for the Suggestion PickList in the widget Form","application.Samples.Form.SuggestionPickListOnFormTest","filtration"
"The test sets the value in the field. After approval, the popup window, the title, the text in it, and the buttons are validated","8026","Run-time exception validation test","","Fri Aug 22 14:51:33 GMT 2025","passed","Fri Aug 22 14:51:41 GMT 2025","","Form. Checking the basic functions for the PickList in the widget Form","application.Samples.Form.PickListOnFormTest","runtimeException"
"Sorting is not available for InfoWidget.","29848","Sorting test","","Fri Aug 22 14:13:57 GMT 2025","passed","Fri Aug 22 14:14:26 GMT 2025","","Info. Checking the basic functions for the DateTimeWithSeconds","application.Samples.Info.DateTimeWithSecondsOnInfoTest","sorting"
"Filtering is not available for InfoWidget.","7030","Filtering test","","Fri Aug 22 14:14:36 GMT 2025","passed","Fri Aug 22 14:14:43 GMT 2025","","Info. Checking the basic functions for the DateTimeWithSeconds","application.Samples.Info.DateTimeWithSecondsOnInfoTest","filtration"
"Checking the url before the transition and after the transition/click on a special element","6201","The DrillDown test","","Fri Aug 22 14:48:26 GMT 2025","passed","Fri Aug 22 14:48:32 GMT 2025","","Form. Checking the basic functions for the FileUpload in the widget Form","application.Samples.Form.FileUploadOnFormTest","drillDown"
"The InfoWidget doesn't have a Placeholder.","6139","Test for getting the Placeholder value","","Fri Aug 22 14:17:54 GMT 2025","passed","Fri Aug 22 14:18:01 GMT 2025","","Info. Checking the basic functions for the Number","application.Samples.Info.NumberOnInfoTest","placeholder"
"The test clears the field and clicks the Save button. Then validates the message that the field is required","8891","Required Message text Verification field test","","Fri Aug 22 14:44:55 GMT 2025","passed","Fri Aug 22 14:45:04 GMT 2025","","Form. Checking the basic functions for the Radio in the widget Form","application.Samples.Form.RadioOnFormTest","required"
"Filtering is not available for the Form widget","6253","Filtering test","","Fri Aug 22 14:48:32 GMT 2025","passed","Fri Aug 22 14:48:39 GMT 2025","","Form. Checking the basic functions for the FileUpload in the widget Form","application.Samples.Form.FileUploadOnFormTest","filtration"
"Filtering is not available for the Form widget","4829","Filtering test","","Fri Aug 22 14:47:10 GMT 2025","passed","Fri Aug 22 14:47:15 GMT 2025","","Form. Checking the basic functions for the DateTime in the widget Form","application.Samples.Form.DateTimeOnFormTest","filtration"
"Filtering is not available for the Form widget","7457","Filtering test","","Fri Aug 22 14:46:38 GMT 2025","passed","Fri Aug 22 14:46:45 GMT 2025","","Form. Checking the basic functions for the MultipleSelect in the widget Form","application.Samples.Form.MultipleSelectOnFormTest","filtration"
"The test clears the field and clicks the Save button. Then validates the message that the field is required","10563","Required Message text Verification field test","","Fri Aug 22 14:43:01 GMT 2025","passed","Fri Aug 22 14:43:11 GMT 2025","","Form. Checking the basic functions for the Time","application.Samples.Form.TimeOnFormTest","required"
"The InfoWidget doesn't have a Placeholder.","6816","Test for getting the Placeholder value","","Fri Aug 22 14:18:49 GMT 2025","passed","Fri Aug 22 14:18:56 GMT 2025","","Info. Checking the basic functions for the FileUp","application.Samples.Info.FileUploadOnInfoTest","placeholder"
"The test gets the value in the field, and then checks the value in the field with what should be.","0","A test for checking a value in a field","","Fri Aug 22 14:33:22 GMT 2025","skipped","Fri Aug 22 14:33:22 GMT 2025","","List. Checking the basic functions for the Text in the widget List","application.Samples.List.TextOnListTest","read"
"The test sets the value in the field. After approval, the popup window, the title, the text in it, and the buttons are validated.","7060","Run-time exception validation test","","Fri Aug 22 14:27:37 GMT 2025","passed","Fri Aug 22 14:27:44 GMT 2025","","List. Checking the basic functions for the Input in the widget List","application.Samples.List.InputOnListTest","runtimeException"
"The test gets the value from the placeholder attribute and returns it in String format","8917","Test for getting the Placeholder value","","Fri Aug 22 14:33:31 GMT 2025","passed","Fri Aug 22 14:33:39 GMT 2025","","List. Checking the basic functions for the Text in the widget List","application.Samples.List.TextOnListTest","placeholder"
"The test sets the value in the field. After approval, by clicking on the save button, the popup window, the title, the text in it, and the buttons are validated","6389","Confirmation Popup Validation Test","","Fri Aug 22 14:42:10 GMT 2025","passed","Fri Aug 22 14:42:16 GMT 2025","","Form. Checking the basic functions for the Input in the widget Form","application.Samples.Form.InputOnFormTest","confirm"
"The test sets the value with the wrong data type in the field. After approval, it checks the text under the field, which informs about the correctness of the type of data entered.","21931","Required Message validation test for one field","","Fri Aug 22 14:21:40 GMT 2025","passed","Fri Aug 22 14:22:01 GMT 2025","","List. Checking the basic functions for the PickList in the widget List","application.Samples.List.PickListOnListTest","fieldLevelValidationAnnotation"
"The test sets the value in the field, and then checks the value in the field with what should be set","10890","A test for setting a value in a field","","Fri Aug 22 14:45:09 GMT 2025","passed","Fri Aug 22 14:45:20 GMT 2025","","Form. Checking the basic functions for the InlinePickList in the widget Form","application.Samples.Form.InlinePickListOnFormTest","edit"
"The test gets the value from the style attribute in RGB format, and then converts it to Hex format","6281","A test to get the field color value in Hex format","","Fri Aug 22 14:26:06 GMT 2025","passed","Fri Aug 22 14:26:12 GMT 2025","","List. Checking the basic functions for the Input in the widget List","application.Samples.List.InputOnListTest","color"
"The test gets the value in the field, and then checks the value in the field with what should be.","0","A test for checking a value in a field","","Fri Aug 22 14:31:27 GMT 2025","skipped","Fri Aug 22 14:31:27 GMT 2025","","List. Checking the basic functions for the Number in the widget List","application.Samples.List.NumberOnListTest","read"
"Info Widget is always read-only","7349","A test to check the field for ""Read-only""","","Fri Aug 22 14:16:46 GMT 2025","passed","Fri Aug 22 14:16:53 GMT 2025","","Info. Checking the basic functions for the MultiValue","application.Samples.Info.MultiValueOnInfoTest","readonly"
"The test clears the field and clicks the Save button. Then validates the message that the field is required","9444","Required Message text Verification field test","","Fri Aug 22 14:47:01 GMT 2025","passed","Fri Aug 22 14:47:10 GMT 2025","","Form. Checking the basic functions for the MultipleSelect in the widget Form","application.Samples.Form.MultipleSelectOnFormTest","required"
"Filtering is not available for InfoWidget.","7319","Filtering test","","Fri Aug 22 14:16:38 GMT 2025","passed","Fri Aug 22 14:16:46 GMT 2025","","Info. Checking the basic functions for the MultiValue","application.Samples.Info.MultiValueOnInfoTest","filtration"
"The test sets a value with the wrong data type in several fields for different widgets. After approval, it checks the text under the field, which informs about the correctness of the type of data entered","6777","Required Message validation test for multiple fields","","Fri Aug 22 14:42:21 GMT 2025","passed","Fri Aug 22 14:42:28 GMT 2025","","Form. Checking the basic functions for the Input in the widget Form","application.Samples.Form.InputOnFormTest","fieldLevelValidation"
"Filtering is not available for InfoWidget.","9514","Filtering test","","Fri Aug 22 14:15:35 GMT 2025","passed","Fri Aug 22 14:15:45 GMT 2025","","Info. Checking the basic functions for the MultiField","application.Samples.Info.MultiFieldOnInfoTest","filtration"
"","6973","The test for getting the file name in the field","","Fri Aug 22 14:18:15 GMT 2025","passed","Fri Aug 22 14:18:22 GMT 2025","","Info. Checking the basic functions for the FileUp","application.Samples.Info.FileUploadOnInfoTest","readNameFileInField"
"Sorting is not available for the Form widget","6724","Sorting test","","Fri Aug 22 14:50:28 GMT 2025","passed","Fri Aug 22 14:50:34 GMT 2025","","Form. Checking the basic functions for the PickList in the widget Form","application.Samples.Form.PickListOnFormTest","sorting"
"The test sets the value in the field. After approval, the popup window, the title, the text in it, and the buttons are validated.","8708","Run-time exception validation test","","Fri Aug 22 14:25:29 GMT 2025","passed","Fri Aug 22 14:25:38 GMT 2025","","List. Checking the basic functions for the MultiValue in the widget List","application.Samples.List.MultiValueOnListTest","runtimeException"
"Filtering is not available for the Form widget","4651","Filtering test","","Fri Aug 22 14:41:21 GMT 2025","passed","Fri Aug 22 14:41:26 GMT 2025","","Form. Checking the basic functions for the Input in the widget Form","application.Samples.Form.InputOnFormTest","filtration"
"The test sets the value in the field. After approval, by clicking on the save button, the popup window, the title, the text in it, and the buttons are validated.","8481","Confirmation Popup Validation Test","","Fri Aug 22 14:31:41 GMT 2025","passed","Fri Aug 22 14:31:49 GMT 2025","","List. Checking the basic functions for the Number in the widget List","application.Samples.List.NumberOnListTest","confirm"
"The test sets a value with the wrong data type in several fields for different widgets. After approval, it checks the text under the field, which informs about the correctness of the type of data entered","63376","Required Message validation test for multiple fields","","Fri Aug 22 14:30:25 GMT 2025","passed","Fri Aug 22 14:31:29 GMT 2025","","List. Checking the basic functions for the DateTimeWithSeconds in the widget List","application.Samples.List.DateTimeWithSecondsOnListTest","fieldLevelValidation"
"","10566","A test to check the options of the drop-down list","","Fri Aug 22 14:40:55 GMT 2025","passed","Fri Aug 22 14:41:06 GMT 2025","","List. Checking the basic functions for the Dictionary in the widget List","application.Samples.List.DictionaryOnListTest","options"
"The test sets a value with the wrong data type in several fields for different widgets. After approval, it checks the text under the field, which informs about the correctness of the type of data entered","7692","Required Message validation test for multiple fields","","Fri Aug 22 14:49:49 GMT 2025","passed","Fri Aug 22 14:49:56 GMT 2025","","Form. Checking the basic functions for the FileUpload in the widget Form","application.Samples.Form.FileUploadOnFormTest","fieldLevelValidation"
"","5618","The test for getting the value from the field","","Fri Aug 22 14:17:58 GMT 2025","passed","Fri Aug 22 14:18:04 GMT 2025","","Info. Checking the basic functions for the Date","application.Samples.Info.DateOnInfoTest","read"
"The test gets the value in the field, and then checks the value in the field with what should be.","0","A test for checking a value in a field","","Fri Aug 22 14:31:09 GMT 2025","skipped","Fri Aug 22 14:31:09 GMT 2025","","List. Checking the basic functions for the Percent in the widget List","application.Samples.List.PercentOnListTest","read"
"The test sets the value in the field. After approval, by clicking on the save button, the popup window, the title, the text in it, and the buttons are validated.","21816","Confirmation Popup Validation Test","","Fri Aug 22 14:31:25 GMT 2025","passed","Fri Aug 22 14:31:47 GMT 2025","","List. Checking the basic functions for the Percent in the widget List","application.Samples.List.PercentOnListTest","confirm"
"Info Widget is always read-only","5081","A test to check the field for ""Read-only""","","Fri Aug 22 14:18:30 GMT 2025","passed","Fri Aug 22 14:18:35 GMT 2025","","Info. Checking the basic functions for the Input","application.Samples.Info.InputOnInfoTest","readonly"
"The test gets the value in the field, and then checks the value in the field with what should be.","8045","A test for checking a value in a field","","Fri Aug 22 14:23:02 GMT 2025","passed","Fri Aug 22 14:23:10 GMT 2025","","List. Checking the basic functions for the PickList in the widget List","application.Samples.List.PickListOnListTest","read"
"The InfoWidget doesn't have a Placeholder.","9019","Test for getting the Placeholder value","","Fri Aug 22 14:17:25 GMT 2025","passed","Fri Aug 22 14:17:34 GMT 2025","","Info. Checking the basic functions for the Radio","application.Samples.Info.RadioOnInfoTest","placeholder"
"","4943","checkFilterOrSort()","","Fri Aug 22 14:25:01 GMT 2025","passed","Fri Aug 22 14:25:06 GMT 2025","","List. Checking the basic functions for the Input in the widget List","application.Samples.List.InputOnListTest","checkFilterOrSort"
"The test sets a value with the wrong data type in several fields for different widgets. After approval, it checks the text under the field, which informs about the correctness of the type of data entered","9580","Required Message validation test for multiple fields","","Fri Aug 22 14:48:54 GMT 2025","passed","Fri Aug 22 14:49:04 GMT 2025","","Form. Checking the basic functions for the Date in the widget Form","application.Samples.Form.DateOnFormTest","fieldLevelValidation"
"The test sets a value with the wrong data type in several fields for different widgets. After approval, it checks the text under the field, which informs about the correctness of the type of data entered","9825","Required Message validation test for multiple fields","","Fri Aug 22 14:50:08 GMT 2025","passed","Fri Aug 22 14:50:18 GMT 2025","","Form. Checking the basic functions for the CheckBox","application.Samples.Form.CheckBoxOnFormTest","fieldLevelValidation"
"The test gets the value in the field, and then checks the value in the field with what should be.","0","A test for checking a value in a field","","Fri Aug 22 14:35:36 GMT 2025","skipped","Fri Aug 22 14:35:36 GMT 2025","","List. Checking the basic functions for the Radio in the widget List","application.Samples.List.RadioOnListTest","read"
"Filtering is not available for the Form widget","6380","Filtering test","","Fri Aug 22 14:41:10 GMT 2025","passed","Fri Aug 22 14:41:16 GMT 2025","","Form. Checking the basic functions for the Money in the widget Form","application.Samples.Form.MoneyOnFormTest","filtration"
"Checking the url before the transition and after the transition/click on a special element","8787","The DrillDown test","","Fri Aug 22 14:50:46 GMT 2025","passed","Fri Aug 22 14:50:55 GMT 2025","","Form. Checking the basic functions for the Dictionary in the widget Form","application.Samples.Form.DictionaryOnFormTest","drillDown"
"The test sets the value with the wrong data type in the field. After approval, it checks the text under the field, which informs about the correctness of the type of data entered","7178","Required Message validation test for one field","","Fri Aug 22 14:49:47 GMT 2025","passed","Fri Aug 22 14:49:54 GMT 2025","","Form. Checking the basic functions for the Number in the widget Form","application.Samples.Form.NumberOnFormTest","fieldLevelValidationAnnotation"
"The test checks for the disabled attribute.","7032","A test to check the field for ""Read-only""","","Fri Aug 22 14:30:17 GMT 2025","passed","Fri Aug 22 14:30:24 GMT 2025","","List. Checking the basic functions for the Number in the widget List","application.Samples.List.NumberOnListTest","readonly"
"The test checks the value of the digits attributes","6330","Required Message text Verification field test","","Fri Aug 22 14:41:59 GMT 2025","passed","Fri Aug 22 14:42:05 GMT 2025","","Form. Checking the basic functions for the Input in the widget Form","application.Samples.Form.InputOnFormTest","maxInput"
"Filtering is not available for the Form widget","5262","Filtering test","","Fri Aug 22 14:42:45 GMT 2025","passed","Fri Aug 22 14:42:50 GMT 2025","","Form. Checking the basic functions for the Time","application.Samples.Form.TimeOnFormTest","filtration"
"The test gets the value from the style attribute in RGB format, and then converts it to Hex format","7810","A test to get the field color value in Hex format","","Fri Aug 22 14:20:06 GMT 2025","passed","Fri Aug 22 14:20:14 GMT 2025","","Info. Checking the basic functions for the MultiValueHover","application.Samples.Info.MultiValueHoverOnInfoTest","color"
"The test gets the value from the style attribute in RGB format, and then converts it to Hex format","5446","A test to get the field color value in Hex format","","Fri Aug 22 14:43:25 GMT 2025","passed","Fri Aug 22 14:43:30 GMT 2025","","Form. Checking the basic functions for the DateTimeWithSeconds in the widget Form","application.Samples.Form.DateTimeWithSecondsOnFormTest","color"
"The test gets the value from the placeholder attribute and returns it in String format","5834","Test for getting the Placeholder value","","Fri Aug 22 14:50:20 GMT 2025","passed","Fri Aug 22 14:50:26 GMT 2025","","Form. Checking the basic functions for the Number in the widget Form","application.Samples.Form.NumberOnFormTest","placeholder"
"The test gets the value from the style attribute in RGB format, and then converts it to Hex format","5160","A test to get the field color value in Hex format","","Fri Aug 22 14:19:17 GMT 2025","passed","Fri Aug 22 14:19:22 GMT 2025","","Info. Checking the basic functions for the DateTime","application.Samples.Info.DateTimeOnInfoTest","color"
"The test checks the creation and deletion in the dictionary and the result of this work on another screen.","22599","Test sorting at Form","","Fri Aug 22 14:21:44 GMT 2025","passed","Fri Aug 22 14:22:07 GMT 2025","","Checking the basic functions for the Dictionary administration panel","application.Samples.DictionaryAdministrationTest","sortingForm"
"The test gets the value from the placeholder attribute and returns it in String format","7169","Test for getting the Placeholder value","","Fri Aug 22 14:28:03 GMT 2025","passed","Fri Aug 22 14:28:10 GMT 2025","","List. Checking the basic functions for the Date in the widget List","application.Samples.List.DateOnListTest","placeholder"
"The test clears the field and clicks the Save button. Then validates the message that the field is required","12147","Required Message text Verification field test","","Fri Aug 22 14:46:08 GMT 2025","passed","Fri Aug 22 14:46:20 GMT 2025","","Form. Checking the basic functions for the Suggestion PickList in the widget Form","application.Samples.Form.SuggestionPickListOnFormTest","required"
"The test gets the value in the field, and then checks the value in the field with what should be.","0","A test for checking a value in a field","","Fri Aug 22 14:42:30 GMT 2025","skipped","Fri Aug 22 14:42:30 GMT 2025","","List. Checking the basic functions for the Dictionary in the widget List","application.Samples.List.DictionaryOnListTest","read"
"The test sets the value in the field, and then checks the value in the field with what should be set.","28228","A test for setting a value in a field","","Fri Aug 22 14:29:23 GMT 2025","passed","Fri Aug 22 14:29:51 GMT 2025","","List. Checking the basic functions for the DateTimeWithSeconds in the widget List","application.Samples.List.DateTimeWithSecondsOnListTest","edit"
"The test gets the value from the placeholder attribute and returns it in String format","5548","Test for getting the Placeholder value","","Fri Aug 22 14:39:16 GMT 2025","passed","Fri Aug 22 14:39:21 GMT 2025","","List. Checking the basic functions for the DateTime in the widget List","application.Samples.List.DateTimeOnListTest","placeholder"
"The test sets a value with the wrong data type in several fields for different widgets. After approval, it checks the text under the field, which informs about the correctness of the type of data entered","8141","Required Message validation test for multiple fields","","Fri Aug 22 14:48:09 GMT 2025","passed","Fri Aug 22 14:48:17 GMT 2025","","Form. Checking the basic functions for the MultipleSelect in the widget Form","application.Samples.Form.MultipleSelectOnFormTest","fieldLevelValidation"
"The test sets the value in the field. After approval, the popup window, the title, the text in it, and the buttons are validated.","19016","Business Exception Validation Test","","Fri Aug 22 14:27:09 GMT 2025","passed","Fri Aug 22 14:27:28 GMT 2025","","List. Checking the basic functions for the Date in the widget List","application.Samples.List.DateOnListTest","businessException"
"The test gets the value in the field, and then checks the value in the field with what should be.","0","A test for checking a value in a field","","Fri Aug 22 14:39:41 GMT 2025","skipped","Fri Aug 22 14:39:41 GMT 2025","","List. Checking the basic functions for the InlinePickList in the widget List","application.Samples.List.InlinePickListOnListTest","read"
"Sorting is not available for InfoWidget.","5449","Sorting test","","Fri Aug 22 14:17:35 GMT 2025","passed","Fri Aug 22 14:17:40 GMT 2025","","Info. Checking the basic functions for the Date","application.Samples.Info.DateOnInfoTest","sorting"
"The test sets the value in the field, and then checks the value in the field with what should be set.","19829","A test for setting a value in a field","","Fri Aug 22 14:33:02 GMT 2025","passed","Fri Aug 22 14:33:22 GMT 2025","","List. Checking the basic functions for the Text in the widget List","application.Samples.List.TextOnListTest","edit"
"The test sets the value in the field. After approval, the popup window, the title, the text in it, and the buttons are validated.","21713","Business Exception Validation Test","","Fri Aug 22 14:30:18 GMT 2025","passed","Fri Aug 22 14:30:39 GMT 2025","","List. Checking the basic functions for the Percent in the widget List","application.Samples.List.PercentOnListTest","businessException"
"The test sets the value in the field. After approval, the popup window, the title, the text in it, and the buttons are validated.","10643","Business Exception Validation Test","","Fri Aug 22 14:35:04 GMT 2025","passed","Fri Aug 22 14:35:15 GMT 2025","","List. Checking the basic functions for the Radio in the widget List","application.Samples.List.RadioOnListTest","businessException"
"Checking the url before the transition and after the transition/click on a special element","6459","The DrillDown test","","Fri Aug 22 14:28:24 GMT 2025","passed","Fri Aug 22 14:28:30 GMT 2025","","List. Checking the basic functions for the DateTimeWithSeconds in the widget List","application.Samples.List.DateTimeWithSecondsOnListTest","drillDown"
"The test clears the field and clicks the Save button. Then validates the message that the field is required.","25419","Required Message text Verification field test","","Fri Aug 22 14:35:43 GMT 2025","passed","Fri Aug 22 14:36:09 GMT 2025","","List. Checking the basic functions for the SuggestionPickList in the widget List","application.Samples.List.SuggestionPickListOnListTest","required"
"The test sets the value in the field. After approval, the popup window, the title, the text in it, and the buttons are validated.","28831","Business Exception Validation Test","","Fri Aug 22 14:36:49 GMT 2025","passed","Fri Aug 22 14:37:18 GMT 2025","","List. Checking the basic functions for the Money in the widget List","application.Samples.List.MoneyOnListTest","businessException"
"The InfoWidget doesn't have a Placeholder.","7183","Test for getting the Placeholder value","","Fri Aug 22 14:15:16 GMT 2025","passed","Fri Aug 22 14:15:23 GMT 2025","","Info. Checking the basic functions for the Money","application.Samples.Info.MoneyOnInfoTest","placeholder"
"The test sets the value in the field. After approval, the popup window, the title, the text in it, and the buttons are validated.","7964","Run-time exception validation test","","Fri Aug 22 14:40:43 GMT 2025","passed","Fri Aug 22 14:40:51 GMT 2025","","List. Checking the basic functions for the DateTime in the widget List","application.Samples.List.DateTimeOnListTest","runtimeException"
"The Hint field type is always read-only","5100","A test to check the field for ""Read-only""","","Fri Aug 22 14:44:08 GMT 2025","passed","Fri Aug 22 14:44:13 GMT 2025","","Form. Checking the basic functions for the Hint in the widget Form","application.Samples.Form.HintOnFormTest","readonly"
"The test sets the value in the field, and then checks the value in the field with what should be set.","17565","A test for setting a value in a field","","Fri Aug 22 14:31:10 GMT 2025","passed","Fri Aug 22 14:31:27 GMT 2025","","List. Checking the basic functions for the Number in the widget List","application.Samples.List.NumberOnListTest","edit"
"The test sets the value in the field. After approval, by clicking on the save button, the popup window, the title, the text in it, and the buttons are validated","7801","Confirmation Popup Validation Test","","Fri Aug 22 14:42:12 GMT 2025","passed","Fri Aug 22 14:42:20 GMT 2025","","Form. Checking the basic functions for the Money in the widget Form","application.Samples.Form.MoneyOnFormTest","confirm"
"The test checks for the disabled attribute.","6784","A test to check the field for ""Read-only""","","Fri Aug 22 14:52:57 GMT 2025","passed","Fri Aug 22 14:53:04 GMT 2025","","Form. Checking the basic functions for the MultiValue in the widget Form","application.Samples.Form.MultiValueOnFormTest","readonly"
"The test sets the value in the field. After approval, the popup window, the title, the text in it, and the buttons are validated","6309","Business Exception Validation Test","","Fri Aug 22 14:41:42 GMT 2025","passed","Fri Aug 22 14:41:49 GMT 2025","","Form. Checking the basic functions for the Input in the widget Form","application.Samples.Form.InputOnFormTest","businessException"
"The test gets the value from the style attribute in RGB format, and then converts it to Hex format","6975","A test to get the field color value in Hex format","","Fri Aug 22 14:18:51 GMT 2025","passed","Fri Aug 22 14:18:58 GMT 2025","","Info. Checking the basic functions for the PickList","application.Samples.Info.PickListOnInfoTest","color"
"DrillDown is not available for InfoWidget.","9118","The DrillDown test","","Fri Aug 22 14:19:14 GMT 2025","passed","Fri Aug 22 14:19:23 GMT 2025","","Info. Checking the basic functions for the CheckBox","application.Samples.Info.CheckboxOnInfoTest","drillDown"
"The test sets the value in the field, and then checks the value in the field with what should be set.","16153","A test for setting a value in a field","","Fri Aug 22 14:25:50 GMT 2025","passed","Fri Aug 22 14:26:06 GMT 2025","","List. Checking the basic functions for the Input in the widget List","application.Samples.List.InputOnListTest","edit"
"The test sets the value in the field. After approval, the popup window, the title, the text in it, and the buttons are validated","9315","Run-time exception validation test","","Fri Aug 22 14:50:18 GMT 2025","passed","Fri Aug 22 14:50:28 GMT 2025","","Form. Checking the basic functions for the CheckBox","application.Samples.Form.CheckBoxOnFormTest","runtimeException"
"The test sets the value in the field. After approval, the popup window, the title, the text in it, and the buttons are validated","10021","Business Exception Validation Test","","Fri Aug 22 14:52:02 GMT 2025","passed","Fri Aug 22 14:52:12 GMT 2025","","Form. Checking the basic functions for the Percent in the widget Form","application.Samples.Form.PercentOnFormTest","businessException"
"The test sets a value with the wrong data type in several fields for different widgets. After approval, it checks the text under the field, which informs about the correctness of the type of data entered","8753","Required Message validation test for multiple fields","","Fri Aug 22 14:43:43 GMT 2025","passed","Fri Aug 22 14:43:51 GMT 2025","","Form. Checking the basic functions for the DateTimeWithSeconds in the widget Form","application.Samples.Form.DateTimeWithSecondsOnFormTest","fieldLevelValidation"
"Filtering by the specified column.","5642","Filtering test","","Fri Aug 22 14:33:13 GMT 2025","passed","Fri Aug 22 14:33:18 GMT 2025","","List. Checking the basic functions for the Hint in the widget List","application.Samples.List.HintOnListTest","filtration"
"Checking the url before the transition and after the transition/click on a special element","6924","The DrillDown test","","Fri Aug 22 14:29:58 GMT 2025","passed","Fri Aug 22 14:30:05 GMT 2025","","List. Checking the basic functions for the Number in the widget List","application.Samples.List.NumberOnListTest","drillDown"
"The InfoWidget doesn't have a Placeholder.","8162","Test for getting the Placeholder value","","Fri Aug 22 14:18:07 GMT 2025","passed","Fri Aug 22 14:18:15 GMT 2025","","Info. Checking the basic functions for the Text","application.Samples.Info.TextOnInfoTest","placeholder"
"The test sets the value in the field. After approval, the popup window, the title, the text in it, and the buttons are validated","7275","Business Exception Validation Test","","Fri Aug 22 14:48:21 GMT 2025","passed","Fri Aug 22 14:48:28 GMT 2025","","Form. Checking the basic functions for the Date in the widget Form","application.Samples.Form.DateOnFormTest","businessException"
"The test gets the value in the field, and then checks the value in the field with what should be.","0","A test for checking a value in a field","","Fri Aug 22 14:20:35 GMT 2025","skipped","Fri Aug 22 14:20:35 GMT 2025","","List. Checking the basic functions for the MultiValueHover in the widget List","application.Samples.List.MultiValueHoverOnListTest","read"
"The test clears the field and clicks the Save button. Then validates the message that the field is required","7697","Required Message text Verification field test","","Fri Aug 22 14:41:30 GMT 2025","passed","Fri Aug 22 14:41:38 GMT 2025","","Form. Checking the basic functions for the Money in the widget Form","application.Samples.Form.MoneyOnFormTest","required"
"The test sets the value with the wrong data type in the field. After approval, it checks the text under the field, which informs about the correctness of the type of data entered","7171","Required Message validation test for one field","","Fri Aug 22 14:47:20 GMT 2025","passed","Fri Aug 22 14:47:27 GMT 2025","","Form. Checking the basic functions for the DateTime in the widget Form","application.Samples.Form.DateTimeOnFormTest","fieldLevelValidationAnnotation"
"The test gets the value in the field, and then checks the value in the field with what should be.","0","A test for checking a value in a field","","Fri Aug 22 14:27:10 GMT 2025","skipped","Fri Aug 22 14:27:10 GMT 2025","","List. Checking the basic functions for the CheckBox","application.Samples.List.CheckBoxOnListTest","read"
"Sorting is not available for the Form widget","7983","Sorting test","","Fri Aug 22 14:44:23 GMT 2025","passed","Fri Aug 22 14:44:31 GMT 2025","","Form. Checking the basic functions for the Radio in the widget Form","application.Samples.Form.RadioOnFormTest","sorting"
"Sorting by the specified column.","19237","Sorting test","","Fri Aug 22 14:34:47 GMT 2025","passed","Fri Aug 22 14:35:06 GMT 2025","","List. Checking the basic functions for the SuggestionPickList in the widget List","application.Samples.List.SuggestionPickListOnListTest","sorting"
"The test clears the field and clicks the Save button. Then validates the message that the field is required.","21815","Required Message text Verification field test","","Fri Aug 22 14:23:18 GMT 2025","passed","Fri Aug 22 14:23:40 GMT 2025","","List. Checking the basic functions for the MultiValue in the widget List","application.Samples.List.MultiValueOnListTest","required"
"The InfoWidget doesn't have a Placeholder.","8993","Test for getting the Placeholder value","","Fri Aug 22 14:17:01 GMT 2025","passed","Fri Aug 22 14:17:10 GMT 2025","","Info. Checking the basic functions for the Percent","application.Samples.Info.PercentOnInfoTest","placeholder"
"Filtering is not available for the Form widget","5705","Filtering test","","Fri Aug 22 14:49:36 GMT 2025","passed","Fri Aug 22 14:49:41 GMT 2025","","Form. Checking the basic functions for the Number in the widget Form","application.Samples.Form.NumberOnFormTest","filtration"
"The test sets the characters in the field, and then returns a list of values that match or contain characters","12575","Character Matching test","","Fri Aug 22 14:45:29 GMT 2025","passed","Fri Aug 22 14:45:41 GMT 2025","","Form. Checking the basic functions for the InlinePickList in the widget Form","application.Samples.Form.InlinePickListOnFormTest","valuesInList"
"Filtering is not available for the Form widget","8394","Filtering test","","Fri Aug 22 14:51:26 GMT 2025","passed","Fri Aug 22 14:51:34 GMT 2025","","Form. Checking the basic functions for the Percent in the widget Form","application.Samples.Form.PercentOnFormTest","filtration"
"Filtering is not available for the Form widget","7897","Filtering test","","Fri Aug 22 14:44:39 GMT 2025","passed","Fri Aug 22 14:44:46 GMT 2025","","Form. Checking the basic functions for the Radio in the widget Form","application.Samples.Form.RadioOnFormTest","filtration"
"The test sets the value in the field. After approval, the popup window, the title, the text in it, and the buttons are validated","6280","Run-time exception validation test","","Fri Aug 22 14:48:13 GMT 2025","passed","Fri Aug 22 14:48:20 GMT 2025","","Form. Checking the basic functions for the DateTime in the widget Form","application.Samples.Form.DateTimeOnFormTest","runtimeException"
"Filtering by the specified column.","8306","Filtering test","","Fri Aug 22 14:35:33 GMT 2025","passed","Fri Aug 22 14:35:41 GMT 2025","","List. Checking the basic functions for the Money in the widget List","application.Samples.List.MoneyOnListTest","filtration"
"Checking the url before the transition and after the transition/click on a special element","7934","The DrillDown test","","Fri Aug 22 14:26:18 GMT 2025","passed","Fri Aug 22 14:26:26 GMT 2025","","List. Checking the basic functions for the CheckBox","application.Samples.List.CheckBoxOnListTest","drillDown"
"The test checks the status of one option, whether it is selected or not.","8661","A test to check the status of one option","","Fri Aug 22 14:34:58 GMT 2025","passed","Fri Aug 22 14:35:06 GMT 2025","","List. Checking the basic functions for the MultipleSelect in the widget List","application.Samples.List.MultipleSelectOnListTest","statusOption"
"The test sets a value with the wrong data type in several fields for different widgets. After approval, it checks the text under the field, which informs about the correctness of the type of data entered","13628","Required Message validation test for multiple fields","","Fri Aug 22 14:34:34 GMT 2025","passed","Fri Aug 22 14:34:47 GMT 2025","","List. Checking the basic functions for the MultipleSelect in the widget List","application.Samples.List.MultipleSelectOnListTest","fieldLevelValidation"
"Filtering is not available for the Form widget","8206","Filtering test","","Fri Aug 22 14:48:50 GMT 2025","passed","Fri Aug 22 14:48:58 GMT 2025","","Form. Checking the basic functions for the CheckBox","application.Samples.Form.CheckBoxOnFormTest","filtration"
"The test sets the value in the field. After approval, the popup window, the title, the text in it, and the buttons are validated.","10014","Business Exception Validation Test","","Fri Aug 22 14:33:36 GMT 2025","passed","Fri Aug 22 14:33:46 GMT 2025","","List. Checking the basic functions for the MultipleSelect in the widget List","application.Samples.List.MultipleSelectOnListTest","businessException"
"The test clears the field and clicks the Save button. Then validates the message that the field is required.","21965","Required Message text Verification field test","","Fri Aug 22 14:24:15 GMT 2025","passed","Fri Aug 22 14:24:37 GMT 2025","","List. Checking the basic functions for the Time","application.Samples.List.TimeOnListTest","required"
"Sorting by the specified column.","14204","Sorting test","","Fri Aug 22 14:24:29 GMT 2025","passed","Fri Aug 22 14:24:43 GMT 2025","","List. Checking the basic functions for the Input in the widget List","application.Samples.List.InputOnListTest","sorting"
"The test checks for the disabled attribute.","10448","A test to check the field for ""Read-only""","","Fri Aug 22 14:41:17 GMT 2025","passed","Fri Aug 22 14:41:28 GMT 2025","","List. Checking the basic functions for the Dictionary in the widget List","application.Samples.List.DictionaryOnListTest","readonly"
"Sorting is not available for InfoWidget.","8646","Sorting test","","Fri Aug 22 14:15:23 GMT 2025","passed","Fri Aug 22 14:15:32 GMT 2025","","Info. Checking the basic functions for the MultiplySelect","application.Samples.Info.MultipleSelectOnInfoTest","sorting"
"The test gets the value from the placeholder attribute and returns it in String format","5977","Test for getting the Placeholder value","","Fri Aug 22 14:46:54 GMT 2025","passed","Fri Aug 22 14:47:00 GMT 2025","","Form. Checking the basic functions for the NumberDigits in the widget Form","application.Samples.Form.NumberDigitsOnFormTest","placeholder"
"The test gets the value from the style attribute in RGB format, and then converts it to Hex format","8018","A test to get the field color value in Hex format","","Fri Aug 22 14:27:10 GMT 2025","passed","Fri Aug 22 14:27:18 GMT 2025","","List. Checking the basic functions for the CheckBox","application.Samples.List.CheckBoxOnListTest","color"
"The test sets the value in the field, and then checks the value in the field with what should be set","7329","A test for setting a value in a field","","Fri Aug 22 14:41:45 GMT 2025","passed","Fri Aug 22 14:41:53 GMT 2025","","Form. Checking the basic functions for the Money in the widget Form","application.Samples.Form.MoneyOnFormTest","edit"
"The test sets the value in the field, and then checks the value in the field with what should be set","23268","A test for setting a value in a field","","Fri Aug 22 14:24:37 GMT 2025","passed","Fri Aug 22 14:25:01 GMT 2025","","List. Checking the basic functions for the Time","application.Samples.List.TimeOnListTest","edit"
"The test gets the value from the style attribute in RGB format, and then converts it to Hex format","8550","A test to get the field color value in Hex format","","Fri Aug 22 14:33:56 GMT 2025","passed","Fri Aug 22 14:34:05 GMT 2025","","List. Checking the basic functions for the MultipleSelect in the widget List","application.Samples.List.MultipleSelectOnListTest","color"
"The test clears the field and clicks the Save button. Then validates the message that the field is required","10023","Required Message text Verification field test","","Fri Aug 22 14:51:32 GMT 2025","passed","Fri Aug 22 14:51:42 GMT 2025","","Form. Checking the basic functions for the Dictionary in the widget Form","application.Samples.Form.DictionaryOnFormTest","required"
"The test clears the field and clicks the Save button. Then validates the message that the field is required.","12668","Required Message text Verification field test","","Fri Aug 22 14:33:23 GMT 2025","passed","Fri Aug 22 14:33:36 GMT 2025","","List. Checking the basic functions for the MultipleSelect in the widget List","application.Samples.List.MultipleSelectOnListTest","required"
"The transition/Redirect is not available","6244","The DrillDown test","","Fri Aug 22 14:33:06 GMT 2025","passed","Fri Aug 22 14:33:13 GMT 2025","","List. Checking the basic functions for the Hint in the widget List","application.Samples.List.HintOnListTest","drillDown"
"Sorting is not available for the Form widget","7448","Sorting test","","Fri Aug 22 14:46:14 GMT 2025","passed","Fri Aug 22 14:46:21 GMT 2025","","Form. Checking the basic functions for the MultipleSelect in the widget Form","application.Samples.Form.MultipleSelectOnFormTest","sorting"
"The test sets the value with the wrong data type in the field. After approval, it checks the text under the field, which informs about the correctness of the type of data entered","7585","Required Message validation test for one field","","Fri Aug 22 14:48:07 GMT 2025","passed","Fri Aug 22 14:48:15 GMT 2025","","Form. Checking the basic functions for the Date in the widget Form","application.Samples.Form.DateOnFormTest","fieldLevelValidationAnnotation"
"The test gets the value from the style attribute in RGB format, and then converts it to Hex format","8300","A test to get the field color value in Hex format","","Fri Aug 22 14:17:17 GMT 2025","passed","Fri Aug 22 14:17:25 GMT 2025","","Info. Checking the basic functions for the Radio","application.Samples.Info.RadioOnInfoTest","color"
"The test delete a field in the admin panel","10623","Test for deleting admin value","","Fri Aug 22 14:21:20 GMT 2025","passed","Fri Aug 22 14:21:31 GMT 2025","","Checking the basic functions for the Dictionary administration panel","application.Samples.DictionaryAdministrationTest","delete"
"InfoWidget does not have a Hex field color for this type.","6949","A test to get the field color value in Hex format","","Fri Aug 22 14:18:42 GMT 2025","passed","Fri Aug 22 14:18:49 GMT 2025","","Info. Checking the basic functions for the FileUp","application.Samples.Info.FileUploadOnInfoTest","color"
"The test sets the value with the wrong data type in the field. After approval, it checks the text under the field, which informs about the correctness of the type of data entered.","22293","Required Message validation test for one field","","Fri Aug 22 14:34:42 GMT 2025","passed","Fri Aug 22 14:35:04 GMT 2025","","List. Checking the basic functions for the Radio in the widget List","application.Samples.List.RadioOnListTest","fieldLevelValidationAnnotation"
"DrillDown is not available for InfoWidget.","8665","The DrillDown test","","Fri Aug 22 14:15:32 GMT 2025","passed","Fri Aug 22 14:15:40 GMT 2025","","Info. Checking the basic functions for the MultiplySelect","application.Samples.Info.MultipleSelectOnInfoTest","drillDown"
"The test verifies that after clearing the field, it is empty.","9112","The test for deleting a file from a field","","Fri Aug 22 14:22:25 GMT 2025","passed","Fri Aug 22 14:22:34 GMT 2025","","List. Checking the basic functions for the FileUpload in the widget List","application.Samples.List.FileUploadOnListTest","clear"
"The InfoWidget doesn't have a Placeholder.","5729","Test for getting the Placeholder value","","Fri Aug 22 14:18:10 GMT 2025","passed","Fri Aug 22 14:18:16 GMT 2025","","Info. Checking the basic functions for the Date","application.Samples.Info.DateOnInfoTest","placeholder"
"The test sets the value in the field via Popup using a unique id, and then checks the value in the field with what needs to be set.","19655","A test for setting a value in a field","","Fri Aug 22 14:22:42 GMT 2025","passed","Fri Aug 22 14:23:02 GMT 2025","","List. Checking the basic functions for the PickList in the widget List","application.Samples.List.PickListOnListTest","edit"
"The test creates and delete a new field in the admin panel","13071","Test for creating admin value","","Fri Aug 22 14:21:07 GMT 2025","passed","Fri Aug 22 14:21:20 GMT 2025","","Checking the basic functions for the Dictionary administration panel","application.Samples.DictionaryAdministrationTest","create"
"The test gets the value from the placeholder attribute and returns it in String format","6592","Test for getting the Placeholder value","","Fri Aug 22 14:49:27 GMT 2025","passed","Fri Aug 22 14:49:34 GMT 2025","","Form. Checking the basic functions for the FileUpload in the widget Form","application.Samples.Form.FileUploadOnFormTest","placeholder"
