"DESCRIPTION","DURATION IN MS","NAME","PARENT SUITE","START TIME","STATUS","STOP TIME","SUB SUITE","SUITE","TEST CLASS","TEST METHOD"
"","2090","position()","","2026-09-29","passed","2026-09-29","","List. Checking the basic functions for the dateTimeWithSec in the widget List","application.Samples.List.DateTimeWithSecondsOnListTest","position"
"The test sets the value in the field. After approval, by clicking on the save button, the popup window, the title, the text in it, and the buttons are validated","5247","Confirmation Popup Validation Test","","2026-09-29","passed","2026-09-29","","Form. Checking the basic functions for the InlinePickList in the widget Form","application.Samples.Form.InlinePickListOnFormTest","confirm"
"Sorting is not available for the Form widget","0","Sorting test","","2026-09-29","skipped","2026-09-29","","Form. Checking the basic functions for the FileUpload in the widget Form","application.Samples.Form.FileUploadOnFormTest","sorting"
"The test gets the value from the placeholder attribute and returns it in String format","2154","Test for getting the Placeholder value","","2026-09-29","passed","2026-09-29","","Form. Checking the basic functions for the Money in the widget Form","application.Samples.Form.MoneyOnFormTest","placeholder"
"A test to get the value from the field. Hint is always read-only, so it is impossible to set the value.","0","A test to check the value in a field","","2026-09-29","skipped","2026-09-29","","List. Checking the basic functions for the Hint in the widget List","application.Samples.List.HintOnListTest","edit"
"The test sets the value in the field. After approval, the popup window, the title, the text in it, and the buttons are validated.","5833","Run-time exception validation test","","2026-09-29","passed","2026-09-29","","application.Samples.List.TextOnListTest","application.Samples.List.TextOnListTest","runtimeException"
"The test gets the value from the placeholder attribute and returns it in String format","3072","Test for getting the Placeholder value","","2026-09-29","passed","2026-09-29","","List. Checking the basic functions for the PickList in the widget List","application.Samples.List.PickListOnListTest","placeholder"
"The test checks the list of buttons","2434","Test getting all widget buttons","","2026-09-29","passed","2026-09-29","","Form. Checking the basic functions for the Input in the widget Form","application.Samples.Form.InputTest","getButtons"
"The test sets the value in the field. After approval, the popup window, the title, the text in it, and the buttons are validated","3240","Run-time exception validation test","","2026-09-29","passed","2026-09-29","","Form. Checking the basic functions for the FileUpload in the widget Form","application.Samples.Form.FileUploadOnFormTest","runtimeException"
"Checking the url before the transition and after the transition/click on a special element","0","The DrillDown test","","2026-09-29","skipped","2026-09-29","","Form. Checking the basic functions for the MultiValue in the widget Form","application.Samples.Form.MultiValueOnFormTest","drillDown"
"The Hint field type is always read-only","0","A test to check the field for ""Read-only""","","2026-09-29","skipped","2026-09-29","","List. Checking the basic functions for the Hint in the widget List","application.Samples.List.HintOnListTest","readonly"
"","2398","position()","","2026-09-29","passed","2026-09-29","","Form. Checking the basic functions for the FileUpload in the widget Form","application.Samples.Form.FileUploadOnFormTest","position"
"The test sets the value in the field. After approval, the popup window, the title, the text in it, and the buttons are validated","3311","Run-time exception validation test","","2026-09-29","passed","2026-09-29","","application.Samples.Form.PercentOnFormTest","application.Samples.Form.PercentOnFormTest","runtimeException"
"The placeholder is shown for a field that is not enabled in the meta as well","3022","Test for getting the Placeholder value of a read-only field","","2026-09-29","passed","2026-09-29","","application.Samples.List.TextOnListTest","application.Samples.List.TextOnListTest","placeholderReadOnly"
"The test opens a modal window, clears the field, closes the window, and then checks the message under the field.","7050","Required Message text Verification field test","","2026-09-29","passed","2026-09-29","","List. Checking the basic functions for the MultiValue in the widget List","application.Samples.List.MultiValueOnListTest","required_2"
"Filtering is not available for the Form widget","0","Filtering test","","2026-09-29","skipped","2026-09-29","","Form. Checking the basic functions for the Number in the widget Form","application.Samples.Form.NumberOnFormTest","filtration"
"The test sets the value in the field. After approval, by clicking on the save button, the popup window, the title, the text in it, and the buttons are validated.","4469","Confirmation Popup Validation Test","","2026-09-29","passed","2026-09-29","","List. Checking the basic functions for the Number in the widget List","application.Samples.List.NumberOnListTest","confirm"
"The test sets the value in the field. After approval, the popup window, the title, the text in it, and the buttons are validated.","3598","Run-time exception validation test","","2026-09-29","passed","2026-09-29","","List. Checking the basic functions for the dateTimeWithSec in the widget List","application.Samples.List.DateTimeWithSecondsOnListTest","runtimeException"
"The test sets the value in the field. After approval, the popup window, the title, the text in it, and the buttons are validated.","4520","Business Exception Validation Test","","2026-09-29","passed","2026-09-29","","List. Checking the basic functions for the Number in the widget List","application.Samples.List.NumberOnListTest","businessException"
"The test checks the value in the field with what should be set","3462","A test to read value","","2026-09-29","passed","2026-09-29","","Info. Checking the basic functions for the Time","application.Samples.Info.TimeOnInfoTest","read3"
"The list is shown while Custom Field of the current record is greater than 5; the condition is recalculated on save","9924","Show condition by current entity","","2026-09-29","passed","2026-09-29","","List. Show condition","application.Samples.List.ListShowConditionTest","showConditionByCurrentEntity"
"The test gets the value from the placeholder attribute and returns it in String format","2737","Test for getting the Placeholder value","","2026-09-29","passed","2026-09-29","","Form. Checking the basic functions for the DateTimeWithSeconds in the widget Form","application.Samples.Form.DateTimeWithSecondsTest","placeholder"
"DrillDown is not available for InfoWidget.","0","The DrillDown test","","2026-09-29","skipped","2026-09-29","","Info. Checking the basic functions for the MultiplySelect","application.Samples.Info.MultipleSelectOnInfoTest","drillDown"
"The test sets the value in the field. After approval, the popup window, the title, the text in it, and the buttons are validated","4256","Business Exception Validation Test","","2026-09-29","passed","2026-09-29","","Form. Checking the basic functions for the Number in the widget Form","application.Samples.Form.NumberOnFormTest","businessException"
"Settings - Markdown markup shows the stored markdown, Settings - Visual Editor goes back. The value is not changed.","3478","Switching between the visual editor and the markdown markup","","2026-09-29","passed","2026-09-29","","Form. Checking the basic functions for the RichText in the widget Form","application.Samples.Form.RichTextFieldOnFormTest","markdownMode"
"The user opens the row for editing, types text and formats it with the toolbar; the field stores markdown. The value is not saved.","3337","A test for setting a value in a field","","2026-09-29","passed","2026-09-29","","List. Checking the basic functions for the RichText in the widget List","application.Samples.List.RichTextOnListTest","edit"
"The test clears the field and clicks the Save button. Then validates the message that the field is required","3772","Required Message text Verification field test","","2026-09-29","passed","2026-09-29","","application.Samples.Form.TimeOnFormTest","application.Samples.Form.TimeOnFormTest","required"
"Sorting is not available for the Form widget","0","Sorting test","","2026-09-29","skipped","2026-09-29","","application.Samples.Form.PercentOnFormTest","application.Samples.Form.PercentOnFormTest","sorting"
"The card shows the preview, the status, the title, the description and the actions","2667","Main visual parts of the card","","2026-09-29","passed","2026-09-29","","CardList. Properties","application.Samples.CardList.CardListPropertiesTest","parts"
"InfoWidget does not have a Hex field color for this type.","0","A test to get the field color value in Hex format","","2026-09-29","skipped","2026-09-29","","Info. Checking the basic functions for the MultiplySelect","application.Samples.Info.MultipleSelectOnInfoTest","color"
"DrillDown is not available for InfoWidget.","2722","The DrillDown test","","2026-09-29","passed","2026-09-29","","Info. Checking the basic functions for the Dictionary","application.Samples.Info.DictionaryOnInfoTest","drillDown"
"The Hint field type is always read-only","0","A test to check the field for ""Read-only""","","2026-09-29","skipped","2026-09-29","","Form. Checking the basic functions for the MultiValueHover in the widget Form","application.Samples.Form.MultiValueHoverOnFormTest","readonly"
"Filtering by the specified column.","4221","Filtering test","","2026-09-29","passed","2026-09-29","","application.Samples.List.TextOnListTest","application.Samples.List.TextOnListTest","filtration"
"The test sets the value with the wrong data type in the field. After approval, it checks the text under the field, which informs about the correctness of the type of data entered.","8251","Required Message validation test for one field","","2026-09-29","passed","2026-09-29","","application.Samples.List.TextOnListTest","application.Samples.List.TextOnListTest","fieldLevelValidationAnnotation"
"The pencil of the popup row opens its form (options.edit.widget); the changed value is saved and shown.","15866","AssocTreePopup: edit inline-form","","2026-09-29","passed","2026-09-29","","PickTreePopup, AssocTreePopup. Row actions inside the popup","application.Samples.Tree.PopupRowActionsTest","assocEditInlineForm"
"","2468","position()","","2026-09-29","passed","2026-09-29","","Form. Checking the basic functions for the InlinePickList in the widget Form","application.Samples.Form.InlinePickListOnFormTest","position"
"The test checks for the disabled attribute.","2821","A test to check the field for ""Read-only""","","2026-09-29","passed","2026-09-29","","List. Checking the basic functions for the Input in the widget List","application.Samples.List.InputOnListTest","readonly"
"The placeholder is shown for a field that is not enabled in the meta as well","2140","Test for getting the Placeholder value of a read-only field","","2026-09-29","passed","2026-09-29","","Form. Checking the basic functions for the MultipleSelect in the widget Form","application.Samples.Form.MultipleSelectOnFormTest","placeholderReadOnly"
"The test gets the value in the field, and then checks the value in the field with what should be.","0","A test for checking a value in a field","","2026-09-29","skipped","2026-09-29","","List. Checking the basic functions for the FileUpload in the widget List","application.Samples.List.FileUploadOnListTest","read"
"Sorting by the specified column.","6281","Sorting test","","2026-09-29","passed","2026-09-29","","List. Checking the basic functions for the RichText in the widget List","application.Samples.List.RichTextOnListTest","sorting"
"","2682","The test for getting the value from the field","","2026-09-29","passed","2026-09-29","","Info. Checking the basic functions for the DateTime","application.Samples.Info.DateTimeOnInfoTest","read"
"The test gets the value in the field, and then checks the value in the field with what should be.","0","A test for checking a value in a field","","2026-09-29","skipped","2026-09-29","","List. Checking the basic functions for the MultiValue in the widget List","application.Samples.List.MultiValueOnListTest","read"
"The test sets the value with the wrong data type in the field. After approval, it checks the text under the field, which informs about the correctness of the type of data entered.","8131","Required Message validation test for one field","","2026-09-29","passed","2026-09-29","","List. Checking the basic functions for the Money in the widget List","application.Samples.List.MoneyOnListTest","fieldLevelValidationAnnotation"
"The test checks for the disabled attribute.","2859","A test to check the field for ""Read-only""","","2026-09-29","passed","2026-09-29","","List. Checking the basic functions for the FileUpload in the widget List","application.Samples.List.FileUploadOnListTest","readonly"
"The user types a value longer than 50 characters and clicks Save. The message of the field is validated.","5663","Required Message validation test for one field","","2026-09-29","passed","2026-09-29","","List. Checking the basic functions for the RichText in the widget List","application.Samples.List.RichTextOnListTest","fieldLevelValidationAnnotation"
"The method returns Option-Status pairs, for all. The test checks each pair.","9930","Test to check the status of all options","","2026-09-29","passed","2026-09-29","","List. Checking the basic functions for the MultipleSelect in the widget List","application.Samples.List.MultipleSelectOnListTest","statusOptions"
"The test clears the field and clicks the Save button. Then validates the message that the field is required.","6241","Required Message text Verification field test","","2026-09-29","passed","2026-09-29","","List. Checking the basic functions for the Date in the widget List","application.Samples.List.DateOnListTest","required"
"The user types text and formats it with the toolbar; the field stores markdown. The value is not saved.","3021","A test for setting a value in a field","","2026-09-29","passed","2026-09-29","","Form. Checking the basic functions for the RichText in the widget Form","application.Samples.Form.RichTextFieldOnFormTest","edit"
"The test checks the downloaded file with the template file that is contained in the resources","3847","A test to compare the downloaded file with the template","","2026-09-29","passed","2026-09-29","","List. Checking the basic functions for the FileUpload in the widget List","application.Samples.List.FileUploadOnListTest","compare"
"The test sets the value in the field, and then checks the value in the field with what should be set.","7874","A test for setting a value in a field","","2026-09-29","passed","2026-09-29","","List. Checking the basic functions for the Money in the widget List","application.Samples.List.MoneyOnListTest","edit"
"The test clears the field and clicks the Save button. Then validates the message that the field is required.","5449","Required Message text Verification field test","","2026-09-29","passed","2026-09-29","","List. Checking the basic functions for the Number in the widget List","application.Samples.List.NumberOnListTest","required"
"","2330","position()","","2026-09-29","passed","2026-09-29","","Info. Checking the basic functions for the Input","application.Samples.Info.InputTest","position"
"The test sets a value with the wrong data type in several fields for different widgets. After approval, it checks the text under the field, which informs about the correctness of the type of data entered","13851","Required Message validation test for multiple fields","","2026-09-29","passed","2026-09-29","","List. Checking the basic functions for the DateTime in the widget List","application.Samples.List.DateTimeOnListTest","fieldLevelValidation"
"Info Widget is always read-only","0","A test to check the field for ""Read-only""","","2026-09-29","skipped","2026-09-29","","Info. Checking the basic functions for the Percent","application.Samples.Info.PercentOnInfoTest","readonly"
"The test sets the value in the field. After approval, the popup window, the title, the text in it, and the buttons are validated.","6077","Business Exception Validation Test","","2026-09-29","passed","2026-09-29","","List. Checking the basic functions for the InlinePickList in the widget List","application.Samples.List.InlinePickListOnListTest","businessException"
"The test gets the value from the placeholder attribute and returns it in String format","2445","Test for getting the Placeholder value","","2026-09-29","passed","2026-09-29","","Form. Checking the basic functions for the CheckBox","application.Samples.Form.CheckBoxOnFormTest","placeholder"
"The test clears the field and clicks the Save button. Then validates the message that the field is required.","4229","Required Message text Verification field test","","2026-09-29","passed","2026-09-29","","List. Checking the basic functions for the Time","application.Samples.List.TimeOnListTest","required"
"The placeholder is shown for a field that is not enabled in the meta as well","2594","Test for getting the Placeholder value of a read-only field","","2026-09-29","passed","2026-09-29","","List. Checking the basic functions for the InlinePickList in the widget List","application.Samples.List.InlinePickListOnListTest","placeholderReadOnly"
"DrillDown is not available for InfoWidget.","2590","The DrillDown test","","2026-09-29","passed","2026-09-29","","Info. New Api.  Checking the basic functions for the CheckBox","application.Samples.Info.CheckboxTest","drillDown"
"The test clears the field and clicks the Save button. Then validates the message that the field is required","3878","Required Message text Verification field test","","2026-09-29","passed","2026-09-29","","Form. Checking the basic functions for the CheckBox","application.Samples.Form.CheckBoxOnFormTest","required"
"Checking the url before the transition and after the transition/click on a special element","0","The DrillDown test","","2026-09-29","skipped","2026-09-29","","Form. Checking the basic functions for the Text in the widget Form","application.Samples.Form.TextOnFormTest","drillDown"
"The test sets the value in the field. After approval, the popup window, the title, the text in it, and the buttons are validated.","4839","Business Exception Validation Test","","2026-09-29","passed","2026-09-29","","List. Checking the basic functions for the PickList in the widget List","application.Samples.List.PickListOnListTest","businessException"
"The test sets the value in the field. After approval, the popup window, the title, the text in it, and the buttons are validated.","5333","Business Exception Validation Test","","2026-09-29","passed","2026-09-29","","List. Checking the basic functions for the FileUpload in the widget List","application.Samples.List.FileUploadOnListTest","businessException"
"The pagination shows the pages from the count of the records, the next page shows the rest of the cards","3654","Pagination nextAndPreviousWithCount: the CardList tab of the property sample","","2026-09-29","passed","2026-09-29","","CardList. Properties","application.Samples.CardList.CardListPropertiesTest","paginationPropertySample"
"","2656","position()","","2026-09-29","passed","2026-09-29","","Form. Checking the basic functions for the DateTimeWithSeconds in the widget Form","application.Samples.Form.DateTimeWithSecondsTest","position"
"Checking the url before the transition and after the transition/click on a special element","2702","The DrillDown test","","2026-09-29","passed","2026-09-29","","List. Checking the basic functions for the DateTime in the widget List","application.Samples.List.DateTimeOnListTest","drillDown"
"The test calls a modal window, after which the method returns Status-Value pairs depending on the column header.","0","A test for checking values by column heading in a modal window","","2026-09-29","skipped","2026-09-29","","Form. Checking the basic functions for the MultiValue in the widget Form","application.Samples.Form.MultiValueOnFormTest","test_status"
"The test sets the value in the field. After approval, the popup window, the title, the text in it, and the buttons are validated.","4688","Business Exception Validation Test","","2026-09-29","passed","2026-09-29","","List. Checking the basic functions for the CheckBox","application.Samples.List.CheckBoxOnListTest","businessException"
"Checking the url before the transition and after the transition/click on a special element","0","The DrillDown test","","2026-09-29","skipped","2026-09-29","","application.Samples.Form.PercentOnFormTest","application.Samples.Form.PercentOnFormTest","drillDown"
"Sorting is not available for InfoWidget.","0","Sorting test","","2026-09-29","skipped","2026-09-29","","Info. Checking the basic functions for the MultiValueHover","application.Samples.Info.MultiValueHoverOnInfoTest","sorting"
"The pages accumulate: after More the previously loaded rows stay on the screen","5584","More loads the next page of the root rows and keeps the loaded ones","","2026-09-29","passed","2026-09-29","","Tree. Lazy load: roots, expand, More per node, sorting","application.Samples.Tree.TreeLazyLoadTest","rootMoreAccumulates"
"","1554","test_1()","","2026-09-29","passed","2026-09-29","","List. Checking the basic functions for the PickList in the widget List","application.Samples.List.PickListOnListTest","test_1"
"Sorting by the specified column.","33532","Sorting test","","2026-09-29","passed","2026-09-29","","List. Checking the basic functions for the dateTimeWithSec in the widget List","application.Samples.List.DateTimeWithSecondsOnListTest","sorting"
"The test sets a value with the wrong data type in several fields for different widgets. After approval, it checks the text under the field, which informs about the correctness of the type of data entered","10870","Required Message validation test for multiple fields","","2026-09-29","passed","2026-09-29","","Form. Checking the basic functions for the DateTime in the widget Form","application.Samples.Form.DateTimeOnFormTest","fieldLevelValidation"
"","3202","The test for getting the value from the field","","2026-09-29","passed","2026-09-29","","Info. Checking the basic functions for the MultiValueHover","application.Samples.Info.MultiValueHoverOnInfoTest","read"
"The test sets the value in the field. After approval, by clicking on the save button, the popup window, the title, the text in it, and the buttons are validated","13598","Confirmation Popup Validation Test","","2026-09-29","passed","2026-09-29","","Form. Checking the basic functions for the MultipleSelect in the widget Form","application.Samples.Form.MultipleSelectOnFormTest","confirm"
"Checking the url before the transition and after the transition/click on a special element","1","The DrillDown test","","2026-09-29","skipped","2026-09-29","","Form. Checking the basic functions for the Number in the widget Form","application.Samples.Form.NumberOnFormTest","drillDown"
"Filtering by the specified column.","4569","Filtering test","","2026-09-29","passed","2026-09-29","","List. Checking the basic functions for the FileUpload in the widget List","application.Samples.List.FileUploadOnListTest","filtration"
"The test sets the value in the field. After approval, the popup window, the title, the text in it, and the buttons are validated","3633","Run-time exception validation test","","2026-09-29","passed","2026-09-29","","Form. Checking the basic functions for the Dictionary in the widget Form","application.Samples.Form.DictionaryOnFormTest","runtimeException"
"The test sets several values in the field, then checks the list with the expected value.","12589","A test for setting multiple values in a field","","2026-09-29","passed","2026-09-29","","Form. Checking the basic functions for the MultiValueTree in the widget Form","application.Samples.Form.MultiValueTreeOnFormTest","test_set"
"Sorting by the specified column.","8328","Sorting test","","2026-09-29","passed","2026-09-29","","application.Samples.List.RadioOnListTest","application.Samples.List.RadioOnListTest","sorting"
"The test sets the value in the field. After approval, the popup window, the title, the text in it, and the buttons are validated","4778","Business Exception Validation Test","","2026-09-29","passed","2026-09-29","","Form. Checking the basic functions for the CheckBox","application.Samples.Form.CheckBoxOnFormTest","businessException"
"The test sets the value with the wrong data type in the field. After approval, it checks the text under the field, which informs about the correctness of the type of data entered","7165","Required Message validation test for one field","","2026-09-29","passed","2026-09-29","","Form. Checking the basic functions for the DateTimeWithSeconds in the widget Form","application.Samples.Form.DateTimeWithSecondsTest","fieldLevelValidationAnnotation"
"The test checks the creation and deletion in the dictionary and the result of this work on another screen.","1258","Test sorting at Form","","2026-09-29","passed","2026-09-29","","Checking the basic functions for the Dictionary administration panel","application.Samples.DictionaryAdministrationTest","sortingForm"
"onFilterApplyNestLevel = 0: the parents are not requested; the rows wait in the unallocated block","8977","A found row whose parents are not loaded is shown apart with the >... button","","2026-09-29","passed","2026-09-29","","Tree. Search modes: collapse, hide, restoring the path of the found rows","application.Samples.Tree.TreeSearchModesTest","foundRowsAreUnallocated"
"The test sets a value with the wrong data type in several fields for different widgets. After approval, it checks the text under the field, which informs about the correctness of the type of data entered","6902","Required Message validation test for multiple fields","","2026-09-29","passed","2026-09-29","","Form. Checking the basic functions for the Input in the widget Form","application.Samples.Form.InputTest","fieldLevelValidation"
"Two lists of the same record: with the default height and with maxRows 2.","3576","The height of the field","","2026-09-29","passed","2026-09-29","","application.Samples.List.TextOnListTest","application.Samples.List.TextOnListTest","height"
"","2325","position()","","2026-09-29","passed","2026-09-29","","Form. Checking the basic functions for the MultipleSelect in the widget Form","application.Samples.Form.MultipleSelectOnFormTest","position"
"Id field should be automatically added to the API response when no fields of the Business Component (BC) are added to widgets on the screen during the initial load. Check when the BC has no visible fields but acts as a parent BC, child bc data should load","1748","Include Id when No Fields In Widgets On Bc","","2026-09-29","passed","2026-09-29","","Checking the functions for bug fix","application.Samples.BugFixTests","testIncludeIdWhenNoFieldsInWidgetsOnBc"
"The test checks the list of options that the method returns, with the expected result.","9245","Test to get a list of options","","2026-09-29","passed","2026-09-29","","List. Checking the basic functions for the MultipleSelect in the widget List","application.Samples.List.MultipleSelectOnListTest","getListOptions"
"The test checks for the disabled attribute.","2507","A test to check the field for ""Read-only""","","2026-09-29","passed","2026-09-29","","application.Samples.List.SuggestionPickListOnListTest","application.Samples.List.SuggestionPickListOnListTest","readonly"
"The test checks for the disabled attribute","2276","A test to check the field for ""Read-only""","","2026-09-29","passed","2026-09-29","","Form. Checking the basic functions for the Date in the widget Form","application.Samples.Form.DateOnFormTest","readonly"
"The test sets the value with the wrong data type in the field. After approval, it checks the text under the field, which informs about the correctness of the type of data entered","4547","Required Message validation test for one field","","2026-09-29","passed","2026-09-29","","application.Samples.Form.PercentOnFormTest","application.Samples.Form.PercentOnFormTest","fieldLevelValidationAnnotation"
"The test sets the value in the field, and then checks the value in the field with what should be set.","3878","A test for setting a value in a field","","2026-09-29","passed","2026-09-29","","List. Checking the basic functions for the InlinePickList in the widget List","application.Samples.List.InlinePickListOnListTest","getOptions"
"Filtering is not available for the Form widget","0","Filtering test","","2026-09-29","skipped","2026-09-29","","Form. Checking the basic functions for the MultiValueTree in the widget Form","application.Samples.Form.MultiValueTreeOnFormTest","filtration"
"Switching the mode in the gear menu keeps the filter; switching back restores the arrows","16901","hide: the same rows, the arrows are replaced by the dot","","2026-09-29","passed","2026-09-29","","Tree. Search modes: collapse, hide, restoring the path of the found rows","application.Samples.Tree.TreeSearchModesTest","hideMode"
"The test sets the value in the field, and then checks the value in the field with what should be set.","5512","A test for setting a value in a field","","2026-09-29","passed","2026-09-29","","List. Checking the basic functions for the Input in the widget List","application.Samples.List.InputOnListTest","edit"
"","2396","position()","","2026-09-29","passed","2026-09-29","","application.Samples.List.TextOnListTest","application.Samples.List.TextOnListTest","position"
"","2662","The test for getting the value from the field","","2026-09-29","passed","2026-09-29","","Info. Checking the basic functions for the DateTimeWithSeconds","application.Samples.Info.DateTimeWithSecondsTest","read"
"Default search mode; every shown row matches the filter, no row gets the disabled dot","12830","collapse: only the found rows are shown, the panel counts them, the arrows stay active","","2026-09-29","passed","2026-09-29","","Tree. Search modes: collapse, hide, restoring the path of the found rows","application.Samples.Tree.TreeSearchModesTest","collapseMode"
"Checking the url before the transition and after the transition/click on a special element","0","The DrillDown test","","2026-09-29","skipped","2026-09-29","","application.Samples.Form.TimeOnFormTest","application.Samples.Form.TimeOnFormTest","drillDown"
"","2152","position()","","2026-09-29","passed","2026-09-29","","Form. Checking the basic functions for the Input in the widget Form","application.Samples.Form.InputTest","position"
"The test sets the value in the field. After approval, by clicking on the save button, the popup window, the title, the text in it, and the buttons are validated.","8817","Confirmation Popup Validation Test","","2026-09-29","passed","2026-09-29","","List. Checking the basic functions for the CheckBox","application.Samples.List.CheckBoxOnListTest","confirm"
"The test sets a value with the wrong data type in several fields for different widgets. After approval, it checks the text under the field, which informs about the correctness of the type of data entered","7414","Required Message validation test for multiple fields","","2026-09-29","passed","2026-09-29","","List. Checking the basic functions for the InlinePickList in the widget List","application.Samples.List.InlinePickListOnListTest","fieldLevelValidation"
"Info Widget is always read-only","0","A test to check the field for ""Read-only""","","2026-09-29","skipped","2026-09-29","","Info. Checking the basic functions for the Money","application.Samples.Info.MoneyOnInfoTest","readonly"
"The test sets the value in the field. After approval, the popup window, the title, the text in it, and the buttons are validated.","7319","Run-time exception validation test","","2026-09-29","passed","2026-09-29","","List. Checking the basic functions for the MultipleSelect in the widget List","application.Samples.List.MultipleSelectOnListTest","runtimeException"
"The first nextPage() of a collapsed row expands it, i.e. loads page 1 of its children","6667","Expanding a node loads its children, the siblings are untouched; collapsing hides them","","2026-09-29","passed","2026-09-29","","Tree. Lazy load: roots, expand, More per node, sorting","application.Samples.Tree.TreeLazyLoadTest","expandLoadsChildren"
"","2652","position()","","2026-09-29","passed","2026-09-29","","Info. Checking the basic functions for the Dictionary","application.Samples.Info.DictionaryOnInfoTest","position"
"Filtering is not available for InfoWidget.","0","Filtering test","","2026-09-29","skipped","2026-09-29","","application.Samples.Info.RadioOnInfoTest","application.Samples.Info.RadioOnInfoTest","filtration"
"","2576","The test for getting the value from the field","","2026-09-29","passed","2026-09-29","","Info. Checking the basic functions for the FileUp","application.Samples.Info.FileUploadOnInfoTest","read"
"Add creates an empty root row inside the popup; the row is saved from its menu and then deleted from its menu.","8784","PickTreePopup: create inline, save, delete","","2026-09-29","passed","2026-09-29","","PickTreePopup, AssocTreePopup. Row actions inside the popup","application.Samples.Tree.PopupRowActionsTest","pickCreateInlineAndDelete"
"The test gets the value from the style attribute in RGB format, and then converts it to Hex format","2697","A test to get the field color value in Hex format","","2026-09-29","passed","2026-09-29","","Info. Checking the basic functions for the MultiValueTree","application.Samples.Info.MultiValueTreeOnInfoTest","color"
"The test sets the value with the wrong data type in the field. After approval, it checks the text under the field, which informs about the correctness of the type of data entered.","8178","Required Message validation test for one field","","2026-09-29","passed","2026-09-29","","List. Checking the basic functions for the Number in the widget List","application.Samples.List.NumberOnListTest","fieldLevelValidationAnnotation"
"","7837","More of a node in the nextAndPreviousWithHasNext mode","","2026-09-29","passed","2026-09-29","","Tree. Lazy load: roots, expand, More per node, sorting","application.Samples.Tree.TreeLazyLoadTest","nodeMoreHasNext"
"The test sets a value with the wrong data type in several fields for different widgets. After approval, it checks the text under the field, which informs about the correctness of the type of data entered","11180","Required Message validation test for multiple fields","","2026-09-29","passed","2026-09-29","","List. Checking the basic functions for the CheckBox","application.Samples.List.CheckBoxOnListTest","fieldLevelValidation"
"The test gets the value from the placeholder attribute and returns it in String format","2180","Test for getting the Placeholder value","","2026-09-29","passed","2026-09-29","","Form. Checking the basic functions for the DateTime in the widget Form","application.Samples.Form.DateTimeOnFormTest","placeholder"
"The test gets the value from the placeholder attribute and returns it in String format","3047","Test for getting the Placeholder value","","2026-09-29","passed","2026-09-29","","Form. Checking the basic functions for the PickList in the widget Form","application.Samples.Form.PickListOnFormTest","placeholder"
"The test gets the value from the placeholder attribute and returns it in String format","2168","Test for getting the Placeholder value","","2026-09-29","passed","2026-09-29","","Form. Checking the basic functions for the Suggestion PickList in the widget Form","application.Samples.Form.SuggestionPickListOnFormTest","placeholder"
"The test gets the value from the placeholder attribute and returns it in String format","2499","Test for getting the Placeholder value","","2026-09-29","passed","2026-09-29","","application.Samples.Form.PercentOnFormTest","application.Samples.Form.PercentOnFormTest","placeholder"
"","3300","position()","","2026-09-29","passed","2026-09-29","","Form. Checking the basic functions for the Money in the widget Form","application.Samples.Form.MoneyOnFormTest","position"
"A click on the title with the link opens the form of the record of the card","3849","DrillDown from the title of the card","","2026-09-29","passed","2026-09-29","","CardList. Properties","application.Samples.CardList.CardListPropertiesTest","drilldown"
"","4961","test_2()","","2026-09-29","passed","2026-09-29","","List. Checking the basic functions for the PickList in the widget List","application.Samples.List.PickListOnListTest","test_2"
"","2482","position()","","2026-09-29","passed","2026-09-29","","List. Checking the basic functions for the PickTree in the widget List","application.Samples.List.PickTreeOnListTest","position"
"The title is built from the field of the parent record: customFieldPick: ${customFieldPick}","3109","Calculated title of the popup","","2026-09-29","passed","2026-09-29","","PickTreePopup. Title, color, lazy load, search modes, selection","application.Samples.Tree.PickTreePopupTest","calculatedTitle"
"The test sets the value in the field, and then checks the value in the field with what should be set","9444","A test for setting a value in a field","","2026-09-29","passed","2026-09-29","","Form. Checking the basic functions for the Date in the widget Form","application.Samples.Form.DateOnFormTest","edit"
"The test sets a value with the wrong data type in several fields for different widgets. After approval, it checks the text under the field, which informs about the correctness of the type of data entered","3186","Required Message validation test for multiple fields","","2026-09-29","passed","2026-09-29","","Form. Checking the basic functions for the MultiValueTree in the widget Form","application.Samples.Form.MultiValueTreeOnFormTest","fieldLevelValidation"
"The test gets the value from the placeholder attribute and returns it in String format","3263","Test for getting the Placeholder value","","2026-09-29","passed","2026-09-29","","List. Checking the basic functions for the Money in the widget List","application.Samples.List.MoneyOnListTest","placeholder"
"The test gets the value from the style attribute in RGB format, and then converts it to Hex format","1892","A test to get the field color value in Hex format","","2026-09-29","passed","2026-09-29","","List. Checking the basic functions for the dateTimeWithSec in the widget List","application.Samples.List.DateTimeWithSecondsOnListTest","color"
"Add opens the row form inside the popup (options.create.widget); the form is saved and the new row is shown.","10112","AssocTreePopup: create inline-form","","2026-09-29","passed","2026-09-29","","PickTreePopup, AssocTreePopup. Row actions inside the popup","application.Samples.Tree.PopupRowActionsTest","assocCreateInlineForm"
"The test sets the value with the wrong data type in the field. After approval, it checks the text under the field, which informs about the correctness of the type of data entered.","3146","Required Message validation test for one field","","2026-09-29","passed","2026-09-29","","Form. Checking the basic functions for the MultiValue in the widget Form","application.Samples.Form.MultiValueOnFormTest","fieldLevelValidationAnnotation"
"Add creates an empty root row inside the popup; the row is saved from its menu and then deleted from its menu.","10252","AssocTreePopup: create inline, save, delete","","2026-09-29","passed","2026-09-29","","PickTreePopup, AssocTreePopup. Row actions inside the popup","application.Samples.Tree.PopupRowActionsTest","assocCreateInlineAndDelete"
"The test checks for the disabled attribute.","2888","A test to check the field for ""Read-only""","","2026-09-29","passed","2026-09-29","","List. Checking the basic functions for the Date in the widget List","application.Samples.List.DateOnListTest","readonly"
"","2423","position()","","2026-09-29","passed","2026-09-29","","application.Samples.Form.PercentOnFormTest","application.Samples.Form.PercentOnFormTest","position"
"The user types characters that markdown uses: stars, underscores, backticks, brackets, &, <, >. The editor must escape them so they come back as the same text, and must not add or remove backslashes on the second save.","7471","Plain text that looks like markdown","","2026-09-29","passed","2026-09-29","","Form. RichText regression suite for the RichText in the widget Form","application.Samples.Form.RichTextOnFormTest","syntaxText"
"","2545","position()","","2026-09-29","passed","2026-09-29","","List. Checking the basic functions for the PickList in the widget List","application.Samples.List.PickListOnListTest","position"
"Verify that all action will be displayed","4789","Check action with icon","","2026-09-29","passed","2026-09-29","","Form. Checking action group with only text, only icon and mixed","application.Samples.Feature.actionIcon.ActionGroupTest","checkActionGroupOnlyIcon"
"The test sets the value in the field. After approval, the popup window, the title, the text in it, and the buttons are validated.","8773","Business Exception Validation Test","","2026-09-29","passed","2026-09-29","","List. Checking the basic functions for the MultipleSelect in the widget List","application.Samples.List.MultipleSelectOnListTest","businessException"
"Test check max input at the field","5517","Max input test","","2026-09-29","passed","2026-09-29","","List. Checking the basic functions for the Input in the widget List","application.Samples.List.InputOnListTest","maxInput"
"The test sets the value in the field. After approval, by clicking on the save button, the popup window, the title, the text in it, and the buttons are validated.","10351","Confirmation Popup Validation Test","","2026-09-29","passed","2026-09-29","","List. Checking the basic functions for the Money in the widget List","application.Samples.List.MoneyOnListTest","confirm"
"","2689","position()","","2026-09-29","passed","2026-09-29","","Form. Checking the basic functions for the CheckBox","application.Samples.Form.CheckBoxOnFormTest","position"
"Sorting is not available for InfoWidget.","0","Sorting test","","2026-09-29","skipped","2026-09-29","","Info. Checking the basic functions for the PickList","application.Samples.Info.PickListOnInfoTest","sorting"
"The test gets the value from the placeholder attribute and returns it in String format","3170","Test for getting the Placeholder value","","2026-09-29","passed","2026-09-29","","List. Checking the basic functions for the MultipleSelect in the widget List","application.Samples.List.MultipleSelectOnListTest","placeholder"
"Two marks overlap by one character, or by everything but one, or run to the end, or happen twice in one line, or overlap on text with parentheses and Cyrillic.","3612","Overlaps of unusual sizes","","2026-09-29","passed","2026-09-29","","Form. RichText regression suite for the RichText in the widget Form","application.Samples.Form.RichTextOnFormTest","awkwardOverlaps"
"The test clears the field and clicks the Save button. Then validates the message that the field is required","14343","Required Message text Verification field test","","2026-09-29","passed","2026-09-29","","Form. Checking the basic functions for the MultipleSelect in the widget Form","application.Samples.Form.MultipleSelectOnFormTest","required"
"The placeholder is shown for a field that is not enabled in the meta as well","3089","Test for getting the Placeholder value of a read-only field","","2026-09-29","passed","2026-09-29","","List. Checking the basic functions for the DateTime in the widget List","application.Samples.List.DateTimeOnListTest","placeholderReadOnly"
"A custom action that deletes the record removes its row from the node; the other rows stay.","15926","Custom delete removes the row","","2026-09-29","passed","2026-09-29","","Tree. Node refresh after custom actions","application.Samples.Tree.TreeNodeRefreshTest","customDeleteRemovesRow"
"The test clears the field and clicks the Save button. Then validates the message that the field is required.","5061","Required Message text Verification field test","","2026-09-29","passed","2026-09-29","","Form. Checking the basic functions for the MultiValue in the widget Form","application.Samples.Form.MultiValueOnFormTest","required"
"","7839","More of a node in the nextAndPreviousSmart mode","","2026-09-29","passed","2026-09-29","","Tree. Lazy load: roots, expand, More per node, sorting","application.Samples.Tree.TreeLazyLoadTest","nodeMoreSmart"
"The test checks for the disabled attribute.","2539","A test to check the field for ""Read-only""","","2026-09-29","passed","2026-09-29","","List. Checking the basic functions for the DateTime in the widget List","application.Samples.List.DateTimeOnListTest","readonly"
"The test sets a value with the wrong data type in several fields for different widgets. After approval, it checks the text under the field, which informs about the correctness of the type of data entered","4381","Required Message validation test for multiple fields","","2026-09-29","passed","2026-09-29","","Form. Checking the basic functions for the MultiValue in the widget Form","application.Samples.Form.MultiValueOnFormTest","fieldLevelValidation"
"The test sets the value in the field, and then checks the value in the field with what should be set","6987","A test for setting a value in a field","","2026-09-29","passed","2026-09-29","","Form. Checking the basic functions for the InlinePickList in the widget Form","application.Samples.Form.InlinePickListOnFormTest","edit"
"The test gets the value in the field, and then checks the value in the field with what should be.","0","A test for checking a value in a field","","2026-09-29","skipped","2026-09-29","","List. Checking the basic functions for the MultiValueHover in the widget List","application.Samples.List.MultiValueHoverOnListTest","read"
"The test sets the value in the field. After approval, the popup window, the title, the text in it, and the buttons are validated.","4152","Run-time exception validation test","","2026-09-29","passed","2026-09-29","","Form. Checking the basic functions for the MultiValue in the widget Form","application.Samples.Form.MultiValueOnFormTest","runtimeException"
"The test sets the value in the field. After approval, the popup window, the title, the text in it, and the buttons are validated.","4931","Business Exception Validation Test","","2026-09-29","passed","2026-09-29","","List. Checking the basic functions for the PickTree in the widget List","application.Samples.List.PickTreeOnListTest","businessException"
"The test gets the value from the placeholder attribute and returns it in String format","3000","Test for getting the Placeholder value","","2026-09-29","passed","2026-09-29","","List. Checking the basic functions for the MultiValueTree in the widget List","application.Samples.List.MultiValueTreeOnListTest","placeholder"
"The test sets the value in the field, and then checks the value in the field with what should be set.","22634","A test for setting a value in a field","","2026-09-29","passed","2026-09-29","","Form. Checking the basic functions for the MultiValueTree in the widget Form","application.Samples.Form.MultiValueTreeOnFormTest","edit"
"The test checks the list of options that the method returns, with the expected result","14088","Test to get a list of options","","2026-09-29","passed","2026-09-29","","Form. Checking the basic functions for the MultipleSelect in the widget Form","application.Samples.Form.MultipleSelectOnFormTest","getListOptions"
"","2947","The test for getting the value from the field","","2026-09-29","passed","2026-09-29","","Info. Checking the basic functions for the Money","application.Samples.Info.MoneyOnInfoTest","read"
"","2186","position()","","2026-09-29","passed","2026-09-29","","List. Checking the basic functions for the Hint in the widget List","application.Samples.List.HintOnListTest","position"
"The test clears the field and clicks the Save button. Then validates the message that the field is required","5082","Required Message text Verification field test","","2026-09-29","passed","2026-09-29","","Form. Checking the basic functions for the Dictionary in the widget Form","application.Samples.Form.DictionaryOnFormTest","required"
"The test sets a value with the wrong data type in several fields for different widgets. After approval, it checks the text under the field, which informs about the correctness of the type of data entered","6381","Required Message validation test for multiple fields","","2026-09-29","passed","2026-09-29","","List. Checking the basic functions for the Dictionary in the widget List","application.Samples.List.DictionaryOnListTest","fieldLevelValidation"
"When bold and italic cross, the editor puts an invisible separator between *** and * so the markdown opens correctly. Here the crossing is next to parentheses, escaped stars, inline code and a second crossing.","4517","Bold crossing italic next to other characters","","2026-09-29","passed","2026-09-29","","Form. RichText regression suite for the RichText in the widget Form","application.Samples.Form.RichTextOnFormTest","boldMeetsItalic"
"The test sets a value with the wrong data type in several fields for different widgets. After approval, it checks the text under the field, which informs about the correctness of the type of data entered","9544","Required Message validation test for multiple fields","","2026-09-29","passed","2026-09-29","","application.Samples.List.RadioOnListTest","application.Samples.List.RadioOnListTest","fieldLevelValidation"
"Filtering by the specified column.","4441","Filtering test","","2026-09-29","passed","2026-09-29","","List. Checking the basic functions for the MultiValue in the widget List","application.Samples.List.MultiValueOnListTest","filtration"
"After a sort the root rows are requested again and every node is collapsed","8400","Sorting collapses the tree","","2026-09-29","passed","2026-09-29","","Tree. Lazy load: roots, expand, More per node, sorting","application.Samples.Tree.TreeLazyLoadTest","sortingCollapses"
"","2607","position()","","2026-09-29","passed","2026-09-29","","Info. Checking the basic functions for the DateTimeWithSeconds","application.Samples.Info.DateTimeWithSecondsTest","position"
"Checking the url before the transition and after the transition/click on a special element","0","The DrillDown test","","2026-09-29","skipped","2026-09-29","","application.Samples.Form.RadioOnFormTest","application.Samples.Form.RadioOnFormTest","drillDown"
"The test gets the value from the style attribute in RGB format, and then converts it to Hex format","2444","A test to get the field color value in Hex format","","2026-09-29","passed","2026-09-29","","application.Samples.Info.TextOnInfoTest","application.Samples.Info.TextOnInfoTest","color"
"The test gets the value in the field, and then checks the value in the field with what should be.","2385","A test for checking a value in a field","","2026-09-29","passed","2026-09-29","","List. Checking the basic functions for the CheckBox","application.Samples.List.CheckBoxOnListTest","read"
"Filtering is not available for the Form widget","1","Filtering test","","2026-09-29","skipped","2026-09-29","","Form. Checking the basic functions for the Suggestion PickList in the widget Form","application.Samples.Form.SuggestionPickListOnFormTest","filtration"
"","2054","position()","","2026-09-29","passed","2026-09-29","","List. Checking the basic functions for the Money in the widget List","application.Samples.List.MoneyOnListTest","position"
"The test sets the value in the field. After approval, by clicking on the save button, the popup window, the title, the text in it, and the buttons are validated","4176","Confirmation Popup Validation Test","","2026-09-29","passed","2026-09-29","","Form. Checking the basic functions for the Input in the widget Form","application.Samples.Form.InputTest","confirm"
"The InfoWidget doesn't have a Placeholder.","0","Test for getting the Placeholder value","","2026-09-29","skipped","2026-09-29","","Info. Checking the basic functions for the Number","application.Samples.Info.NumberOnInfoTest","placeholder"
"Verify that all action will be displayed","3725","Check action with text","","2026-09-29","passed","2026-09-29","","Form. Checking action group with only text, only icon and mixed","application.Samples.Feature.actionIcon.ActionGroupTest","checkActionGroupOnlyText"
"Filtering by the specified column.","4775","Filtering test","","2026-09-29","passed","2026-09-29","","List. Checking the basic functions for the Hint in the widget List","application.Samples.List.HintOnListTest","filtration"
"The test sets the value in the field. After approval, the popup window, the title, the text in it, and the buttons are validated.","3168","Run-time exception validation test","","2026-09-29","passed","2026-09-29","","List. Checking the basic functions for the DateTime in the widget List","application.Samples.List.DateTimeOnListTest","runtimeException"
"","2803","position()","","2026-09-29","passed","2026-09-29","","application.Samples.List.SuggestionPickListOnListTest","application.Samples.List.SuggestionPickListOnListTest","position"
"","2928","position()","","2026-09-29","passed","2026-09-29","","Info. Checking the basic functions for the Time","application.Samples.Info.TimeOnInfoTest","position"
"The test sets the value in the field. After approval, the popup window, the title, the text in it, and the buttons are validated","3663","Business Exception Validation Test","","2026-09-29","passed","2026-09-29","","application.Samples.Form.PercentOnFormTest","application.Samples.Form.PercentOnFormTest","businessException"
"The test sets a value with the wrong data type in several fields for different widgets. After approval, it checks the text under the field, which informs about the correctness of the type of data entered","5945","Required Message validation test for multiple fields","","2026-09-29","passed","2026-09-29","","Form. Checking the basic functions for the Money in the widget Form","application.Samples.Form.MoneyOnFormTest","fieldLevelValidation"
"The test check icon's name from the drop-down list ","0","A test for checking the icon","","2026-09-29","skipped","2026-09-29","","List. Checking the basic functions for the Dictionary in the widget List","application.Samples.List.DictionaryOnListTest","icon"
"The test gets the value from the placeholder attribute and returns it in String format","2617","Test for getting the Placeholder value","","2026-09-29","passed","2026-09-29","","Form. Checking the basic functions for the Dictionary in the widget Form","application.Samples.Form.DictionaryOnFormTest","placeholder"
"The test sets a value with the wrong data type in several fields for different widgets. After approval, it checks the text under the field, which informs about the correctness of the type of data entered","10815","Required Message validation test for multiple fields","","2026-09-29","passed","2026-09-29","","Form. Checking the basic functions for the DateTimeWithSeconds in the widget Form","application.Samples.Form.DateTimeWithSecondsTest","fieldLevelValidation"
"The test checks for the disabled attribute.","2010","A test to check the field for ""Read-only""","","2026-09-29","passed","2026-09-29","","List. Checking the basic functions for the dateTimeWithSec in the widget List","application.Samples.List.DateTimeWithSecondsOnListTest","readonly"
"The default filter searches the stored markdown: ""metal type"" finds ""Some metal type characters"", but not ""**Metal** type"", where the bold marks stand between the words.","4585","Filtering test, default: the stored markdown","","2026-09-29","passed","2026-09-29","","List. Checking the basic functions for the RichText in the widget List","application.Samples.List.RichTextOnListTest","filtrationDefault"
"","2503","The test for getting the file name in the field","","2026-09-29","passed","2026-09-29","","Info. Checking the basic functions for the FileUp","application.Samples.Info.FileUploadOnInfoTest","readNameFileInField"
"Info Widget is always read-only","2532","A test to check the field for ""Read-only""","","2026-09-29","passed","2026-09-29","","Info. Checking the basic functions for the Input","application.Samples.Info.InputTest","readonly"
"The test gets the value from the style attribute in RGB format, and then converts it to Hex format","2808","A test to get the field color value in Hex format","","2026-09-29","passed","2026-09-29","","List. Checking the basic functions for the Money in the widget List","application.Samples.List.MoneyOnListTest","color"
"The test gets the value from the style attribute in RGB format, and then converts it to Hex format","2697","A test to get the field color value in Hex format","","2026-09-29","passed","2026-09-29","","List. Checking the basic functions for the Date in the widget List","application.Samples.List.DateOnListTest","color"
"The test sets the value in the field. After approval, the popup window, the title, the text in it, and the buttons are validated.","7691","Business Exception Validation Test","","2026-09-29","passed","2026-09-29","","List. Checking the basic functions for the Dictionary in the widget List","application.Samples.List.DictionaryOnListTest","businessException"
"Checking the url before the transition and after the transition/click on a special element","2818","The DrillDown test","","2026-09-29","passed","2026-09-29","","Info. Checking the basic functions for the Time","application.Samples.Info.TimeOnInfoTest","drillDown"
"The test sets the value in the field. After approval, the popup window, the title, the text in it, and the buttons are validated.","3741","Business Exception Validation Test","","2026-09-29","passed","2026-09-29","","Form. Checking the basic functions for the MultiValue in the widget Form","application.Samples.Form.MultiValueOnFormTest","businessException"
"The test gets the value from the style attribute in RGB format, and then converts it to Hex format","2647","A test to get the field color value in Hex format","","2026-09-29","passed","2026-09-29","","Form. Checking the basic functions for the Money in the widget Form","application.Samples.Form.MoneyOnFormTest","color"
"The field of the readonly sample cannot be edited.","3254","A test to check the field for ""Read-only""","","2026-09-29","passed","2026-09-29","","List. Checking the basic functions for the RichText in the widget List","application.Samples.List.RichTextOnListTest","readonly"
"The test clears the field and clicks the Save button. Then validates the message that the field is required","2957","Required Message text Verification field test","","2026-09-29","passed","2026-09-29","","Form. Checking the basic functions for the DateTime in the widget Form","application.Samples.Form.DateTimeOnFormTest","required"
"The test gets the value from the placeholder attribute and returns it in String format","2962","Test for getting the Placeholder value","","2026-09-29","passed","2026-09-29","","List. Checking the basic functions for the Date in the widget List","application.Samples.List.DateOnListTest","placeholder"
"The test checks for the disabled attribute.","3227","A test to check the field for ""Read-only""","","2026-09-29","passed","2026-09-29","","List. Checking the basic functions for the MultipleSelect in the widget List","application.Samples.List.MultipleSelectOnListTest","readonly"
"The test gets the value from the placeholder attribute and returns it in String format","2878","Test for getting the Placeholder value","","2026-09-29","passed","2026-09-29","","List. Checking the basic functions for the Number in the widget List","application.Samples.List.NumberOnListTest","placeholder"
"DrillDown is not available for InfoWidget.","2741","The DrillDown test","","2026-09-29","passed","2026-09-29","","Info. Checking the basic functions for the Number","application.Samples.Info.NumberOnInfoTest","drillDown"
"The test sets the value in the field. After approval, the popup window, the title, the text in it, and the buttons are validated","3618","Run-time exception validation test","","2026-09-29","passed","2026-09-29","","Form. Checking the basic functions for the DateTime in the widget Form","application.Samples.Form.DateTimeOnFormTest","runtimeException"
"Filtering is not available for InfoWidget.","0","Filtering test","","2026-09-29","skipped","2026-09-29","","Info. Checking the basic functions for the Percent","application.Samples.Info.PercentOnInfoTest","filtration"
"The test sets a value with the wrong data type in several fields for different widgets. After approval, it checks the text under the field, which informs about the correctness of the type of data entered","9331","Required Message validation test for multiple fields","","2026-09-29","passed","2026-09-29","","List. Checking the basic functions for the Number in the widget List","application.Samples.List.NumberOnListTest","fieldLevelValidation"
"A test to get the value from the field. Hint is always read-only, so it is impossible to set the value.","2409","A test to check the value in a field","","2026-09-29","passed","2026-09-29","","Form. Checking the basic functions for the Hint in the widget Form","application.Samples.Form.HintOnFormTest","edit"
"The test sets the value with the wrong data type in the field. After approval, it checks the text under the field, which informs about the correctness of the type of data entered","4849","Required Message validation test for one field","","2026-09-29","passed","2026-09-29","","Form. Checking the basic functions for the Money in the widget Form","application.Samples.Form.MoneyOnFormTest","fieldLevelValidationAnnotation"
"","2173","position()","","2026-09-29","passed","2026-09-29","","Form. Checking the basic functions for the MultiValue in the widget Form","application.Samples.Form.MultiValueOnFormTest","position"
"The test clears the field and clicks the Save button. Then validates the message that the field is required","3119","Required Message text Verification field test","","2026-09-29","passed","2026-09-29","","Form. Checking the basic functions for the Input in the widget Form","application.Samples.Form.InputTest","required"
"The test clears the field and clicks the Save button. Then validates the message that the field is required.","6503","Required Message text Verification field test","","2026-09-29","passed","2026-09-29","","List. Checking the basic functions for the MultiValue in the widget List","application.Samples.List.MultiValueOnListTest","required"
"The test sets the value in the field. After approval, the popup window, the title, the text in it, and the buttons are validated","4581","Business Exception Validation Test","","2026-09-29","passed","2026-09-29","","Form. Checking the basic functions for the Date in the widget Form","application.Samples.Form.DateOnFormTest","businessException"
"Sorting by the specified column.","24274","Sorting test","","2026-09-29","passed","2026-09-29","","List. Checking the basic functions for the Date in the widget List","application.Samples.List.DateOnListTest","sorting"
"The test gets the value from the style attribute in RGB format, and then converts it to Hex format","2106","A test to get the field color value in Hex format","","2026-09-29","passed","2026-09-29","","Form. Checking the basic functions for the DateTime in the widget Form","application.Samples.Form.DateTimeOnFormTest","color"
"Getting the field color is not available","2901","A test to get the field color value in Hex format","","2026-09-29","passed","2026-09-29","","Form. Checking the basic functions for the MultiValueHover in the widget Form","application.Samples.Form.MultiValueHoverOnFormTest","color"
"The search box leaves the cards with the text in the title or in the description","6369","Full text search: the CardList tab of the property sample","","2026-09-29","passed","2026-09-29","","CardList. Properties","application.Samples.CardList.CardListPropertiesTest","fullTextSearchPropertySample"
"The test clears the field and clicks the Save button. Then validates the message that the field is required.","4170","Required Message text Verification field test","","2026-09-29","passed","2026-09-29","","application.Samples.List.SuggestionPickListOnListTest","application.Samples.List.SuggestionPickListOnListTest","required"
"Two forms of the same record: with the default editor height and with editMinRows 3, editMaxRows 6.","3325","The height of the field","","2026-09-29","passed","2026-09-29","","Form. Checking the basic functions for the RichText in the widget Form","application.Samples.Form.RichTextFieldOnFormTest","height"
"The test checks for the disabled attribute.","2975","A test to check the field for ""Read-only""","","2026-09-29","passed","2026-09-29","","List. Checking the basic functions for the PickList in the widget List","application.Samples.List.PickListOnListTest","readonly"
"The placeholder is shown for a field that is not enabled in the meta as well","3028","Test for getting the Placeholder value of a read-only field","","2026-09-29","passed","2026-09-29","","List. Checking the basic functions for the Input in the widget List","application.Samples.List.InputOnListTest","placeholderReadOnly"
"The test sets the value with the wrong data type in the field. After approval, it checks the text under the field, which informs about the correctness of the type of data entered.","9865","Required Message validation test for one field","","2026-09-29","passed","2026-09-29","","List. Checking the basic functions for the Date in the widget List","application.Samples.List.DateOnListTest","fieldLevelValidationAnnotation"
"The field on Info cannot be edited.","3104","A test to check the field for ""Read-only""","","2026-09-29","passed","2026-09-29","","Info. Checking the basic functions for the RichText in the widget Info","application.Samples.Info.RichTextOnInfoTest","readonly"
"The test clears the field and clicks the Save button. Then validates the message that the field is required","4492","Required Message text Verification field test","","2026-09-29","passed","2026-09-29","","Form. Checking the basic functions for the Text in the widget Form","application.Samples.Form.TextOnFormTest","required"
"Filtering is not available for the Form widget","1","Filtering test","","2026-09-29","skipped","2026-09-29","","Form. Checking the basic functions for the FileUpload in the widget Form","application.Samples.Form.FileUploadOnFormTest","filtration"
"The test sets the value in the field. After approval, the popup window, the title, the text in it, and the buttons are validated","4425","Run-time exception validation test","","2026-09-29","passed","2026-09-29","","Form. Checking the basic functions for the Money in the widget Form","application.Samples.Form.MoneyOnFormTest","runtimeException"
"Checking the url before the transition and after the transition/click on a special element","2340","The DrillDown test","","2026-09-29","passed","2026-09-29","","List. Checking the basic functions for the Input in the widget List","application.Samples.List.InputOnListTest","drillDown"
"","2230","position()","","2026-09-29","passed","2026-09-29","","List. Checking the basic functions for the MultiValueHover in the widget List","application.Samples.List.MultiValueHoverOnListTest","position"
"The test checks for the disabled attribute.","2803","A test to check the field for ""Read-only""","","2026-09-29","passed","2026-09-29","","List. Checking the basic functions for the Number in the widget List","application.Samples.List.NumberOnListTest","readonly"
"The test sets the value in the field. After approval, the popup window, the title, the text in it, and the buttons are validated","6228","Business Exception Validation Test","","2026-09-29","passed","2026-09-29","","Form. Checking the basic functions for the MultipleSelect in the widget Form","application.Samples.Form.MultipleSelectOnFormTest","businessException"
"The test sets the value in the field. After approval, the popup window, the title, the text in it, and the buttons are validated.","4155","Run-time exception validation test","","2026-09-29","passed","2026-09-29","","application.Samples.List.RadioOnListTest","application.Samples.List.RadioOnListTest","runtimeException"
"The widget shows the constant title; without title the widget has no heading","4654","Constant title and empty title","","2026-09-29","passed","2026-09-29","","CardList. Properties","application.Samples.CardList.CardListPropertiesTest","title"
"The title shows the field of the selected card with the calculated color","2763","Title color","","2026-09-29","passed","2026-09-29","","CardList. Properties","application.Samples.CardList.CardListPropertiesTest","titleColor"
"The test sets a value with the wrong data type in several fields for different widgets. After approval, it checks the text under the field, which informs about the correctness of the type of data entered","7655","Required Message validation test for multiple fields","","2026-09-29","passed","2026-09-29","","List. Checking the basic functions for the FileUpload in the widget List","application.Samples.List.FileUploadOnListTest","fieldLevelValidation"
"Checking the url before the transition and after the transition/click on a special element","2374","The DrillDown test","","2026-09-29","passed","2026-09-29","","List. Checking the basic functions for the Number in the widget List","application.Samples.List.NumberOnListTest","drillDown"
"Filtering by the specified column.","2559","Filtering test","","2026-09-29","passed","2026-09-29","","List. Checking the basic functions for the MultiValueHover in the widget List","application.Samples.List.MultiValueHoverOnListTest","filtration"
"The test sets the value in the field. After approval, the popup window, the title, the text in it, and the buttons are validated","5957","Run-time exception validation test","","2026-09-29","passed","2026-09-29","","Form. Checking the basic functions for the MultipleSelect in the widget Form","application.Samples.Form.MultipleSelectOnFormTest","runtimeException"
"The test verifies that after clearing the field, it is empty","4299","The test for deleting a file from a field","","2026-09-29","passed","2026-09-29","","Form. Checking the basic functions for the FileUpload in the widget Form","application.Samples.Form.FileUploadOnFormTest","clear"
"The test sets the value in the field, and then checks the value in the field with what should be set","11636","A test for setting a value in a field","","2026-09-29","passed","2026-09-29","","Form. Checking the basic functions for the Dictionary in the widget Form","application.Samples.Form.DictionaryOnFormTest","edit"
"The field opens the stored markdown and shows it formatted.","3255","A test for checking a value in a field","","2026-09-29","passed","2026-09-29","","Form. Checking the basic functions for the RichText in the widget Form","application.Samples.Form.RichTextFieldOnFormTest","read"
"The test gets the value from the placeholder attribute and returns it in String format","3260","Test for getting the Placeholder value","","2026-09-29","passed","2026-09-29","","List. Checking the basic functions for the FileUpload in the widget List","application.Samples.List.FileUploadOnListTest","placeholder"
"The test sets the value in the field, and then checks the value in the field with what should be set","8996","A test for setting a value in a field","","2026-09-29","passed","2026-09-29","","Form. Checking the basic functions for the DateTime in the widget Form","application.Samples.Form.DateTimeOnFormTest","edit"
"The test sets the value in the field, and then checks the value in the field with what should be set.","25454","A test for setting a value in a field","","2026-09-29","passed","2026-09-29","","List. Checking the basic functions for the MultiValueTree in the widget List","application.Samples.List.MultiValueTreeOnListTest","edit"
"The InfoWidget doesn't have a Placeholder.","0","Test for getting the Placeholder value","","2026-09-29","skipped","2026-09-29","","Info. Checking the basic functions for the Money","application.Samples.Info.MoneyOnInfoTest","placeholder"
"The test gets the value from the style attribute in RGB format, and then converts it to Hex format","2388","A test to get the field color value in Hex format","","2026-09-29","passed","2026-09-29","","Info. Checking the basic functions for the DateTimeWithSeconds","application.Samples.Info.DateTimeWithSecondsTest","color"
"The hidden fields are not shown as columns; the settings menu lists the columns of the widget","6078","Customization of the displayed columns: the gear menu, hidden and added columns","","2026-09-29","passed","2026-09-29","","Tree. Lazy load: roots, expand, More per node, sorting","application.Samples.Tree.TreeLazyLoadTest","columns"
"The test checks the creation and deletion in the dictionary and the result of this work on another screen.","1362","Test sorting at List","","2026-09-29","passed","2026-09-29","","Checking the basic functions for the Dictionary administration panel","application.Samples.DictionaryAdministrationTest","sortingList"
"The placeholder is shown for a field that is not enabled in the meta as well","2797","Test for getting the Placeholder value of a read-only field","","2026-09-29","passed","2026-09-29","","List. Checking the basic functions for the PickTree in the widget List","application.Samples.List.PickTreeOnListTest","placeholderReadOnly"
"The same lines as the first test, but the text is ab(cd)ef*gh_ij: parentheses, a star and an underscore. These characters are markdown syntax, so a mark next to them must be escaped correctly. Many lines end with REFUSED: the toolbar does not allow a mark that starts or ends next to punctuation inside a word, because such markdown would not open again.","12561","The same marks on text made of markdown characters","","2026-09-29","passed","2026-09-29","","Form. RichText regression suite for the RichText in the widget Form","application.Samples.Form.RichTextOnFormTest","markCombinationsOverSyntax"
"","2277","position()","","2026-09-29","passed","2026-09-29","","List. Checking the basic functions for the FileUpload in the widget List","application.Samples.List.FileUploadOnListTest","position"
"The test clears the field and clicks the Save button. Then validates the message that the field is required","3562","Required Message text Verification field test","","2026-09-29","passed","2026-09-29","","application.Samples.Form.RadioOnFormTest","application.Samples.Form.RadioOnFormTest","required"
"The test sets the value, after which the method returns the full list of value-status","3816","Test to get all values with the status","","2026-09-29","passed","2026-09-29","","application.Samples.Form.RadioOnFormTest","application.Samples.Form.RadioOnFormTest","getValues"
"The test gets the value from the style attribute in RGB format, and then converts it to Hex format","2627","A test to get the field color value in Hex format","","2026-09-29","passed","2026-09-29","","Info. Checking the basic functions for the MultiValue","application.Samples.Info.MultiValueOnInfoTest","color"
"DrillDown is not available for InfoWidget.","2345","The DrillDown test","","2026-09-29","passed","2026-09-29","","application.Samples.Info.TextOnInfoTest","application.Samples.Info.TextOnInfoTest","drillDown"
"Info Widget is always read-only","2765","A test to check the field for ""Read-only""","","2026-09-29","passed","2026-09-29","","Info. Checking the basic functions for the DateTime","application.Samples.Info.DateTimeOnInfoTest","readonly"
"Sorting is not available for InfoWidget.","0","Sorting test","","2026-09-29","skipped","2026-09-29","","Info. Checking the basic functions for the MultiField","application.Samples.Info.MultiFieldOnInfoTest","sorting"
"The pencil opens the file popup with the form under the file, Save changes the description of the card","16261","Edit in the form of the card","","2026-09-29","passed","2026-09-29","","CardList. Basic","application.Samples.CardList.CardListBasicTest","edit"
"The InfoWidget doesn't have a Placeholder.","2477","Test for getting the Placeholder value","","2026-09-29","passed","2026-09-29","","Info. New Api.  Checking the basic functions for the CheckBox","application.Samples.Info.CheckboxTest","placeholder"
"The test clears the field and clicks the Save button. Then validates the message that the field is required.","4504","Required Message text Verification field test","","2026-09-29","passed","2026-09-29","","List. Checking the basic functions for the CheckBox","application.Samples.List.CheckBoxOnListTest","required"
"Sorting by the specified column.","8387","Sorting test","","2026-09-29","passed","2026-09-29","","application.Samples.List.TextOnListTest","application.Samples.List.TextOnListTest","sorting"
"The test checks for the disabled attribute","2625","A test to check the field for ""Read-only""","","2026-09-29","passed","2026-09-29","","application.Samples.Form.TimeOnFormTest","application.Samples.Form.TimeOnFormTest","readonly"
"The test sets a value with the wrong data type in several fields for different widgets. After approval, it checks the text under the field, which informs about the correctness of the type of data entered","9634","Required Message validation test for multiple fields","","2026-09-29","passed","2026-09-29","","List. Checking the basic functions for the dateTimeWithSec in the widget List","application.Samples.List.DateTimeWithSecondsOnListTest","fieldLevelValidation"
"The test sets a value with the wrong data type in several fields for different widgets. After approval, it checks the text under the field, which informs about the correctness of the type of data entered","7371","Required Message validation test for multiple fields","","2026-09-29","passed","2026-09-29","","List. Checking the basic functions for the MultiValue in the widget List","application.Samples.List.MultiValueOnListTest","fieldLevelValidation"
"The test gets the value from the placeholder attribute and returns it in String format","2647","Test for getting the Placeholder value","","2026-09-29","passed","2026-09-29","","Form. Checking the basic functions for the MultiValue in the widget Form","application.Samples.Form.MultiValueOnFormTest","placeholder"
"Drill Down is not available for InfoWidget.","0","The DrillDown test","","2026-09-29","skipped","2026-09-29","","Info. Checking the basic functions for the Hint","application.Samples.Info.HintOnInfoTest","drillDown"
"The test sets the value in the field. After approval, the popup window, the title, the text in it, and the buttons are validated","5873","Business Exception Validation Test","","2026-09-29","passed","2026-09-29","","Form. Checking the basic functions for the DateTimeWithSeconds in the widget Form","application.Samples.Form.DateTimeWithSecondsTest","businessException"
"The test gets the value from the placeholder attribute and returns it in String format","3439","Test for getting the Placeholder value","","2026-09-29","passed","2026-09-29","","List. Checking the basic functions for the MultiValue in the widget List","application.Samples.List.MultiValueOnListTest","placeholder"
"","2558","position()","","2026-09-29","passed","2026-09-29","","List. Checking the basic functions for the Time","application.Samples.List.TimeOnListTest","position"
"The Hint field type is always read-only","0","A test to check the field for ""Read-only""","","2026-09-29","skipped","2026-09-29","","Form. Checking the basic functions for the Hint in the widget Form","application.Samples.Form.HintOnFormTest","readonly"
"The test creates and delete a new field in the admin panel","1401","Test for creating admin value","","2026-09-29","passed","2026-09-29","","Checking the basic functions for the Dictionary administration panel","application.Samples.DictionaryAdministrationTest","create"
"","2923","A test to get a value for a multifield hint","","2026-09-29","passed","2026-09-29","","Form. Checking the basic functions for the MultiField in the widget Form","application.Samples.Form.MultiFieldOnFormTest","getValues"
"The children are checked explicitly; the node only reflects them","13716","Checking every child manually does not turn into the selection of the node","","2026-09-29","passed","2026-09-29","","AssocTreePopup. Selection of a node and of its children","application.Samples.Tree.AssocTreePopupSelectionTest","selectAllChildrenManually"
"The test gets the value from the style attribute in RGB format, and then converts it to Hex format","2565","A test to get the field color value in Hex format","","2026-09-29","passed","2026-09-29","","List. Checking the basic functions for the PickList in the widget List","application.Samples.List.PickListOnListTest","color"
"The placeholder is shown for a field that is not enabled in the meta as well","2584","Test for getting the Placeholder value of a read-only field","","2026-09-29","passed","2026-09-29","","application.Samples.Form.PercentOnFormTest","application.Samples.Form.PercentOnFormTest","placeholderReadOnly"
"","2288","A test to get a value for a multifield","","2026-09-29","passed","2026-09-29","","Form. Checking the basic functions for the MultiField in the widget Form","application.Samples.Form.MultiFieldOnFormTest","getValues2"
"The test clear the value in the field , and then checks the value in the field, it must be null.","15242","A test for checking the possibility of an empty field","","2026-09-29","passed","2026-09-29","","List. Checking the basic functions for the Money in the widget List","application.Samples.List.MoneyOnListTest","nullable"
"Sorting by the specified column.","12998","Sorting test","","2026-09-29","passed","2026-09-29","","List. Checking the basic functions for the InlinePickList in the widget List","application.Samples.List.InlinePickListOnListTest","sorting"
"","2387","position()","","2026-09-29","passed","2026-09-29","","Form. Checking the basic functions for the DateTime in the widget Form","application.Samples.Form.DateTimeOnFormTest","position"
"The test checks for the disabled attribute.","3294","A test to check the field for ""Read-only""","","2026-09-29","passed","2026-09-29","","List. Checking the basic functions for the MultiValueTree in the widget List","application.Samples.List.MultiValueTreeOnListTest","readonly"
"The test gets the value from the placeholder attribute and returns it in String format","2542","Test for getting the Placeholder value","","2026-09-29","passed","2026-09-29","","List. Checking the basic functions for the Time","application.Samples.List.TimeOnListTest","placeholder"
"The test gets the value in the field, and then checks the value in the field with what should be.","0","A test for checking a value in a field","","2026-09-29","skipped","2026-09-29","","List. Checking the basic functions for the InlinePickList in the widget List","application.Samples.List.InlinePickListOnListTest","read"
"The test sets the value in the field. After approval, by clicking on the save button, the popup window, the title, the text in it, and the buttons are validated.","5050","Confirmation Popup Validation Test","","2026-09-29","passed","2026-09-29","","Form. Checking the basic functions for the MultiValueTree in the widget Form","application.Samples.Form.MultiValueTreeOnFormTest","confirm"
"The test checks the value of the digits attributes","3600","Required Message text Verification field test","","2026-09-29","passed","2026-09-29","","Form. Checking the basic functions for the Input in the widget Form","application.Samples.Form.InputTest","maxInput"
"","2067","Test for getting the digits value","","2026-09-29","passed","2026-09-29","","Form. Checking the basic functions for the Number in the widget Form","application.Samples.Form.NumberOnFormTest","digits"
"","2810","position()","","2026-09-29","passed","2026-09-29","","Form. Checking the basic functions for the Date in the widget Form","application.Samples.Form.DateOnFormTest","position"
"Filtering is not available for the Form widget","0","Filtering test","","2026-09-29","skipped","2026-09-29","","application.Samples.Form.PercentOnFormTest","application.Samples.Form.PercentOnFormTest","filtration"
"The test sets one value in the field, then checks the list with the expected value.","13480","A test for setting a single value in a field","","2026-09-29","passed","2026-09-29","","Form. Checking the basic functions for the MultiValue in the widget Form","application.Samples.Form.MultiValueOnFormTest","test_once"
"The cards are shown while Custom Field Number of the parent form is greater than 5; the condition is recalculated on save","10080","Show condition by parent entity","","2026-09-29","passed","2026-09-29","","CardList. Show condition","application.Samples.CardList.CardListShowConditionTest","showConditionByParentEntity"
"The empty field shows the placeholder that the meta sets.","2954","Test for getting the Placeholder value","","2026-09-29","passed","2026-09-29","","List. Checking the basic functions for the RichText in the widget List","application.Samples.List.RichTextOnListTest","placeholder"
"","2577","position()","","2026-09-29","passed","2026-09-29","","Form. Checking the basic functions for the Text in the widget Form","application.Samples.Form.TextOnFormTest","position"
"Filtering by the specified column.","9363","Filtering test","","2026-09-29","passed","2026-09-29","","List. Checking the basic functions for the Time","application.Samples.List.TimeOnListTest","filtration"
"The empty field shows the placeholder that the meta sets.","2192","Test for getting the Placeholder value","","2026-09-29","passed","2026-09-29","","Form. Checking the basic functions for the RichText in the widget Form","application.Samples.Form.RichTextFieldOnFormTest","placeholder"
"The test checks for the disabled attribute.","2841","A test to check the field for ""Read-only""","","2026-09-29","passed","2026-09-29","","List. Checking the basic functions for the PickTree in the widget List","application.Samples.List.PickTreeOnListTest","readonly"
"","2578","position()","","2026-09-29","passed","2026-09-29","","Info. Checking the basic functions for the MultiValue","application.Samples.Info.MultiValueOnInfoTest","position"
"","2342","position()","","2026-09-29","passed","2026-09-29","","List. Checking the basic functions for the Number in the widget List","application.Samples.List.NumberOnListTest","position"
"The test checks for the disabled attribute","3026","A test to check the field for ""Read-only""","","2026-09-29","passed","2026-09-29","","Form. Checking the basic functions for the Input in the widget Form","application.Samples.Form.InputTest","readonly"
"Info Widget is always read-only","2416","A test to check the field for ""Read-only""","","2026-09-29","passed","2026-09-29","","Info. Checking the basic functions for the DateTimeWithSeconds","application.Samples.Info.DateTimeWithSecondsTest","readonly"
"selection = node: the node is checked explicitly, the children get the dimmed checkbox","14987","Checking a node marks its loaded children as implicitly selected","","2026-09-29","passed","2026-09-29","","AssocTreePopup. Selection of a node and of its children","application.Samples.Tree.AssocTreePopupSelectionTest","selectNodeCoversChildren"
"The test gets the value from the style attribute in RGB format, and then converts it to Hex format","2530","A test to get the field color value in Hex format","","2026-09-29","passed","2026-09-29","","Form. Checking the basic functions for the Dictionary in the widget Form","application.Samples.Form.DictionaryOnFormTest","color"
"Info widgets are always read-only","0","A test to check the field for ""Read-only""","","2026-09-29","skipped","2026-09-29","","Info. Checking the basic functions for the Time","application.Samples.Info.TimeOnInfoTest","readonly"
"","2281","The test for getting the value from the field","","2026-09-29","passed","2026-09-29","","application.Samples.Info.TextOnInfoTest","application.Samples.Info.TextOnInfoTest","read"
"The placeholder is shown for a field that is not enabled in the meta as well","1824","Test for getting the Placeholder value of a read-only field","","2026-09-29","passed","2026-09-29","","Form. Checking the basic functions for the PickTree in the widget Form","application.Samples.Form.PickTreeOnFormTest","placeholderReadOnly"
"InfoWidget does not have a Hex field color for this type.","2807","A test to get the field color value in Hex format","","2026-09-29","passed","2026-09-29","","Info. New Api.  Checking the basic functions for the CheckBox","application.Samples.Info.CheckboxTest","color"
"Checking the url before the transition and after the transition/click on a special element","2821","The DrillDown test","","2026-09-29","passed","2026-09-29","","List. Checking the basic functions for the Money in the widget List","application.Samples.List.MoneyOnListTest","drillDown"
"DrillDown is not available for InfoWidget.","0","The DrillDown test","","2026-09-29","skipped","2026-09-29","","Info. Checking the basic functions for the PickList","application.Samples.Info.PickListOnInfoTest","drillDown"
"The placeholder is shown for a field that is not enabled in the meta as well","2840","Test for getting the Placeholder value of a read-only field","","2026-09-29","passed","2026-09-29","","Form. Checking the basic functions for the FileUpload in the widget Form","application.Samples.Form.FileUploadOnFormTest","placeholderReadOnly"
"The test clears the field and clicks the Save button. Then validates the message that the field is required","4002","Required Message text Verification field test","","2026-09-29","passed","2026-09-29","","Form. Checking the basic functions for the Suggestion PickList in the widget Form","application.Samples.Form.SuggestionPickListOnFormTest","required"
"The page limit of the business component from BC_PROPERTIES cuts the page to 2 cards","3455","Default page limit: the CardList tab of the property sample","","2026-09-29","passed","2026-09-29","","CardList. Properties","application.Samples.CardList.CardListPropertiesTest","defaultLimitPropertySample"
"Cancel (cancel-create) removes the row added by Add.","5926","PickTreePopup: cancel of the created row","","2026-09-29","passed","2026-09-29","","PickTreePopup, AssocTreePopup. Row actions inside the popup","application.Samples.Tree.PopupRowActionsTest","pickCreateAndCancel"
"The placeholder is shown for a field that is not enabled in the meta as well","2654","Test for getting the Placeholder value of a read-only field","","2026-09-29","passed","2026-09-29","","Form. Checking the basic functions for the Text in the widget Form","application.Samples.Form.TextOnFormTest","placeholderReadOnly"
"","3048","The test for getting the value from the field","","2026-09-29","passed","2026-09-29","","Info. Checking the basic functions for the MultiValue","application.Samples.Info.MultiValueOnInfoTest","read"
"The test clears the field and clicks the Save button. Then validates the message that the field is required","3742","Required Message text Verification field test","","2026-09-29","passed","2026-09-29","","Form. Checking the basic functions for the InlinePickList in the widget Form","application.Samples.Form.InlinePickListOnFormTest","required"
"The test clears the field and clicks the Save button. Then validates the message that the field is required.","5555","Required Message text Verification field test","","2026-09-29","passed","2026-09-29","","List. Checking the basic functions for the Input in the widget List","application.Samples.List.InputOnListTest","required"
"The test clear the value in the field , and then checks the value in the field, it must be null.","4237","A test for checking the possibility of an empty field","","2026-09-29","passed","2026-09-29","","Form. Checking the basic functions for the Money in the widget Form","application.Samples.Form.MoneyOnFormTest","nullable"
"The test opens a modal window, clears the field, closes the window, and then checks the message under the field.","4177","Required Message text Verification field test","","2026-09-29","passed","2026-09-29","","Form. Checking the basic functions for the MultiValueTree in the widget Form","application.Samples.Form.MultiValueTreeOnFormTest","required_2"
"The test checks for the disabled attribute.","2608","A test to check the field for ""Read-only""","","2026-09-29","passed","2026-09-29","","Form. Checking the basic functions for the MultiValue in the widget Form","application.Samples.Form.MultiValueOnFormTest","readonly"
"","2459","position()","","2026-09-29","passed","2026-09-29","","Form. Checking the basic functions for the MultiField in the widget Form","application.Samples.Form.MultiFieldOnFormTest","position"
"The InfoWidget doesn't have a Placeholder.","0","Test for getting the Placeholder value","","2026-09-29","skipped","2026-09-29","","Info. Checking the basic functions for the Dictionary","application.Samples.Info.DictionaryOnInfoTest","placeholder"
"The test sets the value in the field. After approval, by clicking on the save button, the popup window, the title, the text in it, and the buttons are validated","5405","Confirmation Popup Validation Test","","2026-09-29","passed","2026-09-29","","Form. Checking the basic functions for the CheckBox","application.Samples.Form.CheckBoxOnFormTest","confirm"
"Sorting is not available for the Form widget","0","Sorting test","","2026-09-29","skipped","2026-09-29","","Form. Checking the basic functions for the MultipleSelect in the widget Form","application.Samples.Form.MultipleSelectOnFormTest","sorting"
"Filtering by the specified column.","6484","Filtering test","","2026-09-29","passed","2026-09-29","","List. Checking the basic functions for the Dictionary in the widget List","application.Samples.List.DictionaryOnListTest","filtration"
"The placeholder is shown for a field that is not enabled in the meta as well","3109","Test for getting the Placeholder value of a read-only field","","2026-09-29","passed","2026-09-29","","List. Checking the basic functions for the MultiValueTree in the widget List","application.Samples.List.MultiValueTreeOnListTest","placeholderReadOnly"
"The test gets the value from the style attribute in RGB format, and then converts it to Hex format","2521","A test to get the field color value in Hex format","","2026-09-29","passed","2026-09-29","","List. Checking the basic functions for the DateTime in the widget List","application.Samples.List.DateTimeOnListTest","color"
"","5120","Filtering test","","2026-09-29","passed","2026-09-29","","List. Checking the basic functions for the MultiField in the widget List","application.Samples.List.MultiFieldOnListTest","filtration"
"The transition/Redirect is not available","0","The DrillDown test","","2026-09-29","skipped","2026-09-29","","Form. Checking the basic functions for the Hint in the widget Form","application.Samples.Form.HintOnFormTest","drillDown"
"Info Widget is always read-only","0","A test to check the field for ""Read-only""","","2026-09-29","skipped","2026-09-29","","application.Samples.Info.RadioOnInfoTest","application.Samples.Info.RadioOnInfoTest","readonly"
"The Hint field type is always read-only","0","A test to check the field for ""Read-only""","","2026-09-29","skipped","2026-09-29","","List. Checking the basic functions for the MultiValueHover in the widget List","application.Samples.List.MultiValueHoverOnListTest","readonly"
"Edit from the row menu drills down to the form view; Save and Close returns to the tree with the changed value.","18800","Edit with view","","2026-09-29","passed","2026-09-29","","Tree. Standard actions: create and edit (inline, inline-form, with view)","application.Samples.Tree.TreeActionsTest","editWithView"
"The InfoWidget doesn't have a Placeholder.","0","Test for getting the Placeholder value","","2026-09-29","skipped","2026-09-29","","application.Samples.Info.TextOnInfoTest","application.Samples.Info.TextOnInfoTest","placeholder"
"Filtering is not available for the Form widget","0","Filtering test","","2026-09-29","skipped","2026-09-29","","application.Samples.Form.TimeOnFormTest","application.Samples.Form.TimeOnFormTest","filtration"
"The test checks for the disabled attribute.","2626","A test to check the field for ""Read-only""","","2026-09-29","passed","2026-09-29","","application.Samples.List.RadioOnListTest","application.Samples.List.RadioOnListTest","readonly"
"Checking the url before the transition and after the transition/click on a special element","2547","The DrillDown test","","2026-09-29","passed","2026-09-29","","List. Checking the basic functions for the Time","application.Samples.List.TimeOnListTest","drillDown"
"The test sets the value in the field. After approval, by clicking on the save button, the popup window, the title, the text in it, and the buttons are validated","4210","Confirmation Popup Validation Test","","2026-09-29","passed","2026-09-29","","Form. Checking the basic functions for the FileUpload in the widget Form","application.Samples.Form.FileUploadOnFormTest","confirm"
"The test clears the field and clicks the Save button. Then validates the message that the field is required.","4125","Required Message text Verification field test","","2026-09-29","passed","2026-09-29","","Form. Checking the basic functions for the MultiValueTree in the widget Form","application.Samples.Form.MultiValueTreeOnFormTest","required"
"","1950","position()","","2026-09-29","passed","2026-09-29","","List. Checking the basic functions for the DateTime in the widget List","application.Samples.List.DateTimeOnListTest","position"
"The InfoWidget doesn't have a Placeholder.","2832","Test for getting the Placeholder value","","2026-09-29","passed","2026-09-29","","Info. Checking the basic functions for the DateTimeWithSeconds","application.Samples.Info.DateTimeWithSecondsTest","placeholder"
"","2329","position()","","2026-09-29","passed","2026-09-29","","Form. Checking the basic functions for the Dictionary in the widget Form","application.Samples.Form.DictionaryOnFormTest","position"
"The node becomes partially selected; the other child stays checked explicitly","10914","Unchecking a child of a selected node switches the node to the manual selection","","2026-09-29","passed","2026-09-29","","AssocTreePopup. Selection of a node and of its children","application.Samples.Tree.AssocTreePopupSelectionTest","uncheckChildSwitchesToManual"
"The test clears the field and clicks the Save button. Then validates the message that the field is required.","0","Required Message text Verification field test","","2026-09-29","skipped","2026-09-29","","application.Samples.List.RadioOnListTest","application.Samples.List.RadioOnListTest","required"
"The test sets the value with the wrong data type in the field. After approval, it checks the text under the field, which informs about the correctness of the type of data entered.","5233","Required Message validation test for one field","","2026-09-29","passed","2026-09-29","","List. Checking the basic functions for the MultiValueTree in the widget List","application.Samples.List.MultiValueTreeOnListTest","fieldLevelValidationAnnotation"
"The test gets the value in the field, and then checks the value in the field with what should be.","0","A test for checking a value in a field","","2026-09-29","skipped","2026-09-29","","List. Checking the basic functions for the Number in the widget List","application.Samples.List.NumberOnListTest","read"
"The test verifies that after clearing the field, it is empty.","5437","The test for deleting a file from a field","","2026-09-29","passed","2026-09-29","","List. Checking the basic functions for the FileUpload in the widget List","application.Samples.List.FileUploadOnListTest","clear"
"Info widgets do not support placeholder attribute","2636","Test for getting the Placeholder value","","2026-09-29","passed","2026-09-29","","Info. Checking the basic functions for the Time","application.Samples.Info.TimeOnInfoTest","placeholder"
"The test gets the value from the style attribute in RGB format, and then converts it to Hex format","2578","A test to get the field color value in Hex format","","2026-09-29","passed","2026-09-29","","Info. Checking the basic functions for the Percent","application.Samples.Info.PercentOnInfoTest","color"
"Sorting by the specified column.","9766","Sorting test","","2026-09-29","passed","2026-09-29","","List. Checking the basic functions for the Number in the widget List","application.Samples.List.NumberOnListTest","sorting"
"","2750","The test for getting the value from the field","","2026-09-29","passed","2026-09-29","","Info. Checking the basic functions for the Hint","application.Samples.Info.HintOnInfoTest","read"
"The test sets the value in the field. After approval, the popup window, the title, the text in it, and the buttons are validated.","5410","Business Exception Validation Test","","2026-09-29","passed","2026-09-29","","List. Checking the basic functions for the Date in the widget List","application.Samples.List.DateOnListTest","businessException"
"The test sets the value in the field. After approval, the popup window, the title, the text in it, and the buttons are validated.","4433","Run-time exception validation test","","2026-09-29","passed","2026-09-29","","List. Checking the basic functions for the MultiValue in the widget List","application.Samples.List.MultiValueOnListTest","runtimeException"
"Add creates an empty row inside the popup; the row is saved from its menu and then deleted from its menu.","8086","Create inline, save, delete","","2026-09-29","passed","2026-09-29","","PickListPopup. Row actions inside the popup","application.Samples.Popup.PickListPopupRowActionsTest","createInlineAndDelete"
"","2434","position()","","2026-09-29","passed","2026-09-29","","application.Samples.List.RadioOnListTest","application.Samples.List.RadioOnListTest","position"
"The test gets the value from the style attribute in RGB format, and then converts it to Hex format","2351","A test to get the field color value in Hex format","","2026-09-29","passed","2026-09-29","","Info. Checking the basic functions for the MultiValueHover","application.Samples.Info.MultiValueHoverOnInfoTest","color"
"The test sets a value with the wrong data type in several fields for different widgets. After approval, it checks the text under the field, which informs about the correctness of the type of data entered","6177","Required Message validation test for multiple fields","","2026-09-29","passed","2026-09-29","","List. Checking the basic functions for the MultiValueTree in the widget List","application.Samples.List.MultiValueTreeOnListTest","fieldLevelValidation"
"The test gets the value from the style attribute in RGB format, and then converts it to Hex format","1703","A test to get the field color value in Hex format","","2026-09-29","passed","2026-09-29","","Form. Checking the basic functions for the MultiValueTree in the widget Form","application.Samples.Form.MultiValueTreeOnFormTest","color"
"The test clears the field and clicks the Save button. Then validates the message that the field is required","4221","Required Message text Verification field test","","2026-09-29","passed","2026-09-29","","Form. Checking the basic functions for the FileUpload in the widget Form","application.Samples.Form.FileUploadOnFormTest","required"
"The test sets the value with the wrong data type in the field. After approval, it checks the text under the field, which informs about the correctness of the type of data entered.","5880","Required Message validation test for one field","","2026-09-29","passed","2026-09-29","","List. Checking the basic functions for the Input in the widget List","application.Samples.List.InputOnListTest","fieldLevelValidationAnnotation"
"The test checks for the disabled attribute.","2632","A test to check the field for ""Read-only""","","2026-09-29","passed","2026-09-29","","List. Checking the basic functions for the Time","application.Samples.List.TimeOnListTest","readonly"
"The test sets the value in the field, and then checks the value in the field with what should be set","9809","A test for setting a value in a field","","2026-09-29","passed","2026-09-29","","Form. Checking the basic functions for the DateTimeWithSeconds in the widget Form","application.Samples.Form.DateTimeWithSecondsTest","edit"
"The test sets the value in the field. After approval, the popup window, the title, the text in it, and the buttons are validated.","3875","Business Exception Validation Test","","2026-09-29","passed","2026-09-29","","application.Samples.List.RadioOnListTest","application.Samples.List.RadioOnListTest","businessException"
"Info Widget is always read-only","0","A test to check the field for ""Read-only""","","2026-09-29","skipped","2026-09-29","","Info. Checking the basic functions for the MultiplySelect","application.Samples.Info.MultipleSelectOnInfoTest","readonly"
"The ""..."" button of the column filter opens the PickListPopup; the chosen record filters the list by id.","4482","The filtration by popup test","","2026-09-29","passed","2026-09-29","","List. Checking the basic functions for the PickList in the widget List","application.Samples.List.PickListOnListTest","filtrationPopup"
"Getting the field color is not available","0","A test to get the field color value in Hex format","","2026-09-29","skipped","2026-09-29","","List. Checking the basic functions for the Hint in the widget List","application.Samples.List.HintOnListTest","color"
"","6955","fieldLevelValidation()","","2026-09-29","passed","2026-09-29","","List. Checking the basic functions for the PickTree in the widget List","application.Samples.List.PickTreeOnListTest","fieldLevelValidation"
"The widget shows 5 cards on a page, the next page shows the rest","4851","Pages of the cards","","2026-09-29","passed","2026-09-29","","CardList. Basic","application.Samples.CardList.CardListBasicTest","pagination"
"Sorting is not available for the Form widget","0","Sorting test","","2026-09-29","skipped","2026-09-29","","Form. Checking the basic functions for the InlinePickList in the widget Form","application.Samples.Form.InlinePickListOnFormTest","sorting"
"The missing parents are requested and expanded; the row leaves the unallocated block","16381",">... restores the path: the row moves under its parent","","2026-09-29","passed","2026-09-29","","Tree. Search modes: collapse, hide, restoring the path of the found rows","application.Samples.Tree.TreeSearchModesTest","restorePathByButton"
"The test gets the value from the style attribute in RGB format, and then converts it to Hex format","2198","A test to get the field color value in Hex format","","2026-09-29","passed","2026-09-29","","application.Samples.Form.TimeOnFormTest","application.Samples.Form.TimeOnFormTest","color"
"The test clears the field and clicks the Save button. Then validates the message that the field is required.","5895","Required Message text Verification field test","","2026-09-29","passed","2026-09-29","","List. Checking the basic functions for the DateTime in the widget List","application.Samples.List.DateTimeOnListTest","required"
"Sorting is not available for the Form widget","0","Sorting test","","2026-09-29","skipped","2026-09-29","","Form. Checking the basic functions for the Suggestion PickList in the widget Form","application.Samples.Form.SuggestionPickListOnFormTest","sorting"
"The test checks the downloaded file with the template file that is contained in the resources","3477","A test to compare the downloaded file with the template","","2026-09-29","passed","2026-09-29","","Form. Checking the basic functions for the FileUpload in the widget Form","application.Samples.Form.FileUploadOnFormTest","compare"
"A test to get the value from the field. MultiValueHover is always read-only, so it is impossible to set the value","3929","A test for setting a value in a field","","2026-09-29","passed","2026-09-29","","Form. Checking the basic functions for the MultiValueHover in the widget Form","application.Samples.Form.MultiValueHoverOnFormTest","edit"
"The placeholder is shown for a field that is not enabled in the meta as well","2725","Test for getting the Placeholder value of a read-only field","","2026-09-29","passed","2026-09-29","","Form. Checking the basic functions for the PickList in the widget Form","application.Samples.Form.PickListOnFormTest","placeholderReadOnly"
"The test gets the value from the placeholder attribute and returns it in String format","2840","Test for getting the Placeholder value","","2026-09-29","passed","2026-09-29","","List. Checking the basic functions for the Input in the widget List","application.Samples.List.InputOnListTest","placeholder"
"Info Widget is always read-only","0","A test to check the field for ""Read-only""","","2026-09-29","skipped","2026-09-29","","Info. Checking the basic functions for the Hint","application.Samples.Info.HintOnInfoTest","readonly"
"Select, click a mark, select a part of it, click another mark: the way a user does it. Clicking the same mark twice turns it off.","4210","Overlaps built step by step","","2026-09-29","passed","2026-09-29","","Form. RichText regression suite for the RichText in the widget Form","application.Samples.Form.RichTextOnFormTest","overlapsByHand"
"The test gets the value from the style attribute in RGB format, and then converts it to Hex format","2558","A test to get the field color value in Hex format","","2026-09-29","passed","2026-09-29","","Form. Checking the basic functions for the DateTimeWithSeconds in the widget Form","application.Samples.Form.DateTimeWithSecondsTest","color"
"Edit of the card drills down to the form view, Save and Close returns to the cards with the changed card","23877","Edit with view","","2026-09-29","passed","2026-09-29","","CardList. Basic","application.Samples.CardList.CardListBasicTest","editWithView"
"The test gets the value from the placeholder attribute and returns it in String format","2953","Test for getting the Placeholder value","","2026-09-29","passed","2026-09-29","","application.Samples.List.TextOnListTest","application.Samples.List.TextOnListTest","placeholder"
"DrillDown is not available for InfoWidget.","2638","The DrillDown test","","2026-09-29","passed","2026-09-29","","Info. Checking the basic functions for the Date","application.Samples.Info.DateOnInfoTest","drillDown"
"The test gets the value from the style attribute in RGB format, and then converts it to Hex format","2774","A test to get the field color value in Hex format","","2026-09-29","passed","2026-09-29","","Info. Checking the basic functions for the Date","application.Samples.Info.DateOnInfoTest","color"
"","1414","checkFilterOrSort()","","2026-09-29","passed","2026-09-29","","List. Checking the basic functions for the Input in the widget List","application.Samples.List.InputOnListTest","checkFilterOrSort"
"Sorting is not available for the Form widget","0","Sorting test","","2026-09-29","skipped","2026-09-29","","Form. Checking the basic functions for the MultiValue in the widget Form","application.Samples.Form.MultiValueOnFormTest","sorting"
"The InfoWidget doesn't have a Placeholder..","0","Test for getting the Placeholder value","","2026-09-29","skipped","2026-09-29","","Info. Checking the basic functions for the MultiValueTree","application.Samples.Info.MultiValueTreeOnInfoTest","placeholder"
"The test gets the value from the placeholder attribute and returns it in String format","2866","Test for getting the Placeholder value","","2026-09-29","passed","2026-09-29","","Form. Checking the basic functions for the Date in the widget Form","application.Samples.Form.DateOnFormTest","placeholder"
"The placeholder is shown for a field that is not enabled in the meta as well","2664","Test for getting the Placeholder value of a read-only field","","2026-09-29","passed","2026-09-29","","Form. Checking the basic functions for the DateTime in the widget Form","application.Samples.Form.DateTimeOnFormTest","placeholderReadOnly"
"The test checks for the disabled attribute.","3120","A test to check the field for ""Read-only""","","2026-09-29","passed","2026-09-29","","List. Checking the basic functions for the Money in the widget List","application.Samples.List.MoneyOnListTest","readonly"
"The placeholder is shown for a field that is not enabled in the meta as well","3284","Test for getting the Placeholder value of a read-only field","","2026-09-29","passed","2026-09-29","","List. Checking the basic functions for the dateTimeWithSec in the widget List","application.Samples.List.DateTimeWithSecondsOnListTest","placeholderReadOnly"
"The test sets the value in the field. After approval, the popup window, the title, the text in it, and the buttons are validated","3540","Business Exception Validation Test","","2026-09-29","passed","2026-09-29","","Form. Checking the basic functions for the PickTree in the widget Form","application.Samples.Form.PickTreeOnFormTest","businessException"
"Getting a Placeholder is not available","0","Test for getting the Placeholder value","","2026-09-29","skipped","2026-09-29","","Form. Checking the basic functions for the MultiValueHover in the widget Form","application.Samples.Form.MultiValueHoverOnFormTest","placeholder"
"We type one text and put marks on it: one mark, two marks, three marks, in every order and in every position they can have (one inside the other, same end, same start, crossing). Each line checks three things: user input - the markdown the editor stores after the clicks; DB input - the same markdown opens and is stored again unchanged; and a second open changes nothing.","45145","Two and three marks on one text: every combination, every position","","2026-09-29","passed","2026-09-29","","Form. RichText regression suite for the RichText in the widget Form","application.Samples.Form.RichTextOnFormTest","markCombinations"
"Lazy load: the widget opens collapsed; the children are not requested until the node is expanded","7089","Only the root rows are loaded; a node is collapsed, a leaf has no arrow","","2026-09-29","passed","2026-09-29","","Tree. Lazy load: roots, expand, More per node, sorting","application.Samples.Tree.TreeLazyLoadTest","rootsOnly"
"A click on the row switches it to the edit mode; the changed value is saved from the row menu and kept.","11266","Edit inline","","2026-09-29","passed","2026-09-29","","Tree. Standard actions: create and edit (inline, inline-form, with view)","application.Samples.Tree.TreeActionsTest","editInline"
"The test sets the value in the field via Popup using a unique id, and then checks the value in the field with what needs to be set","2455","A test for setting a value in a field","","2026-09-29","passed","2026-09-29","","Form. Checking the basic functions for the PickList in the widget Form","application.Samples.Form.PickListOnFormTest","read"
"The test checks for the disabled attribute","2732","A test to check the field for ""Read-only""","","2026-09-29","passed","2026-09-29","","Form. Checking the basic functions for the MultipleSelect in the widget Form","application.Samples.Form.MultipleSelectOnFormTest","readonly"
"The test sets the value in the field. After approval, by clicking on the save button, the popup window, the title, the text in it, and the buttons are validated.","8669","Confirmation Popup Validation Test","","2026-09-29","passed","2026-09-29","","List. Checking the basic functions for the Input in the widget List","application.Samples.List.InputOnListTest","confirm"
"Filtering by the specified column.","5109","Filtering test","","2026-09-29","passed","2026-09-29","","application.Samples.List.RadioOnListTest","application.Samples.List.RadioOnListTest","filtration"
"The test checks for the disabled attribute.","2136","A test to check the field for ""Read-only""","","2026-09-29","passed","2026-09-29","","List. Checking the basic functions for the CheckBox","application.Samples.List.CheckBoxOnListTest","readonly"
"The test clears the field and clicks the Save button. Then validates the message that the field is required.","7022","Required Message text Verification field test","","2026-09-29","passed","2026-09-29","","application.Samples.List.TextOnListTest","application.Samples.List.TextOnListTest","required"
"The test gets the value from the placeholder attribute and returns it in String format","2466","Test for getting the Placeholder value","","2026-09-29","passed","2026-09-29","","Form. Checking the basic functions for the Number in the widget Form","application.Samples.Form.NumberOnFormTest","placeholder"
"Cancel (cancel-create) removes the row added by Add.","5489","Cancel of the created row","","2026-09-29","passed","2026-09-29","","PickListPopup. Row actions inside the popup","application.Samples.Popup.PickListPopupRowActionsTest","createAndCancel"
"The test sets the value with the wrong data type in the field. After approval, it checks the text under the field, which informs about the correctness of the type of data entered.","5716","Required Message validation test for one field","","2026-09-29","passed","2026-09-29","","List. Checking the basic functions for the MultiValue in the widget List","application.Samples.List.MultiValueOnListTest","fieldLevelValidationAnnotation"
"The test gets the value from the placeholder attribute and returns it in String format","2689","Test for getting the Placeholder value","","2026-09-29","passed","2026-09-29","","Form. Checking the basic functions for the MultipleSelect in the widget Form","application.Samples.Form.MultipleSelectOnFormTest","placeholder"
"DrillDown is not available for InfoWidget.","3277","The DrillDown test","","2026-09-29","passed","2026-09-29","","Info. Checking the basic functions for the Input","application.Samples.Info.InputTest","drillDown"
"Drill Down is not available for InfoWidget.","0","The DrillDown test","","2026-09-29","skipped","2026-09-29","","Info. Checking the basic functions for the MultiValueTree","application.Samples.Info.MultiValueTreeOnInfoTest","drillDown"
"","1091","test_1()","","2026-09-29","passed","2026-09-29","","List. Checking the basic functions for the PickTree in the widget List","application.Samples.List.PickTreeOnListTest","test_1"
"The placeholder is shown for a field that is not enabled in the meta as well","3536","Test for getting the Placeholder value of a read-only field","","2026-09-29","passed","2026-09-29","","Form. Checking the basic functions for the Dictionary in the widget Form","application.Samples.Form.DictionaryOnFormTest","placeholderReadOnly"
"Filtering by the specified column.","4892","Filtering test","","2026-09-29","passed","2026-09-29","","List. Checking the basic functions for the PickTree in the widget List","application.Samples.List.PickTreeOnListTest","filtration"
"confirms = paginationUnselect: the node has the More row, so the switch to the manual selection is confirmed; Cancel keeps the node selected","11180","Unchecking a child of a selected node with unloaded children asks for a confirmation","","2026-09-29","passed","2026-09-29","","AssocTreePopup. Selection of a node and of its children","application.Samples.Tree.AssocTreePopupSelectionTest","confirmUnselectWithUnloadedChildren"
"The test checks for the disabled attribute","2502","A test to check the field for ""Read-only""","","2026-09-29","passed","2026-09-29","","Form. Checking the basic functions for the FileUpload in the widget Form","application.Samples.Form.FileUploadOnFormTest","readonly"
"The test sets the value with the wrong data type in the field. After approval, it checks the text under the field, which informs about the correctness of the type of data entered.","7983","Required Message validation test for one field","","2026-09-29","passed","2026-09-29","","List. Checking the basic functions for the PickList in the widget List","application.Samples.List.PickListOnListTest","fieldLevelValidationAnnotation"
"","2572","position()","","2026-09-29","passed","2026-09-29","","Info. Checking the basic functions for the FileUp","application.Samples.Info.FileUploadOnInfoTest","position"
"The test sets the value in the field. After approval, by clicking on the save button, the popup window, the title, the text in it, and the buttons are validated","5991","Confirmation Popup Validation Test","","2026-09-29","passed","2026-09-29","","Form. Checking the basic functions for the Number in the widget Form","application.Samples.Form.NumberOnFormTest","confirm"
"Checking the url before the transition and after the transition/click on a special element","2616","The DrillDown test","","2026-09-29","passed","2026-09-29","","List. Checking the basic functions for the dateTimeWithSec in the widget List","application.Samples.List.DateTimeWithSecondsOnListTest","drillDown"
"The test gets the value from the placeholder attribute and returns it in String format","3163","Test for getting the Placeholder value","","2026-09-29","passed","2026-09-29","","application.Samples.List.SuggestionPickListOnListTest","application.Samples.List.SuggestionPickListOnListTest","placeholder"
"The test gets the value in the field, and then checks the value in the field with what should be.","0","A test for checking a value in a field","","2026-09-29","skipped","2026-09-29","","List. Checking the basic functions for the Money in the widget List","application.Samples.List.MoneyOnListTest","read"
"Currency check at the field","2335","Currency test","","2026-09-29","passed","2026-09-29","","Info. Checking the basic functions for the Money","application.Samples.Info.MoneyOnInfoTest","currency"
"Info Widget is always read-only: the field shows its value and cannot be edited","2573","A test to check the field for ""Read-only""","","2026-09-29","passed","2026-09-29","","Info. Checking the basic functions for the PickTree","application.Samples.Info.PickTreeOnInfoTest","readonly"
"Filtering is not available for the Form widget","0","Filtering test","","2026-09-29","skipped","2026-09-29","","application.Samples.Form.RadioOnFormTest","application.Samples.Form.RadioOnFormTest","filtration"
"The test checks for the disabled attribute","2681","A test to check the field for ""Read-only""","","2026-09-29","passed","2026-09-29","","Form. Checking the basic functions for the Number in the widget Form","application.Samples.Form.NumberOnFormTest","readonly"
"The placeholder is shown for a field that is not enabled in the meta as well","3273","Test for getting the Placeholder value of a read-only field","","2026-09-29","passed","2026-09-29","","List. Checking the basic functions for the Date in the widget List","application.Samples.List.DateOnListTest","placeholderReadOnly"
"The field of the Info widget is shown as a link when drillDown is set","2887","The DrillDown test","","2026-09-29","passed","2026-09-29","","Info. Checking the basic functions for the PickTree","application.Samples.Info.PickTreeOnInfoTest","drillDown"
"A node is expanded on demand; the full text search shows the found rows, the hide mode replaces the arrows by the dot","15528","Lazy load and the search modes of the popup","","2026-09-29","passed","2026-09-29","","PickTreePopup. Title, color, lazy load, search modes, selection","application.Samples.Tree.PickTreePopupTest","lazyLoadAndSearch"
"Two lists of the same record: with the default height and with maxRows 2, where the value is cut and shows ""..."".","3663","The height of the field","","2026-09-29","passed","2026-09-29","","List. Checking the basic functions for the RichText in the widget List","application.Samples.List.RichTextOnListTest","height"
"The test sets a value with the wrong data type in several fields for different widgets. After approval, it checks the text under the field, which informs about the correctness of the type of data entered","11002","Required Message validation test for multiple fields","","2026-09-29","passed","2026-09-29","","Form. Checking the basic functions for the Date in the widget Form","application.Samples.Form.DateOnFormTest","fieldLevelValidation"
"The test sets the value in the field. After approval, the popup window, the title, the text in it, and the buttons are validated.","4804","Run-time exception validation test","","2026-09-29","passed","2026-09-29","","List. Checking the basic functions for the PickTree in the widget List","application.Samples.List.PickTreeOnListTest","runtimeException"
"","2981","The test for getting the value from the field","","2026-09-29","passed","2026-09-29","","Info. Checking the basic functions for the Number","application.Samples.Info.NumberOnInfoTest","read"
"The user types a value longer than 50 characters. The error popup, its title and its message are validated.","3888","Business Exception Validation Test","","2026-09-29","passed","2026-09-29","","List. Checking the basic functions for the RichText in the widget List","application.Samples.List.RichTextOnListTest","businessException"
"The test sets a value with the wrong data type in several fields for different widgets. After approval, it checks the text under the field, which informs about the correctness of the type of data entered","7357","Required Message validation test for multiple fields","","2026-09-29","passed","2026-09-29","","List. Checking the basic functions for the MultipleSelect in the widget List","application.Samples.List.MultipleSelectOnListTest","fieldLevelValidation"
"Info Widget is always read-only","0","A test to check the field for ""Read-only""","","2026-09-29","skipped","2026-09-29","","Info. Checking the basic functions for the MultiValue","application.Samples.Info.MultiValueOnInfoTest","readonly"
"The test sets the value in the field, and then checks the value in the field with what should be set","4025","A test for setting a value in a field","","2026-09-29","passed","2026-09-29","","Form. Checking the basic functions for the CheckBox","application.Samples.Form.CheckBoxOnFormTest","edit"
"The test opens the popup, sets the value in the field via the popup, saves the form and checks the value in the field","5641","A test for setting a value in a field","","2026-09-29","passed","2026-09-29","","Form. Checking the basic functions for the PickTree in the widget Form","application.Samples.Form.PickTreeOnFormTest","edit"
"The first dictionary field is shown in the middle of the card","2993","Status of the card","","2026-09-29","passed","2026-09-29","","CardList. Properties","application.Samples.CardList.CardListPropertiesTest","status"
"","4434","The popup opens from the multivalueTree field of a list and of a form","","2026-09-29","passed","2026-09-29","","AssocTreePopup. Basics, action button, title, color, lazy load, search modes","application.Samples.Tree.AssocTreePopupTest","basics"
"DrillDown is not available for InfoWidget.","0","The DrillDown test","","2026-09-29","skipped","2026-09-29","","Info. Checking the basic functions for the MultiValueHover","application.Samples.Info.MultiValueHoverOnInfoTest","drillDown"
"The test sets the value in the field. After approval, by clicking on the save button, the popup window, the title, the text in it, and the buttons are validated.","7007","Confirmation Popup Validation Test","","2026-09-29","passed","2026-09-29","","List. Checking the basic functions for the PickTree in the widget List","application.Samples.List.PickTreeOnListTest","confirm"
"","3269","Popup without a title","","2026-09-29","passed","2026-09-29","","PickListPopup. Basics and title","application.Samples.Popup.PickListPopupTest","withoutTitle"
"The test sets the value to false in the field, and then checks the value in the field with what should be set.","5682","A test for setting a value in a field","","2026-09-29","passed","2026-09-29","","List. Checking the basic functions for the CheckBox","application.Samples.List.CheckBoxOnListTest","edit"
"Filtering by the specified column.","3810","Filtering test","","2026-09-29","passed","2026-09-29","","List. Checking the basic functions for the CheckBox","application.Samples.List.CheckBoxOnListTest","filtration"
"Checking the url before the transition and after the transition/click on a special element","2450","The DrillDown test","","2026-09-29","passed","2026-09-29","","List. Checking the basic functions for the Date in the widget List","application.Samples.List.DateOnListTest","drillDown"
"Currency check at the field","2082","Currency test","","2026-09-29","passed","2026-09-29","","Form. Checking the basic functions for the Money in the widget Form","application.Samples.Form.MoneyOnFormTest","currency"
"The test gets the value from the style attribute in RGB format, and then converts it to  Hex format","3156","A test to get the field color value in Hex format","","2026-09-29","passed","2026-09-29","","List. Checking the basic functions for the Number in the widget List","application.Samples.List.NumberOnListTest","color"
"The test sets the value in the field. After approval, by clicking on the save button, the popup window, the title, the text in it, and the buttons are validated.","8879","Confirmation Popup Validation Test","","2026-09-29","passed","2026-09-29","","List. Checking the basic functions for the MultipleSelect in the widget List","application.Samples.List.MultipleSelectOnListTest","confirm"
"The test clear the value in the field , and then checks the value in the field, it must be null.","3729","A test for checking the possibility of an empty field","","2026-09-29","passed","2026-09-29","","List. Checking the basic functions for the Number in the widget List","application.Samples.List.NumberOnListTest","nullable"
"The Add Files button uploads the file, the file becomes a new card","5588","Multi-upload files","","2026-09-29","passed","2026-09-29","","CardList. Properties","application.Samples.CardList.CardListPropertiesTest","multiUpload"
"The test gets the value from the placeholder attribute and returns it in String format","2243","Test for getting the Placeholder value","","2026-09-29","passed","2026-09-29","","List. Checking the basic functions for the dateTimeWithSec in the widget List","application.Samples.List.DateTimeWithSecondsOnListTest","placeholder"
"The test sets a value with the wrong data type in several fields for different widgets. After approval, it checks the text under the field, which informs about the correctness of the type of data entered","4259","Required Message validation test for multiple fields","","2026-09-29","passed","2026-09-29","","Form. Checking the basic functions for the Dictionary in the widget Form","application.Samples.Form.DictionaryOnFormTest","fieldLevelValidation"
"","2614","The test for getting the value from the field","","2026-09-29","passed","2026-09-29","","Info. Checking the basic functions for the PickList","application.Samples.Info.PickListOnInfoTest","read"
"","2424","position()","","2026-09-29","passed","2026-09-29","","Form. Checking the basic functions for the PickTree in the widget Form","application.Samples.Form.PickTreeOnFormTest","position"
"The test sets the value with the wrong data type in the field. After approval, it checks the text under the field, which informs about the correctness of the type of data entered","6128","Required Message validation test for one field","","2026-09-29","passed","2026-09-29","","Form. Checking the basic functions for the Date in the widget Form","application.Samples.Form.DateOnFormTest","fieldLevelValidationAnnotation"
"Without options.edit the card has the eye, it opens the file in a popup","3395","The eye opens the file","","2026-09-29","passed","2026-09-29","","CardList. Properties","application.Samples.CardList.CardListPropertiesTest","view"
"Sorting is not available for the Form widget","0","Sorting test","","2026-09-29","skipped","2026-09-29","","Form. Checking the basic functions for the Input in the widget Form","application.Samples.Form.InputTest","sorting"
"The test checks for the disabled attribute","2571","A test to check the field for ""Read-only""","","2026-09-29","passed","2026-09-29","","Form. Checking the basic functions for the Dictionary in the widget Form","application.Samples.Form.DictionaryOnFormTest","readonly"
"The test gets the value from the style attribute in RGB format, and then converts it to Hex format","2908","A test to get the field color value in Hex format","","2026-09-29","passed","2026-09-29","","application.Samples.Info.RadioOnInfoTest","application.Samples.Info.RadioOnInfoTest","color"
"Checking the url before the transition and after the transition/click on a special element","3295","The DrillDown test","","2026-09-29","passed","2026-09-29","","List. Checking the basic functions for the FileUpload in the widget List","application.Samples.List.FileUploadOnListTest","drillDown"
"The user types a value longer than 50 characters. The error popup, its title and its message are validated.","3484","Business Exception Validation Test","","2026-09-29","passed","2026-09-29","","Form. Checking the basic functions for the RichText in the widget Form","application.Samples.Form.RichTextFieldOnFormTest","businessException"
"","2760","The test for getting the value from the field","","2026-09-29","passed","2026-09-29","","Info. Checking the basic functions for the MultiValueTree","application.Samples.Info.MultiValueTreeOnInfoTest","read"
"Filtering is not available for InfoWidget.","0","Filtering test","","2026-09-29","skipped","2026-09-29","","Info. Checking the basic functions for the MultiValueTree","application.Samples.Info.MultiValueTreeOnInfoTest","filtration"
"The test sets the value with the wrong data type in the field. After approval, it checks the text under the field, which informs about the correctness of the type of data entered.","9287","Required Message validation test for one field","","2026-09-29","passed","2026-09-29","","List. Checking the basic functions for the InlinePickList in the widget List","application.Samples.List.InlinePickListOnListTest","fieldLevelValidationAnnotation"
"The test checks for the disabled attribute","2205","A test to check the field for ""Read-only""","","2026-09-29","passed","2026-09-29","","application.Samples.Form.PercentOnFormTest","application.Samples.Form.PercentOnFormTest","readonly"
"Filtering by the specified column.","5091","Filtering test","","2026-09-29","passed","2026-09-29","","List. Checking the basic functions for the Money in the widget List","application.Samples.List.MoneyOnListTest","filtration"
"The test gets the value from the style attribute in RGB format, and then converts it to Hex format","2775","A test to get the field color value in Hex format","","2026-09-29","passed","2026-09-29","","Form. Checking the basic functions for the MultiValue in the widget Form","application.Samples.Form.MultiValueOnFormTest","color"
"The placeholder is shown for a field that is not enabled in the meta as well","3068","Test for getting the Placeholder value of a read-only field","","2026-09-29","passed","2026-09-29","","application.Samples.Form.TimeOnFormTest","application.Samples.Form.TimeOnFormTest","placeholderReadOnly"
"The test sets the value in the field. After approval, the popup window, the title, the text in it, and the buttons are validated.","3898","Business Exception Validation Test","","2026-09-29","passed","2026-09-29","","List. Checking the basic functions for the MultiValue in the widget List","application.Samples.List.MultiValueOnListTest","businessException"
"The test sets the value in the field. After approval, the popup window, the title, the text in it, and the buttons are validated","3585","Run-time exception validation test","","2026-09-29","passed","2026-09-29","","Form. Checking the basic functions for the InlinePickList in the widget Form","application.Samples.Form.InlinePickListOnFormTest","runtimeException"
"","2514","position()","","2026-09-29","passed","2026-09-29","","Info. Checking the basic functions for the DateTime","application.Samples.Info.DateTimeOnInfoTest","position"
"The test gets the value in the field, and then checks the value in the field with what should be.","2966","A test for checking a value in a field","","2026-09-29","passed","2026-09-29","","List. Checking the basic functions for the Dictionary in the widget List","application.Samples.List.DictionaryOnListTest","read"
"The test sets the value in the field. After approval, by clicking on the save button, the popup window, the title, the text in it, and the buttons are validated.","5426","Confirmation Popup Validation Test","","2026-09-29","passed","2026-09-29","","List. Checking the basic functions for the FileUpload in the widget List","application.Samples.List.FileUploadOnListTest","confirm"
"The title is built from the field of the parent record: customFieldPick: ${customFieldPick}","2728","Calculated title of the popup","","2026-09-29","passed","2026-09-29","","PickListPopup. Basics and title","application.Samples.Popup.PickListPopupTest","calculatedTitle"
"","2936","position()","","2026-09-29","passed","2026-09-29","","Info. Checking the basic functions for the PickList","application.Samples.Info.PickListOnInfoTest","position"
"Sorting is not available for the Form widget","0","Sorting test","","2026-09-29","skipped","2026-09-29","","Form. Checking the basic functions for the Text in the widget Form","application.Samples.Form.TextOnFormTest","sorting"
"The test sets the value in the field. After approval, the popup window, the title, the text in it, and the buttons are validated","3801","Run-time exception validation test","","2026-09-29","passed","2026-09-29","","Form. Checking the basic functions for the PickTree in the widget Form","application.Samples.Form.PickTreeOnFormTest","runtimeException"
"","2949","Colored rows of the popup","","2026-09-29","passed","2026-09-29","","PickListPopup. Basics and title","application.Samples.Popup.PickListPopupTest","color"
"The test sets a value with the wrong data type in several fields for different widgets. After approval, it checks the text under the field, which informs about the correctness of the type of data entered","7517","Required Message validation test for multiple fields","","2026-09-29","passed","2026-09-29","","Form. Checking the basic functions for the Suggestion PickList in the widget Form","application.Samples.Form.SuggestionPickListOnFormTest","fieldLevelValidation"
"The test sets the value in the field, and then checks the value in the field with what should be set","3051","A test for setting a value in a field","","2026-09-29","passed","2026-09-29","","Form. Checking the basic functions for the FileUpload in the widget Form","application.Samples.Form.FileUploadOnFormTest","edit"
"The test sets the value in the field. After approval, the popup window, the title, the text in it, and the buttons are validated.","4803","Run-time exception validation test","","2026-09-29","passed","2026-09-29","","List. Checking the basic functions for the Dictionary in the widget List","application.Samples.List.DictionaryOnListTest","runtimeException"
"The test clears the field and clicks the Save button. Then validates the message that the field is required","3940","Required Message text Verification field test","","2026-09-29","passed","2026-09-29","","Form. Checking the basic functions for the Number in the widget Form","application.Samples.Form.NumberOnFormTest","required"
"The test gets the value from the style attribute in RGB format, and then converts it to Hex format","2731","A test to get the field color value in Hex format","","2026-09-29","passed","2026-09-29","","Form. Checking the basic functions for the InlinePickList in the widget Form","application.Samples.Form.InlinePickListOnFormTest","color"
"","2192","position()","","2026-09-29","passed","2026-09-29","","List. Checking the basic functions for the CheckBox","application.Samples.List.CheckBoxOnListTest","position"
"The child list is shown while Custom Field Number of the parent form is greater than 5; the condition is recalculated on save","9856","Show condition by parent entity","","2026-09-29","passed","2026-09-29","","List. Show condition","application.Samples.List.ListShowConditionTest","showConditionByParentEntity"
"DrillDown is not available for InfoWidget.","2979","The DrillDown test","","2026-09-29","passed","2026-09-29","","Info. Checking the basic functions for the DateTime","application.Samples.Info.DateTimeOnInfoTest","drillDown"
"The test sets the value with the wrong data type in the field. After approval, it checks the text under the field, which informs about the correctness of the type of data entered","4207","Required Message validation test for one field","","2026-09-29","passed","2026-09-29","","Form. Checking the basic functions for the Input in the widget Form","application.Samples.Form.InputTest","fieldLevelValidationAnnotation"
"The test sets the value in the field. After approval, the popup window, the title, the text in it, and the buttons are validated","6243","Run-time exception validation test","","2026-09-29","passed","2026-09-29","","Form. Checking the basic functions for the Date in the widget Form","application.Samples.Form.DateOnFormTest","runtimeException"
"The test sets the value in the field, and then checks the value in the field with what should be set.","12900","A test for setting a value in a field","","2026-09-29","passed","2026-09-29","","List. Checking the basic functions for the Dictionary in the widget List","application.Samples.List.DictionaryOnListTest","edit"
"Markdown does not allow a mark to start or end next to punctuation inside a word, so the toolbar greys the button out there. Lines check where the line is: punctuation refuses, letters and digits allow. A mark already applied stays clickable so it can be removed. Symbols are allowed but should not be: a known bug.","6111","Marks the toolbar greys out","","2026-09-29","passed","2026-09-29","","Form. RichText regression suite for the RichText in the widget Form","application.Samples.Form.RichTextOnFormTest","toolbarRefuses"
"Filtering is not available for the Form widget","0","Filtering test","","2026-09-29","skipped","2026-09-29","","Form. Checking the basic functions for the MultiValue in the widget Form","application.Samples.Form.MultiValueOnFormTest","filtration"
"Checking the url before the transition and after the transition/click on a special element","2408","The DrillDown test","","2026-09-29","passed","2026-09-29","","Form. Checking the basic functions for the Dictionary in the widget Form","application.Samples.Form.DictionaryOnFormTest","drillDown"
"A test to get the value from the field. MultiValueHover is always read-only, so it is impossible to set the value.","2624","A test for setting a value in a field","","2026-09-29","passed","2026-09-29","","List. Checking the basic functions for the MultiValueHover in the widget List","application.Samples.List.MultiValueHoverOnListTest","edit"
"The test checks for the disabled attribute","2876","A test to check the field for ""Read-only""","","2026-09-29","passed","2026-09-29","","Form. Checking the basic functions for the DateTime in the widget Form","application.Samples.Form.DateTimeOnFormTest","readonly"
"Checking the url before the transition and after the transition/click on a special element","2126","The DrillDown test","","2026-09-29","passed","2026-09-29","","List. Checking the basic functions for the PickList in the widget List","application.Samples.List.PickListOnListTest","drillDown"
"The ""..."" button of the column filter opens the PickTreePopup; the chosen record filters the list by id.","5577","The filtration by popup test","","2026-09-29","passed","2026-09-29","","List. Checking the basic functions for the PickTree in the widget List","application.Samples.List.PickTreeOnListTest","filtrationPopup"
"The test sets the value in the field via Popup using a unique id, and then checks the value in the field with what needs to be set","5207","A test for setting a value in a field","","2026-09-29","passed","2026-09-29","","Form. Checking the basic functions for the Suggestion PickList in the widget Form","application.Samples.Form.SuggestionPickListOnFormTest","edit"
"Add opens the row form inside the popup (options.create.widget); the form is saved and the new row is shown.","11455","PickTreePopup: create inline-form","","2026-09-29","passed","2026-09-29","","PickTreePopup, AssocTreePopup. Row actions inside the popup","application.Samples.Tree.PopupRowActionsTest","pickCreateInlineForm"
"","1817","position()","","2026-09-29","passed","2026-09-29","","application.Samples.Form.RadioOnFormTest","application.Samples.Form.RadioOnFormTest","position"
"The test sets a value with the wrong data type in several fields for different widgets. After approval, it checks the text under the field, which informs about the correctness of the type of data entered","7825","Required Message validation test for multiple fields","","2026-09-29","passed","2026-09-29","","Form. Checking the basic functions for the InlinePickList in the widget Form","application.Samples.Form.InlinePickListOnFormTest","fieldLevelValidation"
"The test gets the value from the style attribute in RGB format, and then converts it to Hex format","0","A test to get the field color value in Hex format","","2026-09-29","skipped","2026-09-29","","Form. Checking the basic functions for the PickList in the widget Form","application.Samples.Form.PickListOnFormTest","color"
"","2696","position()","","2026-09-29","passed","2026-09-29","","Info. Checking the basic functions for the Date","application.Samples.Info.DateOnInfoTest","position"
"The statistics are shown while Custom Field Number of the parent form is greater than 5; the condition is recalculated on save","7963","Show condition by parent entity","","2026-09-29","passed","2026-09-29","","StatsBlock. Show condition","application.Samples.StatsBlock.StatsBlockShowConditionTest","showConditionByParentEntity"
"The pencil of the popup row opens its form (options.edit.widget); the changed value is saved and shown.","18642","PickTreePopup: edit inline-form","","2026-09-29","passed","2026-09-29","","PickTreePopup, AssocTreePopup. Row actions inside the popup","application.Samples.Tree.PopupRowActionsTest","pickEditInlineForm"
"Filtering is not available for the Form widget","0","Filtering test","","2026-09-29","skipped","2026-09-29","","Form. Checking the basic functions for the InlinePickList in the widget Form","application.Samples.Form.InlinePickListOnFormTest","filtration"
"Filtering is not available for InfoWidget.","0","Filtering test","","2026-09-29","skipped","2026-09-29","","Info. Checking the basic functions for the DateTimeWithSeconds","application.Samples.Info.DateTimeWithSecondsTest","filtration"
"Filtering by the specified column.","4466","Filtering test","","2026-09-29","passed","2026-09-29","","List. Checking the basic functions for the MultiValueTree in the widget List","application.Samples.List.MultiValueTreeOnListTest","filtration"
"The test sets the value in the field. After approval, by clicking on the save button, the popup window, the title, the text in it, and the buttons are validated.","5658","Confirmation Popup Validation Test","","2026-09-29","passed","2026-09-29","","application.Samples.List.RadioOnListTest","application.Samples.List.RadioOnListTest","confirm"
"","2426","A test to check the options of the drop-down list","","2026-09-29","passed","2026-09-29","","List. Checking the basic functions for the Dictionary in the widget List","application.Samples.List.DictionaryOnListTest","options"
"The test sets the value in the field, and then checks the value in the field with what should be set","10469","A test for setting a value in a field","","2026-09-29","passed","2026-09-29","","application.Samples.Form.TimeOnFormTest","application.Samples.Form.TimeOnFormTest","edit"
"The test sets the value in the field, and then checks the value in the field with what should be set","5535","A test for setting a value in a field","","2026-09-29","passed","2026-09-29","","Form. Checking the basic functions for the Text in the widget Form","application.Samples.Form.TextOnFormTest","edit"
"The test gets the value from the style attribute in RGB format, and then converts it to Hex format","2761","A test to get the field color value in Hex format","","2026-09-29","passed","2026-09-29","","Info. Checking the basic functions for the PickList","application.Samples.Info.PickListOnInfoTest","color"
"Filtering is not available for the Form widget","0","Filtering test","","2026-09-29","skipped","2026-09-29","","Form. Checking the basic functions for the MultipleSelect in the widget Form","application.Samples.Form.MultipleSelectOnFormTest","filtration"
"The test sets the value in the field via Popup using a unique id, and then checks the value in the field with what needs to be set","3873","A test for setting a value in a field","","2026-09-29","passed","2026-09-29","","Form. Checking the basic functions for the PickList in the widget Form","application.Samples.Form.PickListOnFormTest","edit"
"Loading a page of one node does not change the neighbouring node","69147","Every node has its own More","","2026-09-29","passed","2026-09-29","","Tree. Lazy load: roots, expand, More per node, sorting","application.Samples.Tree.TreeLazyLoadTest","morePerNode"
"Checking the picklist behavior when required fields are present on the widget: the picklist should open.","6387","Open Picklist With RequiredFields","","2026-09-29","passed","2026-09-29","","List. Checking the basic functions for the PickList in the widget List","application.Samples.List.PickListOnListTest","openPicklistWithRequiredFields"
"The test sets the value, after which the method returns the full list of value-status","6197","Test to get all values with the status","","2026-09-29","passed","2026-09-29","","application.Samples.List.RadioOnListTest","application.Samples.List.RadioOnListTest","getValues"
"The test sets all the values in the field, then checks the list with the expected value.","3882","Test to set all values in the field","","2026-09-29","passed","2026-09-29","","Form. Checking the basic functions for the MultiValue in the widget Form","application.Samples.Form.MultiValueOnFormTest","test_set_all"
"","4356","test_2()","","2026-09-29","passed","2026-09-29","","List. Checking the basic functions for the PickTree in the widget List","application.Samples.List.PickTreeOnListTest","test_2"
"","9535","Restore path -> For all in the gear menu restores every found row","","2026-09-29","passed","2026-09-29","","Tree. Search modes: collapse, hide, restoring the path of the found rows","application.Samples.Tree.TreeSearchModesTest","restorePathForAll"
"Filtering is not available for InfoWidget.","0","Filtering test","","2026-09-29","skipped","2026-09-29","","Info. Checking the basic functions for the Money","application.Samples.Info.MoneyOnInfoTest","filtration"
"The test gets the value from the placeholder attribute and returns it in String format","2727","Test for getting the Placeholder value","","2026-09-29","passed","2026-09-29","","application.Samples.Form.RadioOnFormTest","application.Samples.Form.RadioOnFormTest","placeholder"
"The user types values longer than 50 characters in two fields and clicks Save. The messages under both fields are validated.","4594","Required Message validation test for multiple fields","","2026-09-29","passed","2026-09-29","","Form. Checking the basic functions for the RichText in the widget Form","application.Samples.Form.RichTextFieldOnFormTest","fieldLevelValidation"
"","2546","position()","","2026-09-29","passed","2026-09-29","","Form. Checking the basic functions for the MultiValueHover in the widget Form","application.Samples.Form.MultiValueHoverOnFormTest","position"
"The test gets the value from the placeholder attribute and returns it in String format","3028","Test for getting the Placeholder value","","2026-09-29","passed","2026-09-29","","application.Samples.List.RadioOnListTest","application.Samples.List.RadioOnListTest","placeholder"
"","2542","position()","","2026-09-29","passed","2026-09-29","","Info. Checking the basic functions for the Number","application.Samples.Info.NumberOnInfoTest","position"
"Sorting is not available for InfoWidget.","0","Sorting test","","2026-09-29","skipped","2026-09-29","","Info. Checking the basic functions for the MultiplySelect","application.Samples.Info.MultipleSelectOnInfoTest","sorting"
"The test sets the value in the field, and then checks the value in the field with what should be set","3854","A test for setting a value in a field","","2026-09-29","passed","2026-09-29","","application.Samples.Form.RadioOnFormTest","application.Samples.Form.RadioOnFormTest","edit"
"Two Info widgets of the same record: with the default height and with minRows 2, maxRows 4.","2744","The height of the field","","2026-09-29","passed","2026-09-29","","application.Samples.Info.TextOnInfoTest","application.Samples.Info.TextOnInfoTest","height"
"The test sets the value to true in the field, and then checks the value in the field with what should be set.","2783","A test for setting a value in a field","","2026-09-29","passed","2026-09-29","","List. Checking the basic functions for the CheckBox","application.Samples.List.CheckBoxOnListTest","edit2"
"A click on the cell switches the popup row into the edit mode; the changed value is saved from the row menu.","11994","AssocTreePopup: edit inline","","2026-09-29","passed","2026-09-29","","PickTreePopup, AssocTreePopup. Row actions inside the popup","application.Samples.Tree.PopupRowActionsTest","assocEditInline"
"The test clears the field and clicks the Save button. Then validates the message that the field is required.","5875","Required Message text Verification field test","","2026-09-29","passed","2026-09-29","","List. Checking the basic functions for the PickTree in the widget List","application.Samples.List.PickTreeOnListTest","required"
"The test gets the value from the placeholder attribute and returns it in String format","1738","Test for getting the Placeholder value","","2026-09-29","passed","2026-09-29","","Form. Checking the basic functions for the MultiValueTree in the widget Form","application.Samples.Form.MultiValueTreeOnFormTest","placeholder"
"The filter compares only letters and digits of the value and of the typed text: ""metal type"" finds ""Some metal type characters"" and ""**Metal** type"".","5381","Filtering test","","2026-09-29","passed","2026-09-29","","List. Checking the basic functions for the RichText in the widget List","application.Samples.List.RichTextOnListTest","filtration"
"The text has a line break inside one paragraph. A mark that spans the break must be closed before the break and opened again after it in the stored markdown, and the value must open again unchanged.","6402","Marks across a line break (Shift+Enter)","","2026-09-29","passed","2026-09-29","","Form. RichText regression suite for the RichText in the widget Form","application.Samples.Form.RichTextOnFormTest","lineBreaks"
"Filtering is not available for InfoWidget.","0","Filtering test","","2026-09-29","skipped","2026-09-29","","Info. Checking the basic functions for the MultiValueHover","application.Samples.Info.MultiValueHoverOnInfoTest","filtration"
"Sorting by the specified column.","14383","Sorting test","","2026-09-29","passed","2026-09-29","","List. Checking the basic functions for the Time","application.Samples.List.TimeOnListTest","sorting"
"The test sets the value in the field via Popup using a unique id, and then checks the value in the field with what needs to be set.","5307","A test for setting a value in a field","","2026-09-29","passed","2026-09-29","","List. Checking the basic functions for the PickList in the widget List","application.Samples.List.PickListOnListTest","edit"
"The search box of the widget leaves the cards with the text in the title","7354","Full text search","","2026-09-29","passed","2026-09-29","","CardList. Properties","application.Samples.CardList.CardListPropertiesTest","fullTextSearch"
"The test gets the value from the style attribute in RGB format, and then converts it to Hex format","2306","A test to get the field color value in Hex format","","2026-09-29","passed","2026-09-29","","Info. Checking the basic functions for the Input","application.Samples.Info.InputTest","color"
"Sorting is not available for InfoWidget.","1","Sorting test","","2026-09-29","skipped","2026-09-29","","Info. Checking the basic functions for the Percent","application.Samples.Info.PercentOnInfoTest","sorting"
"The test sets the value in the field. After approval, the popup window, the title, the text in it, and the buttons are validated.","4261","Run-time exception validation test","","2026-09-29","passed","2026-09-29","","List. Checking the basic functions for the FileUpload in the widget List","application.Samples.List.FileUploadOnListTest","runtimeException"
"The placeholder is shown for a field that is not enabled in the meta as well","2912","Test for getting the Placeholder value of a read-only field","","2026-09-29","passed","2026-09-29","","List. Checking the basic functions for the Money in the widget List","application.Samples.List.MoneyOnListTest","placeholderReadOnly"
"The test sets the value in the field, and then checks the value in the field with what should be set.","7131","A test for setting a value in a field","","2026-09-29","passed","2026-09-29","","List. Checking the basic functions for the Date in the widget List","application.Samples.List.DateOnListTest","edit"
"Currency by the specified column.","0","Currency test","","2026-09-29","skipped","2026-09-29","","List. Checking the basic functions for the Money in the widget List","application.Samples.List.MoneyOnListTest","currency"
"The test gets the value in the field, and then checks the value in the field with what should be.","0","A test for checking a value in a field","","2026-09-29","skipped","2026-09-29","","List. Checking the basic functions for the MultiValueTree in the widget List","application.Samples.List.MultiValueTreeOnListTest","read"
"Checking the picklist behavior when required fields are present on the widget: the picklist should open.","7193","Open Picklist With RequiredFields","","2026-09-29","passed","2026-09-29","","List. Checking the basic functions for the PickTree in the widget List","application.Samples.List.PickTreeOnListTest","openPicklistWithRequiredFields"
"The test sets the value in the field. After approval, the popup window, the title, the text in it, and the buttons are validated.","5062","Run-time exception validation test","","2026-09-29","passed","2026-09-29","","List. Checking the basic functions for the Money in the widget List","application.Samples.List.MoneyOnListTest","runtimeException"
"The same lines over text made only of characters that must be escaped: backslash, star, underscore, brackets, braces. Each must come back as the same character, and the escaping must not grow or shrink when a mark is next to it.","11730","The same marks on characters that must be escaped","","2026-09-29","passed","2026-09-29","","Form. RichText regression suite for the RichText in the widget Form","application.Samples.Form.RichTextOnFormTest","markCombinationsOverEscapes"
"The placeholder is shown for a field that is not enabled in the meta as well","2791","Test for getting the Placeholder value of a read-only field","","2026-09-29","passed","2026-09-29","","Form. Checking the basic functions for the Suggestion PickList in the widget Form","application.Samples.Form.SuggestionPickListOnFormTest","placeholderReadOnly"
"The test sets the value in the field. After approval, the popup window, the title, the text in it, and the buttons are validated","3178","Run-time exception validation test","","2026-09-29","passed","2026-09-29","","Form. Checking the basic functions for the DateTimeWithSeconds in the widget Form","application.Samples.Form.DateTimeWithSecondsTest","runtimeException"
"The test checks the status of one option, whether it is selected or not","7912","A test to check the status of one option","","2026-09-29","passed","2026-09-29","","Form. Checking the basic functions for the MultipleSelect in the widget Form","application.Samples.Form.MultipleSelectOnFormTest","statusOption"
"The test sets the value with the wrong data type in the field. After approval, it checks the text under the field, which informs about the correctness of the type of data entered","6294","Required Message validation test for one field","","2026-09-29","passed","2026-09-29","","Form. Checking the basic functions for the DateTime in the widget Form","application.Samples.Form.DateTimeOnFormTest","fieldLevelValidationAnnotation"
"Checking the url before the transition and after the transition/click on a special element","0","The DrillDown test","","2026-09-29","skipped","2026-09-29","","Form. Checking the basic functions for the Suggestion PickList in the widget Form","application.Samples.Form.SuggestionPickListOnFormTest","drillDown"
"DrillDown is not available for InfoWidget.","0","The DrillDown test","","2026-09-29","skipped","2026-09-29","","Info. Checking the basic functions for the FileUp","application.Samples.Info.FileUploadOnInfoTest","drillDown"
"The test sets the value with the wrong data type in the field. After approval, it checks the text under the field, which informs about the correctness of the type of data entered","5097","Required Message validation test for one field","","2026-09-29","passed","2026-09-29","","Form. Checking the basic functions for the Text in the widget Form","application.Samples.Form.TextOnFormTest","fieldLevelValidationAnnotation"
"The test sets the value in the field. After approval, by clicking on the save button, the popup window, the title, the text in it, and the buttons are validated.","8495","Confirmation Popup Validation Test","","2026-09-29","passed","2026-09-29","","List. Checking the basic functions for the MultiValueTree in the widget List","application.Samples.List.MultiValueTreeOnListTest","confirm"
"Filtering is not available for InfoWidget.","0","Filtering test","","2026-09-29","skipped","2026-09-29","","application.Samples.Info.TextOnInfoTest","application.Samples.Info.TextOnInfoTest","filtration"
"The test gets the value from the placeholder attribute and returns it in String format","2611","Test for getting the Placeholder value","","2026-09-29","passed","2026-09-29","","List. Checking the basic functions for the InlinePickList in the widget List","application.Samples.List.InlinePickListOnListTest","placeholder"
"The test opens a modal window, clears the field, closes the window, and then checks the message under the field.","7049","Required Message text Verification field test","","2026-09-29","passed","2026-09-29","","List. Checking the basic functions for the MultiValueTree in the widget List","application.Samples.List.MultiValueTreeOnListTest","required_2"
"The test for getting all options from the field","3286","A test for get all options from the field","","2026-09-29","passed","2026-09-29","","Form. Checking the basic functions for the InlinePickList in the widget Form","application.Samples.Form.InlinePickListOnFormTest","getOptions"
"The test sets the value in the field. After approval, by clicking on the save button, the popup window, the title, the text in it, and the buttons are validated","6613","Confirmation Popup Validation Test","","2026-09-29","passed","2026-09-29","","Form. Checking the basic functions for the Money in the widget Form","application.Samples.Form.MoneyOnFormTest","confirm"
"Sorting is not available for InfoWidget.","0","Sorting test","","2026-09-29","skipped","2026-09-29","","Info. Checking the basic functions for the Number","application.Samples.Info.NumberOnInfoTest","sorting"
"Info Widget is always read-only","2673","A test to check the field for ""Read-only""","","2026-09-29","passed","2026-09-29","","Info. New Api.  Checking the basic functions for the CheckBox","application.Samples.Info.CheckboxTest","readonly"
"Sorting by the specified column.","5306","Sorting test","","2026-09-29","passed","2026-09-29","","List. Checking the basic functions for the PickList in the widget List","application.Samples.List.PickListOnListTest","sorting"
"The placeholder is shown for a field that is not enabled in the meta as well","2399","Test for getting the Placeholder value of a read-only field","","2026-09-29","passed","2026-09-29","","Form. Checking the basic functions for the MultiValue in the widget Form","application.Samples.Form.MultiValueOnFormTest","placeholderReadOnly"
"The placeholder is shown for a field that is not enabled in the meta as well","2857","Test for getting the Placeholder value of a read-only field","","2026-09-29","passed","2026-09-29","","List. Checking the basic functions for the FileUpload in the widget List","application.Samples.List.FileUploadOnListTest","placeholderReadOnly"
"Filtering is not available for InfoWidget.","0","Filtering test","","2026-09-29","skipped","2026-09-29","","Info. Checking the basic functions for the Dictionary","application.Samples.Info.DictionaryOnInfoTest","filtration"
"A mark is clicked twice, or Clear format is clicked, or the colour is set back to default: the text must come back plain.","4211","Formatting switched on and off again","","2026-09-29","passed","2026-09-29","","Form. RichText regression suite for the RichText in the widget Form","application.Samples.Form.RichTextOnFormTest","builtByClicking"
"","1883","position()","","2026-09-29","passed","2026-09-29","","List. Checking the basic functions for the Dictionary in the widget List","application.Samples.List.DictionaryOnListTest","position"
"The test sets the value with the wrong data type in the field. After approval, it checks the text under the field, which informs about the correctness of the type of data entered","4235","Required Message validation test for one field","","2026-09-29","passed","2026-09-29","","Form. Checking the basic functions for the Number in the widget Form","application.Samples.Form.NumberOnFormTest","fieldLevelValidationAnnotation"
"A custom action without PostAction re-reads the record and updates its row; the node of the record is collapsed and its child rows are forgotten, the other rows of the tree stay as they were.","20485","Custom action refreshes only the node","","2026-09-29","passed","2026-09-29","","Tree. Node refresh after custom actions","application.Samples.Tree.TreeNodeRefreshTest","customActionRefreshesNode"
"The test checks for the disabled attribute","2044","A test to check the field for ""Read-only""","","2026-09-29","passed","2026-09-29","","Form. Checking the basic functions for the Text in the widget Form","application.Samples.Form.TextOnFormTest","readonly"
"The test sets the value in the field, and then checks the value in the field with what should be set.","3827","A test for setting a value in a field","","2026-09-29","passed","2026-09-29","","List. Checking the basic functions for the FileUpload in the widget List","application.Samples.List.FileUploadOnListTest","edit"
"The test sets the value in the field, and then checks the value in the field with what should be set.","8370","A test for setting a value in a field","","2026-09-29","passed","2026-09-29","","List. Checking the basic functions for the InlinePickList in the widget List","application.Samples.List.InlinePickListOnListTest","edit"
"Checking the url before the transition and after the transition/click on a special element","2498","The DrillDown test","","2026-09-29","passed","2026-09-29","","application.Samples.List.RadioOnListTest","application.Samples.List.RadioOnListTest","drillDown"
"The action of the form opens the AssocTreePopup without a field","2947","The popup opens by a widget action","","2026-09-29","passed","2026-09-29","","AssocTreePopup. Basics, action button, title, color, lazy load, search modes","application.Samples.Tree.AssocTreePopupTest","actionButton"
"","3151","The test for getting the value from the field","","2026-09-29","passed","2026-09-29","","Info. Checking the basic functions for the Date","application.Samples.Info.DateOnInfoTest","read"
"The user empties the field and clicks Save. The message that the field is required is validated.","6213","Required Message text Verification field test","","2026-09-29","passed","2026-09-29","","List. Checking the basic functions for the RichText in the widget List","application.Samples.List.RichTextOnListTest","required"
"The test sets the value in the field. After approval, the popup window, the title, the text in it, and the buttons are validated","4015","Run-time exception validation test","","2026-09-29","passed","2026-09-29","","Form. Checking the basic functions for the Number in the widget Form","application.Samples.Form.NumberOnFormTest","runtimeException"
"A node is expanded on demand; the full text search shows the found rows, the hide mode replaces the arrows by the dot","10180","Lazy load and the search modes of the popup","","2026-09-29","passed","2026-09-29","","AssocTreePopup. Basics, action button, title, color, lazy load, search modes","application.Samples.Tree.AssocTreePopupTest","lazyLoadAndSearch"
"Filtering is not available for InfoWidget.","0","Filtering test","","2026-09-29","skipped","2026-09-29","","Info. Checking the basic functions for the Number","application.Samples.Info.NumberOnInfoTest","filtration"
"The test clears the field and clicks the Save button. Then validates the message that the field is required.","5895","Required Message text Verification field test","","2026-09-29","passed","2026-09-29","","List. Checking the basic functions for the MultiValueTree in the widget List","application.Samples.List.MultiValueTreeOnListTest","required"
"The test checks for the disabled attribute","2525","A test to check the field for ""Read-only""","","2026-09-29","passed","2026-09-29","","Form. Checking the basic functions for the Money in the widget Form","application.Samples.Form.MoneyOnFormTest","readonly"
"The test sets the value with the wrong data type in the field. After approval, it checks the text under the field, which informs about the correctness of the type of data entered","4199","Required Message validation test for one field","","2026-09-29","passed","2026-09-29","","Form. Checking the basic functions for the FileUpload in the widget Form","application.Samples.Form.FileUploadOnFormTest","fieldLevelValidationAnnotation"
"Filtering by the specified column.","5215","Filtering test","","2026-09-29","passed","2026-09-29","","List. Checking the basic functions for the InlinePickList in the widget List","application.Samples.List.InlinePickListOnListTest","filtration"
"Sorting is not available for InfoWidget.","0","Sorting test","","2026-09-29","skipped","2026-09-29","","Info. Checking the basic functions for the Money","application.Samples.Info.MoneyOnInfoTest","sorting"
"The InfoWidget doesn't have a Placeholder..","0","Test for getting the Placeholder value","","2026-09-29","skipped","2026-09-29","","Info. Checking the basic functions for the MultiValue","application.Samples.Info.MultiValueOnInfoTest","placeholder"
"The InfoWidget doesn't have a Placeholder.","2640","Test for getting the Placeholder value","","2026-09-29","passed","2026-09-29","","Info. Checking the basic functions for the Input","application.Samples.Info.InputTest","placeholder"
"","2952","position()","","2026-09-29","passed","2026-09-29","","List. Checking the basic functions for the MultiValue in the widget List","application.Samples.List.MultiValueOnListTest","position"
"The test sets the value in the field. After approval, the popup window, the title, the text in it, and the buttons are validated.","3216","Business Exception Validation Test","","2026-09-29","passed","2026-09-29","","Form. Checking the basic functions for the MultiValueTree in the widget Form","application.Samples.Form.MultiValueTreeOnFormTest","businessException"
"","6938","fieldLevelValidation()","","2026-09-29","passed","2026-09-29","","List. Checking the basic functions for the PickList in the widget List","application.Samples.List.PickListOnListTest","fieldLevelValidation"
"DrillDown is  available for InfoWidget.","2332","The DrillDown test","","2026-09-29","passed","2026-09-29","","Info. Checking the basic functions for the DateTimeWithSeconds","application.Samples.Info.DateTimeWithSecondsTest","drillDown"
"The test clears the field and clicks the Save button. Then validates the message that the field is required.","6049","Required Message text Verification field test","","2026-09-29","passed","2026-09-29","","List. Checking the basic functions for the dateTimeWithSec in the widget List","application.Samples.List.DateTimeWithSecondsOnListTest","required"
"The test sets the value in the field, and then checks the value in the field with what should be set.","26315","A test for setting a value in a field","","2026-09-29","passed","2026-09-29","","Form. Checking the basic functions for the MultiValue in the widget Form","application.Samples.Form.MultiValueOnFormTest","edit"
"The InfoWidget doesn't have a Placeholder.","2723","Test for getting the Placeholder value","","2026-09-29","passed","2026-09-29","","Info. Checking the basic functions for the Date","application.Samples.Info.DateOnInfoTest","placeholder"
"Checking the url before the transition and after the transition/click on a special element","2023","The DrillDown test","","2026-09-29","passed","2026-09-29","","List. Checking the basic functions for the InlinePickList in the widget List","application.Samples.List.InlinePickListOnListTest","drillDown"
"The test gets the value from the placeholder attribute and returns it in String format","2805","Test for getting the Placeholder value","","2026-09-29","passed","2026-09-29","","Form. Checking the basic functions for the PickTree in the widget Form","application.Samples.Form.PickTreeOnFormTest","placeholder"
"The test clears the field and clicks the Save button. Then validates the message that the field is required.","5581","Required Message text Verification field test","","2026-09-29","passed","2026-09-29","","List. Checking the basic functions for the FileUpload in the widget List","application.Samples.List.FileUploadOnListTest","required"
"The placeholder is shown for a field that is not enabled in the meta as well","2876","Test for getting the Placeholder value of a read-only field","","2026-09-29","passed","2026-09-29","","Form. Checking the basic functions for the DateTimeWithSeconds in the widget Form","application.Samples.Form.DateTimeWithSecondsTest","placeholderReadOnly"
"The test sets the value with the wrong data type in the field. After approval, it checks the text under the field, which informs about the correctness of the type of data entered.","8060","Required Message validation test for one field","","2026-09-29","passed","2026-09-29","","List. Checking the basic functions for the PickTree in the widget List","application.Samples.List.PickTreeOnListTest","fieldLevelValidationAnnotation"
"The test clears the field and clicks the Save button. Then validates the message that the field is required.","7261","Required Message text Verification field test","","2026-09-29","passed","2026-09-29","","List. Checking the basic functions for the Money in the widget List","application.Samples.List.MoneyOnListTest","required"
"The method returns Option-Status pairs, for all. The test checks each pair.","3422","Test to check the status of all options","","2026-09-29","passed","2026-09-29","","Form. Checking the basic functions for the MultipleSelect in the widget Form","application.Samples.Form.MultipleSelectOnFormTest","statusOptions"
"","13198","Clearing the filter forgets the unallocated rows; the root page is loaded by More","","2026-09-29","passed","2026-09-29","","Tree. Search modes: collapse, hide, restoring the path of the found rows","application.Samples.Tree.TreeSearchModesTest","clearFilterForgetsUnallocated"
"The test gets the value from the style attribute in RGB format, and then converts it to Hex format","2889","A test to get the field color value in Hex format","","2026-09-29","passed","2026-09-29","","List. Checking the basic functions for the FileUpload in the widget List","application.Samples.List.FileUploadOnListTest","color"
"The test sets the value with the wrong data type in the field. After approval, it checks the text under the field, which informs about the correctness of the type of data entered.","6245","Required Message validation test for one field","","2026-09-29","passed","2026-09-29","","List. Checking the basic functions for the CheckBox","application.Samples.List.CheckBoxOnListTest","fieldLevelValidationAnnotation"
"","2743","position()","","2026-09-29","passed","2026-09-29","","Info. Checking the basic functions for the MultiValueTree","application.Samples.Info.MultiValueTreeOnInfoTest","position"
"The user types three paragraphs, makes the first a heading, the other two a bulleted list, one word bold and one word green. The value is not saved.","2741","Formatting with the toolbar","","2026-09-29","passed","2026-09-29","","Form. Checking the basic functions for the RichText in the widget Form","application.Samples.Form.RichTextFieldOnFormTest","formatting"
"Sorting is not available for InfoWidget.","0","Sorting test","","2026-09-29","skipped","2026-09-29","","Info. Checking the basic functions for the MultiValueTree","application.Samples.Info.MultiValueTreeOnInfoTest","sorting"
"","3265","A test to compare the source file with the downloaded one","","2026-09-29","passed","2026-09-29","","Info. Checking the basic functions for the FileUp","application.Samples.Info.FileUploadOnInfoTest","compare"
"Filtering by the specified column.","4213","Filtering test","","2026-09-29","passed","2026-09-29","","List. Checking the basic functions for the MultipleSelect in the widget List","application.Samples.List.MultipleSelectOnListTest","filtration"
"","2154","position()","","2026-09-29","passed","2026-09-29","","List. Checking the basic functions for the MultiField in the widget List","application.Samples.List.MultiFieldOnListTest","position"
"The placeholder is shown for a field that is not enabled in the meta as well","3339","Test for getting the Placeholder value of a read-only field","","2026-09-29","passed","2026-09-29","","List. Checking the basic functions for the Dictionary in the widget List","application.Samples.List.DictionaryOnListTest","placeholderReadOnly"
"The test sets the value in the field. After approval, the popup window, the title, the text in it, and the buttons are validated.","6268","Business Exception Validation Test","","2026-09-29","passed","2026-09-29","","List. Checking the basic functions for the Money in the widget List","application.Samples.List.MoneyOnListTest","businessException"
"The test gets the value from the placeholder attribute and returns it in String format","3059","Test for getting the Placeholder value","","2026-09-29","passed","2026-09-29","","Form. Checking the basic functions for the FileUpload in the widget Form","application.Samples.Form.FileUploadOnFormTest","placeholder"
"The test sets the value in the field via Popup using a unique id, and then checks the value in the field with what needs to be set.","5510","A test for setting a value in a field","","2026-09-29","passed","2026-09-29","","List. Checking the basic functions for the PickTree in the widget List","application.Samples.List.PickTreeOnListTest","edit"
"Sorting is not available for InfoWidget.","0","Sorting test","","2026-09-29","skipped","2026-09-29","","Info. Checking the basic functions for the Input","application.Samples.Info.InputTest","sorting"
"The test deletes the value by checking the autocomplete in a blank field","4420","Auto-completion test after cleaning","","2026-09-29","passed","2026-09-29","","application.Samples.Form.PercentOnFormTest","application.Samples.Form.PercentOnFormTest","nullable"
"The test sets the value in the field, and then checks the value in the field with what should be set.","25965","A test for setting a value in a field","","2026-09-29","passed","2026-09-29","","List. Checking the basic functions for the MultiValue in the widget List","application.Samples.List.MultiValueOnListTest","edit"
"The test edit a new field in the admin panel","1025","Test for edit admin value","","2026-09-29","passed","2026-09-29","","Checking the basic functions for the Dictionary administration panel","application.Samples.DictionaryAdministrationTest","edit"
"The test sets the value in the field, and then checks the value in the field with what should be set","13960","A test for setting a value in a field","","2026-09-29","passed","2026-09-29","","List. Checking the basic functions for the Time","application.Samples.List.TimeOnListTest","edit"
"The test gets the value from the style attribute in RGB format, and then converts it to Hex format","2849","A test to get the field color value in Hex format","","2026-09-29","passed","2026-09-29","","List. Checking the basic functions for the PickTree in the widget List","application.Samples.List.PickTreeOnListTest","color"
"Checking the url before the transition and after the transition/click on a special element","0","The DrillDown test","","2026-09-29","skipped","2026-09-29","","Form. Checking the basic functions for the MultiValueTree in the widget Form","application.Samples.Form.MultiValueTreeOnFormTest","drillDown"
"","0","Test for getting the digits value","","2026-09-29","skipped","2026-09-29","","Info. Checking the basic functions for the Number","application.Samples.Info.NumberOnInfoTest","digits"
"The test sets the value in the field. After approval, the popup window, the title, the text in it, and the buttons are validated","3462","Business Exception Validation Test","","2026-09-29","passed","2026-09-29","","Form. Checking the basic functions for the FileUpload in the widget Form","application.Samples.Form.FileUploadOnFormTest","businessException"
"The test gets the value in the field, and then checks the value in the field with what should be","2426","A test for checking a value in a field","","2026-09-29","passed","2026-09-29","","Form. Checking the basic functions for the PickTree in the widget Form","application.Samples.Form.PickTreeOnFormTest","read"
"","2656","The test for getting the value from the field","","2026-09-29","passed","2026-09-29","","Info. Checking the basic functions for the MultiplySelect","application.Samples.Info.MultipleSelectOnInfoTest","read"
"The test gets the value from the style attribute in RGB format, and then converts it to Hex format","2927","A test to get the field color value in Hex format","","2026-09-29","passed","2026-09-29","","List. Checking the basic functions for the MultipleSelect in the widget List","application.Samples.List.MultipleSelectOnListTest","color"
"The test sets a value with the wrong data type in several fields for different widgets. After approval, it checks the text under the field, which informs about the correctness of the type of data entered","6831","Required Message validation test for multiple fields","","2026-09-29","passed","2026-09-29","","Form. Checking the basic functions for the Number in the widget Form","application.Samples.Form.NumberOnFormTest","fieldLevelValidation"
"The test sets a value with the wrong data type in several fields for different widgets. After approval, it checks the text under the field, which informs about the correctness of the type of data entered","6191","Required Message validation test for multiple fields","","2026-09-29","passed","2026-09-29","","Form. Checking the basic functions for the Text in the widget Form","application.Samples.Form.TextOnFormTest","fieldLevelValidation"
"The test sets the value in the field. After approval, the popup window, the title, the text in it, and the buttons are validated","4105","Run-time exception validation test","","2026-09-29","passed","2026-09-29","","Form. Checking the basic functions for the Text in the widget Form","application.Samples.Form.TextOnFormTest","runtimeException"
"The test gets the value in the field, and then checks the value in the field with what should be.","0","A test for checking a value in a field","","2026-09-29","skipped","2026-09-29","","application.Samples.List.TextOnListTest","application.Samples.List.TextOnListTest","read"
"The test gets the value from the style attribute in RGB format, and then converts it to Hex format","2886","A test to get the field color value in Hex format","","2026-09-29","passed","2026-09-29","","application.Samples.List.SuggestionPickListOnListTest","application.Samples.List.SuggestionPickListOnListTest","color"
"The test sets the value in the field. After approval, the popup window, the title, the text in it, and the buttons are validated","4178","Business Exception Validation Test","","2026-09-29","passed","2026-09-29","","Form. Checking the basic functions for the Suggestion PickList in the widget Form","application.Samples.Form.SuggestionPickListOnFormTest","businessException"
"The test gets the value from the style attribute in RGB format, and then converts it to Hex format","2513","A test to get the field color value in Hex format","","2026-09-29","passed","2026-09-29","","Form. Checking the basic functions for the FileUpload in the widget Form","application.Samples.Form.FileUploadOnFormTest","color"
"","4325","Colored rows of the popup","","2026-09-29","passed","2026-09-29","","PickTreePopup. Title, color, lazy load, search modes, selection","application.Samples.Tree.PickTreePopupTest","color"
"The placeholder is shown for a field that is not enabled in the meta as well","3440","Test for getting the Placeholder value of a read-only field","","2026-09-29","passed","2026-09-29","","List. Checking the basic functions for the MultipleSelect in the widget List","application.Samples.List.MultipleSelectOnListTest","placeholderReadOnly"
"The test sets the value in the field. After approval, the popup window, the title, the text in it, and the buttons are validated","7374","Business Exception Validation Test","","2026-09-29","passed","2026-09-29","","Form. Checking the basic functions for the Dictionary in the widget Form","application.Samples.Form.DictionaryOnFormTest","businessException"
"The placeholder is shown for a field that is not enabled in the meta as well","2651","Test for getting the Placeholder value of a read-only field","","2026-09-29","passed","2026-09-29","","Form. Checking the basic functions for the Date in the widget Form","application.Samples.Form.DateOnFormTest","placeholderReadOnly"
"The pencil of the row opens the row form inside the tree; the changed value is saved and shown in the row.","14861","Edit inline-form","","2026-09-29","passed","2026-09-29","","Tree. Standard actions: create and edit (inline, inline-form, with view)","application.Samples.Tree.TreeActionsTest","editInlineForm"
"The test checks the creation and deletion in the dictionary and the result of this work on another screen.","1278","Test filtering at List","","2026-09-29","passed","2026-09-29","","Checking the basic functions for the Dictionary administration panel","application.Samples.DictionaryAdministrationTest","filterList"
"","2719","The test for getting the value from the field","","2026-09-29","passed","2026-09-29","","Info. Checking the basic functions for the Dictionary","application.Samples.Info.DictionaryOnInfoTest","read"
"The test sets a value with the wrong data type in several fields for different widgets. After approval, it checks the text under the field, which informs about the correctness of the type of data entered","11500","Required Message validation test for multiple fields","","2026-09-29","passed","2026-09-29","","application.Samples.List.TextOnListTest","application.Samples.List.TextOnListTest","fieldLevelValidation"
"InfoWidget does not have a Hex field color for this type.","0","A test to get the field color value in Hex format","","2026-09-29","skipped","2026-09-29","","Info. Checking the basic functions for the FileUp","application.Samples.Info.FileUploadOnInfoTest","color"
"The test checks for the disabled attribute","2539","A test to check the field for ""Read-only""","","2026-09-29","passed","2026-09-29","","Form. Checking the basic functions for the InlinePickList in the widget Form","application.Samples.Form.InlinePickListOnFormTest","readonly"
"The test opens a modal window, clears the field, closes the window, and then checks the message under the field.","4683","Required Message text Verification field test","","2026-09-29","passed","2026-09-29","","Form. Checking the basic functions for the MultiValue in the widget Form","application.Samples.Form.MultiValueOnFormTest","required_2"
"Info Widget is always read-only","0","A test to check the field for ""Read-only""","","2026-09-29","skipped","2026-09-29","","Info. Checking the basic functions for the Dictionary","application.Samples.Info.DictionaryOnInfoTest","readonly"
"Block formatting: headings, bullet and numbered lists, quotes, code blocks, and documents with several blocks. Some values cannot be user input (deeper headings, nested lists, links): they are DB input only, checked to open and be stored again unchanged.","7868","Headings, lists, quotes, code blocks","","2026-09-29","passed","2026-09-29","","Form. RichText regression suite for the RichText in the widget Form","application.Samples.Form.RichTextOnFormTest","blocks"
"","2453","position()","","2026-09-29","passed","2026-09-29","","Info. New Api.  Checking the basic functions for the CheckBox","application.Samples.Info.CheckboxTest","position"
"Checking the url before the transition and after the transition/click on a special element","0","The DrillDown test","","2026-09-29","skipped","2026-09-29","","Form. Checking the basic functions for the MultipleSelect in the widget Form","application.Samples.Form.MultipleSelectOnFormTest","drillDown"
"The placeholder is shown for a field that is not enabled in the meta as well","1977","Test for getting the Placeholder value of a read-only field","","2026-09-29","passed","2026-09-29","","Form. Checking the basic functions for the Number in the widget Form","application.Samples.Form.NumberOnFormTest","placeholderReadOnly"
"titleFieldKey and descriptionFieldKey of options.card are shown under the preview","3163","The card shows the title and the description","","2026-09-29","passed","2026-09-29","","CardList. Basic","application.Samples.CardList.CardListBasicTest","cardParts"
"Info Widget is always read-only","0","A test to check the field for ""Read-only""","","2026-09-29","skipped","2026-09-29","","Info. Checking the basic functions for the Number","application.Samples.Info.NumberOnInfoTest","readonly"
"The test clicks Save with the wrong values in several fields. After approval, it checks the text under the fields, which informs about the correctness of the type of data entered","3213","Required Message validation test for multiple fields","","2026-09-29","passed","2026-09-29","","Form. Checking the basic functions for the PickTree in the widget Form","application.Samples.Form.PickTreeOnFormTest","fieldLevelValidation"
"","3231","Constant title of the popup","","2026-09-29","passed","2026-09-29","","PickListPopup. Basics and title","application.Samples.Popup.PickListPopupTest","constantTitle"
"Sorting by the specified column.","21468","Sorting test","","2026-09-29","passed","2026-09-29","","List. Checking the basic functions for the Money in the widget List","application.Samples.List.MoneyOnListTest","sorting"
"","2875","The test for getting the value from the field","","2026-09-29","passed","2026-09-29","","Info. Checking the basic functions for the Percent","application.Samples.Info.PercentOnInfoTest","read"
"The test sets the value with the wrong data type in the field. After approval, it checks the text under the field, which informs about the correctness of the type of data entered","6160","Required Message validation test for one field","","2026-09-29","passed","2026-09-29","","Form. Checking the basic functions for the Date in the widget Form","application.Samples.Form.DateOnFormTest","fieldLevelValidationAnnotationAlternative"
"The test sets a value with the wrong data type in several fields for different widgets. After approval, it checks the text under the field, which informs about the correctness of the type of data entered","7728","Required Message validation test for multiple fields","","2026-09-29","passed","2026-09-29","","List. Checking the basic functions for the Input in the widget List","application.Samples.List.InputOnListTest","fieldLevelValidation"
"The transition/Redirect is not available","0","The DrillDown test","","2026-09-29","skipped","2026-09-29","","List. Checking the basic functions for the Hint in the widget List","application.Samples.List.HintOnListTest","drillDown"
"The user types a value and clicks Save. The confirm popup, its title and its message are validated. The value is then set back.","4164","Confirmation Popup Validation Test","","2026-09-29","passed","2026-09-29","","Form. Checking the basic functions for the RichText in the widget Form","application.Samples.Form.RichTextFieldOnFormTest","confirm"
"The test gets the value from the placeholder attribute and returns it in String format","2567","Test for getting the Placeholder value","","2026-09-29","passed","2026-09-29","","application.Samples.Form.TimeOnFormTest","application.Samples.Form.TimeOnFormTest","placeholder"
"The same lines over text with an emoji. An emoji is one character for the user but two for Java, so a mark next to it checks that positions are counted correctly.","19938","The same marks on text with an emoji","","2026-09-29","passed","2026-09-29","","Form. RichText regression suite for the RichText in the widget Form","application.Samples.Form.RichTextOnFormTest","markCombinationsOverEmoji"
"The test clears the field and clicks the Save button. Then validates the message that the field is required.","8233","Required Message text Verification field test","","2026-09-29","passed","2026-09-29","","List. Checking the basic functions for the InlinePickList in the widget List","application.Samples.List.InlinePickListOnListTest","required"
"The test gets the value in the field, and then checks the value in the field with what should be.","0","A test for checking a value in a field","","2026-09-29","skipped","2026-09-29","","List. Checking the basic functions for the Input in the widget List","application.Samples.List.InputOnListTest","read"
"The test checks for the disabled attribute.","2719","A test to check the field for ""Read-only""","","2026-09-29","passed","2026-09-29","","List. Checking the basic functions for the MultiValue in the widget List","application.Samples.List.MultiValueOnListTest","readonly"
"The test gets the value from the style attribute in RGB format, and then converts it to Hex format","2786","A test to get the field color value in Hex format","","2026-09-29","passed","2026-09-29","","Info. Checking the basic functions for the Dictionary","application.Samples.Info.DictionaryOnInfoTest","color"
"The placeholder is shown for a field that is not enabled in the meta as well","2912","Test for getting the Placeholder value of a read-only field","","2026-09-29","passed","2026-09-29","","application.Samples.List.SuggestionPickListOnListTest","application.Samples.List.SuggestionPickListOnListTest","placeholderReadOnly"
"The test sets the value in the field. After approval, by clicking on the save button, the popup window, the title, the text in it, and the buttons are validated.","7279","Confirmation Popup Validation Test","","2026-09-29","passed","2026-09-29","","List. Checking the basic functions for the InlinePickList in the widget List","application.Samples.List.InlinePickListOnListTest","confirm"
"The test checks the creation and deletion in the dictionary and the result of this work on another screen.","1336","Test region at Form","","2026-09-29","passed","2026-09-29","","Checking the basic functions for the Dictionary administration panel","application.Samples.DictionaryAdministrationTest","regionsForm"
"The test sets the value in the field. After approval, the popup window, the title, the text in it, and the buttons are validated.","5697","Business Exception Validation Test","","2026-09-29","passed","2026-09-29","","application.Samples.List.TextOnListTest","application.Samples.List.TextOnListTest","businessException"
"The test sets a value with the wrong data type in several fields for different widgets. After approval, it checks the text under the field, which informs about the correctness of the type of data entered","5970","Required Message validation test for multiple fields","","2026-09-29","passed","2026-09-29","","application.Samples.Form.RadioOnFormTest","application.Samples.Form.RadioOnFormTest","fieldLevelValidation"
"","2576","position()","","2026-09-29","passed","2026-09-29","","Info. Checking the basic functions for the MultiField","application.Samples.Info.MultiFieldOnInfoTest","position"
"The test sets the value with the wrong data type in the field. After approval, it checks the text under the field, which informs about the correctness of the type of data entered","5577","Required Message validation test for one field","","2026-09-29","passed","2026-09-29","","Form. Checking the basic functions for the CheckBox","application.Samples.Form.CheckBoxOnFormTest","fieldLevelValidationAnnotation"
"The test sets the value in the field. After approval, the popup window, the title, the text in it, and the buttons are validated","4384","Business Exception Validation Test","","2026-09-29","passed","2026-09-29","","Form. Checking the basic functions for the Money in the widget Form","application.Samples.Form.MoneyOnFormTest","businessException"
"The placeholder is shown for a field that is not enabled in the meta as well","3019","Test for getting the Placeholder value of a read-only field","","2026-09-29","passed","2026-09-29","","List. Checking the basic functions for the RichText in the widget List","application.Samples.List.RichTextOnListTest","placeholderReadOnly"
"Checking the url before the transition and after the transition/click on a special element","2792","The DrillDown test","","2026-09-29","passed","2026-09-29","","Form. Checking the basic functions for the DateTimeWithSeconds in the widget Form","application.Samples.Form.DateTimeWithSecondsTest","drillDown"
"PostAction.refreshBc is not supported for the Tree widget in this release: the action succeeds without an error, the record is updated in its row, the root page is reloaded, the expanded node stays expanded with its child rows.","13215","PostAction.refreshBc: current behaviour, the tree is not collapsed","","2026-09-29","passed","2026-09-29","","Tree. Node refresh after custom actions","application.Samples.Tree.TreeNodeRefreshTest","refreshBcKeepsTreeExpanded"
"The test checks for the disabled attribute","2326","A test to check the field for ""Read-only""","","2026-09-29","passed","2026-09-29","","application.Samples.Form.RadioOnFormTest","application.Samples.Form.RadioOnFormTest","readonly"
"The test sets the value in the field. After approval, by clicking on the save button, the popup window, the title, the text in it, and the buttons are validated","7467","Confirmation Popup Validation Test","","2026-09-29","passed","2026-09-29","","Form. Checking the basic functions for the Text in the widget Form","application.Samples.Form.TextOnFormTest","confirm"
"The InfoWidget doesn't have a Placeholder.","0","Test for getting the Placeholder value","","2026-09-29","skipped","2026-09-29","","Info. Checking the basic functions for the PickTree","application.Samples.Info.PickTreeOnInfoTest","placeholder"
"The placeholder is shown for a field that is not enabled in the meta as well","3336","Test for getting the Placeholder value of a read-only field","","2026-09-29","passed","2026-09-29","","List. Checking the basic functions for the MultiValue in the widget List","application.Samples.List.MultiValueOnListTest","placeholderReadOnly"
"A colour is stored as {red}(text), so a parenthesis inside the text must be escaped, or the colour would end early. Lines: real texts with parentheses, colour together with other marks, colour next to another colour, and values that can only be DB input.","9157","Colour, and parentheses inside it","","2026-09-29","passed","2026-09-29","","Form. RichText regression suite for the RichText in the widget Form","application.Samples.Form.RichTextOnFormTest","colour"
"","4544","Constant title of the popup and a popup without a title","","2026-09-29","passed","2026-09-29","","AssocTreePopup. Basics, action button, title, color, lazy load, search modes","application.Samples.Tree.AssocTreePopupTest","title"
"The InfoWidget doesn't have a Placeholder.","0","Test for getting the Placeholder value","","2026-09-29","skipped","2026-09-29","","Info. Checking the basic functions for the MultiplySelect","application.Samples.Info.MultipleSelectOnInfoTest","placeholder"
"The test sets the value in the field, and then checks the value in the field with what should be set. Предварительной очистки поля нет","8776","A test for setting a value in a field","","2026-09-29","passed","2026-09-29","","Form. Checking the basic functions for the MultipleSelect in the widget Form","application.Samples.Form.MultipleSelectOnFormTest","edit"
"The test sets a value with the wrong data type in several fields for different widgets. After approval, it checks the text under the field, which informs about the correctness of the type of data entered","14175","Required Message validation test for multiple fields","","2026-09-29","passed","2026-09-29","","List. Checking the basic functions for the Date in the widget List","application.Samples.List.DateOnListTest","fieldLevelValidation"
"Info Widget is always read-only","1","A test to check the field for ""Read-only""","","2026-09-29","skipped","2026-09-29","","application.Samples.Info.TextOnInfoTest","application.Samples.Info.TextOnInfoTest","readonly"
"The test checks for the disabled attribute.","1932","A test to check the field for ""Read-only""","","2026-09-29","passed","2026-09-29","","Form. Checking the basic functions for the MultiValueTree in the widget Form","application.Samples.Form.MultiValueTreeOnFormTest","readonly"
"The user types a value and clicks Save. The confirm popup, its title and its message are validated. The value is then set back.","8468","Confirmation Popup Validation Test","","2026-09-29","passed","2026-09-29","","List. Checking the basic functions for the RichText in the widget List","application.Samples.List.RichTextOnListTest","confirm"
"The test gets the value in the field, and then checks the value in the field with what should be.","3016","A test for checking a value in a field","","2026-09-29","passed","2026-09-29","","List. Checking the basic functions for the PickList in the widget List","application.Samples.List.PickListOnListTest","read"
"The test sets the value in the field, and then checks the value in the field with what should be set.","7234","A test for setting a value in a field","","2026-09-29","passed","2026-09-29","","application.Samples.List.RadioOnListTest","application.Samples.List.RadioOnListTest","edit"
"The test sets the value in the field. After approval, the popup window, the title, the text in it, and the buttons are validated","4535","Run-time exception validation test","","2026-09-29","passed","2026-09-29","","Form. Checking the basic functions for the Suggestion PickList in the widget Form","application.Samples.Form.SuggestionPickListOnFormTest","runtimeException"
"","2225","position()","","2026-09-29","passed","2026-09-29","","Info. Checking the basic functions for the MultiplySelect","application.Samples.Info.MultipleSelectOnInfoTest","position"
"Checking the url before the transition and after the transition/click on a special element","2320","The DrillDown test","","2026-09-29","passed","2026-09-29","","Form. Checking the basic functions for the FileUpload in the widget Form","application.Samples.Form.FileUploadOnFormTest","drillDown"
"","2002","position()","","2026-09-29","passed","2026-09-29","","List. Checking the basic functions for the InlinePickList in the widget List","application.Samples.List.InlinePickListOnListTest","position"
"Sorting is not available for InfoWidget.","0","Sorting test","","2026-09-29","skipped","2026-09-29","","application.Samples.Info.TextOnInfoTest","application.Samples.Info.TextOnInfoTest","sorting"
"The placeholder is shown for a field that is not enabled in the meta as well","3354","Test for getting the Placeholder value of a read-only field","","2026-09-29","passed","2026-09-29","","List. Checking the basic functions for the Time","application.Samples.List.TimeOnListTest","placeholderReadOnly"
"The test sets the value in the field. After approval, the popup window, the title, the text in it, and the buttons are validated.","5071","Run-time exception validation test","","2026-09-29","passed","2026-09-29","","List. Checking the basic functions for the Number in the widget List","application.Samples.List.NumberOnListTest","runtimeException"
"Verify that all action will be displayed","4057","Check action with mixed","","2026-09-29","passed","2026-09-29","","Form. Checking action group with only text, only icon and mixed","application.Samples.Feature.actionIcon.ActionGroupTest","checkActionGroupMixed"
"Sorting is not available for the Form widget","0","Sorting test","","2026-09-29","skipped","2026-09-29","","application.Samples.Form.RadioOnFormTest","application.Samples.Form.RadioOnFormTest","sorting"
"The test checks for the disabled attribute","2715","A test to check the field for ""Read-only""","","2026-09-29","passed","2026-09-29","","Form. Checking the basic functions for the Suggestion PickList in the widget Form","application.Samples.Form.SuggestionPickListOnFormTest","readonly"
"The test sets the value in the field, and then checks the value in the field with what should be set.","5982","A test for setting a value in a field","","2026-09-29","passed","2026-09-29","","List. Checking the basic functions for the DateTime in the widget List","application.Samples.List.DateTimeOnListTest","edit"
"The test sets the value with the wrong data type in the field. After approval, it checks the text under the field, which informs about the correctness of the type of data entered.","9358","Required Message validation test for one field","","2026-09-29","passed","2026-09-29","","List. Checking the basic functions for the DateTime in the widget List","application.Samples.List.DateTimeOnListTest","fieldLevelValidationAnnotation"
"Sorting by the specified column.","11478","Sorting test","","2026-09-29","passed","2026-09-29","","List. Checking the basic functions for the FileUpload in the widget List","application.Samples.List.FileUploadOnListTest","sorting"
"The cell opens the stored markdown and shows it formatted.","3455","A test for checking a value in a field","","2026-09-29","passed","2026-09-29","","List. Checking the basic functions for the RichText in the widget List","application.Samples.List.RichTextOnListTest","read"
"The test sets the value in the field. After approval, by clicking on the save button, the popup window, the title, the text in it, and the buttons are validated.","6124","Confirmation Popup Validation Test","","2026-09-29","passed","2026-09-29","","List. Checking the basic functions for the dateTimeWithSec in the widget List","application.Samples.List.DateTimeWithSecondsOnListTest","confirm"
"The test sets the value in the field. After approval, the popup window, the title, the text in it, and the buttons are validated.","4305","Run-time exception validation test","","2026-09-29","passed","2026-09-29","","List. Checking the basic functions for the Input in the widget List","application.Samples.List.InputOnListTest","runtimeException"
"The test gets the value from the style attribute in RGB format, and then converts it to Hex format","2850","A test to get the field color value in Hex format","","2026-09-29","passed","2026-09-29","","Form. Checking the basic functions for the CheckBox","application.Samples.Form.CheckBoxOnFormTest","color"
"The test gets the value from the style attribute in RGB format, and then converts it to Hex format","2441","A test to get the field color value in Hex format","","2026-09-29","passed","2026-09-29","","List. Checking the basic functions for the CheckBox","application.Samples.List.CheckBoxOnListTest","color"
"The test gets the value from the style attribute in RGB format, and then converts it to Hex format","2144","A test to get the field color value in Hex format","","2026-09-29","passed","2026-09-29","","Form. Checking the basic functions for the MultipleSelect in the widget Form","application.Samples.Form.MultipleSelectOnFormTest","color"
"The test checks for the disabled attribute","3014","A test to check the field for ""Read-only""","","2026-09-29","passed","2026-09-29","","Form. Checking the basic functions for the DateTimeWithSeconds in the widget Form","application.Samples.Form.DateTimeWithSecondsTest","readonly"
"The test sets the value in the field. After approval, the popup window, the title, the text in it, and the buttons are validated","3733","Run-time exception validation test","","2026-09-29","passed","2026-09-29","","application.Samples.Form.RadioOnFormTest","application.Samples.Form.RadioOnFormTest","runtimeException"
"The test checks the creation and deletion in the dictionary and the result of this work on another screen.","1430","Test region at List","","2026-09-29","passed","2026-09-29","","Checking the basic functions for the Dictionary administration panel","application.Samples.DictionaryAdministrationTest","regionsList"
"The test gets the value in the field, and then checks the value in the field with what should be.","1","A test for checking a value in a field","","2026-09-29","skipped","2026-09-29","","List. Checking the basic functions for the MultipleSelect in the widget List","application.Samples.List.MultipleSelectOnListTest","read"
"Checking the url before the transition and after the transition/click on a special element","0","The DrillDown test","","2026-09-29","skipped","2026-09-29","","Form. Checking the basic functions for the InlinePickList in the widget Form","application.Samples.Form.InlinePickListOnFormTest","drillDown"
"","2505","position()","","2026-09-29","passed","2026-09-29","","Form. Checking the basic functions for the Number in the widget Form","application.Samples.Form.NumberOnFormTest","position"
"The test sets the value in the field, and then checks the value in the field with what should be set.","4755","A test for setting a value in a field","","2026-09-29","passed","2026-09-29","","List. Checking the basic functions for the dateTimeWithSec in the widget List","application.Samples.List.DateTimeWithSecondsOnListTest","edit"
"","2593","The test for getting the icon value from the field","","2026-09-29","passed","2026-09-29","","Info. Checking the basic functions for the Dictionary","application.Samples.Info.DictionaryOnInfoTest","icon"
"Filtering by the specified column.","5148","Filtering test","","2026-09-29","passed","2026-09-29","","List. Checking the basic functions for the Input in the widget List","application.Samples.List.InputOnListTest","filtration"
"Sorting is not available for the Form widget","0","Sorting test","","2026-09-29","skipped","2026-09-29","","Form. Checking the basic functions for the Money in the widget Form","application.Samples.Form.MoneyOnFormTest","sorting"
"The test checks for the disabled attribute.","2181","A test to check the field for ""Read-only""","","2026-09-29","passed","2026-09-29","","List. Checking the basic functions for the Dictionary in the widget List","application.Samples.List.DictionaryOnListTest","readonly"
"Checking the url before the transition and after the transition/click on a special element","0","The DrillDown test","","2026-09-29","skipped","2026-09-29","","Form. Checking the basic functions for the Money in the widget Form","application.Samples.Form.MoneyOnFormTest","drillDown"
"","2806","position()","","2026-09-29","passed","2026-09-29","","application.Samples.Info.RadioOnInfoTest","application.Samples.Info.RadioOnInfoTest","position"
"Filtering is not available for InfoWidget.","0","Filtering test","","2026-09-29","skipped","2026-09-29","","Info. Checking the basic functions for the PickTree","application.Samples.Info.PickTreeOnInfoTest","filtration"
"The test gets the value from the style attribute in RGB format, and then converts it to Hex format","1583","A test to get the field color value in Hex format","","2026-09-29","passed","2026-09-29","","Form. Checking the basic functions for the Input in the widget Form","application.Samples.Form.InputTest","color"
"Sorting by the specified column.","20390","Sorting test","","2026-09-29","passed","2026-09-29","","List. Checking the basic functions for the Input in the widget List","application.Samples.List.InputOnListTest","sorting"
"The test gets the value in the field, and then checks the value in the field with what should be.","2720","A test for checking a value in a field","","2026-09-29","passed","2026-09-29","","List. Checking the basic functions for the PickTree in the widget List","application.Samples.List.PickTreeOnListTest","read"
"The test gets the value in the field, and then checks the value in the field with what should be.","2739","A test for checking a value in a field","","2026-09-29","passed","2026-09-29","","List. Checking the basic functions for the Hint in the widget List","application.Samples.List.HintOnListTest","read"
"","2837","position()","","2026-09-29","passed","2026-09-29","","application.Samples.Info.TextOnInfoTest","application.Samples.Info.TextOnInfoTest","position"
"The test gets the value from the style attribute in RGB format, and then converts it to Hex format","2588","A test to get the field color value in Hex format","","2026-09-29","passed","2026-09-29","","Form. Checking the basic functions for the Number in the widget Form","application.Samples.Form.NumberOnFormTest","color"
"The InfoWidget doesn't have a Placeholder.","0","Test for getting the Placeholder value","","2026-09-29","skipped","2026-09-29","","application.Samples.Info.RadioOnInfoTest","application.Samples.Info.RadioOnInfoTest","placeholder"
"The test sets the value in the field. After approval, by clicking on the save button, the popup window, the title, the text in it, and the buttons are validated","12513","Confirmation Popup Validation Test","","2026-09-29","passed","2026-09-29","","Form. Checking the basic functions for the Dictionary in the widget Form","application.Samples.Form.DictionaryOnFormTest","confirm"
"The test sets the value in the field. After approval, the popup window, the title, the text in it, and the buttons are validated.","4506","Run-time exception validation test","","2026-09-29","passed","2026-09-29","","List. Checking the basic functions for the PickList in the widget List","application.Samples.List.PickListOnListTest","runtimeException"
"DrillDown is not available for InfoWidget.","0","The DrillDown test","","2026-09-29","skipped","2026-09-29","","application.Samples.Info.RadioOnInfoTest","application.Samples.Info.RadioOnInfoTest","drillDown"
"The test sets the value in the field. After approval, the popup window, the title, the text in it, and the buttons are validated.","3750","Run-time exception validation test","","2026-09-29","passed","2026-09-29","","List. Checking the basic functions for the MultiValueTree in the widget List","application.Samples.List.MultiValueTreeOnListTest","runtimeException"
"","4439","Colored rows of the popup","","2026-09-29","passed","2026-09-29","","AssocTreePopup. Basics, action button, title, color, lazy load, search modes","application.Samples.Tree.AssocTreePopupTest","color"
"The test adds a value after removing all previous values.","30439","Value setting test with field clearing","","2026-09-29","passed","2026-09-29","","Form. Checking the basic functions for the MultipleSelect in the widget Form","application.Samples.Form.MultipleSelectOnFormTest","setValue"
"Add creates an empty root row in the tree; the row is filled and saved from the row menu, the value stays after save.","15084","Create inline","","2026-09-29","passed","2026-09-29","","Tree. Standard actions: create and edit (inline, inline-form, with view)","application.Samples.Tree.TreeActionsTest","createInline"
"The placeholder is shown for a field that is not enabled in the meta as well","1981","Test for getting the Placeholder value of a read-only field","","2026-09-29","passed","2026-09-29","","Form. Checking the basic functions for the RichText in the widget Form","application.Samples.Form.RichTextFieldOnFormTest","placeholderReadOnly"
"","1632","position()","","2026-09-29","passed","2026-09-29","","List. Checking the basic functions for the Input in the widget List","application.Samples.List.InputOnListTest","position"
"DrillDown is not available for InfoWidget.","2655","The DrillDown test","","2026-09-29","passed","2026-09-29","","Info. Checking the basic functions for the Money","application.Samples.Info.MoneyOnInfoTest","drillDown"
"Filtering by the specified column.","9531","Filtering test","","2026-09-29","passed","2026-09-29","","List. Checking the basic functions for the dateTimeWithSec in the widget List","application.Samples.List.DateTimeWithSecondsOnListTest","filtration"
"The test sets the value with the wrong data type in the field. After approval, it checks the text under the field, which informs about the correctness of the type of data entered.","5501","Required Message validation test for one field","","2026-09-29","passed","2026-09-29","","List. Checking the basic functions for the FileUpload in the widget List","application.Samples.List.FileUploadOnListTest","fieldLevelValidationAnnotation"
"The cancel of the created row runs the onCancel action of the sample; the row is removed.","8246","Cancel-create with the onCancel action","","2026-09-29","passed","2026-09-29","","PickListPopup. Row actions inside the popup","application.Samples.Popup.PickListPopupRowActionsTest","createAndCancelOnCancel"
"Info Widget is always read-only","0","A test to check the field for ""Read-only""","","2026-09-29","skipped","2026-09-29","","Info. Checking the basic functions for the FileUp","application.Samples.Info.FileUploadOnInfoTest","readonly"
"The test sets the value in the field. After approval, the popup window, the title, the text in it, and the buttons are validated","4869","Business Exception Validation Test","","2026-09-29","passed","2026-09-29","","Form. Checking the basic functions for the Text in the widget Form","application.Samples.Form.TextOnFormTest","businessException"
"Sorting is not available for InfoWidget.","0","Sorting test","","2026-09-29","skipped","2026-09-29","","application.Samples.Info.RadioOnInfoTest","application.Samples.Info.RadioOnInfoTest","sorting"
"The test sets the value in the field. After approval, by clicking on the save button, the popup window, the title, the text in it, and the buttons are validated.","6618","Confirmation Popup Validation Test","","2026-09-29","passed","2026-09-29","","application.Samples.List.TextOnListTest","application.Samples.List.TextOnListTest","confirm"
"The test sets a value with the wrong data type in several fields for different widgets. After approval, it checks the text under the field, which informs about the correctness of the type of data entered","9189","Required Message validation test for multiple fields","","2026-09-29","passed","2026-09-29","","Form. Checking the basic functions for the CheckBox","application.Samples.Form.CheckBoxOnFormTest","fieldLevelValidation"
"","4407","setValueGetValue()","","2026-09-29","passed","2026-09-29","","List. Checking the basic functions for the FileUpload in the widget List","application.Samples.List.FileUploadOnListTest","setValueGetValue"
"The test sets the value in the field. After approval, the popup window, the title, the text in it, and the buttons are validated.","3857","Run-time exception validation test","","2026-09-29","passed","2026-09-29","","List. Checking the basic functions for the InlinePickList in the widget List","application.Samples.List.InlinePickListOnListTest","runtimeException"
"","2557","position()","","2026-09-29","passed","2026-09-29","","Info. Checking the basic functions for the Hint","application.Samples.Info.HintOnInfoTest","position"
"Getting a Placeholder is not available","0","Test for getting the Placeholder value","","2026-09-29","skipped","2026-09-29","","List. Checking the basic functions for the MultiValueHover in the widget List","application.Samples.List.MultiValueHoverOnListTest","placeholder"
"The test gets the value in the field, and then checks the value in the field with what should be.","0","A test for checking a value in a field","","2026-09-29","skipped","2026-09-29","","application.Samples.List.RadioOnListTest","application.Samples.List.RadioOnListTest","read"
"The placeholder is shown for a field that is not enabled in the meta as well","2586","Test for getting the Placeholder value of a read-only field","","2026-09-29","passed","2026-09-29","","Form. Checking the basic functions for the InlinePickList in the widget Form","application.Samples.Form.InlinePickListOnFormTest","placeholderReadOnly"
"Add opens the row form inside the popup (options.create.widget); the form is saved and the new row is shown.","10014","Create inline-form","","2026-09-29","passed","2026-09-29","","PickListPopup. Row actions inside the popup","application.Samples.Popup.PickListPopupRowActionsTest","createInlineForm"
"Filtering is not available for InfoWidget.","0","Filtering test","","2026-09-29","skipped","2026-09-29","","Info. Checking the basic functions for the Hint","application.Samples.Info.HintOnInfoTest","filtration"
"The test sets the value in the field. After approval, the popup window, the title, the text in it, and the buttons are validated","4022","Run-time exception validation test","","2026-09-29","passed","2026-09-29","","Form. Checking the basic functions for the CheckBox","application.Samples.Form.CheckBoxOnFormTest","runtimeException"
"The test sets the value in the field. After approval, by clicking on the save button, the popup window, the title, the text in it, and the buttons are validated.","3456","Confirmation Popup Validation Test","","2026-09-29","passed","2026-09-29","","Form. Checking the basic functions for the MultiValue in the widget Form","application.Samples.Form.MultiValueOnFormTest","confirm"
"The test sets the value in the field, and then checks the value in the field with what should be set. The Number Digits class is used for numbers with a fractional part.","2419","A test for entering numbers with a fractional part using the PercentDigits class","","2026-09-29","passed","2026-09-29","","application.Samples.Form.PercentOnFormTest","application.Samples.Form.PercentOnFormTest","digits"
"Sample of the defaultLimitPage property on a Tree","5023","Default limit of the page: the root page is cut to the limit","","2026-09-29","passed","2026-09-29","","Tree. Lazy load: roots, expand, More per node, sorting","application.Samples.Tree.TreeLazyLoadTest","defaultLimit"
"","2532","position()","","2026-09-29","passed","2026-09-29","","List. Checking the basic functions for the MultipleSelect in the widget List","application.Samples.List.MultipleSelectOnListTest","position"
"","2608","position()","","2026-09-29","passed","2026-09-29","","Form. Checking the basic functions for the PickList in the widget Form","application.Samples.Form.PickListOnFormTest","position"
"The test sets all the values in the field, then checks the list with the expected value.","13908","Test to set all values in the field","","2026-09-29","passed","2026-09-29","","Form. Checking the basic functions for the MultiValueTree in the widget Form","application.Samples.Form.MultiValueTreeOnFormTest","test_set_all"
"The user types a value. The error popup, its title and its message are validated.","3910","Run-time exception validation test","","2026-09-29","passed","2026-09-29","","List. Checking the basic functions for the RichText in the widget List","application.Samples.List.RichTextOnListTest","runtimeException"
"Add drills down to the form view; Save and Close returns to the tree with the new root row.","17309","Create with view","","2026-09-29","passed","2026-09-29","","Tree. Standard actions: create and edit (inline, inline-form, with view)","application.Samples.Tree.TreeActionsTest","createWithView"
"","2599","position()","","2026-09-29","passed","2026-09-29","","Info. Checking the basic functions for the Money","application.Samples.Info.MoneyOnInfoTest","position"
"","2396","position()","","2026-09-29","passed","2026-09-29","","List. Checking the basic functions for the Date in the widget List","application.Samples.List.DateOnListTest","position"
"Checking the url before the transition and after the transition/click on a special element","2196","The DrillDown test","","2026-09-29","passed","2026-09-29","","List. Checking the basic functions for the PickTree in the widget List","application.Samples.List.PickTreeOnListTest","drillDown"
"The InfoWidget doesn't have a Placeholder.","0","Test for getting the Placeholder value","","2026-09-29","skipped","2026-09-29","","Info. Checking the basic functions for the FileUp","application.Samples.Info.FileUploadOnInfoTest","placeholder"
"","3499","Popup without a title; the popup with selection = leaf","","2026-09-29","passed","2026-09-29","","PickTreePopup. Title, color, lazy load, search modes, selection","application.Samples.Tree.PickTreePopupTest","withoutTitle"
"Sorting is not available for InfoWidget.","0","Sorting test","","2026-09-29","skipped","2026-09-29","","Info. Checking the basic functions for the MultiValue","application.Samples.Info.MultiValueOnInfoTest","sorting"
"The test gets the value from the style attribute in RGB format, and then converts it to Hex format","2382","A test to get the field color value in Hex format","","2026-09-29","passed","2026-09-29","","Form. Checking the basic functions for the Text in the widget Form","application.Samples.Form.TextOnFormTest","color"
"The test sets the value in the field. After approval, by clicking on the save button, the popup window, the title, the text in it, and the buttons are validated.","5857","Confirmation Popup Validation Test","","2026-09-29","passed","2026-09-29","","List. Checking the basic functions for the PickList in the widget List","application.Samples.List.PickListOnListTest","confirm"
"The field opens the stored markdown and shows it formatted.","2960","The test for getting the value from the field","","2026-09-29","passed","2026-09-29","","Info. Checking the basic functions for the RichText in the widget Info","application.Samples.Info.RichTextOnInfoTest","read"
"The test checks for the disabled attribute.","3121","A test to check the field for ""Read-only""","","2026-09-29","passed","2026-09-29","","application.Samples.List.TextOnListTest","application.Samples.List.TextOnListTest","readonly"
"The test sets the value in the field. After approval, by clicking on the save button, the popup window, the title, the text in it, and the buttons are validated","4849","Confirmation Popup Validation Test","","2026-09-29","passed","2026-09-29","","Form. Checking the basic functions for the Suggestion PickList in the widget Form","application.Samples.Form.SuggestionPickListOnFormTest","confirm"
"InfoWidget does not have a Hex field color for this type.","0","A test to get the field color value in Hex format","","2026-09-29","skipped","2026-09-29","","Info. Checking the basic functions for the Hint","application.Samples.Info.HintOnInfoTest","color"
"The test sets the value with the wrong data type in the field. After approval, it checks the text under the field, which informs about the correctness of the type of data entered.","7555","Required Message validation test for one field","","2026-09-29","passed","2026-09-29","","List. Checking the basic functions for the MultipleSelect in the widget List","application.Samples.List.MultipleSelectOnListTest","fieldLevelValidationAnnotation"
"The test sets the value in the field. After approval, the popup window, the title, the text in it, and the buttons are validated.","3864","Run-time exception validation test","","2026-09-29","passed","2026-09-29","","List. Checking the basic functions for the CheckBox","application.Samples.List.CheckBoxOnListTest","runtimeException"
"The test sets the value in the field, and then checks the value in the field with what should be set","4377","A test for setting a value in a field","","2026-09-29","passed","2026-09-29","","application.Samples.Form.PercentOnFormTest","application.Samples.Form.PercentOnFormTest","edit"
"The test checks for the disabled attribute","2653","A test to check the field for ""Read-only""","","2026-09-29","passed","2026-09-29","","Form. Checking the basic functions for the CheckBox","application.Samples.Form.CheckBoxOnFormTest","readonly"
"The test gets the value from the style attribute in RGB format, and then converts it to Hex format","2539","A test to get the field color value in Hex format","","2026-09-29","passed","2026-09-29","","Info. Checking the basic functions for the PickTree","application.Samples.Info.PickTreeOnInfoTest","color"
"The InfoWidget doesn't have a Placeholder.","0","Test for getting the Placeholder value","","2026-09-29","skipped","2026-09-29","","Info. Checking the basic functions for the Percent","application.Samples.Info.PercentOnInfoTest","placeholder"
"Add opens the file popup with the form, Save adds the card, Delete of the card removes it","11436","Create and delete a card","","2026-09-29","passed","2026-09-29","","CardList. Basic","application.Samples.CardList.CardListBasicTest","createAndDelete"
"","3814","A test to get a value for a multifield hint","","2026-09-29","passed","2026-09-29","","List. Checking the basic functions for the MultiField in the widget List","application.Samples.List.MultiFieldOnListTest","getValues"
"Sorting by the specified column.","7563","Sorting test","","2026-09-29","passed","2026-09-29","","List. Checking the basic functions for the Dictionary in the widget List","application.Samples.List.DictionaryOnListTest","sorting"
"The test sets the value in the field, and then checks the value in the field with what should be set","6181","A test for setting a value in a field","","2026-09-29","passed","2026-09-29","","Form. Checking the basic functions for the Input in the widget Form","application.Samples.Form.InputTest","edit"
"The placeholder is shown for a field that is not enabled in the meta as well","2262","Test for getting the Placeholder value of a read-only field","","2026-09-29","passed","2026-09-29","","Form. Checking the basic functions for the MultiValueTree in the widget Form","application.Samples.Form.MultiValueTreeOnFormTest","placeholderReadOnly"
"The test sets the value in the field. After approval, the popup window, the title, the text in it, and the buttons are validated.","5102","Business Exception Validation Test","","2026-09-29","passed","2026-09-29","","List. Checking the basic functions for the DateTime in the widget List","application.Samples.List.DateTimeOnListTest","businessException"
"Info Widget is always read-only","0","A test to check the field for ""Read-only""","","2026-09-29","skipped","2026-09-29","","Info. Checking the basic functions for the PickList","application.Samples.Info.PickListOnInfoTest","readonly"
"The test gets the value from the style attribute in RGB format, and then converts it to Hex format","2788","A test to get the field color value in Hex format","","2026-09-29","passed","2026-09-29","","List. Checking the basic functions for the MultiValue in the widget List","application.Samples.List.MultiValueOnListTest","color"
"Checking the url before the transition and after the transition/click on a special element","2611","The DrillDown test","","2026-09-29","passed","2026-09-29","","List. Checking the basic functions for the Dictionary in the widget List","application.Samples.List.DictionaryOnListTest","drillDown"
"The user types a value longer than 50 characters and clicks Save. The message under the field is validated.","3599","Required Message validation test for one field","","2026-09-29","passed","2026-09-29","","Form. Checking the basic functions for the RichText in the widget Form","application.Samples.Form.RichTextFieldOnFormTest","fieldLevelValidationAnnotation"
"The test sets the value in the field. After approval, the popup window, the title, the text in it, and the buttons are validated.","5048","Run-time exception validation test","","2026-09-29","passed","2026-09-29","","List. Checking the basic functions for the Date in the widget List","application.Samples.List.DateOnListTest","runtimeException"
"The test sets the value in the field. After approval, by clicking on the save button, the popup window, the title, the text in it, and the buttons are validated.","9132","Confirmation Popup Validation Test","","2026-09-29","passed","2026-09-29","","List. Checking the basic functions for the Dictionary in the widget List","application.Samples.List.DictionaryOnListTest","confirm"
"The test gets the value from the style attribute in RGB format, and then converts it to Hex format","2617","A test to get the field color value in Hex format","","2026-09-29","passed","2026-09-29","","Info. Checking the basic functions for the DateTime","application.Samples.Info.DateTimeOnInfoTest","color"
"","2735","position()","","2026-09-29","passed","2026-09-29","","Form. Checking the basic functions for the Suggestion PickList in the widget Form","application.Samples.Form.SuggestionPickListOnFormTest","position"
"The pencil of the popup row opens its form (options.edit.widget); the changed value is saved and shown.","19299","Edit inline-form","","2026-09-29","passed","2026-09-29","","PickListPopup. Row actions inside the popup","application.Samples.Popup.PickListPopupRowActionsTest","editInlineForm"
"The test sets the value in the field. After approval, the popup window, the title, the text in it, and the buttons are validated.","2279","Run-time exception validation test","","2026-09-29","passed","2026-09-29","","Form. Checking the basic functions for the MultiValueTree in the widget Form","application.Samples.Form.MultiValueTreeOnFormTest","runtimeException"
"Checking the url before the transition and after the transition/click on a special element","2473","The DrillDown test","","2026-09-29","passed","2026-09-29","","application.Samples.List.TextOnListTest","application.Samples.List.TextOnListTest","drillDown"
"Test click ""Export"" and check the file for standards.","1711","Test export button","","2026-09-29","passed","2026-09-29","","Checking the basic functions for the Dictionary administration panel","application.Samples.DictionaryAdministrationTest","testExprotFile"
"Filtering by the specified column.","4105","Filtering test","","2026-09-29","passed","2026-09-29","","application.Samples.List.SuggestionPickListOnListTest","application.Samples.List.SuggestionPickListOnListTest","filtration"
"The test gets the value from the style attribute in RGB format, and then converts it to Hex format","2639","A test to get the field color value in Hex format","","2026-09-29","passed","2026-09-29","","Info. Checking the basic functions for the Number","application.Samples.Info.NumberOnInfoTest","color"
"The InfoWidget doesn't have a Placeholder.","0","Test for getting the Placeholder value","","2026-09-29","skipped","2026-09-29","","Info. Checking the basic functions for the DateTime","application.Samples.Info.DateTimeOnInfoTest","placeholder"
"Add opens the row form inside the tree; the form is filled and saved, the new root row shows the value.","12931","Create inline-form","","2026-09-29","passed","2026-09-29","","Tree. Standard actions: create and edit (inline, inline-form, with view)","application.Samples.Tree.TreeActionsTest","createInlineForm"
"The test sets the value in the field, and then checks the value in the field with what should be set.","6665","A test for setting a value in a field","","2026-09-29","passed","2026-09-29","","List. Checking the basic functions for the Number in the widget List","application.Samples.List.NumberOnListTest","edit"
"The test checks the status of one option, whether it is selected or not.","14018","A test to check the status of one option","","2026-09-29","passed","2026-09-29","","List. Checking the basic functions for the MultipleSelect in the widget List","application.Samples.List.MultipleSelectOnListTest","statusOption"
"The test checks for the disabled attribute.","2843","A test to check the field for ""Read-only""","","2026-09-29","passed","2026-09-29","","Form. Checking the basic functions for the PickTree in the widget Form","application.Samples.Form.PickTreeOnFormTest","readonly"
"The InfoWidget doesn't have a Placeholder.","0","Test for getting the Placeholder value","","2026-09-29","skipped","2026-09-29","","Info. Checking the basic functions for the MultiValueHover","application.Samples.Info.MultiValueHoverOnInfoTest","placeholder"
"","3578","Test for checking nullable field","","2026-09-29","passed","2026-09-29","","Form. Checking the basic functions for the Number in the widget Form","application.Samples.Form.NumberOnFormTest","nullable"
"","1567","position()","","2026-09-29","passed","2026-09-29","","Form. Checking the basic functions for the MultiValueTree in the widget Form","application.Samples.Form.MultiValueTreeOnFormTest","position"
"Sorting is not available for InfoWidget.","0","Sorting test","","2026-09-29","skipped","2026-09-29","","Info. Checking the basic functions for the FileUp","application.Samples.Info.FileUploadOnInfoTest","sorting"
"","2675","The test for getting the value from the field","","2026-09-29","passed","2026-09-29","","application.Samples.Info.RadioOnInfoTest","application.Samples.Info.RadioOnInfoTest","read"
"The test gets the value from the placeholder attribute and returns it in String format","2831","Test for getting the Placeholder value","","2026-09-29","passed","2026-09-29","","Form. Checking the basic functions for the Input in the widget Form","application.Samples.Form.InputTest","placeholder"
"Sorting is not available for the Form widget","0","Sorting test","","2026-09-29","skipped","2026-09-29","","Form. Checking the basic functions for the MultiValueTree in the widget Form","application.Samples.Form.MultiValueTreeOnFormTest","sorting"
"The test sets the value in the field. After approval, the popup window, the title, the text in it, and the buttons are validated","3274","Business Exception Validation Test","","2026-09-29","passed","2026-09-29","","Form. Checking the basic functions for the Input in the widget Form","application.Samples.Form.InputTest","businessException"
"The test sets one value in the field, then checks the list with the expected value.","12132","A test for setting a single value in a field","","2026-09-29","passed","2026-09-29","","Form. Checking the basic functions for the MultiValueTree in the widget Form","application.Samples.Form.MultiValueTreeOnFormTest","test_once"
"The read widget above the strip shows the file of the selected card","5161","Read widget","","2026-09-29","passed","2026-09-29","","CardList. Properties","application.Samples.CardList.CardListPropertiesTest","read"
"","2420","position()","","2026-09-29","passed","2026-09-29","","List. Checking the basic functions for the MultiValueTree in the widget List","application.Samples.List.MultiValueTreeOnListTest","position"
"The user empties the field and clicks Save. The message that the field is required is validated.","3918","Required Message text Verification field test","","2026-09-29","passed","2026-09-29","","Form. Checking the basic functions for the RichText in the widget Form","application.Samples.Form.RichTextFieldOnFormTest","required"
"The test sets a value with the wrong data type in several fields for different widgets. After approval, it checks the text under the field, which informs about the correctness of the type of data entered","3367","Required Message validation test for multiple fields","","2026-09-29","passed","2026-09-29","","Form. Checking the basic functions for the MultipleSelect in the widget Form","application.Samples.Form.MultipleSelectOnFormTest","fieldLevelValidation"
"The test gets the value from the placeholder attribute and returns it in String format","3136","Test for getting the Placeholder value","","2026-09-29","passed","2026-09-29","","List. Checking the basic functions for the DateTime in the widget List","application.Samples.List.DateTimeOnListTest","placeholder"
"","2655","position()","","2026-09-29","passed","2026-09-29","","application.Samples.Form.TimeOnFormTest","application.Samples.Form.TimeOnFormTest","position"
"The test gets the value from the style attribute in RGB format, and then converts it to Hex format","2726","A test to get the field color value in Hex format","","2026-09-29","passed","2026-09-29","","Info. Checking the basic functions for the Time","application.Samples.Info.TimeOnInfoTest","color"
"The user types values longer than 50 characters in two fields and clicks Save. The messages of both fields are validated.","7641","Required Message validation test for multiple fields","","2026-09-29","passed","2026-09-29","","List. Checking the basic functions for the RichText in the widget List","application.Samples.List.RichTextOnListTest","fieldLevelValidation"
"Add drills down to the form view, Save and Close returns to the cards with the new card","13610","Create with view","","2026-09-29","passed","2026-09-29","","CardList. Basic","application.Samples.CardList.CardListBasicTest","createWithView"
"Тест устанавливает значение в поле, а после проверяет значение в поле с тем, что должно быть установлено. Предварительной очистки поля ","15544","A test for setting a value in a field","","2026-09-29","passed","2026-09-29","","List. Checking the basic functions for the MultipleSelect in the widget List","application.Samples.List.MultipleSelectOnListTest","edit"
"A custom action with PostAction.refreshBc updates the record and reloads the whole tree: the expanded node is collapsed.","0","PostAction.refreshBc collapses the tree","","2026-09-29","skipped","2026-09-29","","Tree. Node refresh after custom actions","application.Samples.Tree.TreeNodeRefreshTest","refreshBcCollapsesTree"
"","2817","The test for getting the value from the field","","2026-09-29","passed","2026-09-29","","Info. Checking the basic functions for the PickTree","application.Samples.Info.PickTreeOnInfoTest","read"
"Filtering is not available for InfoWidget.","0","Filtering test","","2026-09-29","skipped","2026-09-29","","Info. Checking the basic functions for the FileUp","application.Samples.Info.FileUploadOnInfoTest","filtration"
"The test sets the value in the field. After approval, by clicking on the save button, the popup window, the title, the text in it, and the buttons are validated","2681","Confirmation Popup Validation Test","","2026-09-29","passed","2026-09-29","","application.Samples.Form.RadioOnFormTest","application.Samples.Form.RadioOnFormTest","confirm"
"The test gets the value from the style attribute in RGB format, and then converts it to Hex format","2754","A test to get the field color value in Hex format","","2026-09-29","passed","2026-09-29","","List. Checking the basic functions for the Input in the widget List","application.Samples.List.InputOnListTest","color"
"The test gets the value from the style attribute in RGB format, and then converts it to Hex format","2442","A test to get the field color value in Hex format","","2026-09-29","passed","2026-09-29","","List. Checking the basic functions for the InlinePickList in the widget List","application.Samples.List.InlinePickListOnListTest","color"
"The test sets the value in the field. After approval, by clicking on the save button, the popup window, the title, the text in it, and the buttons are validated","5591","Confirmation Popup Validation Test","","2026-09-29","passed","2026-09-29","","application.Samples.Form.PercentOnFormTest","application.Samples.Form.PercentOnFormTest","confirm"
"The test gets the value from the style attribute in RGB format, and then converts it to Hex format","2657","A test to get the field color value in Hex format","","2026-09-29","passed","2026-09-29","","List. Checking the basic functions for the Time","application.Samples.List.TimeOnListTest","color"
"The test sets the value in the field, and then checks the value in the field with what should be set.","9338","A test for setting a value in a field","","2026-09-29","passed","2026-09-29","","application.Samples.List.TextOnListTest","application.Samples.List.TextOnListTest","edit"
"Checking the url before the transition and after the transition/click on a special element","3087","The DrillDown test","","2026-09-29","passed","2026-09-29","","application.Samples.List.SuggestionPickListOnListTest","application.Samples.List.SuggestionPickListOnListTest","drillDown"
"The test sets several values in the field, then checks the list with the expected value.","15270","A test for setting multiple values in a field","","2026-09-29","passed","2026-09-29","","Form. Checking the basic functions for the MultiValue in the widget Form","application.Samples.Form.MultiValueOnFormTest","test_set"
"The test sets a value with the wrong data type in several fields for different widgets. After approval, it checks the text under the field, which informs about the correctness of the type of data entered","9983","Required Message validation test for multiple fields","","2026-09-29","passed","2026-09-29","","List. Checking the basic functions for the Money in the widget List","application.Samples.List.MoneyOnListTest","fieldLevelValidation"
"The placeholder is shown for a field that is not enabled in the meta as well","2781","Test for getting the Placeholder value of a read-only field","","2026-09-29","passed","2026-09-29","","Form. Checking the basic functions for the Money in the widget Form","application.Samples.Form.MoneyOnFormTest","placeholderReadOnly"
"The test sets the value in the field, and then checks the value in the field with what should be set.","2783","A test for setting a number with a fractional part in a field","","2026-09-29","passed","2026-09-29","","List. Checking the basic functions for the Number in the widget List","application.Samples.List.NumberOnListTest","digits"
"Filtering is not available for InfoWidget.","0","Filtering test","","2026-09-29","skipped","2026-09-29","","Info. Checking the basic functions for the PickList","application.Samples.Info.PickListOnInfoTest","filtration"
"The test gets the value from the style attribute in RGB format, and then converts it to Hex format","2684","A test to get the field color value in Hex format","","2026-09-29","passed","2026-09-29","","Info. Checking the basic functions for the Money","application.Samples.Info.MoneyOnInfoTest","color"
"The test clears the field and clicks the Save button. Then validates the message that the field is required","3550","Required Message text Verification field test","","2026-09-29","passed","2026-09-29","","Form. Checking the basic functions for the DateTimeWithSeconds in the widget Form","application.Samples.Form.DateTimeWithSecondsTest","required"
"The placeholder is shown for a field that is not enabled in the meta as well","2114","Test for getting the Placeholder value of a read-only field","","2026-09-29","passed","2026-09-29","","Form. Checking the basic functions for the Input in the widget Form","application.Samples.Form.InputTest","placeholderReadOnly"
"Filtering is not available for the Form widget","0","Filtering test","","2026-09-29","skipped","2026-09-29","","Form. Checking the basic functions for the Money in the widget Form","application.Samples.Form.MoneyOnFormTest","filtration"
"","2671","position()","","2026-09-29","passed","2026-09-29","","Info. Checking the basic functions for the MultiValueHover","application.Samples.Info.MultiValueHoverOnInfoTest","position"
"Two forms of the same record: with the default height and with editMinRows 3, editMaxRows 6.","2742","The height of the field","","2026-09-29","passed","2026-09-29","","Form. Checking the basic functions for the Text in the widget Form","application.Samples.Form.TextOnFormTest","height"
"The test sets the value in the field. After approval, the popup window, the title, the text in it, and the buttons are validated.","4274","Business Exception Validation Test","","2026-09-29","passed","2026-09-29","","List. Checking the basic functions for the MultiValueTree in the widget List","application.Samples.List.MultiValueTreeOnListTest","businessException"
"The test calls a modal window, after which the method returns Status-Value pairs depending on the column header.","0","A test for checking values by column heading in a modal window","","2026-09-29","skipped","2026-09-29","","Form. Checking the basic functions for the MultiValueTree in the widget Form","application.Samples.Form.MultiValueTreeOnFormTest","test_status"
"Sorting by the specified column.","0","Sorting test","","2026-09-29","skipped","2026-09-29","","application.Samples.List.SuggestionPickListOnListTest","application.Samples.List.SuggestionPickListOnListTest","sorting"
"The test sets the value in the field via Popup using a unique id, and then checks the value in the field with what needs to be set.","6367","A test for setting a value in a field","","2026-09-29","passed","2026-09-29","","application.Samples.List.SuggestionPickListOnListTest","application.Samples.List.SuggestionPickListOnListTest","edit"
"Sorting by the specified column.","5513","Sorting test","","2026-09-29","passed","2026-09-29","","List. Checking the basic functions for the PickTree in the widget List","application.Samples.List.PickTreeOnListTest","sorting"
"Filtering is not available for the Form widget","0","Filtering test","","2026-09-29","skipped","2026-09-29","","Form. Checking the basic functions for the Text in the widget Form","application.Samples.Form.TextOnFormTest","filtration"
"Drill Down is not available for InfoWidget.","0","The DrillDown test","","2026-09-29","skipped","2026-09-29","","Info. Checking the basic functions for the MultiValue","application.Samples.Info.MultiValueOnInfoTest","drillDown"
"The test sets the value in the field, and then checks the value in the field with what should be set","5932","A test for setting a value in a field","","2026-09-29","passed","2026-09-29","","Form. Checking the basic functions for the Money in the widget Form","application.Samples.Form.MoneyOnFormTest","edit"
"The test sets the value in the field. After approval, by clicking on the save button, the popup window, the title, the text in it, and the buttons are validated","10630","Confirmation Popup Validation Test","","2026-09-29","passed","2026-09-29","","Form. Checking the basic functions for the DateTimeWithSeconds in the widget Form","application.Samples.Form.DateTimeWithSecondsTest","confirm"
"The user types a value. The error popup, its title and its message are validated.","3850","Run-time exception validation test","","2026-09-29","passed","2026-09-29","","Form. Checking the basic functions for the RichText in the widget Form","application.Samples.Form.RichTextFieldOnFormTest","runtimeException"
"","2777","A test to check the options of the drop-down list","","2026-09-29","passed","2026-09-29","","Form. Checking the basic functions for the Dictionary in the widget Form","application.Samples.Form.DictionaryOnFormTest","options"
"The test gets the value from the style attribute in RGB format, and then converts it to Hex format","2372","A test to get the field color value in Hex format","","2026-09-29","passed","2026-09-29","","application.Samples.Form.PercentOnFormTest","application.Samples.Form.PercentOnFormTest","color"
"Info Widget is always read-only","0","A test to check the field for ""Read-only""","","2026-09-29","skipped","2026-09-29","","Info. Checking the basic functions for the MultiValueHover","application.Samples.Info.MultiValueHoverOnInfoTest","readonly"
"","2751","The test for getting the value from the field","","2026-09-29","passed","2026-09-29","","Info. New Api.  Checking the basic functions for the CheckBox","application.Samples.Info.CheckboxTest","read"
"The popup of the pickList field opens from the row; a click on a row of the popup picks the value and closes the popup","4990","A value is picked from the popup into the field of the list","","2026-09-29","passed","2026-09-29","","PickListPopup. Basics and title","application.Samples.Popup.PickListPopupTest","basics"
"The test gets the value from the style attribute in RGB format, and then converts it to Hex format","2659","A test to get the field color value in Hex format","","2026-09-29","passed","2026-09-29","","Form. Checking the basic functions for the Date in the widget Form","application.Samples.Form.DateOnFormTest","color"
"The test clears the field and clicks the Save button. Then validates the message that the field is required","3898","Required Message text Verification field test","","2026-09-29","passed","2026-09-29","","Form. Checking the basic functions for the PickTree in the widget Form","application.Samples.Form.PickTreeOnFormTest","required"
"The test gets the value from the placeholder attribute and returns it in String format","3256","Test for getting the Placeholder value","","2026-09-29","passed","2026-09-29","","List. Checking the basic functions for the PickTree in the widget List","application.Samples.List.PickTreeOnListTest","placeholder"
"The test sets the value in the field. After approval, by clicking on the save button, the popup window, the title, the text in it, and the buttons are validated","10160","Confirmation Popup Validation Test","","2026-09-29","passed","2026-09-29","","Form. Checking the basic functions for the DateTime in the widget Form","application.Samples.Form.DateTimeOnFormTest","confirm"
"Verify that when the value of a field with forceActive is changed, the fields associated with it are populated.","6588","Set Force Active","","2026-09-29","passed","2026-09-29","","List. Checking the basic functions for the PickList in the widget List","application.Samples.Feature.ForceActive.ForceActiveTest","setForceActive"
"The root rows are loaded; a root with children is expanded and shows them","37764","Every Tree tab of the property samples opens and its root expands","","2026-09-29","passed","2026-09-29","","Tree. The Tree tabs of the widget property samples","application.Samples.Tree.TreePropertyTabsTest","everyTabShowsATree"
"","3145","Test to get the name of the downloaded file","","2026-09-29","passed","2026-09-29","","Info. Checking the basic functions for the FileUp","application.Samples.Info.FileUploadOnInfoTest","getFileName"
"The test sets the value in the field. After approval, the popup window, the title, the text in it, and the buttons are validated","4943","Business Exception Validation Test","","2026-09-29","passed","2026-09-29","","Form. Checking the basic functions for the InlinePickList in the widget Form","application.Samples.Form.InlinePickListOnFormTest","businessException"
"The placeholder is shown for a field that is not enabled in the meta as well","3404","Test for getting the Placeholder value of a read-only field","","2026-09-29","passed","2026-09-29","","List. Checking the basic functions for the PickList in the widget List","application.Samples.List.PickListOnListTest","placeholderReadOnly"
"The test sets the value in the field. After approval, the popup window, the title, the text in it, and the buttons are validated","3083","Business Exception Validation Test","","2026-09-29","passed","2026-09-29","","application.Samples.Form.RadioOnFormTest","application.Samples.Form.RadioOnFormTest","businessException"
"The test gets the value from the style attribute in RGB format, and then converts it to Hex format","2605","A test to get the field color value in Hex format","","2026-09-29","passed","2026-09-29","","application.Samples.List.RadioOnListTest","application.Samples.List.RadioOnListTest","color"
"","2708","Digits test","","2026-09-29","passed","2026-09-29","","Info. Checking the basic functions for the Percent","application.Samples.Info.PercentOnInfoTest","digits"
"Two Info widgets of the same record: with the default height and with minRows 2, maxRows 4, where the value is cut and shows ""..."".","3514","The height of the field","","2026-09-29","passed","2026-09-29","","Info. Checking the basic functions for the RichText in the widget Info","application.Samples.Info.RichTextOnInfoTest","height"
"Sorting is not available for InfoWidget.","0","Sorting test","","2026-09-29","skipped","2026-09-29","","Info. Checking the basic functions for the DateTimeWithSeconds","application.Samples.Info.DateTimeWithSecondsTest","sorting"
"The test sets the value in the field. After approval, by clicking on the save button, the popup window, the title, the text in it, and the buttons are validated.","5810","Confirmation Popup Validation Test","","2026-09-29","passed","2026-09-29","","List. Checking the basic functions for the MultiValue in the widget List","application.Samples.List.MultiValueOnListTest","confirm"
"The test delete a field in the admin panel","1209","Test for deleting admin value","","2026-09-29","passed","2026-09-29","","Checking the basic functions for the Dictionary administration panel","application.Samples.DictionaryAdministrationTest","delete"
"The cancel of the created row runs the onCancel action of the sample; the row is removed.","10520","PickTreePopup: cancel-create with the onCancel action","","2026-09-29","passed","2026-09-29","","PickTreePopup, AssocTreePopup. Row actions inside the popup","application.Samples.Tree.PopupRowActionsTest","pickCreateAndCancelOnCancel"
"The test check icon's name from the drop-down list ","4134","A test for checking the icon","","2026-09-29","passed","2026-09-29","","Form. Checking the basic functions for the Dictionary in the widget Form","application.Samples.Form.DictionaryOnFormTest","icon"
"The field of the readonly sample cannot be edited.","2891","A test to check the field for ""Read-only""","","2026-09-29","passed","2026-09-29","","Form. Checking the basic functions for the RichText in the widget Form","application.Samples.Form.RichTextFieldOnFormTest","readonly"
"Filtering is not available for InfoWidget.","0","Filtering test","","2026-09-29","skipped","2026-09-29","","Info. Checking the basic functions for the MultiField","application.Samples.Info.MultiFieldOnInfoTest","filtration"
"Sorting by the specified column.","23763","Sorting test","","2026-09-29","passed","2026-09-29","","List. Checking the basic functions for the DateTime in the widget List","application.Samples.List.DateTimeOnListTest","sorting"
"DrillDown is not available for InfoWidget.","2566","The DrillDown test","","2026-09-29","passed","2026-09-29","","Info. Checking the basic functions for the Percent","application.Samples.Info.PercentOnInfoTest","drillDown"
"The test sets the value in the field. After approval, the popup window, the title, the text in it, and the buttons are validated.","4626","Business Exception Validation Test","","2026-09-29","passed","2026-09-29","","List. Checking the basic functions for the Input in the widget List","application.Samples.List.InputOnListTest","businessException"
"The test clears the field and clicks the Save button. Then validates the message that the field is required","3541","Required Message text Verification field test","","2026-09-29","passed","2026-09-29","","application.Samples.Form.PercentOnFormTest","application.Samples.Form.PercentOnFormTest","required"
"Filtering is not available for InfoWidget.","0","Filtering test","","2026-09-29","skipped","2026-09-29","","Info. Checking the basic functions for the MultiplySelect","application.Samples.Info.MultipleSelectOnInfoTest","filtration"
"Filtering by the specified column.","5044","Filtering test","","2026-09-29","passed","2026-09-29","","List. Checking the basic functions for the Number in the widget List","application.Samples.List.NumberOnListTest","filtration"
"The test sets the value in the field. After approval, by clicking on the save button, the popup window, the title, the text in it, and the buttons are validated","3996","Confirmation Popup Validation Test","","2026-09-29","passed","2026-09-29","","Form. Checking the basic functions for the PickTree in the widget Form","application.Samples.Form.PickTreeOnFormTest","confirm"
"Info Widget is always read-only: the field shows its values and cannot be edited","3198","A test to check the field for ""Read-only""","","2026-09-29","passed","2026-09-29","","Info. Checking the basic functions for the MultiValueTree","application.Samples.Info.MultiValueTreeOnInfoTest","readonly"
"The test sets the value with the wrong data type in the field. After approval, it checks the text under the field, which informs about the correctness of the type of data entered.","3234","Required Message validation test for one field","","2026-09-29","passed","2026-09-29","","Form. Checking the basic functions for the MultiValueTree in the widget Form","application.Samples.Form.MultiValueTreeOnFormTest","fieldLevelValidationAnnotation"
"The test sets the value in the field. After approval, by clicking on the save button, the popup window, the title, the text in it, and the buttons are validated","10727","Confirmation Popup Validation Test","","2026-09-29","passed","2026-09-29","","Form. Checking the basic functions for the Date in the widget Form","application.Samples.Form.DateOnFormTest","confirm"
"Filtering by the specified column.","7078","Filtering test","","2026-09-29","passed","2026-09-29","","List. Checking the basic functions for the DateTime in the widget List","application.Samples.List.DateTimeOnListTest","filtration"
"Filtering is not available for the Form widget","0","Filtering test","","2026-09-29","skipped","2026-09-29","","Form. Checking the basic functions for the Input in the widget Form","application.Samples.Form.InputTest","filtration"
"Checking the url before the transition and after the transition/click on a special element","0","The DrillDown test","","2026-09-29","skipped","2026-09-29","","List. Checking the basic functions for the MultipleSelect in the widget List","application.Samples.List.MultipleSelectOnListTest","drillDown"
"The test sets the value in the field. After approval, the popup window, the title, the text in it, and the buttons are validated","4067","Business Exception Validation Test","","2026-09-29","passed","2026-09-29","","Form. Checking the basic functions for the DateTime in the widget Form","application.Samples.Form.DateTimeOnFormTest","businessException"
"","2410","position()","","2026-09-29","passed","2026-09-29","","Info. Checking the basic functions for the Percent","application.Samples.Info.PercentOnInfoTest","position"
"The test gets the value from the placeholder attribute and returns it in String format","2846","Test for getting the Placeholder value","","2026-09-29","passed","2026-09-29","","Form. Checking the basic functions for the Text in the widget Form","application.Samples.Form.TextOnFormTest","placeholder"
"Checking the url before the transition and after the transition/click on a special element","2898","The DrillDown test","","2026-09-29","passed","2026-09-29","","Form. Checking the basic functions for the Input in the widget Form","application.Samples.Form.InputTest","drillDown"
"The test sets a value with the wrong data type in several fields for different widgets. After approval, it checks the text under the field, which informs about the correctness of the type of data entered","5776","Required Message validation test for multiple fields","","2026-09-29","passed","2026-09-29","","Form. Checking the basic functions for the FileUpload in the widget Form","application.Samples.Form.FileUploadOnFormTest","fieldLevelValidation"
"The test sets the value with the wrong data type in the field. After approval, it checks the text under the field, which informs about the correctness of the type of data entered.","7095","Required Message validation test for one field","","2026-09-29","passed","2026-09-29","","application.Samples.List.RadioOnListTest","application.Samples.List.RadioOnListTest","fieldLevelValidationAnnotation"
"The test sets the value with the wrong data type in the field. After approval, it checks the text under the field, which informs about the correctness of the type of data entered","4884","Required Message validation test for one field","","2026-09-29","passed","2026-09-29","","Form. Checking the basic functions for the MultipleSelect in the widget Form","application.Samples.Form.MultipleSelectOnFormTest","fieldLevelValidationAnnotation"
"The test gets the value from the placeholder attribute and returns it in String format","2431","Test for getting the Placeholder value","","2026-09-29","passed","2026-09-29","","List. Checking the basic functions for the Dictionary in the widget List","application.Samples.List.DictionaryOnListTest","placeholder"
"","2876","The test for getting the value from the field","","2026-09-29","passed","2026-09-29","","Info. Checking the basic functions for the Input","application.Samples.Info.InputTest","read"
"Sorting by the specified column.","0","Sorting test","","2026-09-29","skipped","2026-09-29","","List. Checking the basic functions for the CheckBox","application.Samples.List.CheckBoxOnListTest","sorting"
"The test gets the value from the style attribute in RGB format, and then converts it to Hex format","1991","A test to get the field color value in Hex format","","2026-09-29","passed","2026-09-29","","List. Checking the basic functions for the Dictionary in the widget List","application.Samples.List.DictionaryOnListTest","color"
"Getting the field color is not available","2931","A test to get the field color value in Hex format","","2026-09-29","passed","2026-09-29","","List. Checking the basic functions for the MultiValueHover in the widget List","application.Samples.List.MultiValueHoverOnListTest","color"
"The test gets the value from the style attribute in RGB format, and then converts it to Hex format","2986","A test to get the field color value in Hex format","","2026-09-29","passed","2026-09-29","","List. Checking the basic functions for the MultiValueTree in the widget List","application.Samples.List.MultiValueTreeOnListTest","color"
"Sorting is not available for InfoWidget.","0","Sorting test","","2026-09-29","skipped","2026-09-29","","Info. Checking the basic functions for the PickTree","application.Samples.Info.PickTreeOnInfoTest","sorting"
"The test sets the value in the field. After approval, by clicking on the save button, the popup window, the title, the text in it, and the buttons are validated.","7194","Confirmation Popup Validation Test","","2026-09-29","passed","2026-09-29","","List. Checking the basic functions for the DateTime in the widget List","application.Samples.List.DateTimeOnListTest","confirm"
"The test sets the value in the field, and then checks the value in the field with what should be set","4519","A test for setting a value in a field","","2026-09-29","passed","2026-09-29","","Form. Checking the basic functions for the Number in the widget Form","application.Samples.Form.NumberOnFormTest","edit"
"","1997","position()","","2026-09-29","passed","2026-09-29","","Form. Checking the basic functions for the Hint in the widget Form","application.Samples.Form.HintOnFormTest","position"
"The test checks for the disabled attribute.","2703","A test to check the field for ""Read-only""","","2026-09-29","passed","2026-09-29","","List. Checking the basic functions for the InlinePickList in the widget List","application.Samples.List.InlinePickListOnListTest","readonly"
"Sorting is not available for InfoWidget.","0","Sorting test","","2026-09-29","skipped","2026-09-29","","Info. Checking the basic functions for the Dictionary","application.Samples.Info.DictionaryOnInfoTest","sorting"
"The test gets the value from the style attribute in RGB format, and then converts it to Hex format","2704","A test to get the field color value in Hex format","","2026-09-29","passed","2026-09-29","","application.Samples.Form.RadioOnFormTest","application.Samples.Form.RadioOnFormTest","color"
"The InfoWidget doesn't have a Placeholder.","0","Test for getting the Placeholder value","","2026-09-29","skipped","2026-09-29","","Info. Checking the basic functions for the PickList","application.Samples.Info.PickListOnInfoTest","placeholder"
"","2726","The test for getting the value from the field","","2026-09-29","passed","2026-09-29","","Info. Checking the basic functions for the MultiField","application.Samples.Info.MultiFieldOnInfoTest","read"
"The test sets a value with the wrong data type in several fields for different widgets. After approval, it checks the text under the field, which informs about the correctness of the type of data entered","5739","Required Message validation test for multiple fields","","2026-09-29","passed","2026-09-29","","application.Samples.Form.PercentOnFormTest","application.Samples.Form.PercentOnFormTest","fieldLevelValidation"
"The test clears the field and clicks the Save button. Then validates the message that the field is required.","13833","Required Message text Verification field test","","2026-09-29","passed","2026-09-29","","List. Checking the basic functions for the MultipleSelect in the widget List","application.Samples.List.MultipleSelectOnListTest","required"
"The test clears the field and clicks the Save button. Then validates the message that the field is required","3673","Required Message text Verification field test","","2026-09-29","passed","2026-09-29","","Form. Checking the basic functions for the Date in the widget Form","application.Samples.Form.DateOnFormTest","required"
"Filtering is not available for InfoWidget.","0","Filtering test","","2026-09-29","skipped","2026-09-29","","Info. Checking the basic functions for the Input","application.Samples.Info.InputTest","filtration"
"Sorting is not available for the Form widget","0","Sorting test","","2026-09-29","skipped","2026-09-29","","Form. Checking the basic functions for the Number in the widget Form","application.Samples.Form.NumberOnFormTest","sorting"
"Checking the url before the transition and after the transition/click on a special element","2309","The DrillDown test","","2026-09-29","passed","2026-09-29","","List. Checking the basic functions for the CheckBox","application.Samples.List.CheckBoxOnListTest","drillDown"
"The test sets the value with the wrong data type in the field. After approval, it checks the text under the field, which informs about the correctness of the type of data entered","6292","Required Message validation test for one field","","2026-09-29","passed","2026-09-29","","Form. Checking the basic functions for the InlinePickList in the widget Form","application.Samples.Form.InlinePickListOnFormTest","fieldLevelValidationAnnotation"
"The test gets the value from the placeholder attribute and returns it in String format","2750","Test for getting the Placeholder value","","2026-09-29","passed","2026-09-29","","List. Checking the basic functions for the CheckBox","application.Samples.List.CheckBoxOnListTest","placeholder"
"The test gets the value from the placeholder attribute and returns it in String format","3033","Test for getting the Placeholder value","","2026-09-29","passed","2026-09-29","","Form. Checking the basic functions for the InlinePickList in the widget Form","application.Samples.Form.InlinePickListOnFormTest","placeholder"
"Filtering by the specified column.","8503","Filtering test","","2026-09-29","passed","2026-09-29","","List. Checking the basic functions for the Date in the widget List","application.Samples.List.DateOnListTest","filtration"
"The placeholder is shown for a field that is not enabled in the meta as well","2444","Test for getting the Placeholder value of a read-only field","","2026-09-29","passed","2026-09-29","","List. Checking the basic functions for the Number in the widget List","application.Samples.List.NumberOnListTest","placeholderReadOnly"
"The test sets the value in the field. After approval, the popup window, the title, the text in it, and the buttons are validated","3719","Run-time exception validation test","","2026-09-29","passed","2026-09-29","","Form. Checking the basic functions for the Input in the widget Form","application.Samples.Form.InputTest","runtimeException"
"The test gets the value from the style attribute in RGB format, and then converts it to Hex format","0","A test to get the field color value in Hex format","","2026-09-29","skipped","2026-09-29","","Form. Checking the basic functions for the PickTree in the widget Form","application.Samples.Form.PickTreeOnFormTest","color"
"Filtering is not available for the Form widget","0","Filtering test","","2026-09-29","skipped","2026-09-29","","Form. Checking the basic functions for the Hint in the widget Form","application.Samples.Form.HintOnFormTest","filtration"
"Filtering by the specified column.","4274","Filtering test","","2026-09-29","passed","2026-09-29","","List. Checking the basic functions for the PickList in the widget List","application.Samples.List.PickListOnListTest","filtration"
"The test clears the field and clicks the Save button. Then validates the message that the field is required.","6224","Required Message text Verification field test","","2026-09-29","passed","2026-09-29","","List. Checking the basic functions for the PickList in the widget List","application.Samples.List.PickListOnListTest","required"
"","2611","position()","","2026-09-29","passed","2026-09-29","","Info. Checking the basic functions for the PickTree","application.Samples.Info.PickTreeOnInfoTest","position"
"Getting the field color is not available","0","A test to get the field color value in Hex format","","2026-09-29","skipped","2026-09-29","","Form. Checking the basic functions for the Hint in the widget Form","application.Samples.Form.HintOnFormTest","color"
"The test sets the value in the field. After approval, the popup window, the title, the text in it, and the buttons are validated.","5597","Business Exception Validation Test","","2026-09-29","passed","2026-09-29","","List. Checking the basic functions for the dateTimeWithSec in the widget List","application.Samples.List.DateTimeWithSecondsOnListTest","businessException"
"The test clears the field and clicks the Save button. Then validates the message that the field is required","4758","Required Message text Verification field test","","2026-09-29","passed","2026-09-29","","Form. Checking the basic functions for the Money in the widget Form","application.Samples.Form.MoneyOnFormTest","required"
"The test clears the field and clicks the Save button. Then validates the message that the field is required.","6231","Required Message text Verification field test","","2026-09-29","passed","2026-09-29","","List. Checking the basic functions for the Dictionary in the widget List","application.Samples.List.DictionaryOnListTest","required"
"Filtering is not available for InfoWidget.","0","Filtering test","","2026-09-29","skipped","2026-09-29","","Info. Checking the basic functions for the MultiValue","application.Samples.Info.MultiValueOnInfoTest","filtration"
"The same lines over Cyrillic text. The rule that decides if a mark is allowed looks at the type of the neighbouring character, and Cyrillic letters go through a different code path than Latin ones.","20096","The same marks on Cyrillic text","","2026-09-29","passed","2026-09-29","","Form. RichText regression suite for the RichText in the widget Form","application.Samples.Form.RichTextOnFormTest","markCombinationsOverCyrillic"
"","3512","Constant title of the popup; the popup with selection = node","","2026-09-29","passed","2026-09-29","","PickTreePopup. Title, color, lazy load, search modes, selection","application.Samples.Tree.PickTreePopupTest","constantTitle"
"The test sets the value in the field. After approval, by clicking on the save button, the popup window, the title, the text in it, and the buttons are validated.","8323","Confirmation Popup Validation Test","","2026-09-29","passed","2026-09-29","","List. Checking the basic functions for the Date in the widget List","application.Samples.List.DateOnListTest","confirm"
"The test gets the value from the style attribute in RGB format, and then converts it to Hex format","2588","A test to get the field color value in Hex format","","2026-09-29","passed","2026-09-29","","application.Samples.List.TextOnListTest","application.Samples.List.TextOnListTest","color"
"Sorting is not available for InfoWidget.","0","Sorting test","","2026-09-29","skipped","2026-09-29","","Info. Checking the basic functions for the Hint","application.Samples.Info.HintOnInfoTest","sorting"
