"DESCRIPTION","DURATION IN MS","NAME","PARENT SUITE","START TIME","STATUS","STOP TIME","SUB SUITE","SUITE","TEST CLASS","TEST METHOD"
"The test sets the value in the field. After approval, by clicking on the save button, the popup window, the title, the text in it, and the buttons are validated.","29796","Confirmation Popup Validation Test","","Wed Aug 27 10:42:45 GMT 2025","passed","Wed Aug 27 10:43:15 GMT 2025","","List. Checking the basic functions for the Money in the widget List","application.Samples.List.MoneyOnListTest","confirm"
"The test checks the downloaded file with the template file that is contained in the resources","7584","A test to compare the downloaded file with the template","","Wed Aug 27 10:55:03 GMT 2025","passed","Wed Aug 27 10:55:10 GMT 2025","","Form. Checking the basic functions for the FileUpload in the widget Form","application.Samples.Form.FileUploadOnFormTest","compare"
"The test sets a value with the wrong data type in several fields for different widgets. After approval, it checks the text under the field, which informs about the correctness of the type of data entered","9443","Required Message validation test for multiple fields","","Wed Aug 27 10:53:27 GMT 2025","passed","Wed Aug 27 10:53:36 GMT 2025","","Form. Checking the basic functions for the DateTime in the widget Form","application.Samples.Form.DateTimeOnFormTest","fieldLevelValidation"
"Filtering is not available for InfoWidget.","9039","Filtering test","","Wed Aug 27 10:23:16 GMT 2025","passed","Wed Aug 27 10:23:25 GMT 2025","","Info. Checking the basic functions for the CheckBox","application.Samples.Info.CheckboxOnInfoTest","filtration"
"","6774","The test for getting the value from the field","","Wed Aug 27 10:58:33 GMT 2025","passed","Wed Aug 27 10:58:39 GMT 2025","","Info. Checking the basic functions for the MultiplySelect","application.Samples.Info.MultipleSelectOnInfoTest","read"
"Sorting by the specified column.","16212","Sorting test","","Wed Aug 27 10:28:43 GMT 2025","passed","Wed Aug 27 10:28:59 GMT 2025","","List. Checking the basic functions for the Input in the widget List","application.Samples.List.InputOnListTest","sorting"
"The test opens a modal window, clears the field, closes the window, and then checks the message under the field.","6828","Required Message text Verification field test","","Wed Aug 27 10:59:31 GMT 2025","passed","Wed Aug 27 10:59:37 GMT 2025","","Form. Checking the basic functions for the MultiValue in the widget Form","application.Samples.Form.MultiValueOnFormTest","required_2"
"The test checks for the disabled attribute.","7614","A test to check the field for ""Read-only""","","Wed Aug 27 10:30:48 GMT 2025","passed","Wed Aug 27 10:30:56 GMT 2025","","List. Checking the basic functions for the CheckBox","application.Samples.List.CheckBoxOnListTest","readonly"
"DrillDown is not available for InfoWidget.","10693","The DrillDown test","","Wed Aug 27 10:19:45 GMT 2025","passed","Wed Aug 27 10:19:56 GMT 2025","","Info. Checking the basic functions for the Percent","application.Samples.Info.PercentOnInfoTest","drillDown"
"Sorting by the specified column.","17052","Sorting test","","Wed Aug 27 10:32:26 GMT 2025","passed","Wed Aug 27 10:32:43 GMT 2025","","List. Checking the basic functions for the DateTimeWithSeconds in the widget List","application.Samples.List.DateTimeWithSecondsOnListTest","sorting"
"The test sets the value in the field, and then checks the value in the field with what should be set.","21044","A test for setting a value in a field","","Wed Aug 27 10:39:52 GMT 2025","passed","Wed Aug 27 10:40:13 GMT 2025","","List. Checking the basic functions for the Radio in the widget List","application.Samples.List.RadioOnListTest","edit"
"The test clears the field and clicks the Save button. Then validates the message that the field is required","7413","Required Message text Verification field test","","Wed Aug 27 10:54:54 GMT 2025","passed","Wed Aug 27 10:55:02 GMT 2025","","Form. Checking the basic functions for the Number in the widget Form","application.Samples.Form.NumberOnFormTest","required"
"The test sets the value in the field, and then checks the value in the field with what should be set","22782","A test for setting a value in a field","","Wed Aug 27 10:29:45 GMT 2025","passed","Wed Aug 27 10:30:08 GMT 2025","","List. Checking the basic functions for the Time","application.Samples.List.TimeOnListTest","edit3"
"The test sets the value in the field. After approval, the popup window, the title, the text in it, and the buttons are validated.","10545","Run-time exception validation test","","Wed Aug 27 10:41:45 GMT 2025","passed","Wed Aug 27 10:41:56 GMT 2025","","List. Checking the basic functions for the Radio in the widget List","application.Samples.List.RadioOnListTest","runtimeException"
"The test gets the value from the style attribute in RGB format, and then converts it to Hex format","8000","A test to get the field color value in Hex format","","Wed Aug 27 10:18:41 GMT 2025","passed","Wed Aug 27 10:18:49 GMT 2025","","Info. Checking the basic functions for the Money","application.Samples.Info.MoneyOnInfoTest","color"
"The test gets the value from the style attribute in RGB format, and then converts it to Hex format","8590","A test to get the field color value in Hex format","","Wed Aug 27 10:54:57 GMT 2025","passed","Wed Aug 27 10:55:06 GMT 2025","","Form. Checking the basic functions for the CheckBox","application.Samples.Form.CheckBoxOnFormTest","color"
"","6303","The test for getting the value from the field","","Wed Aug 27 10:23:07 GMT 2025","passed","Wed Aug 27 10:23:14 GMT 2025","","Info. Checking the basic functions for the DateTime","application.Samples.Info.DateTimeOnInfoTest","read"
"","9529","The test for getting the value from the field","","Wed Aug 27 10:23:34 GMT 2025","passed","Wed Aug 27 10:23:44 GMT 2025","","Info. Checking the basic functions for the CheckBox","application.Samples.Info.CheckboxOnInfoTest","read"
"Filtering is not available for the Form widget","8233","Filtering test","","Wed Aug 27 10:49:35 GMT 2025","passed","Wed Aug 27 10:49:43 GMT 2025","","Form. Checking the basic functions for the Radio in the widget Form","application.Samples.Form.RadioOnFormTest","filtration"
"The test sets the value to false in the field, and then checks the value in the field with what should be set.","9584","A test for setting a value in a field","","Wed Aug 27 10:31:17 GMT 2025","passed","Wed Aug 27 10:31:26 GMT 2025","","List. Checking the basic functions for the CheckBox","application.Samples.List.CheckBoxOnListTest","edit"
"The test clears the field and clicks the Save button. Then validates the message that the field is required","9264","Required Message text Verification field test","","Wed Aug 27 10:48:54 GMT 2025","passed","Wed Aug 27 10:49:04 GMT 2025","","Form. Checking the basic functions for the Text in the widget Form","application.Samples.Form.TextOnFormTest","required"
"Filtering is not available for the Form widget","8977","Filtering test","","Wed Aug 27 10:49:28 GMT 2025","passed","Wed Aug 27 10:49:37 GMT 2025","","Form. Checking the basic functions for the InlinePickList in the widget Form","application.Samples.Form.InlinePickListOnFormTest","filtration"
"Currency check at the field","6816","Currency test","","Wed Aug 27 10:46:38 GMT 2025","passed","Wed Aug 27 10:46:45 GMT 2025","","Form. Checking the basic functions for the Money in the widget Form","application.Samples.Form.MoneyOnFormTest","currency"
"The InfoWidget doesn't have a Placeholder.","6934","Test for getting the Placeholder value","","Wed Aug 27 10:22:41 GMT 2025","passed","Wed Aug 27 10:22:48 GMT 2025","","Info. Checking the basic functions for the FileUp","application.Samples.Info.FileUploadOnInfoTest","placeholder"
"The test sets a value with the wrong data type in several fields for different widgets. After approval, it checks the text under the field, which informs about the correctness of the type of data entered","63314","Required Message validation test for multiple fields","","Wed Aug 27 10:34:48 GMT 2025","passed","Wed Aug 27 10:35:51 GMT 2025","","List. Checking the basic functions for the DateTimeWithSeconds in the widget List","application.Samples.List.DateTimeWithSecondsOnListTest","fieldLevelValidation"
"The test gets the value from the style attribute in RGB format, and then converts it to Hex format","9320","A test to get the field color value in Hex format","","Wed Aug 27 10:44:26 GMT 2025","passed","Wed Aug 27 10:44:35 GMT 2025","","List. Checking the basic functions for the InlinePickList in the widget List","application.Samples.List.InlinePickListOnListTest","color"
"InfoWidget does not have a Hex field color for this type.","7227","A test to get the field color value in Hex format","","Wed Aug 27 10:22:34 GMT 2025","passed","Wed Aug 27 10:22:41 GMT 2025","","Info. Checking the basic functions for the FileUp","application.Samples.Info.FileUploadOnInfoTest","color"
"The test checks for the disabled attribute","8437","A test to check the field for ""Read-only""","","Wed Aug 27 10:49:43 GMT 2025","passed","Wed Aug 27 10:49:52 GMT 2025","","Form. Checking the basic functions for the Radio in the widget Form","application.Samples.Form.RadioOnFormTest","readonly"
"Filtering is not available for InfoWidget.","5287","Filtering test","","Wed Aug 27 10:22:15 GMT 2025","passed","Wed Aug 27 10:22:21 GMT 2025","","Info. Checking the basic functions for the Input","application.Samples.Info.InputOnInfoTest","filtration"
"The test sets the value in the field, and then checks the value in the field with what should be set.","12411","A test for setting a value in a field","","Wed Aug 27 10:46:45 GMT 2025","passed","Wed Aug 27 10:46:57 GMT 2025","","List. Checking the basic functions for the Dictionary in the widget List","application.Samples.List.DictionaryOnListTest","edit"
"The test gets the value from the style attribute in RGB format, and then converts it to Hex format","9633","A test to get the field color value in Hex format","","Wed Aug 27 10:38:17 GMT 2025","passed","Wed Aug 27 10:38:26 GMT 2025","","List. Checking the basic functions for the MultipleSelect in the widget List","application.Samples.List.MultipleSelectOnListTest","color"
"The test gets the value from the placeholder attribute and returns it in String format","6385","Test for getting the Placeholder value","","Wed Aug 27 10:55:23 GMT 2025","passed","Wed Aug 27 10:55:29 GMT 2025","","Form. Checking the basic functions for the Number in the widget Form","application.Samples.Form.NumberOnFormTest","placeholder"
"The InfoWidget doesn't have a Placeholder.","7622","Test for getting the Placeholder value","","Wed Aug 27 10:18:57 GMT 2025","passed","Wed Aug 27 10:19:04 GMT 2025","","Info. Checking the basic functions for the Money","application.Samples.Info.MoneyOnInfoTest","placeholder"
"The test checks the creation and deletion in the dictionary and the result of this work on another screen.","25707","Test sorting at List","","Wed Aug 27 10:26:08 GMT 2025","passed","Wed Aug 27 10:26:34 GMT 2025","","Checking the basic functions for the Dictionary administration panel","application.Samples.DictionaryAdministrationTest","sortingList"
"Sorting is not available for InfoWidget.","10406","Sorting test","","Wed Aug 27 10:19:04 GMT 2025","passed","Wed Aug 27 10:19:15 GMT 2025","","Info. Checking the basic functions for the MultiField","application.Samples.Info.MultiFieldOnInfoTest","sorting"
"The test sets the value in the field. After approval, the popup window, the title, the text in it, and the buttons are validated","6911","Run-time exception validation test","","Wed Aug 27 10:48:44 GMT 2025","passed","Wed Aug 27 10:48:51 GMT 2025","","Form. Checking the basic functions for the DateTimeWithSeconds in the widget Form","application.Samples.Form.DateTimeWithSecondsOnFormTest","runtimeException"
"The test gets the value from the style attribute in RGB format, and then converts it to Hex format","5766","A test to get the field color value in Hex format","","Wed Aug 27 10:22:32 GMT 2025","passed","Wed Aug 27 10:22:38 GMT 2025","","Info. Checking the basic functions for the Input","application.Samples.Info.InputOnInfoTest","color"
"Sorting is not available for the Form widget","8320","Sorting test","","Wed Aug 27 10:48:13 GMT 2025","passed","Wed Aug 27 10:48:21 GMT 2025","","Form. Checking the basic functions for the Text in the widget Form","application.Samples.Form.TextOnFormTest","sorting"
"The test gets the value from the style attribute in RGB format, and then converts it to Hex format","10903","A test to get the field color value in Hex format","","Wed Aug 27 10:29:13 GMT 2025","passed","Wed Aug 27 10:29:24 GMT 2025","","List. Checking the basic functions for the Time","application.Samples.List.TimeOnListTest","color"
"Sorting is not available for InfoWidget.","28981","Sorting test","","Wed Aug 27 10:17:36 GMT 2025","passed","Wed Aug 27 10:18:05 GMT 2025","","Info. Checking the basic functions for the DateTimeWithSeconds","application.Samples.Info.DateTimeWithSecondsOnInfoTest","sorting"
"The test gets the value from the placeholder attribute and returns it in String format","10650","Test for getting the Placeholder value","","Wed Aug 27 10:48:59 GMT 2025","passed","Wed Aug 27 10:49:09 GMT 2025","","Form. Checking the basic functions for the Time","application.Samples.Form.TimeOnFormTest","placeholder"
"Filtering is not available for InfoWidget.","5576","Filtering test","","Wed Aug 27 10:22:56 GMT 2025","passed","Wed Aug 27 10:23:01 GMT 2025","","Info. Checking the basic functions for the DateTime","application.Samples.Info.DateTimeOnInfoTest","filtration"
"Filtering by the specified column.","9034","Filtering test","","Wed Aug 27 10:24:46 GMT 2025","passed","Wed Aug 27 10:24:55 GMT 2025","","List. Checking the basic functions for the PickList in the widget List","application.Samples.List.PickListOnListTest","filtration"
"The test sets the value with the wrong data type in the field. After approval, it checks the text under the field, which informs about the correctness of the type of data entered.","33515","Required Message validation test for one field","","Wed Aug 27 10:33:45 GMT 2025","passed","Wed Aug 27 10:34:19 GMT 2025","","List. Checking the basic functions for the Percent in the widget List","application.Samples.List.PercentOnListTest","fieldLevelValidationAnnotation"
"The test sets a value with the wrong data type in several fields for different widgets. After approval, it checks the text under the field, which informs about the correctness of the type of data entered","66689","Required Message validation test for multiple fields","","Wed Aug 27 10:36:14 GMT 2025","passed","Wed Aug 27 10:37:21 GMT 2025","","List. Checking the basic functions for the Percent in the widget List","application.Samples.List.PercentOnListTest","fieldLevelValidation"
"The test gets the value in the field, and then checks the value in the field with what should be.","0","A test for checking a value in a field","","Wed Aug 27 10:47:08 GMT 2025","skipped","Wed Aug 27 10:47:08 GMT 2025","","List. Checking the basic functions for the Dictionary in the widget List","application.Samples.List.DictionaryOnListTest","read"
"Sorting is not available for InfoWidget.","10085","Sorting test","","Wed Aug 27 10:19:35 GMT 2025","passed","Wed Aug 27 10:19:45 GMT 2025","","Info. Checking the basic functions for the Percent","application.Samples.Info.PercentOnInfoTest","sorting"
"The test gets the value from the placeholder attribute and returns it in String format","7302","Test for getting the Placeholder value","","Wed Aug 27 10:54:55 GMT 2025","passed","Wed Aug 27 10:55:03 GMT 2025","","Form. Checking the basic functions for the FileUpload in the widget Form","application.Samples.Form.FileUploadOnFormTest","placeholder"
"The test sets the value in the field. After approval, the popup window, the title, the text in it, and the buttons are validated","7549","Run-time exception validation test","","Wed Aug 27 10:55:45 GMT 2025","passed","Wed Aug 27 10:55:53 GMT 2025","","Form. Checking the basic functions for the Number in the widget Form","application.Samples.Form.NumberOnFormTest","runtimeException"
"The test sets a value with the wrong data type in several fields for different widgets. After approval, it checks the text under the field, which informs about the correctness of the type of data entered","41988","Required Message validation test for multiple fields","","Wed Aug 27 10:31:16 GMT 2025","passed","Wed Aug 27 10:31:58 GMT 2025","","List. Checking the basic functions for the Input in the widget List","application.Samples.List.InputOnListTest","fieldLevelValidation"
"Checking the url before the transition and after the transition/click on a special element","11493","The DrillDown test","","Wed Aug 27 10:50:21 GMT 2025","passed","Wed Aug 27 10:50:32 GMT 2025","","Form. Checking the basic functions for the Suggestion PickList in the widget Form","application.Samples.Form.SuggestionPickListOnFormTest","drillDown"
"The test sets the value in the field. After approval, the popup window, the title, the text in it, and the buttons are validated","12420","Run-time exception validation test","","Wed Aug 27 10:55:27 GMT 2025","passed","Wed Aug 27 10:55:39 GMT 2025","","Form. Checking the basic functions for the FileUpload in the widget Form","application.Samples.Form.FileUploadOnFormTest","runtimeException"
"The test gets the value from the style attribute in RGB format, and then converts it to Hex format","10679","A test to get the field color value in Hex format","","Wed Aug 27 10:19:55 GMT 2025","passed","Wed Aug 27 10:20:06 GMT 2025","","Info. Checking the basic functions for the Dictionary","application.Samples.Info.DictionaryOnInfoTest","color"
"The test sets the value with the wrong data type in the field. After approval, it checks the text under the field, which informs about the correctness of the type of data entered","8410","Required Message validation test for one field","","Wed Aug 27 10:45:59 GMT 2025","passed","Wed Aug 27 10:46:07 GMT 2025","","Form. Checking the basic functions for the Money in the widget Form","application.Samples.Form.MoneyOnFormTest","fieldLevelValidationAnnotation"
"Sorting is not available for InfoWidget.","8511","Sorting test","","Wed Aug 27 10:22:59 GMT 2025","passed","Wed Aug 27 10:23:08 GMT 2025","","Info. Checking the basic functions for the CheckBox","application.Samples.Info.CheckboxOnInfoTest","sorting"
"The test sets the value with the wrong data type in the field. After approval, it checks the text under the field, which informs about the correctness of the type of data entered.","19065","Required Message validation test for one field","","Wed Aug 27 10:29:23 GMT 2025","passed","Wed Aug 27 10:29:42 GMT 2025","","List. Checking the basic functions for the Input in the widget List","application.Samples.List.InputOnListTest","fieldLevelValidationAnnotation"
"The test sets the value in the field. After approval, by clicking on the save button, the popup window, the title, the text in it, and the buttons are validated","7747","Confirmation Popup Validation Test","","Wed Aug 27 10:53:42 GMT 2025","passed","Wed Aug 27 10:53:50 GMT 2025","","Form. Checking the basic functions for the Date in the widget Form","application.Samples.Form.DateOnFormTest","confirm"
"The test sets the value in the field, and then checks the value in the field with what should be set","7701","A test for setting a value in a field","","Wed Aug 27 10:53:22 GMT 2025","passed","Wed Aug 27 10:53:30 GMT 2025","","Form. Checking the basic functions for the Date in the widget Form","application.Samples.Form.DateOnFormTest","edit"
"The test checks the list of options that the method returns, with the expected result","9583","Test to get a list of options","","Wed Aug 27 10:51:32 GMT 2025","passed","Wed Aug 27 10:51:41 GMT 2025","","Form. Checking the basic functions for the MultipleSelect in the widget Form","application.Samples.Form.MultipleSelectOnFormTest","getListOptions"
"The test gets the value from the style attribute in RGB format, and then converts it to Hex format","8811","A test to get the field color value in Hex format","","Wed Aug 27 10:57:44 GMT 2025","passed","Wed Aug 27 10:57:53 GMT 2025","","Form. Checking the basic functions for the Percent in the widget Form","application.Samples.Form.PercentOnFormTest","color"
"A test to get the value from the field. Hint is always read-only, so it is impossible to set the value.","5538","A test to check the value in a field","","Wed Aug 27 10:49:07 GMT 2025","passed","Wed Aug 27 10:49:13 GMT 2025","","Form. Checking the basic functions for the Hint in the widget Form","application.Samples.Form.HintOnFormTest","edit"
"DrillDown is not available for InfoWidget.","9086","The DrillDown test","","Wed Aug 27 10:20:26 GMT 2025","passed","Wed Aug 27 10:20:35 GMT 2025","","Info. Checking the basic functions for the Radio","application.Samples.Info.RadioOnInfoTest","drillDown"
"The test gets the value from the placeholder attribute and returns it in String format","7070","Test for getting the Placeholder value","","Wed Aug 27 10:46:45 GMT 2025","passed","Wed Aug 27 10:46:52 GMT 2025","","Form. Checking the basic functions for the Money in the widget Form","application.Samples.Form.MoneyOnFormTest","placeholder"
"The test sets the value in the field. After approval, the popup window, the title, the text in it, and the buttons are validated","10001","Run-time exception validation test","","Wed Aug 27 10:49:59 GMT 2025","passed","Wed Aug 27 10:50:09 GMT 2025","","Form. Checking the basic functions for the Text in the widget Form","application.Samples.Form.TextOnFormTest","runtimeException"
"The test sets the value in the field. After approval, the popup window, the title, the text in it, and the buttons are validated.","9948","Business Exception Validation Test","","Wed Aug 27 10:27:44 GMT 2025","passed","Wed Aug 27 10:27:54 GMT 2025","","List. Checking the basic functions for the MultiValue in the widget List","application.Samples.List.MultiValueOnListTest","businessException"
"The test clears the field and clicks the Save button. Then validates the message that the field is required","7921","Required Message text Verification field test","","Wed Aug 27 10:46:07 GMT 2025","passed","Wed Aug 27 10:46:15 GMT 2025","","Form. Checking the basic functions for the Money in the widget Form","application.Samples.Form.MoneyOnFormTest","required"
"The test gets the value from the style attribute in RGB format, and then converts it to Hex format","7374","A test to get the field color value in Hex format","","Wed Aug 27 10:42:23 GMT 2025","passed","Wed Aug 27 10:42:31 GMT 2025","","List. Checking the basic functions for the Money in the widget List","application.Samples.List.MoneyOnListTest","color"
"The test gets the value from the placeholder attribute and returns it in String format","11909","Test for getting the Placeholder value","","Wed Aug 27 10:30:08 GMT 2025","passed","Wed Aug 27 10:30:20 GMT 2025","","List. Checking the basic functions for the Time","application.Samples.List.TimeOnListTest","placeholder"
"Checking the url before the transition and after the transition/click on a special element","6593","The DrillDown test","","Wed Aug 27 10:53:49 GMT 2025","passed","Wed Aug 27 10:53:56 GMT 2025","","Form. Checking the basic functions for the FileUpload in the widget Form","application.Samples.Form.FileUploadOnFormTest","drillDown"
"The test gets the value from the style attribute in RGB format, and then converts it to Hex format","5703","A test to get the field color value in Hex format","","Wed Aug 27 10:23:14 GMT 2025","passed","Wed Aug 27 10:23:19 GMT 2025","","Info. Checking the basic functions for the DateTime","application.Samples.Info.DateTimeOnInfoTest","color"
"The test gets the value from the placeholder attribute and returns it in String format","7745","Test for getting the Placeholder value","","Wed Aug 27 10:31:43 GMT 2025","passed","Wed Aug 27 10:31:51 GMT 2025","","List. Checking the basic functions for the CheckBox","application.Samples.List.CheckBoxOnListTest","placeholder"
"The test sets the value in the field. After approval, by clicking on the save button, the popup window, the title, the text in it, and the buttons are validated.","20445","Confirmation Popup Validation Test","","Wed Aug 27 10:32:20 GMT 2025","passed","Wed Aug 27 10:32:41 GMT 2025","","List. Checking the basic functions for the Date in the widget List","application.Samples.List.DateOnListTest","confirm"
"Filtering by the specified column.","8634","Filtering test","","Wed Aug 27 10:33:28 GMT 2025","passed","Wed Aug 27 10:33:36 GMT 2025","","List. Checking the basic functions for the Percent in the widget List","application.Samples.List.PercentOnListTest","filtration"
"The test gets the value from the style attribute in RGB format, and then converts it to Hex format","8353","A test to get the field color value in Hex format","","Wed Aug 27 10:20:46 GMT 2025","passed","Wed Aug 27 10:20:54 GMT 2025","","Info. Checking the basic functions for the MultiValue","application.Samples.Info.MultiValueOnInfoTest","color"
"Sorting is not available for the Form widget","6614","Sorting test","","Wed Aug 27 10:54:08 GMT 2025","passed","Wed Aug 27 10:54:14 GMT 2025","","Form. Checking the basic functions for the Number in the widget Form","application.Samples.Form.NumberOnFormTest","sorting"
"","6059","The test for getting the value from the field","","Wed Aug 27 10:21:47 GMT 2025","passed","Wed Aug 27 10:21:53 GMT 2025","","Info. Checking the basic functions for the Date","application.Samples.Info.DateOnInfoTest","read"
"Filtering by the specified column.","8933","Filtering test","","Wed Aug 27 10:30:10 GMT 2025","passed","Wed Aug 27 10:30:19 GMT 2025","","List. Checking the basic functions for the Date in the widget List","application.Samples.List.DateOnListTest","filtration"
"The Hint field type is always read-only","5417","A test to check the field for ""Read-only""","","Wed Aug 27 10:49:02 GMT 2025","passed","Wed Aug 27 10:49:07 GMT 2025","","Form. Checking the basic functions for the Hint in the widget Form","application.Samples.Form.HintOnFormTest","readonly"
"The test sets a value with the wrong data type in several fields for different widgets. After approval, it checks the text under the field, which informs about the correctness of the type of data entered","10356","Required Message validation test for multiple fields","","Wed Aug 27 10:49:49 GMT 2025","passed","Wed Aug 27 10:49:59 GMT 2025","","Form. Checking the basic functions for the Text in the widget Form","application.Samples.Form.TextOnFormTest","fieldLevelValidation"
"The test sets the value in the field, and then checks the value in the field with what should be set.","7239","A test for setting a number with a fractional part in a field","","Wed Aug 27 10:34:16 GMT 2025","passed","Wed Aug 27 10:34:23 GMT 2025","","List. Checking the basic functions for the Number in the widget List","application.Samples.List.NumberOnListTest","digits"
"Checking the url before the transition and after the transition/click on a special element","8674","The DrillDown test","","Wed Aug 27 10:56:29 GMT 2025","passed","Wed Aug 27 10:56:37 GMT 2025","","Form. Checking the basic functions for the Percent in the widget Form","application.Samples.Form.PercentOnFormTest","drillDown"
"Filtering is not available for the Form widget","6483","Filtering test","","Wed Aug 27 10:45:45 GMT 2025","passed","Wed Aug 27 10:45:52 GMT 2025","","Form. Checking the basic functions for the Money in the widget Form","application.Samples.Form.MoneyOnFormTest","filtration"
"The test calls Popup, the method returns a list with column headings","7532","The test for getting column headings","","Wed Aug 27 10:57:02 GMT 2025","passed","Wed Aug 27 10:57:09 GMT 2025","","Form. Checking the basic functions for the PickList in the widget Form","application.Samples.Form.PickListOnFormTest","getColumnName"
"Checking the url before the transition and after the transition/click on a special element","6851","The DrillDown test","","Wed Aug 27 10:30:03 GMT 2025","passed","Wed Aug 27 10:30:10 GMT 2025","","List. Checking the basic functions for the Date in the widget List","application.Samples.List.DateOnListTest","drillDown"
"The method returns Option-Status pairs, for all. The test checks each pair.","8990","Test to check the status of all options","","Wed Aug 27 10:52:59 GMT 2025","passed","Wed Aug 27 10:53:08 GMT 2025","","Form. Checking the basic functions for the MultipleSelect in the widget Form","application.Samples.Form.MultipleSelectOnFormTest","statusOptions"
"The test sets the value in the field. After approval, the popup window, the title, the text in it, and the buttons are validated.","9768","Business Exception Validation Test","","Wed Aug 27 10:31:07 GMT 2025","passed","Wed Aug 27 10:31:17 GMT 2025","","List. Checking the basic functions for the CheckBox","application.Samples.List.CheckBoxOnListTest","businessException"
"Filtering is not available for InfoWidget.","9969","Filtering test","","Wed Aug 27 10:19:15 GMT 2025","passed","Wed Aug 27 10:19:25 GMT 2025","","Info. Checking the basic functions for the MultiField","application.Samples.Info.MultiFieldOnInfoTest","filtration"
"Sorting by the specified column.","19920","Sorting test","","Wed Aug 27 10:39:15 GMT 2025","passed","Wed Aug 27 10:39:35 GMT 2025","","List. Checking the basic functions for the SuggestionPickList in the widget List","application.Samples.List.SuggestionPickListOnListTest","sorting"
"The test gets the value in the field, and then checks the value in the field with what should be.","1","A test for checking a value in a field","","Wed Aug 27 10:42:23 GMT 2025","skipped","Wed Aug 27 10:42:23 GMT 2025","","List. Checking the basic functions for the Money in the widget List","application.Samples.List.MoneyOnListTest","read"
"The test sets the value in the field. After approval, the popup window, the title, the text in it, and the buttons are validated","8198","Business Exception Validation Test","","Wed Aug 27 10:56:13 GMT 2025","passed","Wed Aug 27 10:56:21 GMT 2025","","Form. Checking the basic functions for the PickList in the widget Form","application.Samples.Form.PickListOnFormTest","businessException"
"The test sets the value with the wrong data type in the field. After approval, it checks the text under the field, which informs about the correctness of the type of data entered.","29933","Required Message validation test for one field","","Wed Aug 27 10:42:06 GMT 2025","passed","Wed Aug 27 10:42:36 GMT 2025","","List. Checking the basic functions for the DateTime in the widget List","application.Samples.List.DateTimeOnListTest","fieldLevelValidationAnnotation"
"The test sets the value in the field. After approval, by clicking on the save button, the popup window, the title, the text in it, and the buttons are validated.","21268","Confirmation Popup Validation Test","","Wed Aug 27 10:44:45 GMT 2025","passed","Wed Aug 27 10:45:06 GMT 2025","","List. Checking the basic functions for the InlinePickList in the widget List","application.Samples.List.InlinePickListOnListTest","confirm"
"Filtering by the specified column.","10435","Filtering test","","Wed Aug 27 10:24:03 GMT 2025","passed","Wed Aug 27 10:24:14 GMT 2025","","List. Checking the basic functions for the MultiValueHover in the widget List","application.Samples.List.MultiValueHoverOnListTest","filtration"
"The test checks for the disabled attribute.","10042","A test to check the field for ""Read-only""","","Wed Aug 27 10:39:07 GMT 2025","passed","Wed Aug 27 10:39:17 GMT 2025","","List. Checking the basic functions for the Radio in the widget List","application.Samples.List.RadioOnListTest","readonly"
"The test sets the value with the wrong data type in the field. After approval, it checks the text under the field, which informs about the correctness of the type of data entered","8671","Required Message validation test for one field","","Wed Aug 27 10:47:43 GMT 2025","passed","Wed Aug 27 10:47:51 GMT 2025","","Form. Checking the basic functions for the DateTimeWithSeconds in the widget Form","application.Samples.Form.DateTimeWithSecondsOnFormTest","fieldLevelValidationAnnotation"
"InfoWidget does not have a Hex field color for this type.","8902","A test to get the field color value in Hex format","","Wed Aug 27 10:19:48 GMT 2025","passed","Wed Aug 27 10:19:56 GMT 2025","","Info. Checking the basic functions for the MultiplySelect","application.Samples.Info.MultipleSelectOnInfoTest","color"
"The test sets the value in the field, and then checks the value in the field with what should be set","11926","A test for setting a value in a field","","Wed Aug 27 10:48:35 GMT 2025","passed","Wed Aug 27 10:48:47 GMT 2025","","Form. Checking the basic functions for the Time","application.Samples.Form.TimeOnFormTest","edit2"
"The test sets the value in the field. After approval, the popup window, the title, the text in it, and the buttons are validated.","12488","Run-time exception validation test","","Wed Aug 27 10:45:30 GMT 2025","passed","Wed Aug 27 10:45:43 GMT 2025","","List. Checking the basic functions for the InlinePickList in the widget List","application.Samples.List.InlinePickListOnListTest","runtimeException"
"A test to get the value from the field. Hint is always read-only, so it is impossible to set the value.","6828","A test to check the value in a field","","Wed Aug 27 10:37:52 GMT 2025","passed","Wed Aug 27 10:37:59 GMT 2025","","List. Checking the basic functions for the Hint in the widget List","application.Samples.List.HintOnListTest","edit"
"The test sets a value with the wrong data type in several fields for different widgets. After approval, it checks the text under the field, which informs about the correctness of the type of data entered","10159","Required Message validation test for multiple fields","","Wed Aug 27 10:50:55 GMT 2025","passed","Wed Aug 27 10:51:06 GMT 2025","","Form. Checking the basic functions for the Radio in the widget Form","application.Samples.Form.RadioOnFormTest","fieldLevelValidation"
"The test sets the value in the field, and then checks the value in the field with what should be set","21608","A test for setting a value in a field","","Wed Aug 27 10:29:24 GMT 2025","passed","Wed Aug 27 10:29:45 GMT 2025","","List. Checking the basic functions for the Time","application.Samples.List.TimeOnListTest","edit2"
"Info Widget is always read-only","7839","A test to check the field for ""Read-only""","","Wed Aug 27 10:22:28 GMT 2025","passed","Wed Aug 27 10:22:36 GMT 2025","","Info. Checking the basic functions for the PickList","application.Samples.Info.PickListOnInfoTest","readonly"
"Filtering by the specified column.","7288","Filtering test","","Wed Aug 27 10:37:11 GMT 2025","passed","Wed Aug 27 10:37:18 GMT 2025","","List. Checking the basic functions for the MultipleSelect in the widget List","application.Samples.List.MultipleSelectOnListTest","filtration"
"","5528","The test for getting the value from the field","","Wed Aug 27 10:22:26 GMT 2025","passed","Wed Aug 27 10:22:32 GMT 2025","","Info. Checking the basic functions for the Input","application.Samples.Info.InputOnInfoTest","read"
"The test sets the value with the wrong data type in the field. After approval, it checks the text under the field, which informs about the correctness of the type of data entered.","11340","Required Message validation test for one field","","Wed Aug 27 10:25:42 GMT 2025","passed","Wed Aug 27 10:25:53 GMT 2025","","List. Checking the basic functions for the FileUpload in the widget List","application.Samples.List.FileUploadOnListTest","fieldLevelValidationAnnotation"
"The test sets the value in the field. After approval, by clicking on the save button, the popup window, the title, the text in it, and the buttons are validated.","12015","Confirmation Popup Validation Test","","Wed Aug 27 10:28:52 GMT 2025","passed","Wed Aug 27 10:29:04 GMT 2025","","List. Checking the basic functions for the MultiValue in the widget List","application.Samples.List.MultiValueOnListTest","confirm"
"The test sets the value in the field, and then checks the value in the field with what should be set","6330","A test for setting a value in a field","","Wed Aug 27 10:46:44 GMT 2025","passed","Wed Aug 27 10:46:50 GMT 2025","","Form. Checking the basic functions for the Input in the widget Form","application.Samples.Form.InputOnFormTest","edit"
"The test sets a value with the wrong data type in several fields for different widgets. After approval, it checks the text under the field, which informs about the correctness of the type of data entered","14175","Required Message validation test for multiple fields","","Wed Aug 27 10:32:01 GMT 2025","passed","Wed Aug 27 10:32:16 GMT 2025","","List. Checking the basic functions for the CheckBox","application.Samples.List.CheckBoxOnListTest","fieldLevelValidation"
"DrillDown is not available for InfoWidget.","5911","The DrillDown test","","Wed Aug 27 10:22:50 GMT 2025","passed","Wed Aug 27 10:22:56 GMT 2025","","Info. Checking the basic functions for the DateTime","application.Samples.Info.DateTimeOnInfoTest","drillDown"
"","10459","A test to get a value for a multifield hint","","Wed Aug 27 10:38:26 GMT 2025","passed","Wed Aug 27 10:38:37 GMT 2025","","List. Checking the basic functions for the MultiField in the widget List","application.Samples.List.MultiFieldOnListTest","getValues"
"DrillDown is not available for InfoWidget.","6340","The DrillDown test","","Wed Aug 27 10:21:28 GMT 2025","passed","Wed Aug 27 10:21:34 GMT 2025","","Info. Checking the basic functions for the Date","application.Samples.Info.DateOnInfoTest","drillDown"
"The test sets the value in the field. After approval, the popup window, the title, the text in it, and the buttons are validated.","7405","Run-time exception validation test","","Wed Aug 27 10:45:18 GMT 2025","passed","Wed Aug 27 10:45:25 GMT 2025","","List. Checking the basic functions for the DateTime in the widget List","application.Samples.List.DateTimeOnListTest","runtimeException"
"The test gets the value in the field, and then checks the value in the field with what should be.","0","A test for checking a value in a field","","Wed Aug 27 10:38:17 GMT 2025","skipped","Wed Aug 27 10:38:17 GMT 2025","","List. Checking the basic functions for the MultipleSelect in the widget List","application.Samples.List.MultipleSelectOnListTest","read"
"The test gets the value from the placeholder attribute and returns it in String format","8643","Test for getting the Placeholder value","","Wed Aug 27 10:55:06 GMT 2025","passed","Wed Aug 27 10:55:15 GMT 2025","","Form. Checking the basic functions for the CheckBox","application.Samples.Form.CheckBoxOnFormTest","placeholder"
"The test checks for the disabled attribute","8024","A test to check the field for ""Read-only""","","Wed Aug 27 10:48:37 GMT 2025","passed","Wed Aug 27 10:48:45 GMT 2025","","Form. Checking the basic functions for the Text in the widget Form","application.Samples.Form.TextOnFormTest","readonly"
"Sorting is not available for InfoWidget.","10686","Sorting test","","Wed Aug 27 10:18:51 GMT 2025","passed","Wed Aug 27 10:19:02 GMT 2025","","Info. Checking the basic functions for the Dictionary","application.Samples.Info.DictionaryOnInfoTest","sorting"
"The test clears the field and clicks the Save button. Then validates the message that the field is required","9273","Required Message text Verification field test","","Wed Aug 27 10:57:16 GMT 2025","passed","Wed Aug 27 10:57:25 GMT 2025","","Form. Checking the basic functions for the Percent in the widget Form","application.Samples.Form.PercentOnFormTest","required"
"Checking the url before the transition and after the transition/click on a special element","6104","The DrillDown test","","Wed Aug 27 10:47:24 GMT 2025","passed","Wed Aug 27 10:47:30 GMT 2025","","Form. Checking the basic functions for the DateTimeWithSeconds in the widget Form","application.Samples.Form.DateTimeWithSecondsOnFormTest","drillDown"
"Filtering by the specified column.","8051","Filtering test","","Wed Aug 27 10:36:20 GMT 2025","passed","Wed Aug 27 10:36:28 GMT 2025","","List. Checking the basic functions for the Text in the widget List","application.Samples.List.TextOnListTest","filtration"
"The test sets the value in the field. After approval, the popup window, the title, the text in it, and the buttons are validated.","19613","Business Exception Validation Test","","Wed Aug 27 10:31:17 GMT 2025","passed","Wed Aug 27 10:31:37 GMT 2025","","List. Checking the basic functions for the Date in the widget List","application.Samples.List.DateOnListTest","businessException"
"The test sets the value in the field, and then checks the value in the field with what should be set.","20155","A test for setting a value in a field","","Wed Aug 27 10:37:27 GMT 2025","passed","Wed Aug 27 10:37:47 GMT 2025","","List. Checking the basic functions for the Text in the widget List","application.Samples.List.TextOnListTest","edit"
"The test sets the value in the field. After approval, the popup window, the title, the text in it, and the buttons are validated.","20657","Run-time exception validation test","","Wed Aug 27 10:28:22 GMT 2025","passed","Wed Aug 27 10:28:43 GMT 2025","","List. Checking the basic functions for the PickList in the widget List","application.Samples.List.PickListOnListTest","runtimeException"
"The InfoWidget doesn't have a Placeholder.","7192","Test for getting the Placeholder value","","Wed Aug 27 10:18:44 GMT 2025","passed","Wed Aug 27 10:18:51 GMT 2025","","Info. Checking the basic functions for the DateTimeWithSeconds","application.Samples.Info.DateTimeWithSecondsOnInfoTest","placeholder"
"","5778","The test for getting the value from the field","","Wed Aug 27 10:23:26 GMT 2025","passed","Wed Aug 27 10:23:32 GMT 2025","","Info. Checking the basic functions for the Hint","application.Samples.Info.HintOnInfoTest","read"
"The test sets the value in the field, and then checks the value in the field with what should be set","9340","A test for setting a value in a field","","Wed Aug 27 10:50:10 GMT 2025","passed","Wed Aug 27 10:50:19 GMT 2025","","Form. Checking the basic functions for the Radio in the widget Form","application.Samples.Form.RadioOnFormTest","edit"
"Getting the field color is not available","9466","A test to get the field color value in Hex format","","Wed Aug 27 10:24:34 GMT 2025","passed","Wed Aug 27 10:24:44 GMT 2025","","List. Checking the basic functions for the MultiValueHover in the widget List","application.Samples.List.MultiValueHoverOnListTest","color"
"The test sets the value in the field. After approval, by clicking on the save button, the popup window, the title, the text in it, and the buttons are validated","8655","Confirmation Popup Validation Test","","Wed Aug 27 10:46:52 GMT 2025","passed","Wed Aug 27 10:47:01 GMT 2025","","Form. Checking the basic functions for the Money in the widget Form","application.Samples.Form.MoneyOnFormTest","confirm"
"The test sets a value with the wrong data type in several fields for different widgets. After approval, it checks the text under the field, which informs about the correctness of the type of data entered","7684","Required Message validation test for multiple fields","","Wed Aug 27 10:56:45 GMT 2025","passed","Wed Aug 27 10:56:53 GMT 2025","","Form. Checking the basic functions for the PickList in the widget Form","application.Samples.Form.PickListOnFormTest","fieldLevelValidation"
"The test checks for the disabled attribute","9135","A test to check the field for ""Read-only""","","Wed Aug 27 10:49:37 GMT 2025","passed","Wed Aug 27 10:49:46 GMT 2025","","Form. Checking the basic functions for the InlinePickList in the widget Form","application.Samples.Form.InlinePickListOnFormTest","readonly"
"The test checks the value in the field with what should be set","11573","A test to read value","","Wed Aug 27 10:18:52 GMT 2025","passed","Wed Aug 27 10:19:03 GMT 2025","","Info. Checking the basic functions for the Time","application.Samples.Info.TimeOnInfoTest","read3"
"The test sets the value in the field, and then checks the value in the field with what should be set","9105","A test for setting a value in a field","","Wed Aug 27 10:54:48 GMT 2025","passed","Wed Aug 27 10:54:57 GMT 2025","","Form. Checking the basic functions for the CheckBox","application.Samples.Form.CheckBoxOnFormTest","edit"
"The test sets the value in the field. After approval, by clicking on the save button, the popup window, the title, the text in it, and the buttons are validated","8043","Confirmation Popup Validation Test","","Wed Aug 27 10:55:10 GMT 2025","passed","Wed Aug 27 10:55:18 GMT 2025","","Form. Checking the basic functions for the FileUpload in the widget Form","application.Samples.Form.FileUploadOnFormTest","confirm"
"The test gets the value from the style attribute in RGB format, and then converts it to Hex format","5979","A test to get the field color value in Hex format","","Wed Aug 27 10:21:53 GMT 2025","passed","Wed Aug 27 10:21:59 GMT 2025","","Info. Checking the basic functions for the Date","application.Samples.Info.DateOnInfoTest","color"
"InfoWidget does not have a Hex field color for this type.","9997","A test to get the field color value in Hex format","","Wed Aug 27 10:23:44 GMT 2025","passed","Wed Aug 27 10:23:54 GMT 2025","","Info. Checking the basic functions for the CheckBox","application.Samples.Info.CheckboxOnInfoTest","color"
"Drill Down is not available for InfoWidget.","8147","The DrillDown test","","Wed Aug 27 10:20:14 GMT 2025","passed","Wed Aug 27 10:20:22 GMT 2025","","Info. Checking the basic functions for the MultiValue","application.Samples.Info.MultiValueOnInfoTest","drillDown"
"Test check max input at the field","27483","Max input test","","Wed Aug 27 10:30:33 GMT 2025","passed","Wed Aug 27 10:31:00 GMT 2025","","List. Checking the basic functions for the Input in the widget List","application.Samples.List.InputOnListTest","maxInput"
"Info Widget is always read-only","5629","A test to check the field for ""Read-only""","","Wed Aug 27 10:22:21 GMT 2025","passed","Wed Aug 27 10:22:26 GMT 2025","","Info. Checking the basic functions for the Input","application.Samples.Info.InputOnInfoTest","readonly"
"A test to get the value from the field. MultiValueHover is always read-only, so it is impossible to set the value","7845","A test for setting a value in a field","","Wed Aug 27 10:55:47 GMT 2025","passed","Wed Aug 27 10:55:54 GMT 2025","","Form. Checking the basic functions for the MultiValueHover in the widget Form","application.Samples.Form.MultiValueHoverOnFormTest","edit"
"The test gets the value from the style attribute in RGB format, and then converts it to Hex format","10752","A test to get the field color value in Hex format","","Wed Aug 27 10:48:24 GMT 2025","passed","Wed Aug 27 10:48:35 GMT 2025","","Form. Checking the basic functions for the Time","application.Samples.Form.TimeOnFormTest","color"
"The test gets the value from the placeholder attribute and returns it in String format","9553","Test for getting the Placeholder value","","Wed Aug 27 10:44:35 GMT 2025","passed","Wed Aug 27 10:44:45 GMT 2025","","List. Checking the basic functions for the InlinePickList in the widget List","application.Samples.List.InlinePickListOnListTest","placeholder"
"Filtering is not available for InfoWidget.","8604","Filtering test","","Wed Aug 27 10:19:21 GMT 2025","passed","Wed Aug 27 10:19:30 GMT 2025","","Info. Checking the basic functions for the MultiplySelect","application.Samples.Info.MultipleSelectOnInfoTest","filtration"
"The test clears the field and clicks the Save button. Then validates the message that the field is required","6580","Required Message text Verification field test","","Wed Aug 27 10:53:08 GMT 2025","passed","Wed Aug 27 10:53:14 GMT 2025","","Form. Checking the basic functions for the Date in the widget Form","application.Samples.Form.DateOnFormTest","required"
"The test gets the value from the placeholder attribute and returns it in String format","9204","Test for getting the Placeholder value","","Wed Aug 27 10:57:42 GMT 2025","passed","Wed Aug 27 10:57:51 GMT 2025","","Form. Checking the basic functions for the Dictionary in the widget Form","application.Samples.Form.DictionaryOnFormTest","placeholder"
"The test gets the value from the placeholder attribute and returns it in String format","6614","Test for getting the Placeholder value","","Wed Aug 27 10:31:00 GMT 2025","passed","Wed Aug 27 10:31:07 GMT 2025","","List. Checking the basic functions for the Input in the widget List","application.Samples.List.InputOnListTest","placeholder"
"","7088","Test to get the name of the downloaded file","","Wed Aug 27 10:22:56 GMT 2025","passed","Wed Aug 27 10:23:03 GMT 2025","","Info. Checking the basic functions for the FileUp","application.Samples.Info.FileUploadOnInfoTest","getFileName"
"The test gets the value from the style attribute in RGB format, and then converts it to Hex format","0","A test to get the field color value in Hex format","","Wed Aug 27 10:56:29 GMT 2025","skipped","Wed Aug 27 10:56:29 GMT 2025","","Form. Checking the basic functions for the PickList in the widget Form","application.Samples.Form.PickListOnFormTest","color"
"Filtering is not available for the Form widget","9556","Filtering test","","Wed Aug 27 10:56:21 GMT 2025","passed","Wed Aug 27 10:56:31 GMT 2025","","Form. Checking the basic functions for the Dictionary in the widget Form","application.Samples.Form.DictionaryOnFormTest","filtration"
"","6963","The test for getting the value from the field","","Wed Aug 27 10:58:23 GMT 2025","passed","Wed Aug 27 10:58:30 GMT 2025","","Info. Checking the basic functions for the FileUp","application.Samples.Info.FileUploadOnInfoTest","read"
"Checking the url before the transition and after the transition/click on a special element","6721","The DrillDown test","","Wed Aug 27 10:32:43 GMT 2025","passed","Wed Aug 27 10:32:50 GMT 2025","","List. Checking the basic functions for the DateTimeWithSeconds in the widget List","application.Samples.List.DateTimeWithSecondsOnListTest","drillDown"
"Sorting is not available for InfoWidget.","5754","Sorting test","","Wed Aug 27 10:23:03 GMT 2025","passed","Wed Aug 27 10:23:09 GMT 2025","","Info. Checking the basic functions for the Hint","application.Samples.Info.HintOnInfoTest","sorting"
"The test gets the value from the style attribute in RGB format, and then converts it to Hex format","5994","A test to get the field color value in Hex format","","Wed Aug 27 10:48:14 GMT 2025","passed","Wed Aug 27 10:48:20 GMT 2025","","Form. Checking the basic functions for the DateTimeWithSeconds in the widget Form","application.Samples.Form.DateTimeWithSecondsOnFormTest","color"
"The test sets the value in the field. After approval, by clicking on the save button, the popup window, the title, the text in it, and the buttons are validated.","13581","Confirmation Popup Validation Test","","Wed Aug 27 10:47:31 GMT 2025","passed","Wed Aug 27 10:47:44 GMT 2025","","List. Checking the basic functions for the Dictionary in the widget List","application.Samples.List.DictionaryOnListTest","confirm"
"The test sets a value with the wrong data type in several fields for different widgets. After approval, it checks the text under the field, which informs about the correctness of the type of data entered","15867","Required Message validation test for multiple fields","","Wed Aug 27 10:47:44 GMT 2025","passed","Wed Aug 27 10:48:00 GMT 2025","","List. Checking the basic functions for the Dictionary in the widget List","application.Samples.List.DictionaryOnListTest","fieldLevelValidation"
"DrillDown is not available for InfoWidget.","8626","The DrillDown test","","Wed Aug 27 10:23:08 GMT 2025","passed","Wed Aug 27 10:23:16 GMT 2025","","Info. Checking the basic functions for the CheckBox","application.Samples.Info.CheckboxOnInfoTest","drillDown"
"The test sets the value in the field. After approval, the popup window, the title, the text in it, and the buttons are validated.","8880","Run-time exception validation test","","Wed Aug 27 10:29:36 GMT 2025","passed","Wed Aug 27 10:29:45 GMT 2025","","List. Checking the basic functions for the MultiValue in the widget List","application.Samples.List.MultiValueOnListTest","runtimeException"
"The test sets the value with the wrong data type in the field. After approval, it checks the text under the field, which informs about the correctness of the type of data entered","10144","Required Message validation test for one field","","Wed Aug 27 10:54:18 GMT 2025","passed","Wed Aug 27 10:54:28 GMT 2025","","Form. Checking the basic functions for the CheckBox","application.Samples.Form.CheckBoxOnFormTest","fieldLevelValidationAnnotation"
"The test sets the value in the field. After approval, the popup window, the title, the text in it, and the buttons are validated.","10622","Run-time exception validation test","","Wed Aug 27 10:39:09 GMT 2025","passed","Wed Aug 27 10:39:20 GMT 2025","","List. Checking the basic functions for the MultipleSelect in the widget List","application.Samples.List.MultipleSelectOnListTest","runtimeException"
"The test sets the value in the field, and then checks the value in the field with what should be set.","29540","A test for setting a value in a field","","Wed Aug 27 10:35:04 GMT 2025","passed","Wed Aug 27 10:35:34 GMT 2025","","List. Checking the basic functions for the Percent in the widget List","application.Samples.List.PercentOnListTest","edit"
"Тест удаляет значение, проверяя автозаполнение в чистом поле","31411","Тест на автозаполнение после очистки","","Wed Aug 27 10:32:26 GMT 2025","passed","Wed Aug 27 10:32:58 GMT 2025","","List. Checking the basic functions for the Percent in the widget List","application.Samples.List.PercentOnListTest","nullable"
"The test gets the value from the style attribute in RGB format, and then converts it to Hex format","9355","A test to get the field color value in Hex format","","Wed Aug 27 10:21:03 GMT 2025","passed","Wed Aug 27 10:21:13 GMT 2025","","Info. Checking the basic functions for the Radio","application.Samples.Info.RadioOnInfoTest","color"
"The test gets the value from the placeholder attribute and returns it in String format","7941","Test for getting the Placeholder value","","Wed Aug 27 10:42:37 GMT 2025","passed","Wed Aug 27 10:42:45 GMT 2025","","List. Checking the basic functions for the Money in the widget List","application.Samples.List.MoneyOnListTest","placeholder"
"Filtering by the specified column.","7737","Filtering test","","Wed Aug 27 10:25:26 GMT 2025","passed","Wed Aug 27 10:25:33 GMT 2025","","List. Checking the basic functions for the FileUpload in the widget List","application.Samples.List.FileUploadOnListTest","filtration"
"The test gets the value from the placeholder attribute and returns it in String format","11670","Test for getting the Placeholder value","","Wed Aug 27 10:51:35 GMT 2025","passed","Wed Aug 27 10:51:46 GMT 2025","","Form. Checking the basic functions for the Suggestion PickList in the widget Form","application.Samples.Form.SuggestionPickListOnFormTest","placeholder"
"The test gets the value from the placeholder attribute and returns it in String format","6322","Test for getting the Placeholder value","","Wed Aug 27 10:53:36 GMT 2025","passed","Wed Aug 27 10:53:42 GMT 2025","","Form. Checking the basic functions for the Date in the widget Form","application.Samples.Form.DateOnFormTest","placeholder"
"The test clears the field and clicks the Save button. Then validates the message that the field is required.","11845","Required Message text Verification field test","","Wed Aug 27 10:37:39 GMT 2025","passed","Wed Aug 27 10:37:50 GMT 2025","","List. Checking the basic functions for the MultipleSelect in the widget List","application.Samples.List.MultipleSelectOnListTest","required"
"The test sets a value with the wrong data type in several fields for different widgets. After approval, it checks the text under the field, which informs about the correctness of the type of data entered","6155","Required Message validation test for multiple fields","","Wed Aug 27 11:00:04 GMT 2025","passed","Wed Aug 27 11:00:10 GMT 2025","","Form. Checking the basic functions for the MultiValue in the widget Form","application.Samples.Form.MultiValueOnFormTest","fieldLevelValidation"
"Sorting by the specified column.","10755","Sorting test","","Wed Aug 27 10:36:01 GMT 2025","passed","Wed Aug 27 10:36:11 GMT 2025","","List. Checking the basic functions for the Text in the widget List","application.Samples.List.TextOnListTest","sorting"
"The InfoWidget doesn't have a Placeholder.","10917","Test for getting the Placeholder value","","Wed Aug 27 10:20:06 GMT 2025","passed","Wed Aug 27 10:20:17 GMT 2025","","Info. Checking the basic functions for the Dictionary","application.Samples.Info.DictionaryOnInfoTest","placeholder"
"The test sets the value with the wrong data type in the field. After approval, it checks the text under the field, which informs about the correctness of the type of data entered","8458","Required Message validation test for one field","","Wed Aug 27 10:51:57 GMT 2025","passed","Wed Aug 27 10:52:05 GMT 2025","","Form. Checking the basic functions for the MultipleSelect in the widget Form","application.Samples.Form.MultipleSelectOnFormTest","fieldLevelValidationAnnotation"
"The InfoWidget doesn't have a Placeholder.","8654","Test for getting the Placeholder value","","Wed Aug 27 10:24:15 GMT 2025","passed","Wed Aug 27 10:24:24 GMT 2025","","Info. Checking the basic functions for the MultiValueHover","application.Samples.Info.MultiValueHoverOnInfoTest","placeholder"
"The test sets the value in the field via Popup using a unique id, and then checks the value in the field with what needs to be set.","20331","A test for setting a value in a field","","Wed Aug 27 10:26:53 GMT 2025","passed","Wed Aug 27 10:27:13 GMT 2025","","List. Checking the basic functions for the PickList in the widget List","application.Samples.List.PickListOnListTest","edit"
"Info Widget is always read-only","6794","A test to check the field for ""Read-only""","","Wed Aug 27 10:21:23 GMT 2025","passed","Wed Aug 27 10:21:29 GMT 2025","","Info. Checking the basic functions for the Number","application.Samples.Info.NumberOnInfoTest","readonly"
"The test sets the characters in the field, and then returns a list of values that match or contain characters","13252","Character Matching test","","Wed Aug 27 10:50:39 GMT 2025","passed","Wed Aug 27 10:50:52 GMT 2025","","Form. Checking the basic functions for the InlinePickList in the widget Form","application.Samples.Form.InlinePickListOnFormTest","valuesInList"
"","7880","The test for getting the value from the field","","Wed Aug 27 10:18:33 GMT 2025","passed","Wed Aug 27 10:18:41 GMT 2025","","Info. Checking the basic functions for the Money","application.Samples.Info.MoneyOnInfoTest","read"
"Sorting by the specified column.","10893","Sorting test","","Wed Aug 27 10:41:56 GMT 2025","passed","Wed Aug 27 10:42:07 GMT 2025","","List. Checking the basic functions for the InlinePickList in the widget List","application.Samples.List.InlinePickListOnListTest","sorting"
"The test verifies that after clearing the field, it is empty","8242","The test for deleting a file from a field","","Wed Aug 27 10:54:40 GMT 2025","passed","Wed Aug 27 10:54:48 GMT 2025","","Form. Checking the basic functions for the FileUpload in the widget Form","application.Samples.Form.FileUploadOnFormTest","clear"
"Checking the url before the transition and after the transition/click on a special element","7979","The DrillDown test","","Wed Aug 27 10:48:21 GMT 2025","passed","Wed Aug 27 10:48:29 GMT 2025","","Form. Checking the basic functions for the Text in the widget Form","application.Samples.Form.TextOnFormTest","drillDown"
"The test sets the value with the wrong data type in the field. After approval, it checks the text under the field, which informs about the correctness of the type of data entered.","11494","Required Message validation test for one field","","Wed Aug 27 10:30:56 GMT 2025","passed","Wed Aug 27 10:31:07 GMT 2025","","List. Checking the basic functions for the CheckBox","application.Samples.List.CheckBoxOnListTest","fieldLevelValidationAnnotation"
"The test clears the field and clicks the Save button. Then validates the message that the field is required","8974","Required Message text Verification field test","","Wed Aug 27 10:49:52 GMT 2025","passed","Wed Aug 27 10:50:01 GMT 2025","","Form. Checking the basic functions for the Radio in the widget Form","application.Samples.Form.RadioOnFormTest","required"
"Sorting by the specified column.","11912","Sorting test","","Wed Aug 27 10:38:37 GMT 2025","passed","Wed Aug 27 10:38:49 GMT 2025","","List. Checking the basic functions for the Radio in the widget List","application.Samples.List.RadioOnListTest","sorting"
"The test sets a value with the wrong data type in several fields for different widgets. After approval, it checks the text under the field, which informs about the correctness of the type of data entered","64120","Required Message validation test for multiple fields","","Wed Aug 27 10:32:41 GMT 2025","passed","Wed Aug 27 10:33:45 GMT 2025","","List. Checking the basic functions for the Date in the widget List","application.Samples.List.DateOnListTest","fieldLevelValidation"
"Filtering by the specified column.","0","Filtering test","","Wed Aug 27 10:28:15 GMT 2025","skipped","Wed Aug 27 10:28:15 GMT 2025","","List. Checking the basic functions for the Time","application.Samples.List.TimeOnListTest","filtration"
"DrillDown is not available for InfoWidget.","8900","The DrillDown test","","Wed Aug 27 10:19:13 GMT 2025","passed","Wed Aug 27 10:19:21 GMT 2025","","Info. Checking the basic functions for the MultiplySelect","application.Samples.Info.MultipleSelectOnInfoTest","drillDown"
"The test checks for the disabled attribute","6824","A test to check the field for ""Read-only""","","Wed Aug 27 10:45:52 GMT 2025","passed","Wed Aug 27 10:45:59 GMT 2025","","Form. Checking the basic functions for the Money in the widget Form","application.Samples.Form.MoneyOnFormTest","readonly"
"DrillDown is not available for InfoWidget.","11132","The DrillDown test","","Wed Aug 27 10:19:02 GMT 2025","passed","Wed Aug 27 10:19:13 GMT 2025","","Info. Checking the basic functions for the Dictionary","application.Samples.Info.DictionaryOnInfoTest","drillDown"
"The InfoWidget doesn't have a Placeholder.","6382","Test for getting the Placeholder value","","Wed Aug 27 10:21:59 GMT 2025","passed","Wed Aug 27 10:22:05 GMT 2025","","Info. Checking the basic functions for the Date","application.Samples.Info.DateOnInfoTest","placeholder"
"The test gets the value from the style attribute in RGB format, and then converts it to Hex format","8366","A test to get the field color value in Hex format","","Wed Aug 27 10:35:34 GMT 2025","passed","Wed Aug 27 10:35:42 GMT 2025","","List. Checking the basic functions for the Percent in the widget List","application.Samples.List.PercentOnListTest","color"
"The test checks for the disabled attribute","6284","A test to check the field for ""Read-only""","","Wed Aug 27 10:54:40 GMT 2025","passed","Wed Aug 27 10:54:46 GMT 2025","","Form. Checking the basic functions for the Number in the widget Form","application.Samples.Form.NumberOnFormTest","readonly"
"Filtering is not available for the Form widget","6303","Filtering test","","Wed Aug 27 10:51:42 GMT 2025","passed","Wed Aug 27 10:51:48 GMT 2025","","Form. Checking the basic functions for the NumberDigits in the widget Form","application.Samples.Form.NumberDigitsOnFormTest","filtration"
"The test gets the value from the style attribute in RGB format, and then converts it to Hex format","6441","A test to get the field color value in Hex format","","Wed Aug 27 10:52:02 GMT 2025","passed","Wed Aug 27 10:52:09 GMT 2025","","Form. Checking the basic functions for the NumberDigits in the widget Form","application.Samples.Form.NumberDigitsOnFormTest","color"
"The test gets the value from the style attribute in RGB format, and then converts it to Hex format","9074","A test to get the field color value in Hex format","","Wed Aug 27 10:21:46 GMT 2025","passed","Wed Aug 27 10:21:55 GMT 2025","","Info. Checking the basic functions for the Text","application.Samples.Info.TextOnInfoTest","color"
"The InfoWidget doesn't have a Placeholder.","8430","Test for getting the Placeholder value","","Wed Aug 27 10:19:56 GMT 2025","passed","Wed Aug 27 10:20:05 GMT 2025","","Info. Checking the basic functions for the MultiplySelect","application.Samples.Info.MultipleSelectOnInfoTest","placeholder"
"The test sets the value in the field. After approval, the popup window, the title, the text in it, and the buttons are validated","9743","Run-time exception validation test","","Wed Aug 27 10:58:23 GMT 2025","passed","Wed Aug 27 10:58:33 GMT 2025","","Form. Checking the basic functions for the Percent in the widget Form","application.Samples.Form.PercentOnFormTest","runtimeException"
"Filtering is not available for the Form widget","7211","Filtering test","","Wed Aug 27 10:57:24 GMT 2025","passed","Wed Aug 27 10:57:31 GMT 2025","","Form. Checking the basic functions for the MultiValue in the widget Form","application.Samples.Form.MultiValueOnFormTest","filtration"
"The test checks for the disabled attribute","5799","A test to check the field for ""Read-only""","","Wed Aug 27 10:52:53 GMT 2025","passed","Wed Aug 27 10:52:59 GMT 2025","","Form. Checking the basic functions for the Date in the widget Form","application.Samples.Form.DateOnFormTest","readonly"
"Checking the url before the transition and after the transition/click on a special element","9443","The DrillDown test","","Wed Aug 27 10:56:02 GMT 2025","passed","Wed Aug 27 10:56:11 GMT 2025","","Form. Checking the basic functions for the Dictionary in the widget Form","application.Samples.Form.DictionaryOnFormTest","drillDown"
"The test checks for the disabled attribute.","11923","A test to check the field for ""Read-only""","","Wed Aug 27 10:28:15 GMT 2025","passed","Wed Aug 27 10:28:27 GMT 2025","","List. Checking the basic functions for the Time","application.Samples.List.TimeOnListTest","readonly"
"The test sets the value in the field. After approval, the popup window, the title, the text in it, and the buttons are validated.","18133","Business Exception Validation Test","","Wed Aug 27 10:42:57 GMT 2025","passed","Wed Aug 27 10:43:15 GMT 2025","","List. Checking the basic functions for the DateTime in the widget List","application.Samples.List.DateTimeOnListTest","businessException"
"The test clears the field and clicks the Save button. Then validates the message that the field is required.","16196","Required Message text Verification field test","","Wed Aug 27 10:46:16 GMT 2025","passed","Wed Aug 27 10:46:33 GMT 2025","","List. Checking the basic functions for the Dictionary in the widget List","application.Samples.List.DictionaryOnListTest","required"
"The test checks the creation and deletion in the dictionary and the result of this work on another screen.","24557","Test sorting at Form","","Wed Aug 27 10:25:44 GMT 2025","passed","Wed Aug 27 10:26:08 GMT 2025","","Checking the basic functions for the Dictionary administration panel","application.Samples.DictionaryAdministrationTest","sortingForm"
"Checking the url before the transition and after the transition/click on a special element","6504","The DrillDown test","","Wed Aug 27 10:28:59 GMT 2025","passed","Wed Aug 27 10:29:05 GMT 2025","","List. Checking the basic functions for the Input in the widget List","application.Samples.List.InputOnListTest","drillDown"
"The test clears the field and clicks the Save button. Then validates the message that the field is required.","21845","Required Message text Verification field test","","Wed Aug 27 10:26:10 GMT 2025","passed","Wed Aug 27 10:26:32 GMT 2025","","List. Checking the basic functions for the PickList in the widget List","application.Samples.List.PickListOnListTest","required"
"Filtering is not available for the Form widget","5193","Filtering test","","Wed Aug 27 10:48:57 GMT 2025","passed","Wed Aug 27 10:49:02 GMT 2025","","Form. Checking the basic functions for the Hint in the widget Form","application.Samples.Form.HintOnFormTest","filtration"
"The test sets the value in the field. After approval, the popup window, the title, the text in it, and the buttons are validated","8220","Business Exception Validation Test","","Wed Aug 27 10:46:15 GMT 2025","passed","Wed Aug 27 10:46:23 GMT 2025","","Form. Checking the basic functions for the Money in the widget Form","application.Samples.Form.MoneyOnFormTest","businessException"
"The test checks for the disabled attribute.","8849","A test to check the field for ""Read-only""","","Wed Aug 27 10:33:36 GMT 2025","passed","Wed Aug 27 10:33:45 GMT 2025","","List. Checking the basic functions for the Percent in the widget List","application.Samples.List.PercentOnListTest","readonly"
"Checking the url before the transition and after the transition/click on a special element","7107","The DrillDown test","","Wed Aug 27 10:57:17 GMT 2025","passed","Wed Aug 27 10:57:24 GMT 2025","","Form. Checking the basic functions for the MultiValue in the widget Form","application.Samples.Form.MultiValueOnFormTest","drillDown"
"Getting a Placeholder is not available","7596","Test for getting the Placeholder value","","Wed Aug 27 10:56:02 GMT 2025","passed","Wed Aug 27 10:56:10 GMT 2025","","Form. Checking the basic functions for the MultiValueHover in the widget Form","application.Samples.Form.MultiValueHoverOnFormTest","placeholder"
"Info Widget is always read-only","7210","A test to check the field for ""Read-only""","","Wed Aug 27 10:18:23 GMT 2025","passed","Wed Aug 27 10:18:30 GMT 2025","","Info. Checking the basic functions for the DateTimeWithSeconds","application.Samples.Info.DateTimeWithSecondsOnInfoTest","readonly"
"The test sets the value in the field. After approval, the popup window, the title, the text in it, and the buttons are validated.","9101","Run-time exception validation test","","Wed Aug 27 10:35:51 GMT 2025","passed","Wed Aug 27 10:36:01 GMT 2025","","List. Checking the basic functions for the DateTimeWithSeconds in the widget List","application.Samples.List.DateTimeWithSecondsOnListTest","runtimeException"
"Filtering is not available for InfoWidget.","8031","Filtering test","","Wed Aug 27 10:18:17 GMT 2025","passed","Wed Aug 27 10:18:25 GMT 2025","","Info. Checking the basic functions for the Money","application.Samples.Info.MoneyOnInfoTest","filtration"
"The Hint field type is always read-only","9537","A test to check the field for ""Read-only""","","Wed Aug 27 10:24:14 GMT 2025","passed","Wed Aug 27 10:24:23 GMT 2025","","List. Checking the basic functions for the MultiValueHover in the widget List","application.Samples.List.MultiValueHoverOnListTest","readonly"
"The InfoWidget doesn't have a Placeholder.","8969","Test for getting the Placeholder value","","Wed Aug 27 10:21:55 GMT 2025","passed","Wed Aug 27 10:22:04 GMT 2025","","Info. Checking the basic functions for the Text","application.Samples.Info.TextOnInfoTest","placeholder"
"Checking the url before the transition and after the transition/click on a special element","9511","The DrillDown test","","Wed Aug 27 10:42:07 GMT 2025","passed","Wed Aug 27 10:42:16 GMT 2025","","List. Checking the basic functions for the InlinePickList in the widget List","application.Samples.List.InlinePickListOnListTest","drillDown"
"The test sets the value with the wrong data type in the field. After approval, it checks the text under the field, which informs about the correctness of the type of data entered","8065","Required Message validation test for one field","","Wed Aug 27 10:52:45 GMT 2025","passed","Wed Aug 27 10:52:53 GMT 2025","","Form. Checking the basic functions for the Date in the widget Form","application.Samples.Form.DateOnFormTest","fieldLevelValidationAnnotationAlternative"
"Info Widget is always read-only","8585","A test to check the field for ""Read-only""","","Wed Aug 27 10:19:30 GMT 2025","passed","Wed Aug 27 10:19:39 GMT 2025","","Info. Checking the basic functions for the MultiplySelect","application.Samples.Info.MultipleSelectOnInfoTest","readonly"
"Filtering is not available for the Form widget","8731","Filtering test","","Wed Aug 27 10:56:48 GMT 2025","passed","Wed Aug 27 10:56:57 GMT 2025","","Form. Checking the basic functions for the Percent in the widget Form","application.Samples.Form.PercentOnFormTest","filtration"
"Filtering by the specified column.","9101","Filtering test","","Wed Aug 27 10:42:16 GMT 2025","passed","Wed Aug 27 10:42:25 GMT 2025","","List. Checking the basic functions for the InlinePickList in the widget List","application.Samples.List.InlinePickListOnListTest","filtration"
"The test sets the value in the field, and then checks the value in the field with what should be set","8018","A test for setting a value in a field","","Wed Aug 27 10:54:32 GMT 2025","passed","Wed Aug 27 10:54:40 GMT 2025","","Form. Checking the basic functions for the FileUpload in the widget Form","application.Samples.Form.FileUploadOnFormTest","edit"
"","6645","nullable()","","Wed Aug 27 10:54:14 GMT 2025","passed","Wed Aug 27 10:54:21 GMT 2025","","Form. Checking the basic functions for the Number in the widget Form","application.Samples.Form.NumberOnFormTest","nullable"
"The test gets the value from the style attribute in RGB format, and then converts it to Hex format","6778","A test to get the field color value in Hex format","","Wed Aug 27 10:34:13 GMT 2025","passed","Wed Aug 27 10:34:20 GMT 2025","","List. Checking the basic functions for the DateTimeWithSeconds in the widget List","application.Samples.List.DateTimeWithSecondsOnListTest","color"
"The InfoWidget doesn't have a Placeholder.","9039","Test for getting the Placeholder value","","Wed Aug 27 10:23:54 GMT 2025","passed","Wed Aug 27 10:24:03 GMT 2025","","Info. Checking the basic functions for the CheckBox","application.Samples.Info.CheckboxOnInfoTest","placeholder"
"The test gets the value in the field, and then checks the value in the field with what should be.","7915","A test for checking a value in a field","","Wed Aug 27 10:27:13 GMT 2025","passed","Wed Aug 27 10:27:21 GMT 2025","","List. Checking the basic functions for the PickList in the widget List","application.Samples.List.PickListOnListTest","read"
"The test sets the value in the field. After approval, the popup window, the title, the text in it, and the buttons are validated.","19893","Business Exception Validation Test","","Wed Aug 27 10:33:24 GMT 2025","passed","Wed Aug 27 10:33:44 GMT 2025","","List. Checking the basic functions for the DateTimeWithSeconds in the widget List","application.Samples.List.DateTimeWithSecondsOnListTest","businessException"
"","23446","fieldLevelValidation()","","Wed Aug 27 10:27:59 GMT 2025","passed","Wed Aug 27 10:28:22 GMT 2025","","List. Checking the basic functions for the PickList in the widget List","application.Samples.List.PickListOnListTest","fieldLevelValidation"
"The test deletes the value by checking the autocomplete in a blank field","10024","Auto-completion test after cleaning","","Wed Aug 27 10:56:19 GMT 2025","passed","Wed Aug 27 10:56:29 GMT 2025","","Form. Checking the basic functions for the Percent in the widget Form","application.Samples.Form.PercentOnFormTest","nullable"
"The test checks for the disabled attribute","6222","A test to check the field for ""Read-only""","","Wed Aug 27 10:47:36 GMT 2025","passed","Wed Aug 27 10:47:43 GMT 2025","","Form. Checking the basic functions for the DateTimeWithSeconds in the widget Form","application.Samples.Form.DateTimeWithSecondsOnFormTest","readonly"
"The test gets the value from the style attribute in RGB format, and then converts it to Hex format","8990","A test to get the field color value in Hex format","","Wed Aug 27 10:50:30 GMT 2025","passed","Wed Aug 27 10:50:39 GMT 2025","","Form. Checking the basic functions for the InlinePickList in the widget Form","application.Samples.Form.InlinePickListOnFormTest","color"
"The test gets the value from the style attribute in RGB format, and then converts it to Hex format","5697","A test to get the field color value in Hex format","","Wed Aug 27 10:43:44 GMT 2025","passed","Wed Aug 27 10:43:49 GMT 2025","","List. Checking the basic functions for the DateTime in the widget List","application.Samples.List.DateTimeOnListTest","color"
"Sorting is not available for InfoWidget.","7296","Sorting test","","Wed Aug 27 10:22:05 GMT 2025","passed","Wed Aug 27 10:22:12 GMT 2025","","Info. Checking the basic functions for the PickList","application.Samples.Info.PickListOnInfoTest","sorting"
"Filtering is not available for InfoWidget.","7557","Filtering test","","Wed Aug 27 10:20:22 GMT 2025","passed","Wed Aug 27 10:20:29 GMT 2025","","Info. Checking the basic functions for the MultiValue","application.Samples.Info.MultiValueOnInfoTest","filtration"
"Filtering is not available for the Form widget","4908","Filtering test","","Wed Aug 27 10:46:13 GMT 2025","passed","Wed Aug 27 10:46:18 GMT 2025","","Form. Checking the basic functions for the Input in the widget Form","application.Samples.Form.InputOnFormTest","filtration"
"The test sets the value in the field. After approval, the popup window, the title, the text in it, and the buttons are validated.","11202","Run-time exception validation test","","Wed Aug 27 10:39:03 GMT 2025","passed","Wed Aug 27 10:39:15 GMT 2025","","List. Checking the basic functions for the Text in the widget List","application.Samples.List.TextOnListTest","runtimeException"
"The test checks for the disabled attribute.","11504","A test to check the field for ""Read-only""","","Wed Aug 27 10:45:51 GMT 2025","passed","Wed Aug 27 10:46:02 GMT 2025","","List. Checking the basic functions for the Dictionary in the widget List","application.Samples.List.DictionaryOnListTest","readonly"
"Checking the url before the transition and after the transition/click on a special element","8284","The DrillDown test","","Wed Aug 27 10:53:53 GMT 2025","passed","Wed Aug 27 10:54:01 GMT 2025","","Form. Checking the basic functions for the CheckBox","application.Samples.Form.CheckBoxOnFormTest","drillDown"
"The test sets the value in the field. After approval, the popup window, the title, the text in it, and the buttons are validated","10754","Run-time exception validation test","","Wed Aug 27 10:58:12 GMT 2025","passed","Wed Aug 27 10:58:23 GMT 2025","","Form. Checking the basic functions for the Dictionary in the widget Form","application.Samples.Form.DictionaryOnFormTest","runtimeException"
"The test sets the value with the wrong data type in the field. After approval, it checks the text under the field, which informs about the correctness of the type of data entered","9938","Required Message validation test for one field","","Wed Aug 27 10:56:40 GMT 2025","passed","Wed Aug 27 10:56:50 GMT 2025","","Form. Checking the basic functions for the Dictionary in the widget Form","application.Samples.Form.DictionaryOnFormTest","fieldLevelValidationAnnotation"
"Sorting is not available for the Form widget","6188","Sorting test","","Wed Aug 27 10:47:18 GMT 2025","passed","Wed Aug 27 10:47:24 GMT 2025","","Form. Checking the basic functions for the DateTimeWithSeconds in the widget Form","application.Samples.Form.DateTimeWithSecondsOnFormTest","sorting"
"Checking the url before the transition and after the transition/click on a special element","8069","The DrillDown test","","Wed Aug 27 10:49:27 GMT 2025","passed","Wed Aug 27 10:49:35 GMT 2025","","Form. Checking the basic functions for the Radio in the widget Form","application.Samples.Form.RadioOnFormTest","drillDown"
"DrillDown is not available for InfoWidget.","7770","The DrillDown test","","Wed Aug 27 10:21:57 GMT 2025","passed","Wed Aug 27 10:22:04 GMT 2025","","Info. Checking the basic functions for the FileUp","application.Samples.Info.FileUploadOnInfoTest","drillDown"
"The test clear the value in the field , and then checks the value in the field, it must be null.","7186","A test for checking the possibility of an empty field","","Wed Aug 27 10:45:31 GMT 2025","passed","Wed Aug 27 10:45:39 GMT 2025","","Form. Checking the basic functions for the Money in the widget Form","application.Samples.Form.MoneyOnFormTest","nullable"
"Checking the url before the transition and after the transition/click on a special element","40937","The DrillDown test","","Wed Aug 27 10:17:32 GMT 2025","passed","Wed Aug 27 10:18:13 GMT 2025","","Info. Checking the basic functions for the Time","application.Samples.Info.TimeOnInfoTest","drillDown"
"The test gets the value in the field, and then checks the value in the field with what should be.","0","A test for checking a value in a field","","Wed Aug 27 10:30:26 GMT 2025","skipped","Wed Aug 27 10:30:26 GMT 2025","","List. Checking the basic functions for the Input in the widget List","application.Samples.List.InputOnListTest","read"
"Sorting by the specified column.","11863","Sorting test","","Wed Aug 27 10:45:08 GMT 2025","passed","Wed Aug 27 10:45:20 GMT 2025","","List. Checking the basic functions for the Dictionary in the widget List","application.Samples.List.DictionaryOnListTest","sorting"
"The test sets a value with the wrong data type in several fields for different widgets. After approval, it checks the text under the field, which informs about the correctness of the type of data entered","83142","Required Message validation test for multiple fields","","Wed Aug 27 10:43:15 GMT 2025","passed","Wed Aug 27 10:44:38 GMT 2025","","List. Checking the basic functions for the Money in the widget List","application.Samples.List.MoneyOnListTest","fieldLevelValidation"
"The test sets a value with the wrong data type in several fields for different widgets. After approval, it checks the text under the field, which informs about the correctness of the type of data entered","12845","Required Message validation test for multiple fields","","Wed Aug 27 10:38:57 GMT 2025","passed","Wed Aug 27 10:39:09 GMT 2025","","List. Checking the basic functions for the MultipleSelect in the widget List","application.Samples.List.MultipleSelectOnListTest","fieldLevelValidation"
"Checking the url before the transition and after the transition/click on a special element","9646","The DrillDown test","","Wed Aug 27 10:32:58 GMT 2025","passed","Wed Aug 27 10:33:07 GMT 2025","","List. Checking the basic functions for the Percent in the widget List","application.Samples.List.PercentOnListTest","drillDown"
"The test gets the value from the style attribute in RGB format, and then converts it to Hex format","5373","A test to get the field color value in Hex format","","Wed Aug 27 10:59:25 GMT 2025","passed","Wed Aug 27 10:59:31 GMT 2025","","Form. Checking the basic functions for the MultiValue in the widget Form","application.Samples.Form.MultiValueOnFormTest","color"
"The test sets the value with the wrong data type in the field. After approval, it checks the text under the field, which informs about the correctness of the type of data entered.","19893","Required Message validation test for one field","","Wed Aug 27 10:36:36 GMT 2025","passed","Wed Aug 27 10:36:56 GMT 2025","","List. Checking the basic functions for the Text in the widget List","application.Samples.List.TextOnListTest","fieldLevelValidationAnnotation"
"Checking the url before the transition and after the transition/click on a special element","12961","The DrillDown test","","Wed Aug 27 10:39:35 GMT 2025","passed","Wed Aug 27 10:39:47 GMT 2025","","List. Checking the basic functions for the SuggestionPickList in the widget List","application.Samples.List.SuggestionPickListOnListTest","drillDown"
"Filtering by the specified column.","11621","Filtering test","","Wed Aug 27 10:45:39 GMT 2025","passed","Wed Aug 27 10:45:51 GMT 2025","","List. Checking the basic functions for the Dictionary in the widget List","application.Samples.List.DictionaryOnListTest","filtration"
"The test sets the value in the field. After approval, the popup window, the title, the text in it, and the buttons are validated.","15658","Business Exception Validation Test","","Wed Aug 27 10:37:50 GMT 2025","passed","Wed Aug 27 10:38:06 GMT 2025","","List. Checking the basic functions for the MultipleSelect in the widget List","application.Samples.List.MultipleSelectOnListTest","businessException"
"The test sets the value in the field. After approval, by clicking on the save button, the popup window, the title, the text in it, and the buttons are validated","11706","Confirmation Popup Validation Test","","Wed Aug 27 10:51:01 GMT 2025","passed","Wed Aug 27 10:51:13 GMT 2025","","Form. Checking the basic functions for the InlinePickList in the widget Form","application.Samples.Form.InlinePickListOnFormTest","confirm"
"The test sets the value in the field. After approval, the popup window, the title, the text in it, and the buttons are validated","9255","Run-time exception validation test","","Wed Aug 27 10:55:35 GMT 2025","passed","Wed Aug 27 10:55:45 GMT 2025","","Form. Checking the basic functions for the CheckBox","application.Samples.Form.CheckBoxOnFormTest","runtimeException"
"Filtering is not available for InfoWidget.","7388","Filtering test","","Wed Aug 27 10:22:20 GMT 2025","passed","Wed Aug 27 10:22:28 GMT 2025","","Info. Checking the basic functions for the PickList","application.Samples.Info.PickListOnInfoTest","filtration"
"The test checks for the disabled attribute","6150","A test to check the field for ""Read-only""","","Wed Aug 27 10:51:48 GMT 2025","passed","Wed Aug 27 10:51:54 GMT 2025","","Form. Checking the basic functions for the NumberDigits in the widget Form","application.Samples.Form.NumberDigitsOnFormTest","readonly"
"The Hint field type is always read-only","7499","A test to check the field for ""Read-only""","","Wed Aug 27 10:55:39 GMT 2025","passed","Wed Aug 27 10:55:47 GMT 2025","","Form. Checking the basic functions for the MultiValueHover in the widget Form","application.Samples.Form.MultiValueHoverOnFormTest","readonly"
"The test gets the value from the placeholder attribute and returns it in String format","5321","Test for getting the Placeholder value","","Wed Aug 27 10:47:02 GMT 2025","passed","Wed Aug 27 10:47:08 GMT 2025","","Form. Checking the basic functions for the Input in the widget Form","application.Samples.Form.InputOnFormTest","placeholder"
"The test sets a value with the wrong data type in several fields for different widgets. After approval, it checks the text under the field, which informs about the correctness of the type of data entered","63360","Required Message validation test for multiple fields","","Wed Aug 27 10:44:15 GMT 2025","passed","Wed Aug 27 10:45:18 GMT 2025","","List. Checking the basic functions for the DateTime in the widget List","application.Samples.List.DateTimeOnListTest","fieldLevelValidation"
"","8336","The test for getting the value from the field","","Wed Aug 27 10:20:38 GMT 2025","passed","Wed Aug 27 10:20:46 GMT 2025","","Info. Checking the basic functions for the MultiValue","application.Samples.Info.MultiValueOnInfoTest","read"
"The test sets the value with the wrong data type in the field. After approval, it checks the text under the field, which informs about the correctness of the type of data entered","9543","Required Message validation test for one field","","Wed Aug 27 10:48:45 GMT 2025","passed","Wed Aug 27 10:48:54 GMT 2025","","Form. Checking the basic functions for the Text in the widget Form","application.Samples.Form.TextOnFormTest","fieldLevelValidationAnnotation"
"The test sets a value with the wrong data type in several fields for different widgets. After approval, it checks the text under the field, which informs about the correctness of the type of data entered","43357","Required Message validation test for multiple fields","","Wed Aug 27 10:41:02 GMT 2025","passed","Wed Aug 27 10:41:45 GMT 2025","","List. Checking the basic functions for the Radio in the widget List","application.Samples.List.RadioOnListTest","fieldLevelValidation"
"The test sets the value with the wrong data type in the field. After approval, it checks the text under the field, which informs about the correctness of the type of data entered.","41875","Required Message validation test for one field","","Wed Aug 27 10:40:13 GMT 2025","passed","Wed Aug 27 10:40:55 GMT 2025","","List. Checking the basic functions for the Money in the widget List","application.Samples.List.MoneyOnListTest","fieldLevelValidationAnnotation"
"","5050","getTypeColumn()","","Wed Aug 27 10:32:05 GMT 2025","passed","Wed Aug 27 10:32:10 GMT 2025","","List. Checking the basic functions for the Input in the widget List","application.Samples.List.InputOnListTest","getTypeColumn"
"Checking the url before the transition and after the transition/click on a special element","8530","The DrillDown test","","Wed Aug 27 10:25:17 GMT 2025","passed","Wed Aug 27 10:25:26 GMT 2025","","List. Checking the basic functions for the FileUpload in the widget List","application.Samples.List.FileUploadOnListTest","drillDown"
"The test sets the value in the field, and then checks the value in the field with what should be set","8113","A test for setting a value in a field","","Wed Aug 27 10:46:23 GMT 2025","passed","Wed Aug 27 10:46:31 GMT 2025","","Form. Checking the basic functions for the Money in the widget Form","application.Samples.Form.MoneyOnFormTest","edit"
"","10454","A test to check the options of the drop-down list","","Wed Aug 27 10:45:29 GMT 2025","passed","Wed Aug 27 10:45:39 GMT 2025","","List. Checking the basic functions for the Dictionary in the widget List","application.Samples.List.DictionaryOnListTest","options"
"Sorting is not available for InfoWidget.","9317","Sorting test","","Wed Aug 27 10:20:17 GMT 2025","passed","Wed Aug 27 10:20:26 GMT 2025","","Info. Checking the basic functions for the Radio","application.Samples.Info.RadioOnInfoTest","sorting"
"Filtering by the specified column.","7458","Filtering test","","Wed Aug 27 10:32:50 GMT 2025","passed","Wed Aug 27 10:32:57 GMT 2025","","List. Checking the basic functions for the DateTimeWithSeconds in the widget List","application.Samples.List.DateTimeWithSecondsOnListTest","filtration"
"The test gets the value from the style attribute in RGB format, and then converts it to Hex format","6601","A test to get the field color value in Hex format","","Wed Aug 27 10:46:31 GMT 2025","passed","Wed Aug 27 10:46:38 GMT 2025","","Form. Checking the basic functions for the Money in the widget Form","application.Samples.Form.MoneyOnFormTest","color"
"The test check icon's name from the drop-down list ","10840","A test for checking the icon","","Wed Aug 27 10:46:57 GMT 2025","passed","Wed Aug 27 10:47:08 GMT 2025","","List. Checking the basic functions for the Dictionary in the widget List","application.Samples.List.DictionaryOnListTest","icon"
"The InfoWidget doesn't have a Placeholder.","6639","Test for getting the Placeholder value","","Wed Aug 27 10:21:43 GMT 2025","passed","Wed Aug 27 10:21:49 GMT 2025","","Info. Checking the basic functions for the Number","application.Samples.Info.NumberOnInfoTest","placeholder"
"The test checks for the disabled attribute.","6483","A test to check the field for ""Read-only""","","Wed Aug 27 10:29:12 GMT 2025","passed","Wed Aug 27 10:29:18 GMT 2025","","List. Checking the basic functions for the Input in the widget List","application.Samples.List.InputOnListTest","readonly"
"The test sets the value in the field. After approval, by clicking on the save button, the popup window, the title, the text in it, and the buttons are validated","8844","Confirmation Popup Validation Test","","Wed Aug 27 10:52:50 GMT 2025","passed","Wed Aug 27 10:52:59 GMT 2025","","Form. Checking the basic functions for the MultipleSelect in the widget Form","application.Samples.Form.MultipleSelectOnFormTest","confirm"
"The test checks for the disabled attribute.","8844","A test to check the field for ""Read-only""","","Wed Aug 27 10:26:52 GMT 2025","passed","Wed Aug 27 10:27:01 GMT 2025","","List. Checking the basic functions for the MultiValue in the widget List","application.Samples.List.MultiValueOnListTest","readonly"
"The test gets the value from the placeholder attribute and returns it in String format","5995","Test for getting the Placeholder value","","Wed Aug 27 10:43:49 GMT 2025","passed","Wed Aug 27 10:43:55 GMT 2025","","List. Checking the basic functions for the DateTime in the widget List","application.Samples.List.DateTimeOnListTest","placeholder"
"The test sets the value in the field, and then checks the value in the field with what should be set.","17327","A test for setting a value in a field","","Wed Aug 27 10:30:09 GMT 2025","passed","Wed Aug 27 10:30:26 GMT 2025","","List. Checking the basic functions for the Input in the widget List","application.Samples.List.InputOnListTest","edit"
"The test gets the value from the style attribute in RGB format, and then converts it to Hex format","7941","A test to get the field color value in Hex format","","Wed Aug 27 10:49:23 GMT 2025","passed","Wed Aug 27 10:49:31 GMT 2025","","Form. Checking the basic functions for the Text in the widget Form","application.Samples.Form.TextOnFormTest","color"
"Checking the url before the transition and after the transition/click on a special element","8327","The DrillDown test","","Wed Aug 27 10:36:54 GMT 2025","passed","Wed Aug 27 10:37:02 GMT 2025","","List. Checking the basic functions for the MultipleSelect in the widget List","application.Samples.List.MultipleSelectOnListTest","drillDown"
"The test gets the value from the placeholder attribute and returns it in String format","7324","Test for getting the Placeholder value","","Wed Aug 27 10:32:13 GMT 2025","passed","Wed Aug 27 10:32:20 GMT 2025","","List. Checking the basic functions for the Date in the widget List","application.Samples.List.DateOnListTest","placeholder"
"Sorting is not available for the Form widget","9448","Sorting test","","Wed Aug 27 10:55:53 GMT 2025","passed","Wed Aug 27 10:56:02 GMT 2025","","Form. Checking the basic functions for the Dictionary in the widget Form","application.Samples.Form.DictionaryOnFormTest","sorting"
"The test gets the value from the style attribute in RGB format, and then converts it to Hex format","8496","A test to get the field color value in Hex format","","Wed Aug 27 10:24:07 GMT 2025","passed","Wed Aug 27 10:24:15 GMT 2025","","Info. Checking the basic functions for the MultiValueHover","application.Samples.Info.MultiValueHoverOnInfoTest","color"
"The test sets the value in the field, and then checks the value in the field with what should be set","9142","A test for setting a value in a field","","Wed Aug 27 10:49:13 GMT 2025","passed","Wed Aug 27 10:49:23 GMT 2025","","Form. Checking the basic functions for the Text in the widget Form","application.Samples.Form.TextOnFormTest","edit"
"The test sets the value in the field. After approval, the popup window, the title, the text in it, and the buttons are validated.","12471","Business Exception Validation Test","","Wed Aug 27 10:46:33 GMT 2025","passed","Wed Aug 27 10:46:45 GMT 2025","","List. Checking the basic functions for the Dictionary in the widget List","application.Samples.List.DictionaryOnListTest","businessException"
"The test checks for the disabled attribute.","8580","A test to check the field for ""Read-only""","","Wed Aug 27 10:25:33 GMT 2025","passed","Wed Aug 27 10:25:42 GMT 2025","","List. Checking the basic functions for the FileUpload in the widget List","application.Samples.List.FileUploadOnListTest","readonly"
"The test gets the value from the style attribute in RGB format, and then converts it to Hex format","7582","A test to get the field color value in Hex format","","Wed Aug 27 10:31:26 GMT 2025","passed","Wed Aug 27 10:31:34 GMT 2025","","List. Checking the basic functions for the CheckBox","application.Samples.List.CheckBoxOnListTest","color"
"The test sets the value in the field. After approval, the popup window, the title, the text in it, and the buttons are validated","9665","Business Exception Validation Test","","Wed Aug 27 10:49:04 GMT 2025","passed","Wed Aug 27 10:49:13 GMT 2025","","Form. Checking the basic functions for the Text in the widget Form","application.Samples.Form.TextOnFormTest","businessException"
"The test sets the value with the wrong data type in the field. After approval, it checks the text under the field, which informs about the correctness of the type of data entered","8043","Required Message validation test for one field","","Wed Aug 27 10:52:38 GMT 2025","passed","Wed Aug 27 10:52:46 GMT 2025","","Form. Checking the basic functions for the DateTime in the widget Form","application.Samples.Form.DateTimeOnFormTest","fieldLevelValidationAnnotation"
"Sorting is not available for InfoWidget.","6386","Sorting test","","Wed Aug 27 10:21:22 GMT 2025","passed","Wed Aug 27 10:21:28 GMT 2025","","Info. Checking the basic functions for the Date","application.Samples.Info.DateOnInfoTest","sorting"
"The test clears the field and clicks the Save button. Then validates the message that the field is required.","25467","Required Message text Verification field test","","Wed Aug 27 10:40:12 GMT 2025","passed","Wed Aug 27 10:40:38 GMT 2025","","List. Checking the basic functions for the SuggestionPickList in the widget List","application.Samples.List.SuggestionPickListOnListTest","required"
"The test sets the value in the field, and then checks the value in the field with what should be set.","31314","A test for setting a value in a field","","Wed Aug 27 10:43:54 GMT 2025","passed","Wed Aug 27 10:44:26 GMT 2025","","List. Checking the basic functions for the InlinePickList in the widget List","application.Samples.List.InlinePickListOnListTest","edit"
"Checking the url before the transition and after the transition/click on a special element","6768","The DrillDown test","","Wed Aug 27 10:45:39 GMT 2025","passed","Wed Aug 27 10:45:45 GMT 2025","","Form. Checking the basic functions for the Money in the widget Form","application.Samples.Form.MoneyOnFormTest","drillDown"
"Filtering is not available for InfoWidget.","8839","Filtering test","","Wed Aug 27 10:23:41 GMT 2025","passed","Wed Aug 27 10:23:50 GMT 2025","","Info. Checking the basic functions for the MultiValueHover","application.Samples.Info.MultiValueHoverOnInfoTest","filtration"
"Sorting is not available for InfoWidget.","6795","Sorting test","","Wed Aug 27 10:20:55 GMT 2025","passed","Wed Aug 27 10:21:02 GMT 2025","","Info. Checking the basic functions for the Number","application.Samples.Info.NumberOnInfoTest","sorting"
"Checking the url before the transition and after the transition/click on a special element","6641","The DrillDown test","","Wed Aug 27 10:41:46 GMT 2025","passed","Wed Aug 27 10:41:53 GMT 2025","","List. Checking the basic functions for the DateTime in the widget List","application.Samples.List.DateTimeOnListTest","drillDown"
"The test checks the list of options that the method returns, with the expected result.","9113","Test to get a list of options","","Wed Aug 27 10:37:02 GMT 2025","passed","Wed Aug 27 10:37:11 GMT 2025","","List. Checking the basic functions for the MultipleSelect in the widget List","application.Samples.List.MultipleSelectOnListTest","getListOptions"
"The test gets the value from the style attribute in RGB format, and then converts it to Hex format","7057","A test to get the field color value in Hex format","","Wed Aug 27 10:54:48 GMT 2025","passed","Wed Aug 27 10:54:55 GMT 2025","","Form. Checking the basic functions for the FileUpload in the widget Form","application.Samples.Form.FileUploadOnFormTest","color"
"DrillDown is not available for InfoWidget.","9717","The DrillDown test","","Wed Aug 27 10:18:05 GMT 2025","passed","Wed Aug 27 10:18:15 GMT 2025","","Info. Checking the basic functions for the DateTimeWithSeconds","application.Samples.Info.DateTimeWithSecondsOnInfoTest","drillDown"
"The test sets the value in the field. After approval, by clicking on the save button, the popup window, the title, the text in it, and the buttons are validated.","8717","Confirmation Popup Validation Test","","Wed Aug 27 10:31:07 GMT 2025","passed","Wed Aug 27 10:31:16 GMT 2025","","List. Checking the basic functions for the Input in the widget List","application.Samples.List.InputOnListTest","confirm"
"The test gets the value from the placeholder attribute and returns it in String format","5664","Test for getting the Placeholder value","","Wed Aug 27 10:59:37 GMT 2025","passed","Wed Aug 27 10:59:43 GMT 2025","","Form. Checking the basic functions for the MultiValue in the widget Form","application.Samples.Form.MultiValueOnFormTest","placeholder"
"The test checks for the disabled attribute","9040","A test to check the field for ""Read-only""","","Wed Aug 27 10:56:31 GMT 2025","passed","Wed Aug 27 10:56:40 GMT 2025","","Form. Checking the basic functions for the Dictionary in the widget Form","application.Samples.Form.DictionaryOnFormTest","readonly"
"The test sets the value in the field, and then checks the value in the field with what should be set.","8572","A test for setting a value in a field","","Wed Aug 27 10:26:24 GMT 2025","passed","Wed Aug 27 10:26:32 GMT 2025","","List. Checking the basic functions for the FileUpload in the widget List","application.Samples.List.FileUploadOnListTest","edit"
"","21332","test_2()","","Wed Aug 27 10:25:16 GMT 2025","passed","Wed Aug 27 10:25:38 GMT 2025","","List. Checking the basic functions for the PickList in the widget List","application.Samples.List.PickListOnListTest","test_2"
"The test sets the value in the field, and then checks the value in the field with what should be set. The Number Digits class is used for numbers with a fractional part.","10874","A test for entering numbers with a fractional part using the PercentDigits class","","Wed Aug 27 10:56:37 GMT 2025","passed","Wed Aug 27 10:56:48 GMT 2025","","Form. Checking the basic functions for the Percent in the widget Form","application.Samples.Form.PercentOnFormTest","digits"
"The test sets the value in the field. After approval, the popup window, the title, the text in it, and the buttons are validated","7790","Business Exception Validation Test","","Wed Aug 27 10:55:02 GMT 2025","passed","Wed Aug 27 10:55:09 GMT 2025","","Form. Checking the basic functions for the Number in the widget Form","application.Samples.Form.NumberOnFormTest","businessException"
"The test sets the value in the field. After approval, the popup window, the title, the text in it, and the buttons are validated.","20533","Business Exception Validation Test","","Wed Aug 27 10:43:34 GMT 2025","passed","Wed Aug 27 10:43:54 GMT 2025","","List. Checking the basic functions for the InlinePickList in the widget List","application.Samples.List.InlinePickListOnListTest","businessException"
"Info Widget is always read-only","6104","A test to check the field for ""Read-only""","","Wed Aug 27 10:23:20 GMT 2025","passed","Wed Aug 27 10:23:26 GMT 2025","","Info. Checking the basic functions for the Hint","application.Samples.Info.HintOnInfoTest","readonly"
"","7165","The test for getting the value from the field","","Wed Aug 27 10:18:30 GMT 2025","passed","Wed Aug 27 10:18:37 GMT 2025","","Info. Checking the basic functions for the DateTimeWithSeconds","application.Samples.Info.DateTimeWithSecondsOnInfoTest","read"
"The test checks for the disabled attribute.","6159","A test to check the field for ""Read-only""","","Wed Aug 27 10:42:00 GMT 2025","passed","Wed Aug 27 10:42:06 GMT 2025","","List. Checking the basic functions for the DateTime in the widget List","application.Samples.List.DateTimeOnListTest","readonly"
"Sorting is not available for the Form widget","7623","Sorting test","","Wed Aug 27 10:57:09 GMT 2025","passed","Wed Aug 27 10:57:17 GMT 2025","","Form. Checking the basic functions for the MultiValue in the widget Form","application.Samples.Form.MultiValueOnFormTest","sorting"
"The test gets the value from the style attribute in RGB format, and then converts it to Hex format","9237","A test to get the field color value in Hex format","","Wed Aug 27 10:37:47 GMT 2025","passed","Wed Aug 27 10:37:56 GMT 2025","","List. Checking the basic functions for the Text in the widget List","application.Samples.List.TextOnListTest","color"
"The test checks the value in the field with what should be set","11709","A test to read value","","Wed Aug 27 10:18:40 GMT 2025","passed","Wed Aug 27 10:18:52 GMT 2025","","Info. Checking the basic functions for the Time","application.Samples.Info.TimeOnInfoTest","read2"
"","10422","The test for getting the value from the field","","Wed Aug 27 10:19:25 GMT 2025","passed","Wed Aug 27 10:19:35 GMT 2025","","Info. Checking the basic functions for the MultiField","application.Samples.Info.MultiFieldOnInfoTest","read"
"The test gets the value from the placeholder attribute and returns it in String format","6025","Test for getting the Placeholder value","","Wed Aug 27 10:53:13 GMT 2025","passed","Wed Aug 27 10:53:19 GMT 2025","","Form. Checking the basic functions for the DateTime in the widget Form","application.Samples.Form.DateTimeOnFormTest","placeholder"
"The test gets the value in the field, and then checks the value in the field with what should be.","0","A test for checking a value in a field","","Wed Aug 27 10:37:47 GMT 2025","skipped","Wed Aug 27 10:37:47 GMT 2025","","List. Checking the basic functions for the Text in the widget List","application.Samples.List.TextOnListTest","read"
"The test check icon's name from the drop-down list ","9983","A test for checking the icon","","Wed Aug 27 10:57:23 GMT 2025","passed","Wed Aug 27 10:57:33 GMT 2025","","Form. Checking the basic functions for the Dictionary in the widget Form","application.Samples.Form.DictionaryOnFormTest","icon"
"InfoWidget does not have a Hex field color for this type.","5232","A test to get the field color value in Hex format","","Wed Aug 27 10:23:32 GMT 2025","passed","Wed Aug 27 10:23:37 GMT 2025","","Info. Checking the basic functions for the Hint","application.Samples.Info.HintOnInfoTest","color"
"DrillDown is not available for InfoWidget.","9908","The DrillDown test","","Wed Aug 27 10:18:07 GMT 2025","passed","Wed Aug 27 10:18:17 GMT 2025","","Info. Checking the basic functions for the Money","application.Samples.Info.MoneyOnInfoTest","drillDown"
"The test sets the value with the wrong data type in the field. After approval, it checks the text under the field, which informs about the correctness of the type of data entered","8555","Required Message validation test for one field","","Wed Aug 27 10:52:59 GMT 2025","passed","Wed Aug 27 10:53:08 GMT 2025","","Form. Checking the basic functions for the Date in the widget Form","application.Samples.Form.DateOnFormTest","fieldLevelValidationAnnotation"
"Sorting is not available for InfoWidget.","5343","Sorting test","","Wed Aug 27 10:22:04 GMT 2025","passed","Wed Aug 27 10:22:10 GMT 2025","","Info. Checking the basic functions for the Input","application.Samples.Info.InputOnInfoTest","sorting"
"The test sets a value with the wrong data type in several fields for different widgets. After approval, it checks the text under the field, which informs about the correctness of the type of data entered","32478","Required Message validation test for multiple fields","","Wed Aug 27 10:29:04 GMT 2025","passed","Wed Aug 27 10:29:36 GMT 2025","","List. Checking the basic functions for the MultiValue in the widget List","application.Samples.List.MultiValueOnListTest","fieldLevelValidation"
"The test sets the value in the field. After approval, the popup window, the title, the text in it, and the buttons are validated","9622","Run-time exception validation test","","Wed Aug 27 10:51:06 GMT 2025","passed","Wed Aug 27 10:51:15 GMT 2025","","Form. Checking the basic functions for the Radio in the widget Form","application.Samples.Form.RadioOnFormTest","runtimeException"
"Filtering is not available for the Form widget","5950","Filtering test","","Wed Aug 27 10:52:27 GMT 2025","passed","Wed Aug 27 10:52:32 GMT 2025","","Form. Checking the basic functions for the DateTime in the widget Form","application.Samples.Form.DateTimeOnFormTest","filtration"
"The test sets the value in the field. After approval, the popup window, the title, the text in it, and the buttons are validated.","12555","Run-time exception validation test","","Wed Aug 27 10:48:00 GMT 2025","passed","Wed Aug 27 10:48:13 GMT 2025","","List. Checking the basic functions for the Dictionary in the widget List","application.Samples.List.DictionaryOnListTest","runtimeException"
"The test sets the value in the field. After approval, by clicking on the save button, the popup window, the title, the text in it, and the buttons are validated","7935","Confirmation Popup Validation Test","","Wed Aug 27 10:53:19 GMT 2025","passed","Wed Aug 27 10:53:27 GMT 2025","","Form. Checking the basic functions for the DateTime in the widget Form","application.Samples.Form.DateTimeOnFormTest","confirm"
"The test gets the value from the style attribute in RGB format, and then converts it to Hex format","6253","A test to get the field color value in Hex format","","Wed Aug 27 10:55:16 GMT 2025","passed","Wed Aug 27 10:55:23 GMT 2025","","Form. Checking the basic functions for the Number in the widget Form","application.Samples.Form.NumberOnFormTest","color"
"The method returns Option-Status pairs, for all. The test checks each pair.","10039","Test to check the status of all options","","Wed Aug 27 10:38:47 GMT 2025","passed","Wed Aug 27 10:38:57 GMT 2025","","List. Checking the basic functions for the MultipleSelect in the widget List","application.Samples.List.MultipleSelectOnListTest","statusOptions"
"The test sets the value with the wrong data type in the field. After approval, it checks the text under the field, which informs about the correctness of the type of data entered.","31444","Required Message validation test for one field","","Wed Aug 27 10:30:25 GMT 2025","passed","Wed Aug 27 10:30:57 GMT 2025","","List. Checking the basic functions for the Date in the widget List","application.Samples.List.DateOnListTest","fieldLevelValidationAnnotation"
"The test sets the value in the field, and then checks the value in the field with what should be set","23563","A test for setting a value in a field","","Wed Aug 27 10:28:49 GMT 2025","passed","Wed Aug 27 10:29:13 GMT 2025","","List. Checking the basic functions for the Time","application.Samples.List.TimeOnListTest","edit"
"Sorting is not available for the Form widget","8546","Sorting test","","Wed Aug 27 10:49:18 GMT 2025","passed","Wed Aug 27 10:49:27 GMT 2025","","Form. Checking the basic functions for the Radio in the widget Form","application.Samples.Form.RadioOnFormTest","sorting"
"The test calls a modal window, after which the method returns Status-Value pairs depending on the column header.","20054","A test for checking values by column heading in a modal window","","Wed Aug 27 10:58:49 GMT 2025","passed","Wed Aug 27 10:59:09 GMT 2025","","Form. Checking the basic functions for the MultiValue in the widget Form","application.Samples.Form.MultiValueOnFormTest","test_status"
"The test sets the value in the field. After approval, the popup window, the title, the text in it, and the buttons are validated","6491","Run-time exception validation test","","Wed Aug 27 10:47:27 GMT 2025","passed","Wed Aug 27 10:47:34 GMT 2025","","Form. Checking the basic functions for the Input in the widget Form","application.Samples.Form.InputOnFormTest","runtimeException"
"The test sets the value in the field. After approval, the popup window, the title, the text in it, and the buttons are validated","7412","Business Exception Validation Test","","Wed Aug 27 10:52:52 GMT 2025","passed","Wed Aug 27 10:53:00 GMT 2025","","Form. Checking the basic functions for the DateTime in the widget Form","application.Samples.Form.DateTimeOnFormTest","businessException"
"","6598","digits()","","Wed Aug 27 10:54:27 GMT 2025","passed","Wed Aug 27 10:54:34 GMT 2025","","Form. Checking the basic functions for the Number in the widget Form","application.Samples.Form.NumberOnFormTest","digits"
"The test sets the value in the field. After approval, the popup window, the title, the text in it, and the buttons are validated.","12681","Run-time exception validation test","","Wed Aug 27 10:37:21 GMT 2025","passed","Wed Aug 27 10:37:33 GMT 2025","","List. Checking the basic functions for the Percent in the widget List","application.Samples.List.PercentOnListTest","runtimeException"
"The test sets the value in the field. After approval, the popup window, the title, the text in it, and the buttons are validated.","29180","Business Exception Validation Test","","Wed Aug 27 10:41:15 GMT 2025","passed","Wed Aug 27 10:41:44 GMT 2025","","List. Checking the basic functions for the Money in the widget List","application.Samples.List.MoneyOnListTest","businessException"
"The test gets the value from the style attribute in RGB format, and then converts it to Hex format","8212","A test to get the field color value in Hex format","","Wed Aug 27 10:50:19 GMT 2025","passed","Wed Aug 27 10:50:28 GMT 2025","","Form. Checking the basic functions for the Radio in the widget Form","application.Samples.Form.RadioOnFormTest","color"
"Checking the url before the transition and after the transition/click on a special element","10512","The DrillDown test","","Wed Aug 27 10:47:34 GMT 2025","passed","Wed Aug 27 10:47:44 GMT 2025","","Form. Checking the basic functions for the Time","application.Samples.Form.TimeOnFormTest","drillDown"
"The test sets the value in the field. After approval, the popup window, the title, the text in it, and the buttons are validated.","6471","Run-time exception validation test","","Wed Aug 27 11:00:10 GMT 2025","passed","Wed Aug 27 11:00:17 GMT 2025","","Form. Checking the basic functions for the MultiValue in the widget Form","application.Samples.Form.MultiValueOnFormTest","runtimeException"
"The test checks for the disabled attribute.","7710","A test to check the field for ""Read-only""","","Wed Aug 27 10:36:28 GMT 2025","passed","Wed Aug 27 10:36:36 GMT 2025","","List. Checking the basic functions for the Text in the widget List","application.Samples.List.TextOnListTest","readonly"
"Filtering is not available for the Form widget","6766","Filtering test","","Wed Aug 27 10:53:56 GMT 2025","passed","Wed Aug 27 10:54:03 GMT 2025","","Form. Checking the basic functions for the FileUpload in the widget Form","application.Samples.Form.FileUploadOnFormTest","filtration"
"The test sets the value with the wrong data type in the field. After approval, it checks the text under the field, which informs about the correctness of the type of data entered","7774","Required Message validation test for one field","","Wed Aug 27 10:54:46 GMT 2025","passed","Wed Aug 27 10:54:54 GMT 2025","","Form. Checking the basic functions for the Number in the widget Form","application.Samples.Form.NumberOnFormTest","fieldLevelValidationAnnotation"
"The test sets the value in the field. After approval, the popup window, the title, the text in it, and the buttons are validated","11415","Business Exception Validation Test","","Wed Aug 27 10:57:00 GMT 2025","passed","Wed Aug 27 10:57:12 GMT 2025","","Form. Checking the basic functions for the Dictionary in the widget Form","application.Samples.Form.DictionaryOnFormTest","businessException"
"The test sets the value in the field. After approval, the popup window, the title, the text in it, and the buttons are validated.","10555","Run-time exception validation test","","Wed Aug 27 10:32:16 GMT 2025","passed","Wed Aug 27 10:32:26 GMT 2025","","List. Checking the basic functions for the CheckBox","application.Samples.List.CheckBoxOnListTest","runtimeException"
"Filtering is not available for the Form widget","5686","Filtering test","","Wed Aug 27 10:52:40 GMT 2025","passed","Wed Aug 27 10:52:45 GMT 2025","","Form. Checking the basic functions for the Date in the widget Form","application.Samples.Form.DateOnFormTest","filtration"
"The test sets a value with the wrong data type in several fields for different widgets. After approval, it checks the text under the field, which informs about the correctness of the type of data entered","9679","Required Message validation test for multiple fields","","Wed Aug 27 10:53:50 GMT 2025","passed","Wed Aug 27 10:54:00 GMT 2025","","Form. Checking the basic functions for the Date in the widget Form","application.Samples.Form.DateOnFormTest","fieldLevelValidation"
"Info Widget is always read-only","9267","A test to check the field for ""Read-only""","","Wed Aug 27 10:20:45 GMT 2025","passed","Wed Aug 27 10:20:54 GMT 2025","","Info. Checking the basic functions for the Radio","application.Samples.Info.RadioOnInfoTest","readonly"
"The test sets the value in the field. After approval, by clicking on the save button, the popup window, the title, the text in it, and the buttons are validated","9873","Confirmation Popup Validation Test","","Wed Aug 27 10:58:02 GMT 2025","passed","Wed Aug 27 10:58:12 GMT 2025","","Form. Checking the basic functions for the Percent in the widget Form","application.Samples.Form.PercentOnFormTest","confirm"
"The test sets the value with the wrong data type in the field. After approval, it checks the text under the field, which informs about the correctness of the type of data entered.","23008","Required Message validation test for one field","","Wed Aug 27 10:25:47 GMT 2025","passed","Wed Aug 27 10:26:10 GMT 2025","","List. Checking the basic functions for the PickList in the widget List","application.Samples.List.PickListOnListTest","fieldLevelValidationAnnotation"
"","10514","The test for getting the value from the field","","Wed Aug 27 10:19:45 GMT 2025","passed","Wed Aug 27 10:19:55 GMT 2025","","Info. Checking the basic functions for the Dictionary","application.Samples.Info.DictionaryOnInfoTest","read"
"Sorting by the specified column.","15216","Sorting test","","Wed Aug 27 10:41:31 GMT 2025","passed","Wed Aug 27 10:41:46 GMT 2025","","List. Checking the basic functions for the DateTime in the widget List","application.Samples.List.DateTimeOnListTest","sorting"
"The test sets the value in the field. After approval, the popup window, the title, the text in it, and the buttons are validated.","7452","Business Exception Validation Test","","Wed Aug 27 10:35:16 GMT 2025","passed","Wed Aug 27 10:35:24 GMT 2025","","List. Checking the basic functions for the Number in the widget List","application.Samples.List.NumberOnListTest","businessException"
"The test sets a value with the wrong data type in several fields for different widgets. After approval, it checks the text under the field, which informs about the correctness of the type of data entered","7470","Required Message validation test for multiple fields","","Wed Aug 27 10:47:20 GMT 2025","passed","Wed Aug 27 10:47:27 GMT 2025","","Form. Checking the basic functions for the Input in the widget Form","application.Samples.Form.InputOnFormTest","fieldLevelValidation"
"The test gets the value from the style attribute in RGB format, and then converts it to Hex format","9468","A test to get the field color value in Hex format","","Wed Aug 27 10:20:36 GMT 2025","passed","Wed Aug 27 10:20:46 GMT 2025","","Info. Checking the basic functions for the Percent","application.Samples.Info.PercentOnInfoTest","color"
"The test gets the value in the field, and then checks the value in the field with what should be.","0","A test for checking a value in a field","","Wed Aug 27 10:35:34 GMT 2025","skipped","Wed Aug 27 10:35:34 GMT 2025","","List. Checking the basic functions for the Percent in the widget List","application.Samples.List.PercentOnListTest","read"
"Filtering is not available for the Form widget","6302","Filtering test","","Wed Aug 27 10:54:34 GMT 2025","passed","Wed Aug 27 10:54:40 GMT 2025","","Form. Checking the basic functions for the Number in the widget Form","application.Samples.Form.NumberOnFormTest","filtration"
"The test clears the field and clicks the Save button. Then validates the message that the field is required.","0","Required Message text Verification field test","","Wed Aug 27 10:31:07 GMT 2025","skipped","Wed Aug 27 10:31:07 GMT 2025","","List. Checking the basic functions for the CheckBox","application.Samples.List.CheckBoxOnListTest","required"
"The test sets the value with the wrong data type in the field. After approval, it checks the text under the field, which informs about the correctness of the type of data entered.","19882","Required Message validation test for one field","","Wed Aug 27 10:34:38 GMT 2025","passed","Wed Aug 27 10:34:58 GMT 2025","","List. Checking the basic functions for the Number in the widget List","application.Samples.List.NumberOnListTest","fieldLevelValidationAnnotation"
"The test sets the value in the field. After approval, by clicking on the save button, the popup window, the title, the text in it, and the buttons are validated.","10939","Confirmation Popup Validation Test","","Wed Aug 27 10:38:36 GMT 2025","passed","Wed Aug 27 10:38:47 GMT 2025","","List. Checking the basic functions for the MultipleSelect in the widget List","application.Samples.List.MultipleSelectOnListTest","confirm"
"","7785","A test to compare the source file with the downloaded one","","Wed Aug 27 10:22:48 GMT 2025","passed","Wed Aug 27 10:22:56 GMT 2025","","Info. Checking the basic functions for the FileUp","application.Samples.Info.FileUploadOnInfoTest","compare"
"The test sets the value in the field. After approval, by clicking on the save button, the popup window, the title, the text in it, and the buttons are validated.","12083","Confirmation Popup Validation Test","","Wed Aug 27 10:38:06 GMT 2025","passed","Wed Aug 27 10:38:18 GMT 2025","","List. Checking the basic functions for the Text in the widget List","application.Samples.List.TextOnListTest","confirm"
"Filtering by the specified column.","6305","Filtering test","","Wed Aug 27 10:37:40 GMT 2025","passed","Wed Aug 27 10:37:46 GMT 2025","","List. Checking the basic functions for the Hint in the widget List","application.Samples.List.HintOnListTest","filtration"
"The InfoWidget doesn't have a Placeholder.","6007","Test for getting the Placeholder value","","Wed Aug 27 10:23:19 GMT 2025","passed","Wed Aug 27 10:23:25 GMT 2025","","Info. Checking the basic functions for the DateTime","application.Samples.Info.DateTimeOnInfoTest","placeholder"
"The test sets the value in the field, and then checks the value in the field with what should be set.","29228","A test for setting a value in a field","","Wed Aug 27 10:33:44 GMT 2025","passed","Wed Aug 27 10:34:13 GMT 2025","","List. Checking the basic functions for the DateTimeWithSeconds in the widget List","application.Samples.List.DateTimeWithSecondsOnListTest","edit"
"The test checks for the disabled attribute","11451","A test to check the field for ""Read-only""","","Wed Aug 27 10:50:43 GMT 2025","passed","Wed Aug 27 10:50:55 GMT 2025","","Form. Checking the basic functions for the Suggestion PickList in the widget Form","application.Samples.Form.SuggestionPickListOnFormTest","readonly"
"The test sets the value in the field. After approval, the popup window, the title, the text in it, and the buttons are validated","9137","Business Exception Validation Test","","Wed Aug 27 10:52:15 GMT 2025","passed","Wed Aug 27 10:52:24 GMT 2025","","Form. Checking the basic functions for the MultipleSelect in the widget Form","application.Samples.Form.MultipleSelectOnFormTest","businessException"
"Getting the field color is not available","5375","A test to get the field color value in Hex format","","Wed Aug 27 10:49:13 GMT 2025","passed","Wed Aug 27 10:49:18 GMT 2025","","Form. Checking the basic functions for the Hint in the widget Form","application.Samples.Form.HintOnFormTest","color"
"The test sets the value in the field. After approval, by clicking on the save button, the popup window, the title, the text in it, and the buttons are validated.","10374","Confirmation Popup Validation Test","","Wed Aug 27 10:31:51 GMT 2025","passed","Wed Aug 27 10:32:01 GMT 2025","","List. Checking the basic functions for the CheckBox","application.Samples.List.CheckBoxOnListTest","confirm"
"The test sets the value in the field. After approval, by clicking on the save button, the popup window, the title, the text in it, and the buttons are validated","8571","Confirmation Popup Validation Test","","Wed Aug 27 10:56:36 GMT 2025","passed","Wed Aug 27 10:56:45 GMT 2025","","Form. Checking the basic functions for the PickList in the widget Form","application.Samples.Form.PickListOnFormTest","confirm"
"Filtering is not available for the Form widget","6777","Filtering test","","Wed Aug 27 10:55:58 GMT 2025","passed","Wed Aug 27 10:56:05 GMT 2025","","Form. Checking the basic functions for the PickList in the widget Form","application.Samples.Form.PickListOnFormTest","filtration"
"The test checks the status of one option, whether it is selected or not","8711","A test to check the status of one option","","Wed Aug 27 10:53:36 GMT 2025","passed","Wed Aug 27 10:53:44 GMT 2025","","Form. Checking the basic functions for the MultipleSelect in the widget Form","application.Samples.Form.MultipleSelectOnFormTest","statusOption"
"The InfoWidget doesn't have a Placeholder.","7865","Test for getting the Placeholder value","","Wed Aug 27 10:22:51 GMT 2025","passed","Wed Aug 27 10:22:59 GMT 2025","","Info. Checking the basic functions for the PickList","application.Samples.Info.PickListOnInfoTest","placeholder"
"Info Widget is always read-only","8216","A test to check the field for ""Read-only""","","Wed Aug 27 10:23:50 GMT 2025","passed","Wed Aug 27 10:23:58 GMT 2025","","Info. Checking the basic functions for the MultiValueHover","application.Samples.Info.MultiValueHoverOnInfoTest","readonly"
"Info Widget is always read-only","7959","A test to check the field for ""Read-only""","","Wed Aug 27 10:18:25 GMT 2025","passed","Wed Aug 27 10:18:33 GMT 2025","","Info. Checking the basic functions for the Money","application.Samples.Info.MoneyOnInfoTest","readonly"
"The test sets the value in the field. After approval, by clicking on the save button, the popup window, the title, the text in it, and the buttons are validated","13064","Confirmation Popup Validation Test","","Wed Aug 27 10:51:46 GMT 2025","passed","Wed Aug 27 10:51:59 GMT 2025","","Form. Checking the basic functions for the Suggestion PickList in the widget Form","application.Samples.Form.SuggestionPickListOnFormTest","confirm"
"The test checks for the disabled attribute.","6619","A test to check the field for ""Read-only""","","Wed Aug 27 10:34:32 GMT 2025","passed","Wed Aug 27 10:34:38 GMT 2025","","List. Checking the basic functions for the Number in the widget List","application.Samples.List.NumberOnListTest","readonly"
"The test sets the value in the field, and then checks the value in the field with what should be set.","39328","A test for setting a value in a field","","Wed Aug 27 10:41:44 GMT 2025","passed","Wed Aug 27 10:42:23 GMT 2025","","List. Checking the basic functions for the Money in the widget List","application.Samples.List.MoneyOnListTest","edit"
"The test clears the field and clicks the Save button. Then validates the message that the field is required.","20358","Required Message text Verification field test","","Wed Aug 27 10:42:36 GMT 2025","passed","Wed Aug 27 10:42:57 GMT 2025","","List. Checking the basic functions for the DateTime in the widget List","application.Samples.List.DateTimeOnListTest","required"
"The test clears the field and clicks the Save button. Then validates the message that the field is required.","22077","Required Message text Verification field test","","Wed Aug 27 10:28:27 GMT 2025","passed","Wed Aug 27 10:28:49 GMT 2025","","List. Checking the basic functions for the Time","application.Samples.List.TimeOnListTest","required"
"The test sets the value in the field. After approval, by clicking on the save button, the popup window, the title, the text in it, and the buttons are validated.","9040","Confirmation Popup Validation Test","","Wed Aug 27 10:27:07 GMT 2025","passed","Wed Aug 27 10:27:16 GMT 2025","","List. Checking the basic functions for the FileUpload in the widget List","application.Samples.List.FileUploadOnListTest","confirm"
"Checking the url before the transition and after the transition/click on a special element","9219","The DrillDown test","","Wed Aug 27 10:45:20 GMT 2025","passed","Wed Aug 27 10:45:29 GMT 2025","","List. Checking the basic functions for the Dictionary in the widget List","application.Samples.List.DictionaryOnListTest","drillDown"
"The test sets the value with the wrong data type in the field. After approval, it checks the text under the field, which informs about the correctness of the type of data entered","7773","Required Message validation test for one field","","Wed Aug 27 10:54:09 GMT 2025","passed","Wed Aug 27 10:54:17 GMT 2025","","Form. Checking the basic functions for the FileUpload in the widget Form","application.Samples.Form.FileUploadOnFormTest","fieldLevelValidationAnnotation"
"The test sets a value with the wrong data type in several fields for different widgets. After approval, it checks the text under the field, which informs about the correctness of the type of data entered","8561","Required Message validation test for multiple fields","","Wed Aug 27 10:53:18 GMT 2025","passed","Wed Aug 27 10:53:27 GMT 2025","","Form. Checking the basic functions for the MultipleSelect in the widget Form","application.Samples.Form.MultipleSelectOnFormTest","fieldLevelValidation"
"The test gets the value in the field, and then checks the value in the field with what should be.","0","A test for checking a value in a field","","Wed Aug 27 10:28:13 GMT 2025","skipped","Wed Aug 27 10:28:13 GMT 2025","","List. Checking the basic functions for the MultiValue in the widget List","application.Samples.List.MultiValueOnListTest","read"
"The test sets the value in the field. After approval, the popup window, the title, the text in it, and the buttons are validated.","12977","Run-time exception validation test","","Wed Aug 27 10:27:33 GMT 2025","passed","Wed Aug 27 10:27:46 GMT 2025","","List. Checking the basic functions for the FileUpload in the widget List","application.Samples.List.FileUploadOnListTest","runtimeException"
"Filtering is not available for InfoWidget.","10068","Filtering test","","Wed Aug 27 10:20:06 GMT 2025","passed","Wed Aug 27 10:20:17 GMT 2025","","Info. Checking the basic functions for the Percent","application.Samples.Info.PercentOnInfoTest","filtration"
"","10542","Digits test","","Wed Aug 27 10:19:56 GMT 2025","passed","Wed Aug 27 10:20:06 GMT 2025","","Info. Checking the basic functions for the Percent","application.Samples.Info.PercentOnInfoTest","digits"
"Info Widget is always read-only","6183","A test to check the field for ""Read-only""","","Wed Aug 27 10:23:01 GMT 2025","passed","Wed Aug 27 10:23:07 GMT 2025","","Info. Checking the basic functions for the DateTime","application.Samples.Info.DateTimeOnInfoTest","readonly"
"The test sets the value in the field, and then checks the value in the field with what should be set.","28544","A test for setting a value in a field","","Wed Aug 27 10:31:37 GMT 2025","passed","Wed Aug 27 10:32:05 GMT 2025","","List. Checking the basic functions for the Date in the widget List","application.Samples.List.DateOnListTest","edit"
"The test gets the value from the style attribute in RGB format, and then converts it to Hex format","10916","A test to get the field color value in Hex format","","Wed Aug 27 10:47:08 GMT 2025","passed","Wed Aug 27 10:47:19 GMT 2025","","List. Checking the basic functions for the Dictionary in the widget List","application.Samples.List.DictionaryOnListTest","color"
"The test clears the field and clicks the Save button. Then validates the message that the field is required.","20615","Required Message text Verification field test","","Wed Aug 27 10:30:57 GMT 2025","passed","Wed Aug 27 10:31:17 GMT 2025","","List. Checking the basic functions for the Date in the widget List","application.Samples.List.DateOnListTest","required"
"The test sets the value in the field. After approval, the popup window, the title, the text in it, and the buttons are validated","9042","Run-time exception validation test","","Wed Aug 27 10:53:27 GMT 2025","passed","Wed Aug 27 10:53:36 GMT 2025","","Form. Checking the basic functions for the MultipleSelect in the widget Form","application.Samples.Form.MultipleSelectOnFormTest","runtimeException"
"The test sets the value with the wrong data type in the field. After approval, it checks the text under the field, which informs about the correctness of the type of data entered.","7060","Required Message validation test for one field","","Wed Aug 27 10:58:27 GMT 2025","passed","Wed Aug 27 10:58:34 GMT 2025","","Form. Checking the basic functions for the MultiValue in the widget Form","application.Samples.Form.MultiValueOnFormTest","fieldLevelValidationAnnotation"
"Filtering is not available for InfoWidget.","9128","Filtering test","","Wed Aug 27 10:20:35 GMT 2025","passed","Wed Aug 27 10:20:45 GMT 2025","","Info. Checking the basic functions for the Radio","application.Samples.Info.RadioOnInfoTest","filtration"
"The test gets the value from the style attribute in RGB format, and then converts it to Hex format","5935","A test to get the field color value in Hex format","","Wed Aug 27 10:53:30 GMT 2025","passed","Wed Aug 27 10:53:36 GMT 2025","","Form. Checking the basic functions for the Date in the widget Form","application.Samples.Form.DateOnFormTest","color"
"Filtering by the specified column.","13037","Filtering test","","Wed Aug 27 10:39:47 GMT 2025","passed","Wed Aug 27 10:40:01 GMT 2025","","List. Checking the basic functions for the SuggestionPickList in the widget List","application.Samples.List.SuggestionPickListOnListTest","filtration"
"The test sets the value in the field, and then checks the value in the field with what should be set.","17017","A test for setting a value in a field","","Wed Aug 27 10:35:24 GMT 2025","passed","Wed Aug 27 10:35:41 GMT 2025","","List. Checking the basic functions for the Number in the widget List","application.Samples.List.NumberOnListTest","edit"
"The test checks the creation and deletion in the dictionary and the result of this work on another screen.","30014","Test region at Form","","Wed Aug 27 10:24:05 GMT 2025","passed","Wed Aug 27 10:24:35 GMT 2025","","Checking the basic functions for the Dictionary administration panel","application.Samples.DictionaryAdministrationTest","regionsForm"
"The test clears the field and clicks the Save button. Then validates the message that the field is required.","20157","Required Message text Verification field test","","Wed Aug 27 10:33:03 GMT 2025","passed","Wed Aug 27 10:33:24 GMT 2025","","List. Checking the basic functions for the DateTimeWithSeconds in the widget List","application.Samples.List.DateTimeWithSecondsOnListTest","required"
"The test sets the value in the field. After approval, the popup window, the title, the text in it, and the buttons are validated","8335","Business Exception Validation Test","","Wed Aug 27 10:47:58 GMT 2025","passed","Wed Aug 27 10:48:06 GMT 2025","","Form. Checking the basic functions for the DateTimeWithSeconds in the widget Form","application.Samples.Form.DateTimeWithSecondsOnFormTest","businessException"
"The test sets the value in the field, and then checks the value in the field with what should be set","6850","A test for setting a value in a field","","Wed Aug 27 10:55:09 GMT 2025","passed","Wed Aug 27 10:55:16 GMT 2025","","Form. Checking the basic functions for the Number in the widget Form","application.Samples.Form.NumberOnFormTest","edit"
"Checking the url before the transition and after the transition/click on a special element","9069","The DrillDown test","","Wed Aug 27 10:38:49 GMT 2025","passed","Wed Aug 27 10:38:58 GMT 2025","","List. Checking the basic functions for the Radio in the widget List","application.Samples.List.RadioOnListTest","drillDown"
"The test sets the value in the field, and then checks the value in the field with what should be set. Предварительной очистки поля нет","10456","A test for setting a value in a field","","Wed Aug 27 10:52:24 GMT 2025","passed","Wed Aug 27 10:52:35 GMT 2025","","Form. Checking the basic functions for the MultipleSelect in the widget Form","application.Samples.Form.MultipleSelectOnFormTest","edit"
"The test sets the value in the field, and then checks the value in the field with what should be set","7872","A test for setting a value in a field","","Wed Aug 27 10:48:06 GMT 2025","passed","Wed Aug 27 10:48:14 GMT 2025","","Form. Checking the basic functions for the DateTimeWithSeconds in the widget Form","application.Samples.Form.DateTimeWithSecondsOnFormTest","edit"
"Sorting by the specified column.","17405","Sorting test","","Wed Aug 27 10:29:45 GMT 2025","passed","Wed Aug 27 10:30:03 GMT 2025","","List. Checking the basic functions for the Date in the widget List","application.Samples.List.DateOnListTest","sorting"
"The test sets the value in the field. After approval, the popup window, the title, the text in it, and the buttons are validated.","8321","Run-time exception validation test","","Wed Aug 27 10:36:45 GMT 2025","passed","Wed Aug 27 10:36:54 GMT 2025","","List. Checking the basic functions for the Number in the widget List","application.Samples.List.NumberOnListTest","runtimeException"
"The test sets the value, after which the method returns the full list of value-status","9812","Test to get all values with the status","","Wed Aug 27 10:50:36 GMT 2025","passed","Wed Aug 27 10:50:46 GMT 2025","","Form. Checking the basic functions for the Radio in the widget Form","application.Samples.Form.RadioOnFormTest","getValues"
"The test sets the value with the wrong data type in the field. After approval, it checks the text under the field, which informs about the correctness of the type of data entered","10439","Required Message validation test for one field","","Wed Aug 27 10:57:06 GMT 2025","passed","Wed Aug 27 10:57:16 GMT 2025","","Form. Checking the basic functions for the Percent in the widget Form","application.Samples.Form.PercentOnFormTest","fieldLevelValidationAnnotation"
"The test sets the value in the field. After approval, the popup window, the title, the text in it, and the buttons are validated.","7424","Business Exception Validation Test","","Wed Aug 27 10:30:02 GMT 2025","passed","Wed Aug 27 10:30:09 GMT 2025","","List. Checking the basic functions for the Input in the widget List","application.Samples.List.InputOnListTest","businessException"
"The test sets the value in the field, and then checks the value in the field with what should be set","10975","A test for setting a value in a field","","Wed Aug 27 10:57:12 GMT 2025","passed","Wed Aug 27 10:57:23 GMT 2025","","Form. Checking the basic functions for the Dictionary in the widget Form","application.Samples.Form.DictionaryOnFormTest","edit"
"The test gets the value from the placeholder attribute and returns it in String format","7986","Test for getting the Placeholder value","","Wed Aug 27 10:34:20 GMT 2025","passed","Wed Aug 27 10:34:28 GMT 2025","","List. Checking the basic functions for the DateTimeWithSeconds in the widget List","application.Samples.List.DateTimeWithSecondsOnListTest","placeholder"
"The test sets the value in the field via Popup using a unique id, and then checks the value in the field with what needs to be set.","31410","A test for setting a value in a field","","Wed Aug 27 10:40:38 GMT 2025","passed","Wed Aug 27 10:41:09 GMT 2025","","List. Checking the basic functions for the SuggestionPickList in the widget List","application.Samples.List.SuggestionPickListOnListTest","edit"
"The test sets the value in the field, and then checks the value in the field with what should be set.","16365","A test for setting a value in a field","","Wed Aug 27 10:59:09 GMT 2025","passed","Wed Aug 27 10:59:25 GMT 2025","","Form. Checking the basic functions for the MultiValue in the widget Form","application.Samples.Form.MultiValueOnFormTest","edit"
"Sorting is not available for the Form widget","6032","Sorting test","","Wed Aug 27 10:45:25 GMT 2025","passed","Wed Aug 27 10:45:31 GMT 2025","","Form. Checking the basic functions for the Money in the widget Form","application.Samples.Form.MoneyOnFormTest","sorting"
"Filtering is not available for InfoWidget.","6415","Filtering test","","Wed Aug 27 10:21:16 GMT 2025","passed","Wed Aug 27 10:21:23 GMT 2025","","Info. Checking the basic functions for the Number","application.Samples.Info.NumberOnInfoTest","filtration"
"The test sets the value in the field. After approval, the popup window, the title, the text in it, and the buttons are validated.","7315","Run-time exception validation test","","Wed Aug 27 10:31:58 GMT 2025","passed","Wed Aug 27 10:32:05 GMT 2025","","List. Checking the basic functions for the Input in the widget List","application.Samples.List.InputOnListTest","runtimeException"
"The test checks for the disabled attribute.","6566","A test to check the field for ""Read-only""","","Wed Aug 27 10:30:19 GMT 2025","passed","Wed Aug 27 10:30:25 GMT 2025","","List. Checking the basic functions for the Date in the widget List","application.Samples.List.DateOnListTest","readonly"
"The test sets the value in the field. After approval, the popup window, the title, the text in it, and the buttons are validated","6391","Run-time exception validation test","","Wed Aug 27 10:53:36 GMT 2025","passed","Wed Aug 27 10:53:42 GMT 2025","","Form. Checking the basic functions for the DateTime in the widget Form","application.Samples.Form.DateTimeOnFormTest","runtimeException"
"The test gets the value from the style attribute in RGB format, and then converts it to Hex format","6782","A test to get the field color value in Hex format","","Wed Aug 27 10:18:37 GMT 2025","passed","Wed Aug 27 10:18:44 GMT 2025","","Info. Checking the basic functions for the DateTimeWithSeconds","application.Samples.Info.DateTimeWithSecondsOnInfoTest","color"
"Filtering is not available for InfoWidget.","10042","Filtering test","","Wed Aug 27 10:19:13 GMT 2025","passed","Wed Aug 27 10:19:23 GMT 2025","","Info. Checking the basic functions for the Dictionary","application.Samples.Info.DictionaryOnInfoTest","filtration"
"Sorting by the specified column.","12522","Sorting test","","Wed Aug 27 10:24:24 GMT 2025","passed","Wed Aug 27 10:24:37 GMT 2025","","List. Checking the basic functions for the PickList in the widget List","application.Samples.List.PickListOnListTest","sorting"
"The test sets the value in the field. After approval, the popup window, the title, the text in it, and the buttons are validated","8114","Run-time exception validation test","","Wed Aug 27 10:47:10 GMT 2025","passed","Wed Aug 27 10:47:18 GMT 2025","","Form. Checking the basic functions for the Money in the widget Form","application.Samples.Form.MoneyOnFormTest","runtimeException"
"Checking the url before the transition and after the transition/click on a special element","9215","The DrillDown test","","Wed Aug 27 10:49:18 GMT 2025","passed","Wed Aug 27 10:49:28 GMT 2025","","Form. Checking the basic functions for the InlinePickList in the widget Form","application.Samples.Form.InlinePickListOnFormTest","drillDown"
"Sorting by the specified column.","16870","Sorting test","","Wed Aug 27 10:27:46 GMT 2025","passed","Wed Aug 27 10:28:03 GMT 2025","","List. Checking the basic functions for the Time","application.Samples.List.TimeOnListTest","sorting"
"The test gets the value from the style attribute in RGB format, and then converts it to Hex format","7626","A test to get the field color value in Hex format","","Wed Aug 27 10:52:35 GMT 2025","passed","Wed Aug 27 10:52:43 GMT 2025","","Form. Checking the basic functions for the MultipleSelect in the widget Form","application.Samples.Form.MultipleSelectOnFormTest","color"
"The test sets the value in the field. After approval, by clicking on the save button, the popup window, the title, the text in it, and the buttons are validated","10019","Confirmation Popup Validation Test","","Wed Aug 27 10:49:39 GMT 2025","passed","Wed Aug 27 10:49:49 GMT 2025","","Form. Checking the basic functions for the Text in the widget Form","application.Samples.Form.TextOnFormTest","confirm"
"The test gets the value from the style attribute in RGB format, and then converts it to Hex format","8302","A test to get the field color value in Hex format","","Wed Aug 27 10:27:21 GMT 2025","passed","Wed Aug 27 10:27:30 GMT 2025","","List. Checking the basic functions for the PickList in the widget List","application.Samples.List.PickListOnListTest","color"
"The test adds a value after removing all previous values.","9720","Value setting test with field clearing","","Wed Aug 27 10:53:08 GMT 2025","passed","Wed Aug 27 10:53:18 GMT 2025","","Form. Checking the basic functions for the MultipleSelect in the widget Form","application.Samples.Form.MultipleSelectOnFormTest","setValue"
"The test sets the value with the wrong data type in the field. After approval, it checks the text under the field, which informs about the correctness of the type of data entered.","20733","Required Message validation test for one field","","Wed Aug 27 10:27:01 GMT 2025","passed","Wed Aug 27 10:27:22 GMT 2025","","List. Checking the basic functions for the MultiValue in the widget List","application.Samples.List.MultiValueOnListTest","fieldLevelValidationAnnotation"
"Info Widget is always read-only","10630","A test to check the field for ""Read-only""","","Wed Aug 27 10:19:23 GMT 2025","passed","Wed Aug 27 10:19:34 GMT 2025","","Info. Checking the basic functions for the Dictionary","application.Samples.Info.DictionaryOnInfoTest","readonly"
"The test sets the value in the field. After approval, the popup window, the title, the text in it, and the buttons are validated","10273","Run-time exception validation test","","Wed Aug 27 10:51:25 GMT 2025","passed","Wed Aug 27 10:51:36 GMT 2025","","Form. Checking the basic functions for the InlinePickList in the widget Form","application.Samples.Form.InlinePickListOnFormTest","runtimeException"
"Filtering by the specified column.","9184","Filtering test","","Wed Aug 27 10:38:58 GMT 2025","passed","Wed Aug 27 10:39:07 GMT 2025","","List. Checking the basic functions for the Radio in the widget List","application.Samples.List.RadioOnListTest","filtration"
"The test clears the field and clicks the Save button. Then validates the message that the field is required","6730","Required Message text Verification field test","","Wed Aug 27 10:47:51 GMT 2025","passed","Wed Aug 27 10:47:58 GMT 2025","","Form. Checking the basic functions for the DateTimeWithSeconds in the widget Form","application.Samples.Form.DateTimeWithSecondsOnFormTest","required"
"The test gets the value from the style attribute in RGB format, and then converts it to Hex format","7391","A test to get the field color value in Hex format","","Wed Aug 27 10:22:44 GMT 2025","passed","Wed Aug 27 10:22:51 GMT 2025","","Info. Checking the basic functions for the PickList","application.Samples.Info.PickListOnInfoTest","color"
"","7797","The test for getting the file name in the field","","Wed Aug 27 10:22:04 GMT 2025","passed","Wed Aug 27 10:22:12 GMT 2025","","Info. Checking the basic functions for the FileUp","application.Samples.Info.FileUploadOnInfoTest","readNameFileInField"
"The test checks the value in the field with what should be set","13990","A test to read value","","Wed Aug 27 10:18:14 GMT 2025","passed","Wed Aug 27 10:18:28 GMT 2025","","Info. Checking the basic functions for the Time","application.Samples.Info.TimeOnInfoTest","read"
"Info Widget is always read-only","7660","A test to check the field for ""Read-only""","","Wed Aug 27 10:22:19 GMT 2025","passed","Wed Aug 27 10:22:27 GMT 2025","","Info. Checking the basic functions for the FileUp","application.Samples.Info.FileUploadOnInfoTest","readonly"
"The test sets the value with the wrong data type in the field. After approval, it checks the text under the field, which informs about the correctness of the type of data entered.","23254","Required Message validation test for one field","","Wed Aug 27 10:39:17 GMT 2025","passed","Wed Aug 27 10:39:40 GMT 2025","","List. Checking the basic functions for the Radio in the widget List","application.Samples.List.RadioOnListTest","fieldLevelValidationAnnotation"
"Checking the url before the transition and after the transition/click on a special element","6234","The DrillDown test","","Wed Aug 27 10:34:10 GMT 2025","passed","Wed Aug 27 10:34:16 GMT 2025","","List. Checking the basic functions for the Number in the widget List","application.Samples.List.NumberOnListTest","drillDown"
"The test gets the value from the style attribute in RGB format, and then converts it to Hex format","6128","A test to get the field color value in Hex format","","Wed Aug 27 10:21:36 GMT 2025","passed","Wed Aug 27 10:21:43 GMT 2025","","Info. Checking the basic functions for the Number","application.Samples.Info.NumberOnInfoTest","color"
"The test gets the value from the placeholder attribute and returns it in String format","6950","Test for getting the Placeholder value","","Wed Aug 27 10:35:48 GMT 2025","passed","Wed Aug 27 10:35:54 GMT 2025","","List. Checking the basic functions for the Number in the widget List","application.Samples.List.NumberOnListTest","placeholder"
"The test sets the value in the field. After approval, the popup window, the title, the text in it, and the buttons are validated","10215","Business Exception Validation Test","","Wed Aug 27 10:54:38 GMT 2025","passed","Wed Aug 27 10:54:48 GMT 2025","","Form. Checking the basic functions for the CheckBox","application.Samples.Form.CheckBoxOnFormTest","businessException"
"The test sets the value in the field. After approval, the popup window, the title, the text in it, and the buttons are validated.","10583","Business Exception Validation Test","","Wed Aug 27 10:37:16 GMT 2025","passed","Wed Aug 27 10:37:27 GMT 2025","","List. Checking the basic functions for the Text in the widget List","application.Samples.List.TextOnListTest","businessException"
"The test sets the value with the wrong data type in the field. After approval, it checks the text under the field, which informs about the correctness of the type of data entered.","33991","Required Message validation test for one field","","Wed Aug 27 10:42:36 GMT 2025","passed","Wed Aug 27 10:43:10 GMT 2025","","List. Checking the basic functions for the InlinePickList in the widget List","application.Samples.List.InlinePickListOnListTest","fieldLevelValidationAnnotation"
"","8628","The test for getting the value from the field","","Wed Aug 27 10:21:38 GMT 2025","passed","Wed Aug 27 10:21:46 GMT 2025","","Info. Checking the basic functions for the Text","application.Samples.Info.TextOnInfoTest","read"
"Checking the url before the transition and after the transition/click on a special element","8088","The DrillDown test","","Wed Aug 27 10:30:32 GMT 2025","passed","Wed Aug 27 10:30:40 GMT 2025","","List. Checking the basic functions for the CheckBox","application.Samples.List.CheckBoxOnListTest","drillDown"
"The test sets a value with the wrong data type in several fields for different widgets. After approval, it checks the text under the field, which informs about the correctness of the type of data entered","8339","Required Message validation test for multiple fields","","Wed Aug 27 10:55:37 GMT 2025","passed","Wed Aug 27 10:55:45 GMT 2025","","Form. Checking the basic functions for the Number in the widget Form","application.Samples.Form.NumberOnFormTest","fieldLevelValidation"
"The test sets the value in the field. After approval, the popup window, the title, the text in it, and the buttons are validated.","9584","Run-time exception validation test","","Wed Aug 27 10:33:45 GMT 2025","passed","Wed Aug 27 10:33:54 GMT 2025","","List. Checking the basic functions for the Date in the widget List","application.Samples.List.DateOnListTest","runtimeException"
"Sorting is not available for InfoWidget.","34058","Sorting test","","Wed Aug 27 10:17:33 GMT 2025","passed","Wed Aug 27 10:18:07 GMT 2025","","Info. Checking the basic functions for the Money","application.Samples.Info.MoneyOnInfoTest","sorting"
"The test sets the value in the field. After approval, by clicking on the save button, the popup window, the title, the text in it, and the buttons are validated","10320","Confirmation Popup Validation Test","","Wed Aug 27 10:55:15 GMT 2025","passed","Wed Aug 27 10:55:25 GMT 2025","","Form. Checking the basic functions for the CheckBox","application.Samples.Form.CheckBoxOnFormTest","confirm"
"Test click ""Export"" and check the file for standards.","9807","Test export button","","Wed Aug 27 10:26:34 GMT 2025","passed","Wed Aug 27 10:26:44 GMT 2025","","Checking the basic functions for the Dictionary administration panel","application.Samples.DictionaryAdministrationTest","testExprotFile"
"The test clears the field and clicks the Save button. Then validates the message that the field is required","7654","Required Message text Verification field test","","Wed Aug 27 10:54:17 GMT 2025","passed","Wed Aug 27 10:54:25 GMT 2025","","Form. Checking the basic functions for the FileUpload in the widget Form","application.Samples.Form.FileUploadOnFormTest","required"
"The InfoWidget doesn't have a Placeholder.","5408","Test for getting the Placeholder value","","Wed Aug 27 10:22:38 GMT 2025","passed","Wed Aug 27 10:22:43 GMT 2025","","Info. Checking the basic functions for the Input","application.Samples.Info.InputOnInfoTest","placeholder"
"The test sets a value with the wrong data type in several fields for different widgets. After approval, it checks the text under the field, which informs about the correctness of the type of data entered","41448","Required Message validation test for multiple fields","","Wed Aug 27 10:36:04 GMT 2025","passed","Wed Aug 27 10:36:45 GMT 2025","","List. Checking the basic functions for the Number in the widget List","application.Samples.List.NumberOnListTest","fieldLevelValidation"
"The test creates and delete a new field in the admin panel","13174","Test for creating admin value","","Wed Aug 27 10:25:06 GMT 2025","passed","Wed Aug 27 10:25:19 GMT 2025","","Checking the basic functions for the Dictionary administration panel","application.Samples.DictionaryAdministrationTest","create"
"Checking the url before the transition and after the transition/click on a special element","5461","The DrillDown test","","Wed Aug 27 10:46:08 GMT 2025","passed","Wed Aug 27 10:46:13 GMT 2025","","Form. Checking the basic functions for the Input in the widget Form","application.Samples.Form.InputOnFormTest","drillDown"
"The test gets the value from the placeholder attribute and returns it in String format","6162","Test for getting the Placeholder value","","Wed Aug 27 10:48:20 GMT 2025","passed","Wed Aug 27 10:48:26 GMT 2025","","Form. Checking the basic functions for the DateTimeWithSeconds in the widget Form","application.Samples.Form.DateTimeWithSecondsOnFormTest","placeholder"
"The test gets the value from the placeholder attribute and returns it in String format","6620","Test for getting the Placeholder value","","Wed Aug 27 10:52:09 GMT 2025","passed","Wed Aug 27 10:52:15 GMT 2025","","Form. Checking the basic functions for the NumberDigits in the widget Form","application.Samples.Form.NumberDigitsOnFormTest","placeholder"
"The test gets the value from the placeholder attribute and returns it in String format","8316","Test for getting the Placeholder value","","Wed Aug 27 10:40:23 GMT 2025","passed","Wed Aug 27 10:40:31 GMT 2025","","List. Checking the basic functions for the Radio in the widget List","application.Samples.List.RadioOnListTest","placeholder"
"Sorting by the specified column.","11838","Sorting test","","Wed Aug 27 10:30:20 GMT 2025","passed","Wed Aug 27 10:30:32 GMT 2025","","List. Checking the basic functions for the CheckBox","application.Samples.List.CheckBoxOnListTest","sorting"
"The test gets the value from the placeholder attribute and returns it in String format","8101","Test for getting the Placeholder value","","Wed Aug 27 10:27:30 GMT 2025","passed","Wed Aug 27 10:27:38 GMT 2025","","List. Checking the basic functions for the PickList in the widget List","application.Samples.List.PickListOnListTest","placeholder"
"The test sets a value with the wrong data type in several fields for different widgets. After approval, it checks the text under the field, which informs about the correctness of the type of data entered","17751","Required Message validation test for multiple fields","","Wed Aug 27 10:27:16 GMT 2025","passed","Wed Aug 27 10:27:33 GMT 2025","","List. Checking the basic functions for the FileUpload in the widget List","application.Samples.List.FileUploadOnListTest","fieldLevelValidation"
"The test sets the value with the wrong data type in the field. After approval, it checks the text under the field, which informs about the correctness of the type of data entered","6838","Required Message validation test for one field","","Wed Aug 27 10:46:24 GMT 2025","passed","Wed Aug 27 10:46:31 GMT 2025","","Form. Checking the basic functions for the Input in the widget Form","application.Samples.Form.InputOnFormTest","fieldLevelValidationAnnotation"
"The test gets the value from the style attribute in RGB format, and then converts it to Hex format","7349","A test to get the field color value in Hex format","","Wed Aug 27 10:32:05 GMT 2025","passed","Wed Aug 27 10:32:13 GMT 2025","","List. Checking the basic functions for the Date in the widget List","application.Samples.List.DateOnListTest","color"
"Info Widget is always read-only","6284","A test to check the field for ""Read-only""","","Wed Aug 27 10:21:40 GMT 2025","passed","Wed Aug 27 10:21:47 GMT 2025","","Info. Checking the basic functions for the Date","application.Samples.Info.DateOnInfoTest","readonly"
"The test gets the value from the placeholder attribute and returns it in String format","8674","Test for getting the Placeholder value","","Wed Aug 27 10:57:53 GMT 2025","passed","Wed Aug 27 10:58:02 GMT 2025","","Form. Checking the basic functions for the Percent in the widget Form","application.Samples.Form.PercentOnFormTest","placeholder"
"The test sets the value in the field. After approval, by clicking on the save button, the popup window, the title, the text in it, and the buttons are validated","8281","Confirmation Popup Validation Test","","Wed Aug 27 10:48:26 GMT 2025","passed","Wed Aug 27 10:48:35 GMT 2025","","Form. Checking the basic functions for the DateTimeWithSeconds in the widget Form","application.Samples.Form.DateTimeWithSecondsOnFormTest","confirm"
"The test sets all the values in the field, then checks the list with the expected value.","14047","Test to set all values in the field","","Wed Aug 27 10:59:43 GMT 2025","passed","Wed Aug 27 10:59:57 GMT 2025","","Form. Checking the basic functions for the MultiValue in the widget Form","application.Samples.Form.MultiValueOnFormTest","test_set_all"
"The test sets the value in the field. After approval, the popup window, the title, the text in it, and the buttons are validated","7964","Business Exception Validation Test","","Wed Aug 27 10:53:14 GMT 2025","passed","Wed Aug 27 10:53:22 GMT 2025","","Form. Checking the basic functions for the Date in the widget Form","application.Samples.Form.DateOnFormTest","businessException"
"The test sets the value in the field. After approval, the popup window, the title, the text in it, and the buttons are validated.","21058","Business Exception Validation Test","","Wed Aug 27 10:26:32 GMT 2025","passed","Wed Aug 27 10:26:53 GMT 2025","","List. Checking the basic functions for the PickList in the widget List","application.Samples.List.PickListOnListTest","businessException"
"Getting the field color is not available","7609","A test to get the field color value in Hex format","","Wed Aug 27 10:55:54 GMT 2025","passed","Wed Aug 27 10:56:02 GMT 2025","","Form. Checking the basic functions for the MultiValueHover in the widget Form","application.Samples.Form.MultiValueHoverOnFormTest","color"
"The test gets the value from the placeholder attribute and returns it in String format","11315","Test for getting the Placeholder value","","Wed Aug 27 10:47:19 GMT 2025","passed","Wed Aug 27 10:47:31 GMT 2025","","List. Checking the basic functions for the Dictionary in the widget List","application.Samples.List.DictionaryOnListTest","placeholder"
"Filtering is not available for the Form widget","11294","Filtering test","","Wed Aug 27 10:50:32 GMT 2025","passed","Wed Aug 27 10:50:43 GMT 2025","","Form. Checking the basic functions for the Suggestion PickList in the widget Form","application.Samples.Form.SuggestionPickListOnFormTest","filtration"
"The test clears the field and clicks the Save button. Then validates the message that the field is required.","20171","Required Message text Verification field test","","Wed Aug 27 10:40:55 GMT 2025","passed","Wed Aug 27 10:41:15 GMT 2025","","List. Checking the basic functions for the Money in the widget List","application.Samples.List.MoneyOnListTest","required"
"The test checks for the disabled attribute","5701","A test to check the field for ""Read-only""","","Wed Aug 27 10:46:18 GMT 2025","passed","Wed Aug 27 10:46:24 GMT 2025","","Form. Checking the basic functions for the Input in the widget Form","application.Samples.Form.InputOnFormTest","readonly"
"DrillDown is not available for InfoWidget.","7216","The DrillDown test","","Wed Aug 27 10:21:02 GMT 2025","passed","Wed Aug 27 10:21:09 GMT 2025","","Info. Checking the basic functions for the Number","application.Samples.Info.NumberOnInfoTest","drillDown"
"DrillDown is not available for InfoWidget.","8079","The DrillDown test","","Wed Aug 27 10:23:33 GMT 2025","passed","Wed Aug 27 10:23:41 GMT 2025","","Info. Checking the basic functions for the MultiValueHover","application.Samples.Info.MultiValueHoverOnInfoTest","drillDown"
"The test sets the value in the field via Popup using a unique id, and then checks the value in the field with what needs to be set","8199","A test for setting a value in a field","","Wed Aug 27 10:56:21 GMT 2025","passed","Wed Aug 27 10:56:29 GMT 2025","","Form. Checking the basic functions for the PickList in the widget Form","application.Samples.Form.PickListOnFormTest","edit"
"The test gets the value in the field, and then checks the value in the field with what should be.","0","A test for checking a value in a field","","Wed Aug 27 10:24:34 GMT 2025","skipped","Wed Aug 27 10:24:34 GMT 2025","","List. Checking the basic functions for the MultiValueHover in the widget List","application.Samples.List.MultiValueHoverOnListTest","read"
"The test sets the value, after which the method returns the full list of value-status","19785","Test to get all values with the status","","Wed Aug 27 10:40:31 GMT 2025","passed","Wed Aug 27 10:40:51 GMT 2025","","List. Checking the basic functions for the Radio in the widget List","application.Samples.List.RadioOnListTest","getValues"
"The test checks for the disabled attribute.","7206","A test to check the field for ""Read-only""","","Wed Aug 27 10:58:20 GMT 2025","passed","Wed Aug 27 10:58:27 GMT 2025","","Form. Checking the basic functions for the MultiValue in the widget Form","application.Samples.Form.MultiValueOnFormTest","readonly"
"Getting the field color is not available","6464","A test to get the field color value in Hex format","","Wed Aug 27 10:38:09 GMT 2025","passed","Wed Aug 27 10:38:15 GMT 2025","","List. Checking the basic functions for the Hint in the widget List","application.Samples.List.HintOnListTest","color"
"The test sets a value with the wrong data type in several fields for different widgets. After approval, it checks the text under the field, which informs about the correctness of the type of data entered","8415","Required Message validation test for multiple fields","","Wed Aug 27 10:55:18 GMT 2025","passed","Wed Aug 27 10:55:27 GMT 2025","","Form. Checking the basic functions for the FileUpload in the widget Form","application.Samples.Form.FileUploadOnFormTest","fieldLevelValidation"
"","20902","test_1()","","Wed Aug 27 10:24:55 GMT 2025","passed","Wed Aug 27 10:25:16 GMT 2025","","List. Checking the basic functions for the PickList in the widget List","application.Samples.List.PickListOnListTest","test_1"
"The test gets the value from the placeholder attribute and returns it in String format","8226","Test for getting the Placeholder value","","Wed Aug 27 10:28:44 GMT 2025","passed","Wed Aug 27 10:28:52 GMT 2025","","List. Checking the basic functions for the MultiValue in the widget List","application.Samples.List.MultiValueOnListTest","placeholder"
"The test sets the value with the wrong data type in the field. After approval, it checks the text under the field, which informs about the correctness of the type of data entered.","13904","Required Message validation test for one field","","Wed Aug 27 10:46:02 GMT 2025","passed","Wed Aug 27 10:46:16 GMT 2025","","List. Checking the basic functions for the Dictionary in the widget List","application.Samples.List.DictionaryOnListTest","fieldLevelValidationAnnotation"
"Sorting is not available for InfoWidget.","8717","Sorting test","","Wed Aug 27 10:20:05 GMT 2025","passed","Wed Aug 27 10:20:14 GMT 2025","","Info. Checking the basic functions for the MultiValue","application.Samples.Info.MultiValueOnInfoTest","sorting"
"The test gets the value in the field, and then checks the value in the field with what should be.","9623","A test for checking a value in a field","","Wed Aug 27 10:37:59 GMT 2025","passed","Wed Aug 27 10:38:09 GMT 2025","","List. Checking the basic functions for the Hint in the widget List","application.Samples.List.HintOnListTest","read"
"The test gets the value from the placeholder attribute and returns it in String format","7921","Test for getting the Placeholder value","","Wed Aug 27 10:52:43 GMT 2025","passed","Wed Aug 27 10:52:50 GMT 2025","","Form. Checking the basic functions for the MultipleSelect in the widget Form","application.Samples.Form.MultipleSelectOnFormTest","placeholder"
"The test clears the field and clicks the Save button. Then validates the message that the field is required.","18073","Required Message text Verification field test","","Wed Aug 27 10:34:58 GMT 2025","passed","Wed Aug 27 10:35:16 GMT 2025","","List. Checking the basic functions for the Number in the widget List","application.Samples.List.NumberOnListTest","required"
"Sorting by the specified column.","13945","Sorting test","","Wed Aug 27 10:24:54 GMT 2025","passed","Wed Aug 27 10:25:08 GMT 2025","","List. Checking the basic functions for the FileUpload in the widget List","application.Samples.List.FileUploadOnListTest","sorting"
"The InfoWidget doesn't have a Placeholder.","9161","Test for getting the Placeholder value","","Wed Aug 27 10:21:13 GMT 2025","passed","Wed Aug 27 10:21:22 GMT 2025","","Info. Checking the basic functions for the Radio","application.Samples.Info.RadioOnInfoTest","placeholder"
"The test gets the value from the placeholder attribute and returns it in String format","8103","Test for getting the Placeholder value","","Wed Aug 27 10:26:50 GMT 2025","passed","Wed Aug 27 10:26:58 GMT 2025","","List. Checking the basic functions for the FileUpload in the widget List","application.Samples.List.FileUploadOnListTest","placeholder"
"The test checks for the disabled attribute","6574","A test to check the field for ""Read-only""","","Wed Aug 27 10:54:03 GMT 2025","passed","Wed Aug 27 10:54:09 GMT 2025","","Form. Checking the basic functions for the FileUpload in the widget Form","application.Samples.Form.FileUploadOnFormTest","readonly"
"Filtering by the specified column.","8284","Filtering test","","Wed Aug 27 10:26:44 GMT 2025","passed","Wed Aug 27 10:26:52 GMT 2025","","List. Checking the basic functions for the MultiValue in the widget List","application.Samples.List.MultiValueOnListTest","filtration"
"Info Widget is always read-only","9574","A test to check the field for ""Read-only""","","Wed Aug 27 10:20:17 GMT 2025","passed","Wed Aug 27 10:20:26 GMT 2025","","Info. Checking the basic functions for the Percent","application.Samples.Info.PercentOnInfoTest","readonly"
"The test sets the value in the field. After approval, the popup window, the title, the text in it, and the buttons are validated","13998","Business Exception Validation Test","","Wed Aug 27 10:51:08 GMT 2025","passed","Wed Aug 27 10:51:22 GMT 2025","","Form. Checking the basic functions for the Suggestion PickList in the widget Form","application.Samples.Form.SuggestionPickListOnFormTest","businessException"
"","10973","The test for getting the icon value from the field","","Wed Aug 27 10:19:34 GMT 2025","passed","Wed Aug 27 10:19:45 GMT 2025","","Info. Checking the basic functions for the Dictionary","application.Samples.Info.DictionaryOnInfoTest","icon"
"The test clears the field and clicks the Save button. Then validates the message that the field is required","6408","Required Message text Verification field test","","Wed Aug 27 10:46:31 GMT 2025","passed","Wed Aug 27 10:46:37 GMT 2025","","Form. Checking the basic functions for the Input in the widget Form","application.Samples.Form.InputOnFormTest","required"
"The transition/Redirect is not available","6301","The DrillDown test","","Wed Aug 27 10:37:33 GMT 2025","passed","Wed Aug 27 10:37:40 GMT 2025","","List. Checking the basic functions for the Hint in the widget List","application.Samples.List.HintOnListTest","drillDown"
"The test sets the value with the wrong data type in the field. After approval, it checks the text under the field, which informs about the correctness of the type of data entered.","10963","Required Message validation test for one field","","Wed Aug 27 10:37:28 GMT 2025","passed","Wed Aug 27 10:37:39 GMT 2025","","List. Checking the basic functions for the MultipleSelect in the widget List","application.Samples.List.MultipleSelectOnListTest","fieldLevelValidationAnnotation"
"The test clears the field and clicks the Save button. Then validates the message that the field is required","11279","Required Message text Verification field test","","Wed Aug 27 10:48:01 GMT 2025","passed","Wed Aug 27 10:48:12 GMT 2025","","Form. Checking the basic functions for the Time","application.Samples.Form.TimeOnFormTest","required"
"The test sets the value in the field. After approval, by clicking on the save button, the popup window, the title, the text in it, and the buttons are validated","7703","Confirmation Popup Validation Test","","Wed Aug 27 10:55:29 GMT 2025","passed","Wed Aug 27 10:55:37 GMT 2025","","Form. Checking the basic functions for the Number in the widget Form","application.Samples.Form.NumberOnFormTest","confirm"
"The test gets the value from the style attribute in RGB format, and then converts it to Hex format","5204","A test to get the field color value in Hex format","","Wed Aug 27 10:46:50 GMT 2025","passed","Wed Aug 27 10:46:55 GMT 2025","","Form. Checking the basic functions for the Input in the widget Form","application.Samples.Form.InputOnFormTest","color"
"The test verifies that after clearing the field, it is empty.","10140","The test for deleting a file from a field","","Wed Aug 27 10:26:32 GMT 2025","passed","Wed Aug 27 10:26:42 GMT 2025","","List. Checking the basic functions for the FileUpload in the widget List","application.Samples.List.FileUploadOnListTest","clear"
"The test gets the value from the placeholder attribute and returns it in String format","8742","Test for getting the Placeholder value","","Wed Aug 27 10:35:42 GMT 2025","passed","Wed Aug 27 10:35:51 GMT 2025","","List. Checking the basic functions for the Percent in the widget List","application.Samples.List.PercentOnListTest","placeholder"
"Getting a Placeholder is not available","9908","Test for getting the Placeholder value","","Wed Aug 27 10:24:44 GMT 2025","passed","Wed Aug 27 10:24:54 GMT 2025","","List. Checking the basic functions for the MultiValueHover in the widget List","application.Samples.List.MultiValueHoverOnListTest","placeholder"
"The test opens a modal window, clears the field, closes the window, and then checks the message under the field.","22350","Required Message text Verification field test","","Wed Aug 27 10:28:21 GMT 2025","passed","Wed Aug 27 10:28:44 GMT 2025","","List. Checking the basic functions for the MultiValue in the widget List","application.Samples.List.MultiValueOnListTest","required_2"
"The test sets the value with the wrong data type in the field. After approval, it checks the text under the field, which informs about the correctness of the type of data entered","11373","Required Message validation test for one field","","Wed Aug 27 10:49:46 GMT 2025","passed","Wed Aug 27 10:49:57 GMT 2025","","Form. Checking the basic functions for the InlinePickList in the widget Form","application.Samples.Form.InlinePickListOnFormTest","fieldLevelValidationAnnotation"
"Тест устанавливает значение в поле, а после проверяет значение в поле с тем, что должно быть установлено. Предварительной очистки поля нет","10750","A test for setting a value in a field","","Wed Aug 27 10:38:06 GMT 2025","passed","Wed Aug 27 10:38:17 GMT 2025","","List. Checking the basic functions for the MultipleSelect in the widget List","application.Samples.List.MultipleSelectOnListTest","edit"
"The test checks the creation and deletion in the dictionary and the result of this work on another screen.","28530","Test filtering at List","","Wed Aug 27 10:23:37 GMT 2025","passed","Wed Aug 27 10:24:05 GMT 2025","","Checking the basic functions for the Dictionary administration panel","application.Samples.DictionaryAdministrationTest","filterList"
"The test sets the value in the field. After approval, the popup window, the title, the text in it, and the buttons are validated.","6877","Business Exception Validation Test","","Wed Aug 27 10:58:42 GMT 2025","passed","Wed Aug 27 10:58:49 GMT 2025","","Form. Checking the basic functions for the MultiValue in the widget Form","application.Samples.Form.MultiValueOnFormTest","businessException"
"Drill Down is not available for InfoWidget.","5669","The DrillDown test","","Wed Aug 27 10:23:09 GMT 2025","passed","Wed Aug 27 10:23:14 GMT 2025","","Info. Checking the basic functions for the Hint","application.Samples.Info.HintOnInfoTest","drillDown"
"The test sets the value in the field. After approval, by clicking on the save button, the popup window, the title, the text in it, and the buttons are validated.","20764","Confirmation Popup Validation Test","","Wed Aug 27 10:27:38 GMT 2025","passed","Wed Aug 27 10:27:59 GMT 2025","","List. Checking the basic functions for the PickList in the widget List","application.Samples.List.PickListOnListTest","confirm"
"The test sets a value with the wrong data type in several fields for different widgets. After approval, it checks the text under the field, which informs about the correctness of the type of data entered","10377","Required Message validation test for multiple fields","","Wed Aug 27 10:55:25 GMT 2025","passed","Wed Aug 27 10:55:35 GMT 2025","","Form. Checking the basic functions for the CheckBox","application.Samples.Form.CheckBoxOnFormTest","fieldLevelValidation"
"Filtering is not available for InfoWidget.","6755","Filtering test","","Wed Aug 27 10:22:12 GMT 2025","passed","Wed Aug 27 10:22:19 GMT 2025","","Info. Checking the basic functions for the FileUp","application.Samples.Info.FileUploadOnInfoTest","filtration"
"Checking the url before the transition and after the transition/click on a special element","8272","The DrillDown test","","Wed Aug 27 10:39:49 GMT 2025","passed","Wed Aug 27 10:39:57 GMT 2025","","List. Checking the basic functions for the Money in the widget List","application.Samples.List.MoneyOnListTest","drillDown"
"Filtering by the specified column.","8206","Filtering test","","Wed Aug 27 10:34:23 GMT 2025","passed","Wed Aug 27 10:34:32 GMT 2025","","List. Checking the basic functions for the Number in the widget List","application.Samples.List.NumberOnListTest","filtration"
"The test sets a value with the wrong data type in several fields for different widgets. After approval, it checks the text under the field, which informs about the correctness of the type of data entered","12527","Required Message validation test for multiple fields","","Wed Aug 27 10:51:13 GMT 2025","passed","Wed Aug 27 10:51:25 GMT 2025","","Form. Checking the basic functions for the InlinePickList in the widget Form","application.Samples.Form.InlinePickListOnFormTest","fieldLevelValidation"
"The test checks the value of the digits attributes","7011","Required Message text Verification field test","","Wed Aug 27 10:46:55 GMT 2025","passed","Wed Aug 27 10:47:02 GMT 2025","","Form. Checking the basic functions for the Input in the widget Form","application.Samples.Form.InputOnFormTest","maxInput"
"The test sets the value in the field. After approval, the popup window, the title, the text in it, and the buttons are validated","11308","Business Exception Validation Test","","Wed Aug 27 10:50:07 GMT 2025","passed","Wed Aug 27 10:50:18 GMT 2025","","Form. Checking the basic functions for the InlinePickList in the widget Form","application.Samples.Form.InlinePickListOnFormTest","businessException"
"The test gets the value from the style attribute in RGB format, and then converts it to Hex format","9094","A test to get the field color value in Hex format","","Wed Aug 27 10:57:33 GMT 2025","passed","Wed Aug 27 10:57:42 GMT 2025","","Form. Checking the basic functions for the Dictionary in the widget Form","application.Samples.Form.DictionaryOnFormTest","color"
"The test clears the field and clicks the Save button. Then validates the message that the field is required.","23143","Required Message text Verification field test","","Wed Aug 27 10:34:19 GMT 2025","passed","Wed Aug 27 10:34:42 GMT 2025","","List. Checking the basic functions for the Percent in the widget List","application.Samples.List.PercentOnListTest","required"
"The test gets the value in the field, and then checks the value in the field with what should be.","0","A test for checking a value in a field","","Wed Aug 27 10:31:26 GMT 2025","skipped","Wed Aug 27 10:31:26 GMT 2025","","List. Checking the basic functions for the CheckBox","application.Samples.List.CheckBoxOnListTest","read"
"","6700","digits()","","Wed Aug 27 10:21:09 GMT 2025","passed","Wed Aug 27 10:21:16 GMT 2025","","Info. Checking the basic functions for the Number","application.Samples.Info.NumberOnInfoTest","digits"
"The test sets a value with the wrong data type in several fields for different widgets. After approval, it checks the text under the field, which informs about the correctness of the type of data entered","9594","Required Message validation test for multiple fields","","Wed Aug 27 10:48:35 GMT 2025","passed","Wed Aug 27 10:48:44 GMT 2025","","Form. Checking the basic functions for the DateTimeWithSeconds in the widget Form","application.Samples.Form.DateTimeWithSecondsOnFormTest","fieldLevelValidation"
"The test sets the value in the field. After approval, by clicking on the save button, the popup window, the title, the text in it, and the buttons are validated.","19102","Confirmation Popup Validation Test","","Wed Aug 27 10:43:55 GMT 2025","passed","Wed Aug 27 10:44:15 GMT 2025","","List. Checking the basic functions for the DateTime in the widget List","application.Samples.List.DateTimeOnListTest","confirm"
"The test gets the value from the style attribute in RGB format, and then converts it to Hex format","7907","A test to get the field color value in Hex format","","Wed Aug 27 10:28:13 GMT 2025","passed","Wed Aug 27 10:28:21 GMT 2025","","List. Checking the basic functions for the MultiValue in the widget List","application.Samples.List.MultiValueOnListTest","color"
"The test sets the value in the field. After approval, by clicking on the save button, the popup window, the title, the text in it, and the buttons are validated.","9387","Confirmation Popup Validation Test","","Wed Aug 27 10:35:54 GMT 2025","passed","Wed Aug 27 10:36:04 GMT 2025","","List. Checking the basic functions for the Number in the widget List","application.Samples.List.NumberOnListTest","confirm"
"The test sets the value in the field via Popup using a unique id, and then checks the value in the field with what needs to be set","13042","A test for setting a value in a field","","Wed Aug 27 10:51:22 GMT 2025","passed","Wed Aug 27 10:51:35 GMT 2025","","Form. Checking the basic functions for the Suggestion PickList in the widget Form","application.Samples.Form.SuggestionPickListOnFormTest","edit"
"The test sets the value in the field. After approval, the popup window, the title, the text in it, and the buttons are validated","7396","Business Exception Validation Test","","Wed Aug 27 10:54:25 GMT 2025","passed","Wed Aug 27 10:54:32 GMT 2025","","Form. Checking the basic functions for the FileUpload in the widget Form","application.Samples.Form.FileUploadOnFormTest","businessException"
"The test sets the value in the field. After approval, by clicking on the save button, the popup window, the title, the text in it, and the buttons are validated.","6853","Confirmation Popup Validation Test","","Wed Aug 27 10:59:57 GMT 2025","passed","Wed Aug 27 11:00:04 GMT 2025","","Form. Checking the basic functions for the MultiValue in the widget Form","application.Samples.Form.MultiValueOnFormTest","confirm"
"The test clears the field and clicks the Save button. Then validates the message that the field is required","9706","Required Message text Verification field test","","Wed Aug 27 10:54:28 GMT 2025","passed","Wed Aug 27 10:54:38 GMT 2025","","Form. Checking the basic functions for the CheckBox","application.Samples.Form.CheckBoxOnFormTest","required"
"The test checks for the disabled attribute.","9503","A test to check the field for ""Read-only""","","Wed Aug 27 10:25:38 GMT 2025","passed","Wed Aug 27 10:25:47 GMT 2025","","List. Checking the basic functions for the PickList in the widget List","application.Samples.List.PickListOnListTest","readonly"
"The test sets the value in the field. After approval, by clicking on the save button, the popup window, the title, the text in it, and the buttons are validated.","11133","Confirmation Popup Validation Test","","Wed Aug 27 10:40:51 GMT 2025","passed","Wed Aug 27 10:41:02 GMT 2025","","List. Checking the basic functions for the Radio in the widget List","application.Samples.List.RadioOnListTest","confirm"
"The Hint field type is always read-only","6424","A test to check the field for ""Read-only""","","Wed Aug 27 10:37:46 GMT 2025","passed","Wed Aug 27 10:37:52 GMT 2025","","List. Checking the basic functions for the Hint in the widget List","application.Samples.List.HintOnListTest","readonly"
"The test checks for the disabled attribute.","11972","A test to check the field for ""Read-only""","","Wed Aug 27 10:40:01 GMT 2025","passed","Wed Aug 27 10:40:12 GMT 2025","","List. Checking the basic functions for the SuggestionPickList in the widget List","application.Samples.List.SuggestionPickListOnListTest","readonly"
"The test sets the value in the field. After approval, the popup window, the title, the text in it, and the buttons are validated","8200","Run-time exception validation test","","Wed Aug 27 10:54:00 GMT 2025","passed","Wed Aug 27 10:54:08 GMT 2025","","Form. Checking the basic functions for the Date in the widget Form","application.Samples.Form.DateOnFormTest","runtimeException"
"Sorting is not available for InfoWidget.","7610","Sorting test","","Wed Aug 27 10:23:25 GMT 2025","passed","Wed Aug 27 10:23:33 GMT 2025","","Info. Checking the basic functions for the MultiValueHover","application.Samples.Info.MultiValueHoverOnInfoTest","sorting"
"Sorting is not available for the Form widget","6066","Sorting test","","Wed Aug 27 10:52:28 GMT 2025","passed","Wed Aug 27 10:52:34 GMT 2025","","Form. Checking the basic functions for the Date in the widget Form","application.Samples.Form.DateOnFormTest","sorting"
"The test clears the field and clicks the Save button. Then validates the message that the field is required","12790","Required Message text Verification field test","","Wed Aug 27 10:50:55 GMT 2025","passed","Wed Aug 27 10:51:08 GMT 2025","","Form. Checking the basic functions for the Suggestion PickList in the widget Form","application.Samples.Form.SuggestionPickListOnFormTest","required"
"Filtering is not available for the Form widget","6311","Filtering test","","Wed Aug 27 10:47:30 GMT 2025","passed","Wed Aug 27 10:47:36 GMT 2025","","Form. Checking the basic functions for the DateTimeWithSeconds in the widget Form","application.Samples.Form.DateTimeWithSecondsOnFormTest","filtration"
"","8629","The test for getting the value from the field","","Wed Aug 27 10:23:58 GMT 2025","passed","Wed Aug 27 10:24:07 GMT 2025","","Info. Checking the basic functions for the MultiValueHover","application.Samples.Info.MultiValueHoverOnInfoTest","read"
"The test sets a value with the wrong data type in several fields for different widgets. After approval, it checks the text under the field, which informs about the correctness of the type of data entered","15385","Required Message validation test for multiple fields","","Wed Aug 27 10:51:59 GMT 2025","passed","Wed Aug 27 10:52:15 GMT 2025","","Form. Checking the basic functions for the Suggestion PickList in the widget Form","application.Samples.Form.SuggestionPickListOnFormTest","fieldLevelValidation"
"Sorting is not available for the Form widget","5662","Sorting test","","Wed Aug 27 10:52:15 GMT 2025","passed","Wed Aug 27 10:52:21 GMT 2025","","Form. Checking the basic functions for the DateTime in the widget Form","application.Samples.Form.DateTimeOnFormTest","sorting"
"The test sets the value in the field. After approval, the popup window, the title, the text in it, and the buttons are validated","9427","Business Exception Validation Test","","Wed Aug 27 10:50:01 GMT 2025","passed","Wed Aug 27 10:50:10 GMT 2025","","Form. Checking the basic functions for the Radio in the widget Form","application.Samples.Form.RadioOnFormTest","businessException"
"Checking the url before the transition and after the transition/click on a special element","6920","The DrillDown test","","Wed Aug 27 10:55:52 GMT 2025","passed","Wed Aug 27 10:55:58 GMT 2025","","Form. Checking the basic functions for the PickList in the widget Form","application.Samples.Form.PickListOnFormTest","drillDown"
"The test sets the value to true in the field, and then checks the value in the field with what should be set.","9266","A test for setting a value in a field","","Wed Aug 27 10:31:34 GMT 2025","passed","Wed Aug 27 10:31:43 GMT 2025","","List. Checking the basic functions for the CheckBox","application.Samples.List.CheckBoxOnListTest","edit2"
"Checking the url before the transition and after the transition/click on a special element","11730","The DrillDown test","","Wed Aug 27 10:28:03 GMT 2025","passed","Wed Aug 27 10:28:15 GMT 2025","","List. Checking the basic functions for the Time","application.Samples.List.TimeOnListTest","drillDown"
"The test sets the value in the field, and then checks the value in the field with what should be set","9028","A test for setting a value in a field","","Wed Aug 27 10:57:35 GMT 2025","passed","Wed Aug 27 10:57:44 GMT 2025","","Form. Checking the basic functions for the Percent in the widget Form","application.Samples.Form.PercentOnFormTest","edit"
"Info Widget is always read-only","8435","A test to check the field for ""Read-only""","","Wed Aug 27 10:21:29 GMT 2025","passed","Wed Aug 27 10:21:38 GMT 2025","","Info. Checking the basic functions for the Text","application.Samples.Info.TextOnInfoTest","readonly"
"The test clear the value in the field , and then checks the value in the field, it must be null.","7320","A test for checking the possibility of an empty field","","Wed Aug 27 10:34:03 GMT 2025","passed","Wed Aug 27 10:34:10 GMT 2025","","List. Checking the basic functions for the Number in the widget List","application.Samples.List.NumberOnListTest","nullable"
"Checking the url before the transition and after the transition/click on a special element","6146","The DrillDown test","","Wed Aug 27 10:54:21 GMT 2025","passed","Wed Aug 27 10:54:27 GMT 2025","","Form. Checking the basic functions for the Number in the widget Form","application.Samples.Form.NumberOnFormTest","drillDown"
"The test clears the field and clicks the Save button. Then validates the message that the field is required.","20604","Required Message text Verification field test","","Wed Aug 27 10:25:53 GMT 2025","passed","Wed Aug 27 10:26:14 GMT 2025","","List. Checking the basic functions for the FileUpload in the widget List","application.Samples.List.FileUploadOnListTest","required"
"The test sets the value in the field. After approval, the popup window, the title, the text in it, and the buttons are validated.","11084","Business Exception Validation Test","","Wed Aug 27 10:39:40 GMT 2025","passed","Wed Aug 27 10:39:52 GMT 2025","","List. Checking the basic functions for the Radio in the widget List","application.Samples.List.RadioOnListTest","businessException"
"Sorting by the specified column.","9360","Sorting test","","Wed Aug 27 10:39:30 GMT 2025","passed","Wed Aug 27 10:39:39 GMT 2025","","List. Checking the basic functions for the Money in the widget List","application.Samples.List.MoneyOnListTest","sorting"
"The test sets the value in the field. After approval, by clicking on the save button, the popup window, the title, the text in it, and the buttons are validated","6914","Confirmation Popup Validation Test","","Wed Aug 27 10:47:08 GMT 2025","passed","Wed Aug 27 10:47:15 GMT 2025","","Form. Checking the basic functions for the Input in the widget Form","application.Samples.Form.InputOnFormTest","confirm"
"","5171","checkFilterOrSort()","","Wed Aug 27 10:29:18 GMT 2025","passed","Wed Aug 27 10:29:23 GMT 2025","","List. Checking the basic functions for the Input in the widget List","application.Samples.List.InputOnListTest","checkFilterOrSort"
"Filtering is not available for InfoWidget.","8575","Filtering test","","Wed Aug 27 10:21:21 GMT 2025","passed","Wed Aug 27 10:21:29 GMT 2025","","Info. Checking the basic functions for the Text","application.Samples.Info.TextOnInfoTest","filtration"
"Filtering by the specified column.","8156","Filtering test","","Wed Aug 27 10:39:57 GMT 2025","passed","Wed Aug 27 10:40:05 GMT 2025","","List. Checking the basic functions for the Money in the widget List","application.Samples.List.MoneyOnListTest","filtration"
"The test sets the value in the field. After approval, the popup window, the title, the text in it, and the buttons are validated","13212","Run-time exception validation test","","Wed Aug 27 10:52:15 GMT 2025","passed","Wed Aug 27 10:52:28 GMT 2025","","Form. Checking the basic functions for the Suggestion PickList in the widget Form","application.Samples.Form.SuggestionPickListOnFormTest","runtimeException"
"","7986","The test for getting the value from the field","","Wed Aug 27 10:22:36 GMT 2025","passed","Wed Aug 27 10:22:44 GMT 2025","","Info. Checking the basic functions for the PickList","application.Samples.Info.PickListOnInfoTest","read"
"The test sets the value in the field. After approval, the popup window, the title, the text in it, and the buttons are validated.","9882","Business Exception Validation Test","","Wed Aug 27 10:26:14 GMT 2025","passed","Wed Aug 27 10:26:24 GMT 2025","","List. Checking the basic functions for the FileUpload in the widget List","application.Samples.List.FileUploadOnListTest","businessException"
"","9586","A test to get a value for a multifield","","Wed Aug 27 10:45:53 GMT 2025","passed","Wed Aug 27 10:46:02 GMT 2025","","Form. Checking the basic functions for the MultiField in the widget Form","application.Samples.Form.MultiFieldOnFormTest","getValues2"
"Sorting is not available for the Form widget","8531","Sorting test","","Wed Aug 27 10:53:44 GMT 2025","passed","Wed Aug 27 10:53:53 GMT 2025","","Form. Checking the basic functions for the CheckBox","application.Samples.Form.CheckBoxOnFormTest","sorting"
"The test sets a value with the wrong data type in several fields for different widgets. After approval, it checks the text under the field, which informs about the correctness of the type of data entered","11052","Required Message validation test for multiple fields","","Wed Aug 27 10:58:12 GMT 2025","passed","Wed Aug 27 10:58:23 GMT 2025","","Form. Checking the basic functions for the Percent in the widget Form","application.Samples.Form.PercentOnFormTest","fieldLevelValidation"
"Filtering is not available for InfoWidget.","5228","Filtering test","","Wed Aug 27 10:23:14 GMT 2025","passed","Wed Aug 27 10:23:20 GMT 2025","","Info. Checking the basic functions for the Hint","application.Samples.Info.HintOnInfoTest","filtration"
"The test gets the value from the placeholder attribute and returns it in String format","6977","Test for getting the Placeholder value","","Wed Aug 27 10:56:30 GMT 2025","passed","Wed Aug 27 10:56:36 GMT 2025","","Form. Checking the basic functions for the PickList in the widget Form","application.Samples.Form.PickListOnFormTest","placeholder"
"The test sets the value in the field, and then checks the value in the field with what should be set.","28940","A test for setting a value in a field","","Wed Aug 27 10:43:15 GMT 2025","passed","Wed Aug 27 10:43:44 GMT 2025","","List. Checking the basic functions for the DateTime in the widget List","application.Samples.List.DateTimeOnListTest","edit"
"The test sets a value with the wrong data type in several fields for different widgets. After approval, it checks the text under the field, which informs about the correctness of the type of data entered","24434","Required Message validation test for multiple fields","","Wed Aug 27 10:45:06 GMT 2025","passed","Wed Aug 27 10:45:30 GMT 2025","","List. Checking the basic functions for the InlinePickList in the widget List","application.Samples.List.InlinePickListOnListTest","fieldLevelValidation"
"Sorting is not available for InfoWidget.","9064","Sorting test","","Wed Aug 27 10:19:03 GMT 2025","passed","Wed Aug 27 10:19:13 GMT 2025","","Info. Checking the basic functions for the MultiplySelect","application.Samples.Info.MultipleSelectOnInfoTest","sorting"
"The test checks for the disabled attribute","8770","A test to check the field for ""Read-only""","","Wed Aug 27 10:56:57 GMT 2025","passed","Wed Aug 27 10:57:06 GMT 2025","","Form. Checking the basic functions for the Percent in the widget Form","application.Samples.Form.PercentOnFormTest","readonly"
"The test clears the field and clicks the Save button. Then validates the message that the field is required","10146","Required Message text Verification field test","","Wed Aug 27 10:52:05 GMT 2025","passed","Wed Aug 27 10:52:15 GMT 2025","","Form. Checking the basic functions for the MultipleSelect in the widget Form","application.Samples.Form.MultipleSelectOnFormTest","required"
"The test clears the field and clicks the Save button. Then validates the message that the field is required","10467","Required Message text Verification field test","","Wed Aug 27 10:56:50 GMT 2025","passed","Wed Aug 27 10:57:00 GMT 2025","","Form. Checking the basic functions for the Dictionary in the widget Form","application.Samples.Form.DictionaryOnFormTest","required"
"The test clear the value in the field , and then checks the value in the field, it must be null.","9422","A test for checking the possibility of an empty field","","Wed Aug 27 10:39:39 GMT 2025","passed","Wed Aug 27 10:39:49 GMT 2025","","List. Checking the basic functions for the Money in the widget List","application.Samples.List.MoneyOnListTest","nullable"
"The test gets the value from the style attribute in RGB format, and then converts it to Hex format","5626","A test to get the field color value in Hex format","","Wed Aug 27 10:53:07 GMT 2025","passed","Wed Aug 27 10:53:13 GMT 2025","","Form. Checking the basic functions for the DateTime in the widget Form","application.Samples.Form.DateTimeOnFormTest","color"
"The test checks the creation and deletion in the dictionary and the result of this work on another screen.","30203","Test region at List","","Wed Aug 27 10:24:35 GMT 2025","passed","Wed Aug 27 10:25:06 GMT 2025","","Checking the basic functions for the Dictionary administration panel","application.Samples.DictionaryAdministrationTest","regionsList"
"Sorting is not available for InfoWidget.","7461","Sorting test","","Wed Aug 27 10:21:49 GMT 2025","passed","Wed Aug 27 10:21:57 GMT 2025","","Info. Checking the basic functions for the FileUp","application.Samples.Info.FileUploadOnInfoTest","sorting"
"Filtering by the specified column.","7385","Filtering test","","Wed Aug 27 10:41:53 GMT 2025","passed","Wed Aug 27 10:42:00 GMT 2025","","List. Checking the basic functions for the DateTime in the widget List","application.Samples.List.DateTimeOnListTest","filtration"
"Filtering is not available for the Form widget","7915","Filtering test","","Wed Aug 27 10:51:41 GMT 2025","passed","Wed Aug 27 10:51:49 GMT 2025","","Form. Checking the basic functions for the MultipleSelect in the widget Form","application.Samples.Form.MultipleSelectOnFormTest","filtration"
"","10094","The test for getting the value from the field","","Wed Aug 27 10:20:26 GMT 2025","passed","Wed Aug 27 10:20:36 GMT 2025","","Info. Checking the basic functions for the Percent","application.Samples.Info.PercentOnInfoTest","read"
"The test sets the value in the field, and then checks the value in the field with what should be set","7985","A test for setting a value in a field","","Wed Aug 27 10:51:54 GMT 2025","passed","Wed Aug 27 10:52:02 GMT 2025","","Form. Checking the basic functions for the NumberDigits in the widget Form","application.Samples.Form.NumberDigitsOnFormTest","edit"
"The test clears the field and clicks the Save button. Then validates the message that the field is required.","0","Required Message text Verification field test","","Wed Aug 27 10:39:40 GMT 2025","skipped","Wed Aug 27 10:39:40 GMT 2025","","List. Checking the basic functions for the Radio in the widget List","application.Samples.List.RadioOnListTest","required"
"Sorting is not available for the Form widget","6784","Sorting test","","Wed Aug 27 10:53:42 GMT 2025","passed","Wed Aug 27 10:53:49 GMT 2025","","Form. Checking the basic functions for the FileUpload in the widget Form","application.Samples.Form.FileUploadOnFormTest","sorting"
"The test clears the field and clicks the Save button. Then validates the message that the field is required.","7635","Required Message text Verification field test","","Wed Aug 27 10:58:34 GMT 2025","passed","Wed Aug 27 10:58:42 GMT 2025","","Form. Checking the basic functions for the MultiValue in the widget Form","application.Samples.Form.MultiValueOnFormTest","required"
"The test sets the value in the field. After approval, by clicking on the save button, the popup window, the title, the text in it, and the buttons are validated","9640","Confirmation Popup Validation Test","","Wed Aug 27 10:50:46 GMT 2025","passed","Wed Aug 27 10:50:55 GMT 2025","","Form. Checking the basic functions for the Radio in the widget Form","application.Samples.Form.RadioOnFormTest","confirm"
"Checking the url before the transition and after the transition/click on a special element","5430","The DrillDown test","","Wed Aug 27 10:52:34 GMT 2025","passed","Wed Aug 27 10:52:40 GMT 2025","","Form. Checking the basic functions for the Date in the widget Form","application.Samples.Form.DateOnFormTest","drillDown"
"The test gets the value from the style attribute in RGB format, and then converts it to  Hex format","6869","A test to get the field color value in Hex format","","Wed Aug 27 10:35:41 GMT 2025","passed","Wed Aug 27 10:35:48 GMT 2025","","List. Checking the basic functions for the Number in the widget List","application.Samples.List.NumberOnListTest","color"
"Filtering by the specified column.","8053","Filtering test","","Wed Aug 27 10:30:40 GMT 2025","passed","Wed Aug 27 10:30:48 GMT 2025","","List. Checking the basic functions for the CheckBox","application.Samples.List.CheckBoxOnListTest","filtration"
"The test gets the value in the field, and then checks the value in the field with what should be.","0","A test for checking a value in a field","","Wed Aug 27 10:35:41 GMT 2025","skipped","Wed Aug 27 10:35:41 GMT 2025","","List. Checking the basic functions for the Number in the widget List","application.Samples.List.NumberOnListTest","read"
"Checking the url before the transition and after the transition/click on a special element","7908","The DrillDown test","","Wed Aug 27 10:51:24 GMT 2025","passed","Wed Aug 27 10:51:32 GMT 2025","","Form. Checking the basic functions for the MultipleSelect in the widget Form","application.Samples.Form.MultipleSelectOnFormTest","drillDown"
"The test sets a value with the wrong data type in several fields for different widgets. After approval, it checks the text under the field, which informs about the correctness of the type of data entered","9072","Required Message validation test for multiple fields","","Wed Aug 27 10:47:01 GMT 2025","passed","Wed Aug 27 10:47:10 GMT 2025","","Form. Checking the basic functions for the Money in the widget Form","application.Samples.Form.MoneyOnFormTest","fieldLevelValidation"
"The InfoWidget doesn't have a Placeholder.","9676","Test for getting the Placeholder value","","Wed Aug 27 10:20:46 GMT 2025","passed","Wed Aug 27 10:20:55 GMT 2025","","Info. Checking the basic functions for the Percent","application.Samples.Info.PercentOnInfoTest","placeholder"
"Currency check at the field","7750","Currency test","","Wed Aug 27 10:18:49 GMT 2025","passed","Wed Aug 27 10:18:57 GMT 2025","","Info. Checking the basic functions for the Money","application.Samples.Info.MoneyOnInfoTest","currency"
"","7013","The test for getting the value from the field","","Wed Aug 27 10:21:29 GMT 2025","passed","Wed Aug 27 10:21:36 GMT 2025","","Info. Checking the basic functions for the Number","application.Samples.Info.NumberOnInfoTest","read"
"The test gets the value from the style attribute in RGB format, and then converts it to Hex format","11242","A test to get the field color value in Hex format","","Wed Aug 27 10:41:09 GMT 2025","passed","Wed Aug 27 10:41:21 GMT 2025","","List. Checking the basic functions for the SuggestionPickList in the widget List","application.Samples.List.SuggestionPickListOnListTest","color"
"The test sets the value in the field. After approval, by clicking on the save button, the popup window, the title, the text in it, and the buttons are validated","11565","Confirmation Popup Validation Test","","Wed Aug 27 10:57:51 GMT 2025","passed","Wed Aug 27 10:58:02 GMT 2025","","Form. Checking the basic functions for the Dictionary in the widget Form","application.Samples.Form.DictionaryOnFormTest","confirm"
"The test sets the value in the field. After approval, the popup window, the title, the text in it, and the buttons are validated","6917","Business Exception Validation Test","","Wed Aug 27 10:46:37 GMT 2025","passed","Wed Aug 27 10:46:44 GMT 2025","","Form. Checking the basic functions for the Input in the widget Form","application.Samples.Form.InputOnFormTest","businessException"
"The test gets the value from the style attribute in RGB format, and then converts it to Hex format","6496","A test to get the field color value in Hex format","","Wed Aug 27 10:30:26 GMT 2025","passed","Wed Aug 27 10:30:33 GMT 2025","","List. Checking the basic functions for the Input in the widget List","application.Samples.List.InputOnListTest","color"
"Sorting is not available for InfoWidget.","8831","Sorting test","","Wed Aug 27 10:21:03 GMT 2025","passed","Wed Aug 27 10:21:11 GMT 2025","","Info. Checking the basic functions for the Text","application.Samples.Info.TextOnInfoTest","sorting"
"The test clears the field and clicks the Save button. Then validates the message that the field is required.","19395","Required Message text Verification field test","","Wed Aug 27 10:29:42 GMT 2025","passed","Wed Aug 27 10:30:02 GMT 2025","","List. Checking the basic functions for the Input in the widget List","application.Samples.List.InputOnListTest","required"
"The test clears the field and clicks the Save button. Then validates the message that the field is required.","20662","Required Message text Verification field test","","Wed Aug 27 10:36:56 GMT 2025","passed","Wed Aug 27 10:37:16 GMT 2025","","List. Checking the basic functions for the Text in the widget List","application.Samples.List.TextOnListTest","required"
"The test sets the value in the field. After approval, by clicking on the save button, the popup window, the title, the text in it, and the buttons are validated.","22966","Confirmation Popup Validation Test","","Wed Aug 27 10:35:51 GMT 2025","passed","Wed Aug 27 10:36:14 GMT 2025","","List. Checking the basic functions for the Percent in the widget List","application.Samples.List.PercentOnListTest","confirm"
"The test delete a field in the admin panel","11886","Test for deleting admin value","","Wed Aug 27 10:25:19 GMT 2025","passed","Wed Aug 27 10:25:31 GMT 2025","","Checking the basic functions for the Dictionary administration panel","application.Samples.DictionaryAdministrationTest","delete"
"Checking the url before the transition and after the transition/click on a special element","9831","The DrillDown test","","Wed Aug 27 10:24:37 GMT 2025","passed","Wed Aug 27 10:24:46 GMT 2025","","List. Checking the basic functions for the PickList in the widget List","application.Samples.List.PickListOnListTest","drillDown"
"The test clears the field and clicks the Save button. Then validates the message that the field is required.","21983","Required Message text Verification field test","","Wed Aug 27 10:27:22 GMT 2025","passed","Wed Aug 27 10:27:44 GMT 2025","","List. Checking the basic functions for the MultiValue in the widget List","application.Samples.List.MultiValueOnListTest","required"
"The test checks the downloaded file with the template file that is contained in the resources","8568","A test to compare the downloaded file with the template","","Wed Aug 27 10:26:58 GMT 2025","passed","Wed Aug 27 10:27:07 GMT 2025","","List. Checking the basic functions for the FileUpload in the widget List","application.Samples.List.FileUploadOnListTest","compare"
"The test gets the value in the field, and then checks the value in the field with what should be.","0","A test for checking a value in a field","","Wed Aug 27 10:40:13 GMT 2025","skipped","Wed Aug 27 10:40:13 GMT 2025","","List. Checking the basic functions for the Radio in the widget List","application.Samples.List.RadioOnListTest","read"
"The test sets the value in the field. After approval, the popup window, the title, the text in it, and the buttons are validated.","22254","Business Exception Validation Test","","Wed Aug 27 10:34:42 GMT 2025","passed","Wed Aug 27 10:35:04 GMT 2025","","List. Checking the basic functions for the Percent in the widget List","application.Samples.List.PercentOnListTest","businessException"
"Filtering is not available for the Form widget","8341","Filtering test","","Wed Aug 27 10:54:01 GMT 2025","passed","Wed Aug 27 10:54:10 GMT 2025","","Form. Checking the basic functions for the CheckBox","application.Samples.Form.CheckBoxOnFormTest","filtration"
"The test clears the field and clicks the Save button. Then validates the message that the field is required","7854","Required Message text Verification field test","","Wed Aug 27 10:56:05 GMT 2025","passed","Wed Aug 27 10:56:13 GMT 2025","","Form. Checking the basic functions for the PickList in the widget Form","application.Samples.Form.PickListOnFormTest","required"
"The test sets the value in the field, and then checks the value in the field with what should be set","11527","A test for setting a value in a field","","Wed Aug 27 10:50:18 GMT 2025","passed","Wed Aug 27 10:50:30 GMT 2025","","Form. Checking the basic functions for the InlinePickList in the widget Form","application.Samples.Form.InlinePickListOnFormTest","edit"
"Sorting by the specified column.","16260","Sorting test","","Wed Aug 27 10:32:10 GMT 2025","passed","Wed Aug 27 10:32:26 GMT 2025","","List. Checking the basic functions for the Percent in the widget List","application.Samples.List.PercentOnListTest","sorting"
"The test gets the value from the placeholder attribute and returns it in String format","9220","Test for getting the Placeholder value","","Wed Aug 27 10:38:26 GMT 2025","passed","Wed Aug 27 10:38:36 GMT 2025","","List. Checking the basic functions for the MultipleSelect in the widget List","application.Samples.List.MultipleSelectOnListTest","placeholder"
"The transition/Redirect is not available","5473","The DrillDown test","","Wed Aug 27 10:48:51 GMT 2025","passed","Wed Aug 27 10:48:57 GMT 2025","","Form. Checking the basic functions for the Hint in the widget Form","application.Samples.Form.HintOnFormTest","drillDown"
"The InfoWidget doesn't have a Placeholder..","8143","Test for getting the Placeholder value","","Wed Aug 27 10:20:54 GMT 2025","passed","Wed Aug 27 10:21:03 GMT 2025","","Info. Checking the basic functions for the MultiValue","application.Samples.Info.MultiValueOnInfoTest","placeholder"
"A test to get the value from the field. MultiValueHover is always read-only, so it is impossible to set the value.","11066","A test for setting a value in a field","","Wed Aug 27 10:24:23 GMT 2025","passed","Wed Aug 27 10:24:34 GMT 2025","","List. Checking the basic functions for the MultiValueHover in the widget List","application.Samples.List.MultiValueHoverOnListTest","edit"
"The test clears the field and clicks the Save button. Then validates the message that the field is required","6209","Required Message text Verification field test","","Wed Aug 27 10:52:46 GMT 2025","passed","Wed Aug 27 10:52:52 GMT 2025","","Form. Checking the basic functions for the DateTime in the widget Form","application.Samples.Form.DateTimeOnFormTest","required"
"Filtering is not available for the Form widget","6031","Filtering test","","Wed Aug 27 10:47:44 GMT 2025","passed","Wed Aug 27 10:47:50 GMT 2025","","Form. Checking the basic functions for the Time","application.Samples.Form.TimeOnFormTest","filtration"
"Currency by the specified column.","6383","Currency test","","Wed Aug 27 10:42:31 GMT 2025","passed","Wed Aug 27 10:42:37 GMT 2025","","List. Checking the basic functions for the Money in the widget List","application.Samples.List.MoneyOnListTest","currency"
"DrillDown is not available for InfoWidget.","8073","The DrillDown test","","Wed Aug 27 10:22:12 GMT 2025","passed","Wed Aug 27 10:22:20 GMT 2025","","Info. Checking the basic functions for the PickList","application.Samples.Info.PickListOnInfoTest","drillDown"
"The test sets the value in the field, and then checks the value in the field with what should be set.","19703","A test for setting a value in a field","","Wed Aug 27 10:27:54 GMT 2025","passed","Wed Aug 27 10:28:13 GMT 2025","","List. Checking the basic functions for the MultiValue in the widget List","application.Samples.List.MultiValueOnListTest","edit"
"","9761","A test to get a value for a multifield hint","","Wed Aug 27 10:45:43 GMT 2025","passed","Wed Aug 27 10:45:53 GMT 2025","","Form. Checking the basic functions for the MultiField in the widget Form","application.Samples.Form.MultiFieldOnFormTest","getValues"
"The test gets the value from the style attribute in RGB format, and then converts it to Hex format","10068","A test to get the field color value in Hex format","","Wed Aug 27 10:40:13 GMT 2025","passed","Wed Aug 27 10:40:23 GMT 2025","","List. Checking the basic functions for the Radio in the widget List","application.Samples.List.RadioOnListTest","color"
"The test checks for the disabled attribute.","10155","A test to check the field for ""Read-only""","","Wed Aug 27 10:42:25 GMT 2025","passed","Wed Aug 27 10:42:36 GMT 2025","","List. Checking the basic functions for the InlinePickList in the widget List","application.Samples.List.InlinePickListOnListTest","readonly"
"The test gets the value from the style attribute in RGB format, and then converts it to Hex format","12301","A test to get the field color value in Hex format","","Wed Aug 27 10:18:28 GMT 2025","passed","Wed Aug 27 10:18:40 GMT 2025","","Info. Checking the basic functions for the Time","application.Samples.Info.TimeOnInfoTest","color"
"The test sets the value in the field. After approval, the popup window, the title, the text in it, and the buttons are validated","10096","Business Exception Validation Test","","Wed Aug 27 10:57:25 GMT 2025","passed","Wed Aug 27 10:57:35 GMT 2025","","Form. Checking the basic functions for the Percent in the widget Form","application.Samples.Form.PercentOnFormTest","businessException"
"Filtering is not available for the Form widget","8047","Filtering test","","Wed Aug 27 10:48:29 GMT 2025","passed","Wed Aug 27 10:48:37 GMT 2025","","Form. Checking the basic functions for the Text in the widget Form","application.Samples.Form.TextOnFormTest","filtration"
"Sorting by the specified column.","8269","Sorting test","","Wed Aug 27 10:33:54 GMT 2025","passed","Wed Aug 27 10:34:03 GMT 2025","","List. Checking the basic functions for the Number in the widget List","application.Samples.List.NumberOnListTest","sorting"
"Sorting is not available for the Form widget","9141","Sorting test","","Wed Aug 27 10:49:09 GMT 2025","passed","Wed Aug 27 10:49:18 GMT 2025","","Form. Checking the basic functions for the InlinePickList in the widget Form","application.Samples.Form.InlinePickListOnFormTest","sorting"
"The test checks for the disabled attribute.","9122","A test to check the field for ""Read-only""","","Wed Aug 27 10:37:18 GMT 2025","passed","Wed Aug 27 10:37:28 GMT 2025","","List. Checking the basic functions for the MultipleSelect in the widget List","application.Samples.List.MultipleSelectOnListTest","readonly"
"","9710","A test to check the options of the drop-down list","","Wed Aug 27 10:56:11 GMT 2025","passed","Wed Aug 27 10:56:21 GMT 2025","","Form. Checking the basic functions for the Dictionary in the widget Form","application.Samples.Form.DictionaryOnFormTest","options"
"The test clears the field and clicks the Save button. Then validates the message that the field is required","9771","Required Message text Verification field test","","Wed Aug 27 10:49:57 GMT 2025","passed","Wed Aug 27 10:50:07 GMT 2025","","Form. Checking the basic functions for the InlinePickList in the widget Form","application.Samples.Form.InlinePickListOnFormTest","required"
"The test checks for the disabled attribute","5412","A test to check the field for ""Read-only""","","Wed Aug 27 10:52:32 GMT 2025","passed","Wed Aug 27 10:52:38 GMT 2025","","Form. Checking the basic functions for the DateTime in the widget Form","application.Samples.Form.DateTimeOnFormTest","readonly"
"The test checks for the disabled attribute.","6111","A test to check the field for ""Read-only""","","Wed Aug 27 10:32:57 GMT 2025","passed","Wed Aug 27 10:33:03 GMT 2025","","List. Checking the basic functions for the DateTimeWithSeconds in the widget List","application.Samples.List.DateTimeWithSecondsOnListTest","readonly"
"The test sets the value in the field, and then checks the value in the field with what should be set","11931","A test for setting a value in a field","","Wed Aug 27 10:48:47 GMT 2025","passed","Wed Aug 27 10:48:59 GMT 2025","","Form. Checking the basic functions for the Time","application.Samples.Form.TimeOnFormTest","edit3"
"The test sets a value with the wrong data type in several fields for different widgets. After approval, it checks the text under the field, which informs about the correctness of the type of data entered","9939","Required Message validation test for multiple fields","","Wed Aug 27 10:58:02 GMT 2025","passed","Wed Aug 27 10:58:12 GMT 2025","","Form. Checking the basic functions for the Dictionary in the widget Form","application.Samples.Form.DictionaryOnFormTest","fieldLevelValidation"
"The test gets the value in the field, and then checks the value in the field with what should be.","0","A test for checking a value in a field","","Wed Aug 27 10:44:26 GMT 2025","skipped","Wed Aug 27 10:44:26 GMT 2025","","List. Checking the basic functions for the InlinePickList in the widget List","application.Samples.List.InlinePickListOnListTest","read"
"The test checks for the disabled attribute.","7598","A test to check the field for ""Read-only""","","Wed Aug 27 10:40:05 GMT 2025","passed","Wed Aug 27 10:40:13 GMT 2025","","List. Checking the basic functions for the Money in the widget List","application.Samples.List.MoneyOnListTest","readonly"
"The test sets a value with the wrong data type in several fields for different widgets. After approval, it checks the text under the field, which informs about the correctness of the type of data entered","45690","Required Message validation test for multiple fields","","Wed Aug 27 10:38:18 GMT 2025","passed","Wed Aug 27 10:39:03 GMT 2025","","List. Checking the basic functions for the Text in the widget List","application.Samples.List.TextOnListTest","fieldLevelValidation"
"Info Widget is always read-only","8253","A test to check the field for ""Read-only""","","Wed Aug 27 10:20:29 GMT 2025","passed","Wed Aug 27 10:20:38 GMT 2025","","Info. Checking the basic functions for the MultiValue","application.Samples.Info.MultiValueOnInfoTest","readonly"
"The test sets several values in the field, then checks the list with the expected value.","21299","A test for setting multiple values in a field","","Wed Aug 27 10:57:59 GMT 2025","passed","Wed Aug 27 10:58:20 GMT 2025","","Form. Checking the basic functions for the MultiValue in the widget Form","application.Samples.Form.MultiValueOnFormTest","test_set"
"The test checks for the disabled attribute","10738","A test to check the field for ""Read-only""","","Wed Aug 27 10:47:50 GMT 2025","passed","Wed Aug 27 10:48:01 GMT 2025","","Form. Checking the basic functions for the Time","application.Samples.Form.TimeOnFormTest","readonly"
"DrillDown is not available for InfoWidget.","5691","The DrillDown test","","Wed Aug 27 10:22:10 GMT 2025","passed","Wed Aug 27 10:22:15 GMT 2025","","Info. Checking the basic functions for the Input","application.Samples.Info.InputOnInfoTest","drillDown"
"The test sets the value in the field. After approval, the popup window, the title, the text in it, and the buttons are validated.","29586","Run-time exception validation test","","Wed Aug 27 10:44:38 GMT 2025","passed","Wed Aug 27 10:45:08 GMT 2025","","List. Checking the basic functions for the Money in the widget List","application.Samples.List.MoneyOnListTest","runtimeException"
"The test clears the field and clicks the Save button. Then validates the message that the field is required.","24379","Required Message text Verification field test","","Wed Aug 27 10:43:10 GMT 2025","passed","Wed Aug 27 10:43:34 GMT 2025","","List. Checking the basic functions for the InlinePickList in the widget List","application.Samples.List.InlinePickListOnListTest","required"
"Sorting is not available for the Form widget","5308","Sorting test","","Wed Aug 27 10:46:02 GMT 2025","passed","Wed Aug 27 10:46:08 GMT 2025","","Form. Checking the basic functions for the Input in the widget Form","application.Samples.Form.InputOnFormTest","sorting"
"Checking the url before the transition and after the transition/click on a special element","8488","The DrillDown test","","Wed Aug 27 10:36:11 GMT 2025","passed","Wed Aug 27 10:36:20 GMT 2025","","List. Checking the basic functions for the Text in the widget List","application.Samples.List.TextOnListTest","drillDown"
"The test sets the value in the field, and then checks the value in the field with what should be set.","20370","A test for setting a number with a fractional part in a field","","Wed Aug 27 10:33:07 GMT 2025","passed","Wed Aug 27 10:33:28 GMT 2025","","List. Checking the basic functions for the Percent in the widget List","application.Samples.List.PercentOnListTest","digits"
"Sorting is not available for the Form widget","6974","Sorting test","","Wed Aug 27 10:55:45 GMT 2025","passed","Wed Aug 27 10:55:52 GMT 2025","","Form. Checking the basic functions for the PickList in the widget Form","application.Samples.Form.PickListOnFormTest","sorting"
"The test sets the value in the field, and then checks the value in the field with what should be set","7375","A test for setting a value in a field","","Wed Aug 27 10:53:00 GMT 2025","passed","Wed Aug 27 10:53:07 GMT 2025","","Form. Checking the basic functions for the DateTime in the widget Form","application.Samples.Form.DateTimeOnFormTest","edit"
"Filtering is not available for InfoWidget.","5847","Filtering test","","Wed Aug 27 10:21:34 GMT 2025","passed","Wed Aug 27 10:21:40 GMT 2025","","Info. Checking the basic functions for the Date","application.Samples.Info.DateOnInfoTest","filtration"
"The test checks for the disabled attribute","8567","A test to check the field for ""Read-only""","","Wed Aug 27 10:54:10 GMT 2025","passed","Wed Aug 27 10:54:18 GMT 2025","","Form. Checking the basic functions for the CheckBox","application.Samples.Form.CheckBoxOnFormTest","readonly"
"The test gets the value from the placeholder attribute and returns it in String format","8173","Test for getting the Placeholder value","","Wed Aug 27 10:49:31 GMT 2025","passed","Wed Aug 27 10:49:39 GMT 2025","","Form. Checking the basic functions for the Text in the widget Form","application.Samples.Form.TextOnFormTest","placeholder"
"The test sets one value in the field, then checks the list with the expected value.","27476","A test for setting a single value in a field","","Wed Aug 27 10:57:31 GMT 2025","passed","Wed Aug 27 10:57:59 GMT 2025","","Form. Checking the basic functions for the MultiValue in the widget Form","application.Samples.Form.MultiValueOnFormTest","test_once"
"","9317","The test for getting the value from the field","","Wed Aug 27 10:20:54 GMT 2025","passed","Wed Aug 27 10:21:03 GMT 2025","","Info. Checking the basic functions for the Radio","application.Samples.Info.RadioOnInfoTest","read"
"The test checks the status of one option, whether it is selected or not.","9909","A test to check the status of one option","","Wed Aug 27 10:39:20 GMT 2025","passed","Wed Aug 27 10:39:30 GMT 2025","","List. Checking the basic functions for the MultipleSelect in the widget List","application.Samples.List.MultipleSelectOnListTest","statusOption"
"Filtering is not available for InfoWidget.","7655","Filtering test","","Wed Aug 27 10:18:15 GMT 2025","passed","Wed Aug 27 10:18:23 GMT 2025","","Info. Checking the basic functions for the DateTimeWithSeconds","application.Samples.Info.DateTimeWithSecondsOnInfoTest","filtration"
"The test sets the value in the field. After approval, by clicking on the save button, the popup window, the title, the text in it, and the buttons are validated.","20564","Confirmation Popup Validation Test","","Wed Aug 27 10:34:28 GMT 2025","passed","Wed Aug 27 10:34:48 GMT 2025","","List. Checking the basic functions for the DateTimeWithSeconds in the widget List","application.Samples.List.DateTimeWithSecondsOnListTest","confirm"
"Sorting is not available for InfoWidget.","6467","Sorting test","","Wed Aug 27 10:22:43 GMT 2025","passed","Wed Aug 27 10:22:50 GMT 2025","","Info. Checking the basic functions for the DateTime","application.Samples.Info.DateTimeOnInfoTest","sorting"
"","11158","Filtering test","","Wed Aug 27 10:38:15 GMT 2025","passed","Wed Aug 27 10:38:26 GMT 2025","","List. Checking the basic functions for the MultiField in the widget List","application.Samples.List.MultiFieldOnListTest","filtration"
"Sorting is not available for the Form widget","11434","Sorting test","","Wed Aug 27 10:50:09 GMT 2025","passed","Wed Aug 27 10:50:21 GMT 2025","","Form. Checking the basic functions for the Suggestion PickList in the widget Form","application.Samples.Form.SuggestionPickListOnFormTest","sorting"
"The test gets the value from the style attribute in RGB format, and then converts it to Hex format","7567","A test to get the field color value in Hex format","","Wed Aug 27 10:26:42 GMT 2025","passed","Wed Aug 27 10:26:50 GMT 2025","","List. Checking the basic functions for the FileUpload in the widget List","application.Samples.List.FileUploadOnListTest","color"
"The test edit a new field in the admin panel","13031","Test for edit admin value","","Wed Aug 27 10:25:31 GMT 2025","passed","Wed Aug 27 10:25:44 GMT 2025","","Checking the basic functions for the Dictionary administration panel","application.Samples.DictionaryAdministrationTest","edit"
"Checking the url before the transition and after the transition/click on a special element","5482","The DrillDown test","","Wed Aug 27 10:52:21 GMT 2025","passed","Wed Aug 27 10:52:27 GMT 2025","","Form. Checking the basic functions for the DateTime in the widget Form","application.Samples.Form.DateTimeOnFormTest","drillDown"
"","9426","setValueGetValue()","","Wed Aug 27 10:25:08 GMT 2025","passed","Wed Aug 27 10:25:17 GMT 2025","","List. Checking the basic functions for the FileUpload in the widget List","application.Samples.List.FileUploadOnListTest","setValueGetValue"
"Info Widget is always read-only","9256","A test to check the field for ""Read-only""","","Wed Aug 27 10:23:25 GMT 2025","passed","Wed Aug 27 10:23:34 GMT 2025","","Info. Checking the basic functions for the CheckBox","application.Samples.Info.CheckboxOnInfoTest","readonly"
"The test gets the value from the placeholder attribute and returns it in String format","7233","Test for getting the Placeholder value","","Wed Aug 27 11:00:17 GMT 2025","passed","Wed Aug 27 11:00:24 GMT 2025","","List. Checking the basic functions for the Text in the widget List","application.Samples.List.TextOnListTest","placeholder"
"The test sets the value in the field, and then checks the value in the field with what should be set","11545","A test for setting a value in a field","","Wed Aug 27 10:48:12 GMT 2025","passed","Wed Aug 27 10:48:24 GMT 2025","","Form. Checking the basic functions for the Time","application.Samples.Form.TimeOnFormTest","edit"
"Sorting is not available for the Form widget","8370","Sorting test","","Wed Aug 27 10:51:15 GMT 2025","passed","Wed Aug 27 10:51:24 GMT 2025","","Form. Checking the basic functions for the MultipleSelect in the widget Form","application.Samples.Form.MultipleSelectOnFormTest","sorting"
"DrillDown is not available for InfoWidget.","9209","The DrillDown test","","Wed Aug 27 10:21:11 GMT 2025","passed","Wed Aug 27 10:21:21 GMT 2025","","Info. Checking the basic functions for the Text","application.Samples.Info.TextOnInfoTest","drillDown"
"Sorting is not available for the Form widget","8780","Sorting test","","Wed Aug 27 10:56:10 GMT 2025","passed","Wed Aug 27 10:56:19 GMT 2025","","Form. Checking the basic functions for the Percent in the widget Form","application.Samples.Form.PercentOnFormTest","sorting"
"Filtering by the specified column.","6092","Filtering test","","Wed Aug 27 10:29:05 GMT 2025","passed","Wed Aug 27 10:29:12 GMT 2025","","List. Checking the basic functions for the Input in the widget List","application.Samples.List.InputOnListTest","filtration"
"The test gets the value from the placeholder attribute and returns it in String format","9076","Test for getting the Placeholder value","","Wed Aug 27 10:50:52 GMT 2025","passed","Wed Aug 27 10:51:01 GMT 2025","","Form. Checking the basic functions for the InlinePickList in the widget Form","application.Samples.Form.InlinePickListOnFormTest","placeholder"
"The test gets the value in the field, and then checks the value in the field with what should be.","0","A test for checking a value in a field","","Wed Aug 27 10:26:32 GMT 2025","skipped","Wed Aug 27 10:26:32 GMT 2025","","List. Checking the basic functions for the FileUpload in the widget List","application.Samples.List.FileUploadOnListTest","read"
"The test gets the value from the placeholder attribute and returns it in String format","8453","Test for getting the Placeholder value","","Wed Aug 27 10:50:28 GMT 2025","passed","Wed Aug 27 10:50:36 GMT 2025","","Form. Checking the basic functions for the Radio in the widget Form","application.Samples.Form.RadioOnFormTest","placeholder"
"The test checks the list of buttons","5099","Test getting all widget buttons","","Wed Aug 27 10:47:15 GMT 2025","passed","Wed Aug 27 10:47:20 GMT 2025","","Form. Checking the basic functions for the Input in the widget Form","application.Samples.Form.InputOnFormTest","getButtons"
"Checking the url before the transition and after the transition/click on a special element","6230","The DrillDown test","","Wed Aug 27 10:51:36 GMT 2025","passed","Wed Aug 27 10:51:42 GMT 2025","","Form. Checking the basic functions for the NumberDigits in the widget Form","application.Samples.Form.NumberDigitsOnFormTest","drillDown"
"The test sets the value in the field. After approval, the popup window, the title, the text in it, and the buttons are validated","8881","Run-time exception validation test","","Wed Aug 27 10:56:53 GMT 2025","passed","Wed Aug 27 10:57:02 GMT 2025","","Form. Checking the basic functions for the PickList in the widget Form","application.Samples.Form.PickListOnFormTest","runtimeException"
"The test checks for the disabled attribute","7684","A test to check the field for ""Read-only""","","Wed Aug 27 10:51:49 GMT 2025","passed","Wed Aug 27 10:51:57 GMT 2025","","Form. Checking the basic functions for the MultipleSelect in the widget Form","application.Samples.Form.MultipleSelectOnFormTest","readonly"
"The test gets the value from the placeholder attribute and returns it in String format","10308","Test for getting the Placeholder value","","Wed Aug 27 10:41:21 GMT 2025","passed","Wed Aug 27 10:41:31 GMT 2025","","List. Checking the basic functions for the SuggestionPickList in the widget List","application.Samples.List.SuggestionPickListOnListTest","placeholder"
