"DESCRIPTION","DURATION IN MS","NAME","PARENT SUITE","START TIME","STATUS","STOP TIME","SUB SUITE","SUITE","TEST CLASS","TEST METHOD"
"Sorting is not available for InfoWidget.","5919","Sorting test","","Fri Nov 28 13:58:12 UTC 2025","passed","Fri Nov 28 13:58:18 UTC 2025","","Info. Checking the basic functions for the Number","application.Samples.Info.NumberOnInfoTest","sorting"
"The test sets the value in the field. After approval, by clicking on the save button, the popup window, the title, the text in it, and the buttons are validated","7929","Confirmation Popup Validation Test","","Fri Nov 28 14:03:20 UTC 2025","passed","Fri Nov 28 14:03:28 UTC 2025","","Form. Checking the basic functions for the Date in the widget Form","application.Samples.Form.DateOnFormTest","confirm"
"Filtering is not available for the Form widget","11541","Filtering test","","Fri Nov 28 14:01:39 UTC 2025","passed","Fri Nov 28 14:01:50 UTC 2025","","Form. Checking the basic functions for the Suggestion PickList in the widget Form","application.Samples.Form.SuggestionPickListOnFormTest","filtration"
"The test gets the value in the field, and then checks the value in the field with what should be.","0","A test for checking a value in a field","","Fri Nov 28 13:46:54 UTC 2025","skipped","Fri Nov 28 13:46:54 UTC 2025","","List. Checking the basic functions for the FileUpload in the widget List","application.Samples.List.FileUploadOnListTest","read"
"The InfoWidget doesn't have a Placeholder.","4624","Test for getting the Placeholder value","","Fri Nov 28 13:54:24 UTC 2025","passed","Fri Nov 28 13:54:29 UTC 2025","","Info. Checking the basic functions for the Input","application.Samples.Info.InputOnInfoTest","placeholder"
"The test checks for the disabled attribute","8276","A test to check the field for ""Read-only""","","Fri Nov 28 14:04:01 UTC 2025","passed","Fri Nov 28 14:04:09 UTC 2025","","Form. Checking the basic functions for the CheckBox","application.Samples.Form.CheckBoxOnFormTest","readonly"
"The test gets the value from the placeholder attribute and returns it in String format","5740","Test for getting the Placeholder value","","Fri Nov 28 14:04:42 UTC 2025","passed","Fri Nov 28 14:04:47 UTC 2025","","Form. Checking the basic functions for the DateTimeWithSeconds in the widget Form","application.Samples.Form.DateTimeWithSecondsOnFormTest","placeholder"
"Checking the url before the transition and after the transition/click on a special element","6935","The DrillDown test","","Fri Nov 28 13:45:56 UTC 2025","passed","Fri Nov 28 13:46:03 UTC 2025","","List. Checking the basic functions for the FileUpload in the widget List","application.Samples.List.FileUploadOnListTest","drillDown"
"The test sets a value with the wrong data type in several fields for different widgets. After approval, it checks the text under the field, which informs about the correctness of the type of data entered","8536","Required Message validation test for multiple fields","","Fri Nov 28 14:02:31 UTC 2025","passed","Fri Nov 28 14:02:40 UTC 2025","","Form. Checking the basic functions for the Money in the widget Form","application.Samples.Form.MoneyOnFormTest","fieldLevelValidation"
"The test sets the value with the wrong data type in the field. After approval, it checks the text under the field, which informs about the correctness of the type of data entered","10111","Required Message validation test for one field","","Fri Nov 28 13:59:35 UTC 2025","passed","Fri Nov 28 13:59:45 UTC 2025","","Form. Checking the basic functions for the Text in the widget Form","application.Samples.Form.TextOnFormTest","fieldLevelValidationAnnotation"
"Filtering is not available for InfoWidget.","8248","Filtering test","","Fri Nov 28 13:56:50 UTC 2025","passed","Fri Nov 28 13:56:58 UTC 2025","","Info. Checking the basic functions for the Radio","application.Samples.Info.RadioOnInfoTest","filtration"
"The test sets a value with the wrong data type in several fields for different widgets. After approval, it checks the text under the field, which informs about the correctness of the type of data entered","45856","Required Message validation test for multiple fields","","Fri Nov 28 13:35:49 UTC 2025","passed","Fri Nov 28 13:36:35 UTC 2025","","List. Checking the basic functions for the Radio in the widget List","application.Samples.List.RadioOnListTest","fieldLevelValidation"
"","7446","The test for getting the value from the field","","Fri Nov 28 14:13:25 UTC 2025","passed","Fri Nov 28 14:13:32 UTC 2025","","Info. Checking the basic functions for the MultiplySelect","application.Samples.Info.MultipleSelectOnInfoTest","read"
"The test gets the value from the style attribute in RGB format, and then converts it to Hex format","5536","A test to get the field color value in Hex format","","Fri Nov 28 13:40:14 UTC 2025","passed","Fri Nov 28 13:40:20 UTC 2025","","List. Checking the basic functions for the Input in the widget List","application.Samples.List.InputOnListTest","color"
"Sorting by the specified column.","17567","Sorting test","","Fri Nov 28 13:48:25 UTC 2025","passed","Fri Nov 28 13:48:42 UTC 2025","","List. Checking the basic functions for the Date in the widget List","application.Samples.List.DateOnListTest","sorting"
"The test checks for the disabled attribute.","6515","A test to check the field for ""Read-only""","","Fri Nov 28 13:41:12 UTC 2025","passed","Fri Nov 28 13:41:19 UTC 2025","","List. Checking the basic functions for the MultiValue in the widget List","application.Samples.List.MultiValueOnListTest","readonly"
"Drill Down is not available for InfoWidget.","4343","The DrillDown test","","Fri Nov 28 13:55:04 UTC 2025","passed","Fri Nov 28 13:55:09 UTC 2025","","Info. Checking the basic functions for the Hint","application.Samples.Info.HintOnInfoTest","drillDown"
"The test sets the value in the field. After approval, the popup window, the title, the text in it, and the buttons are validated.","10149","Business Exception Validation Test","","Fri Nov 28 13:45:43 UTC 2025","passed","Fri Nov 28 13:45:53 UTC 2025","","List. Checking the basic functions for the Text in the widget List","application.Samples.List.TextOnListTest","businessException"
"The test sets the value in the field. After approval, the popup window, the title, the text in it, and the buttons are validated.","6886","Run-time exception validation test","","Fri Nov 28 13:41:42 UTC 2025","passed","Fri Nov 28 13:41:49 UTC 2025","","List. Checking the basic functions for the Input in the widget List","application.Samples.List.InputOnListTest","runtimeException"
"Info Widget is always read-only","4351","A test to check the field for ""Read-only""","","Fri Nov 28 13:55:13 UTC 2025","passed","Fri Nov 28 13:55:18 UTC 2025","","Info. Checking the basic functions for the Hint","application.Samples.Info.HintOnInfoTest","readonly"
"The test sets the value in the field. After approval, by clicking on the save button, the popup window, the title, the text in it, and the buttons are validated.","9034","Confirmation Popup Validation Test","","Fri Nov 28 13:47:33 UTC 2025","passed","Fri Nov 28 13:47:42 UTC 2025","","List. Checking the basic functions for the FileUpload in the widget List","application.Samples.List.FileUploadOnListTest","confirm"
"Filtering is not available for the Form widget","8279","Filtering test","","Fri Nov 28 14:03:52 UTC 2025","passed","Fri Nov 28 14:04:01 UTC 2025","","Form. Checking the basic functions for the CheckBox","application.Samples.Form.CheckBoxOnFormTest","filtration"
"Info Widget is always read-only","8499","A test to check the field for ""Read-only""","","Fri Nov 28 13:54:52 UTC 2025","passed","Fri Nov 28 13:55:01 UTC 2025","","Info. Checking the basic functions for the CheckBox","application.Samples.Info.CheckboxOnInfoTest","readonly"
"The test gets the value from the style attribute in RGB format, and then converts it to Hex format","8529","A test to get the field color value in Hex format","","Fri Nov 28 13:56:15 UTC 2025","passed","Fri Nov 28 13:56:23 UTC 2025","","Info. Checking the basic functions for the Percent","application.Samples.Info.PercentOnInfoTest","color"
"The test sets several values in the field, then checks the list with the expected value.","22422","A test for setting multiple values in a field","","Fri Nov 28 14:07:55 UTC 2025","passed","Fri Nov 28 14:08:17 UTC 2025","","Form. Checking the basic functions for the MultiValue in the widget Form","application.Samples.Form.MultiValueOnFormTest","test_set"
"The test sets the value in the field, and then checks the value in the field with what should be set","10951","A test for setting a value in a field","","Fri Nov 28 14:03:55 UTC 2025","passed","Fri Nov 28 14:04:06 UTC 2025","","Form. Checking the basic functions for the InlinePickList in the widget Form","application.Samples.Form.InlinePickListOnFormTest","edit"
"The test clears the field and clicks the Save button. Then validates the message that the field is required","10051","Required Message text Verification field test","","Fri Nov 28 14:06:30 UTC 2025","passed","Fri Nov 28 14:06:40 UTC 2025","","Form. Checking the basic functions for the Dictionary in the widget Form","application.Samples.Form.DictionaryOnFormTest","required"
"The test gets the value from the style attribute in RGB format, and then converts it to Hex format","9352","A test to get the field color value in Hex format","","Fri Nov 28 13:43:04 UTC 2025","passed","Fri Nov 28 13:43:13 UTC 2025","","List. Checking the basic functions for the CheckBox","application.Samples.List.CheckBoxOnListTest","color"
"The test gets the value from the placeholder attribute and returns it in String format","8961","Test for getting the Placeholder value","","Fri Nov 28 13:43:24 UTC 2025","passed","Fri Nov 28 13:43:33 UTC 2025","","List. Checking the basic functions for the CheckBox","application.Samples.List.CheckBoxOnListTest","placeholder"
"The test sets the value in the field, and then checks the value in the field with what should be set","5685","A test for setting a value in a field","","Fri Nov 28 14:06:14 UTC 2025","passed","Fri Nov 28 14:06:20 UTC 2025","","Form. Checking the basic functions for the Input in the widget Form","application.Samples.Form.InputOnFormTest","edit"
"Sorting by the specified column.","14658","Sorting test","","Fri Nov 28 13:38:34 UTC 2025","passed","Fri Nov 28 13:38:49 UTC 2025","","List. Checking the basic functions for the Input in the widget List","application.Samples.List.InputOnListTest","sorting"
"Info Widget is always read-only","5389","A test to check the field for ""Read-only""","","Fri Nov 28 13:58:40 UTC 2025","passed","Fri Nov 28 13:58:45 UTC 2025","","Info. Checking the basic functions for the DateTimeWithSeconds","application.Samples.Info.DateTimeWithSecondsOnInfoTest","readonly"
"Filtering by the specified column.","8819","Filtering test","","Fri Nov 28 13:47:54 UTC 2025","passed","Fri Nov 28 13:48:03 UTC 2025","","List. Checking the basic functions for the InlinePickList in the widget List","application.Samples.List.InlinePickListOnListTest","filtration"
"The test sets the value with the wrong data type in the field. After approval, it checks the text under the field, which informs about the correctness of the type of data entered.","33948","Required Message validation test for one field","","Fri Nov 28 13:48:12 UTC 2025","passed","Fri Nov 28 13:48:46 UTC 2025","","List. Checking the basic functions for the InlinePickList in the widget List","application.Samples.List.InlinePickListOnListTest","fieldLevelValidationAnnotation"
"Checking the url before the transition and after the transition/click on a special element","10294","The DrillDown test","","Fri Nov 28 14:14:07 UTC 2025","failed","Fri Nov 28 14:14:17 UTC 2025","","List. Checking the basic functions for the Percent in the widget List","application.Samples.List.PercentOnListTest","drillDown"
"The test sets the value in the field, and then checks the value in the field with what should be set.","6679","A test for setting a number with a fractional part in a field","","Fri Nov 28 13:35:56 UTC 2025","passed","Fri Nov 28 13:36:03 UTC 2025","","List. Checking the basic functions for the Number in the widget List","application.Samples.List.NumberOnListTest","digits"
"Sorting by the specified column.","9612","Sorting test","","Fri Nov 28 13:36:46 UTC 2025","passed","Fri Nov 28 13:36:56 UTC 2025","","List. Checking the basic functions for the Money in the widget List","application.Samples.List.MoneyOnListTest","sorting"
"The test delete a field in the admin panel","12275","Test for deleting admin value","","Fri Nov 28 14:00:40 UTC 2025","passed","Fri Nov 28 14:00:53 UTC 2025","","Checking the basic functions for the Dictionary administration panel","application.Samples.DictionaryAdministrationTest","delete"
"","6109","The test for getting the value from the field","","Fri Nov 28 13:58:42 UTC 2025","passed","Fri Nov 28 13:58:48 UTC 2025","","Info. Checking the basic functions for the Number","application.Samples.Info.NumberOnInfoTest","read"
"The test clears the field and clicks the Save button. Then validates the message that the field is required.","27434","Required Message text Verification field test","","Fri Nov 28 13:34:02 UTC 2025","passed","Fri Nov 28 13:34:29 UTC 2025","","List. Checking the basic functions for the SuggestionPickList in the widget List","application.Samples.List.SuggestionPickListOnListTest","required"
"The test sets the value in the field. After approval, by clicking on the save button, the popup window, the title, the text in it, and the buttons are validated","10055","Confirmation Popup Validation Test","","Fri Nov 28 14:10:12 UTC 2025","passed","Fri Nov 28 14:10:22 UTC 2025","","Form. Checking the basic functions for the Percent in the widget Form","application.Samples.Form.PercentOnFormTest","confirm"
"A test to get the value from the field. Hint is always read-only, so it is impossible to set the value.","6541","A test to check the value in a field","","Fri Nov 28 13:42:41 UTC 2025","passed","Fri Nov 28 13:42:47 UTC 2025","","List. Checking the basic functions for the Hint in the widget List","application.Samples.List.HintOnListTest","edit"
"The test checks for the disabled attribute.","10956","A test to check the field for ""Read-only""","","Fri Nov 28 13:33:48 UTC 2025","passed","Fri Nov 28 13:33:59 UTC 2025","","List. Checking the basic functions for the Radio in the widget List","application.Samples.List.RadioOnListTest","readonly"
"Filtering by the specified column.","7874","Filtering test","","Fri Nov 28 13:52:24 UTC 2025","passed","Fri Nov 28 13:52:32 UTC 2025","","List. Checking the basic functions for the DateTime in the widget List","application.Samples.List.DateTimeOnListTest","filtration"
"","4348","getTypeColumn()","","Fri Nov 28 13:41:49 UTC 2025","passed","Fri Nov 28 13:41:54 UTC 2025","","List. Checking the basic functions for the Input in the widget List","application.Samples.List.InputOnListTest","getTypeColumn"
"The test sets the value with the wrong data type in the field. After approval, it checks the text under the field, which informs about the correctness of the type of data entered.","11622","Required Message validation test for one field","","Fri Nov 28 13:52:01 UTC 2025","passed","Fri Nov 28 13:52:13 UTC 2025","","List. Checking the basic functions for the Dictionary in the widget List","application.Samples.List.DictionaryOnListTest","fieldLevelValidationAnnotation"
"The test sets the value in the field. After approval, the popup window, the title, the text in it, and the buttons are validated.","9489","Business Exception Validation Test","","Fri Nov 28 13:46:35 UTC 2025","passed","Fri Nov 28 13:46:45 UTC 2025","","List. Checking the basic functions for the FileUpload in the widget List","application.Samples.List.FileUploadOnListTest","businessException"
"The InfoWidget doesn't have a Placeholder.","7764","Test for getting the Placeholder value","","Fri Nov 28 13:59:24 UTC 2025","passed","Fri Nov 28 13:59:32 UTC 2025","","Info. Checking the basic functions for the Text","application.Samples.Info.TextOnInfoTest","placeholder"
"The transition/Redirect is not available","5086","The DrillDown test","","Fri Nov 28 14:05:12 UTC 2025","passed","Fri Nov 28 14:05:17 UTC 2025","","Form. Checking the basic functions for the Hint in the widget Form","application.Samples.Form.HintOnFormTest","drillDown"
"The test sets the value with the wrong data type in the field. After approval, it checks the text under the field, which informs about the correctness of the type of data entered","7446","Required Message validation test for one field","","Fri Nov 28 14:11:08 UTC 2025","passed","Fri Nov 28 14:11:16 UTC 2025","","Form. Checking the basic functions for the FileUpload in the widget Form","application.Samples.Form.FileUploadOnFormTest","fieldLevelValidationAnnotation"
"DrillDown is not available for InfoWidget.","8157","The DrillDown test","","Fri Nov 28 13:56:42 UTC 2025","passed","Fri Nov 28 13:56:50 UTC 2025","","Info. Checking the basic functions for the Radio","application.Samples.Info.RadioOnInfoTest","drillDown"
"DrillDown is not available for InfoWidget.","5561","The DrillDown test","","Fri Nov 28 13:56:37 UTC 2025","passed","Fri Nov 28 13:56:43 UTC 2025","","Info. Checking the basic functions for the Date","application.Samples.Info.DateOnInfoTest","drillDown"
"The test sets the value in the field. After approval, by clicking on the save button, the popup window, the title, the text in it, and the buttons are validated","10892","Confirmation Popup Validation Test","","Fri Nov 28 14:07:30 UTC 2025","passed","Fri Nov 28 14:07:40 UTC 2025","","Form. Checking the basic functions for the Dictionary in the widget Form","application.Samples.Form.DictionaryOnFormTest","confirm"
"","5039","The test for getting the value from the field","","Fri Nov 28 13:57:30 UTC 2025","passed","Fri Nov 28 13:57:35 UTC 2025","","Info. Checking the basic functions for the DateTime","application.Samples.Info.DateTimeOnInfoTest","read"
"The test sets the value in the field, and then checks the value in the field with what should be set.","23661","A test for setting a number with a fractional part in a field","","Fri Nov 28 13:34:05 UTC 2025","passed","Fri Nov 28 13:34:28 UTC 2025","","List. Checking the basic functions for the Percent in the widget List","application.Samples.List.PercentOnListTest","digits"
"The test sets the value in the field, and then checks the value in the field with what should be set.","8710","A test for setting a value in a field","","Fri Nov 28 13:46:45 UTC 2025","passed","Fri Nov 28 13:46:54 UTC 2025","","List. Checking the basic functions for the FileUpload in the widget List","application.Samples.List.FileUploadOnListTest","edit"
"The transition/Redirect is not available","6733","The DrillDown test","","Fri Nov 28 13:42:21 UTC 2025","passed","Fri Nov 28 13:42:28 UTC 2025","","List. Checking the basic functions for the Hint in the widget List","application.Samples.List.HintOnListTest","drillDown"
"Filtering is not available for the Form widget","4639","Filtering test","","Fri Nov 28 14:05:47 UTC 2025","passed","Fri Nov 28 14:05:51 UTC 2025","","Form. Checking the basic functions for the Input in the widget Form","application.Samples.Form.InputOnFormTest","filtration"
"The test check icon's name from the drop-down list ","9467","A test for checking the icon","","Fri Nov 28 13:52:50 UTC 2025","passed","Fri Nov 28 13:53:00 UTC 2025","","List. Checking the basic functions for the Dictionary in the widget List","application.Samples.List.DictionaryOnListTest","icon"
"The test sets the value in the field. After approval, the popup window, the title, the text in it, and the buttons are validated","9888","Business Exception Validation Test","","Fri Nov 28 14:04:28 UTC 2025","passed","Fri Nov 28 14:04:38 UTC 2025","","Form. Checking the basic functions for the CheckBox","application.Samples.Form.CheckBoxOnFormTest","businessException"
"Sorting is not available for InfoWidget.","7464","Sorting test","","Fri Nov 28 13:57:30 UTC 2025","passed","Fri Nov 28 13:57:38 UTC 2025","","Info. Checking the basic functions for the MultiplySelect","application.Samples.Info.MultipleSelectOnInfoTest","sorting"
"DrillDown is not available for InfoWidget.","6004","The DrillDown test","","Fri Nov 28 13:58:29 UTC 2025","passed","Fri Nov 28 13:58:35 UTC 2025","","Info. Checking the basic functions for the DateTimeWithSeconds","application.Samples.Info.DateTimeWithSecondsOnInfoTest","drillDown"
"Sorting is not available for InfoWidget.","5958","Sorting test","","Fri Nov 28 13:54:11 UTC 2025","passed","Fri Nov 28 13:54:17 UTC 2025","","Info. Checking the basic functions for the MultiValueHover","application.Samples.Info.MultiValueHoverOnInfoTest","sorting"
"The test clears the field and clicks the Save button. Then validates the message that the field is required","9255","Required Message text Verification field test","","Fri Nov 28 14:09:26 UTC 2025","passed","Fri Nov 28 14:09:35 UTC 2025","","Form. Checking the basic functions for the Percent in the widget Form","application.Samples.Form.PercentOnFormTest","required"
"Checking the url before the transition and after the transition/click on a special element","5851","The DrillDown test","","Fri Nov 28 13:59:45 UTC 2025","passed","Fri Nov 28 13:59:51 UTC 2025","","Form. Checking the basic functions for the Number in the widget Form","application.Samples.Form.NumberOnFormTest","drillDown"
"The test sets the value in the field. After approval, the popup window, the title, the text in it, and the buttons are validated","12059","Run-time exception validation test","","Fri Nov 28 14:12:21 UTC 2025","passed","Fri Nov 28 14:12:33 UTC 2025","","Form. Checking the basic functions for the FileUpload in the widget Form","application.Samples.Form.FileUploadOnFormTest","runtimeException"
"The test gets the value from the style attribute in RGB format, and then converts it to Hex format","8041","A test to get the field color value in Hex format","","Fri Nov 28 13:57:14 UTC 2025","passed","Fri Nov 28 13:57:22 UTC 2025","","Info. Checking the basic functions for the Radio","application.Samples.Info.RadioOnInfoTest","color"
"Drill Down is not available for InfoWidget.","6813","The DrillDown test","","Fri Nov 28 13:57:55 UTC 2025","passed","Fri Nov 28 13:58:02 UTC 2025","","Info. Checking the basic functions for the MultiValue","application.Samples.Info.MultiValueOnInfoTest","drillDown"
"The test sets the value in the field. After approval, the popup window, the title, the text in it, and the buttons are validated","8543","Run-time exception validation test","","Fri Nov 28 14:11:00 UTC 2025","passed","Fri Nov 28 14:11:08 UTC 2025","","Form. Checking the basic functions for the MultipleSelect in the widget Form","application.Samples.Form.MultipleSelectOnFormTest","runtimeException"
"The test checks for the disabled attribute.","8048","A test to check the field for ""Read-only""","","Fri Nov 28 13:37:21 UTC 2025","passed","Fri Nov 28 13:37:29 UTC 2025","","List. Checking the basic functions for the Money in the widget List","application.Samples.List.MoneyOnListTest","readonly"
"The test sets the value in the field. After approval, the popup window, the title, the text in it, and the buttons are validated.","17516","Business Exception Validation Test","","Fri Nov 28 13:49:52 UTC 2025","passed","Fri Nov 28 13:50:09 UTC 2025","","List. Checking the basic functions for the Date in the widget List","application.Samples.List.DateOnListTest","businessException"
"The test sets the characters in the field, and then returns a list of values that match or contain characters","13645","Character Matching test","","Fri Nov 28 14:04:15 UTC 2025","passed","Fri Nov 28 14:04:28 UTC 2025","","Form. Checking the basic functions for the InlinePickList in the widget Form","application.Samples.Form.InlinePickListOnFormTest","valuesInList"
"The test sets the value in the field. After approval, by clicking on the save button, the popup window, the title, the text in it, and the buttons are validated.","11608","Confirmation Popup Validation Test","","Fri Nov 28 13:53:20 UTC 2025","passed","Fri Nov 28 13:53:32 UTC 2025","","List. Checking the basic functions for the Dictionary in the widget List","application.Samples.List.DictionaryOnListTest","confirm"
"The test gets the value from the style attribute in RGB format, and then converts it to Hex format","6148","A test to get the field color value in Hex format","","Fri Nov 28 13:56:37 UTC 2025","passed","Fri Nov 28 13:56:43 UTC 2025","","Info. Checking the basic functions for the Money","application.Samples.Info.MoneyOnInfoTest","color"
"The test checks for the disabled attribute","6582","A test to check the field for ""Read-only""","","Fri Nov 28 14:11:02 UTC 2025","passed","Fri Nov 28 14:11:08 UTC 2025","","Form. Checking the basic functions for the FileUpload in the widget Form","application.Samples.Form.FileUploadOnFormTest","readonly"
"The InfoWidget doesn't have a Placeholder.","7346","Test for getting the Placeholder value","","Fri Nov 28 13:54:52 UTC 2025","passed","Fri Nov 28 13:55:00 UTC 2025","","Info. Checking the basic functions for the MultiValueHover","application.Samples.Info.MultiValueHoverOnInfoTest","placeholder"
"Sorting is not available for the Form widget","5391","Sorting test","","Fri Nov 28 14:02:11 UTC 2025","passed","Fri Nov 28 14:02:17 UTC 2025","","Form. Checking the basic functions for the Date in the widget Form","application.Samples.Form.DateOnFormTest","sorting"
"Filtering by the specified column.","11501","Filtering test","","Fri Nov 28 13:34:28 UTC 2025","passed","Fri Nov 28 13:34:40 UTC 2025","","List. Checking the basic functions for the Percent in the widget List","application.Samples.List.PercentOnListTest","filtration"
"The test clears the field and clicks the Save button. Then validates the message that the field is required","7690","Required Message text Verification field test","","Fri Nov 28 14:07:19 UTC 2025","passed","Fri Nov 28 14:07:27 UTC 2025","","Form. Checking the basic functions for the PickList in the widget Form","application.Samples.Form.PickListOnFormTest","required"
"The test gets the value from the placeholder attribute and returns it in String format","9444","Test for getting the Placeholder value","","Fri Nov 28 14:07:20 UTC 2025","passed","Fri Nov 28 14:07:30 UTC 2025","","Form. Checking the basic functions for the Dictionary in the widget Form","application.Samples.Form.DictionaryOnFormTest","placeholder"
"The test sets the value in the field via Popup using a unique id, and then checks the value in the field with what needs to be set.","35766","A test for setting a value in a field","","Fri Nov 28 13:34:29 UTC 2025","passed","Fri Nov 28 13:35:05 UTC 2025","","List. Checking the basic functions for the SuggestionPickList in the widget List","application.Samples.List.SuggestionPickListOnListTest","edit"
"Checking the url before the transition and after the transition/click on a special element","9153","The DrillDown test","","Fri Nov 28 14:14:22 UTC 2025","failed","Fri Nov 28 14:14:32 UTC 2025","","List. Checking the basic functions for the Text in the widget List","application.Samples.List.TextOnListTest","drillDown"
"The test sets the value with the wrong data type in the field. After approval, it checks the text under the field, which informs about the correctness of the type of data entered","7980","Required Message validation test for one field","","Fri Nov 28 14:09:34 UTC 2025","passed","Fri Nov 28 14:09:42 UTC 2025","","Form. Checking the basic functions for the MultipleSelect in the widget Form","application.Samples.Form.MultipleSelectOnFormTest","fieldLevelValidationAnnotation"
"The test sets the value in the field. After approval, the popup window, the title, the text in it, and the buttons are validated.","24494","Business Exception Validation Test","","Fri Nov 28 13:35:45 UTC 2025","passed","Fri Nov 28 13:36:10 UTC 2025","","List. Checking the basic functions for the Percent in the widget List","application.Samples.List.PercentOnListTest","businessException"
"The test gets the value from the style attribute in RGB format, and then converts it to Hex format","8070","A test to get the field color value in Hex format","","Fri Nov 28 14:00:13 UTC 2025","passed","Fri Nov 28 14:00:22 UTC 2025","","Form. Checking the basic functions for the Text in the widget Form","application.Samples.Form.TextOnFormTest","color"
"InfoWidget does not have a Hex field color for this type.","7664","A test to get the field color value in Hex format","","Fri Nov 28 13:55:08 UTC 2025","passed","Fri Nov 28 13:55:16 UTC 2025","","Info. Checking the basic functions for the CheckBox","application.Samples.Info.CheckboxOnInfoTest","color"
"The test clear the value in the field , and then checks the value in the field, it must be null.","8243","A test for checking the possibility of an empty field","","Fri Nov 28 13:35:40 UTC 2025","passed","Fri Nov 28 13:35:48 UTC 2025","","List. Checking the basic functions for the Number in the widget List","application.Samples.List.NumberOnListTest","nullable"
"Sorting is not available for the Form widget","5483","Sorting test","","Fri Nov 28 14:03:45 UTC 2025","passed","Fri Nov 28 14:03:50 UTC 2025","","Form. Checking the basic functions for the DateTimeWithSeconds in the widget Form","application.Samples.Form.DateTimeWithSecondsOnFormTest","sorting"
"Checking the url before the transition and after the transition/click on a special element","7740","The DrillDown test","","Fri Nov 28 14:14:36 UTC 2025","failed","Fri Nov 28 14:14:44 UTC 2025","","List. Checking the basic functions for the Money in the widget List","application.Samples.List.MoneyOnListTest","drillDown"
"The test gets the value from the placeholder attribute and returns it in String format","6403","Test for getting the Placeholder value","","Fri Nov 28 13:37:32 UTC 2025","passed","Fri Nov 28 13:37:38 UTC 2025","","List. Checking the basic functions for the Number in the widget List","application.Samples.List.NumberOnListTest","placeholder"
"The test sets the value in the field. After approval, by clicking on the save button, the popup window, the title, the text in it, and the buttons are validated","8166","Confirmation Popup Validation Test","","Fri Nov 28 14:02:23 UTC 2025","passed","Fri Nov 28 14:02:31 UTC 2025","","Form. Checking the basic functions for the Money in the widget Form","application.Samples.Form.MoneyOnFormTest","confirm"
"The test gets the value from the placeholder attribute and returns it in String format","5953","Test for getting the Placeholder value","","Fri Nov 28 13:40:47 UTC 2025","passed","Fri Nov 28 13:40:53 UTC 2025","","List. Checking the basic functions for the Input in the widget List","application.Samples.List.InputOnListTest","placeholder"
"Filtering is not available for InfoWidget.","6266","Filtering test","","Fri Nov 28 13:56:19 UTC 2025","passed","Fri Nov 28 13:56:25 UTC 2025","","Info. Checking the basic functions for the Money","application.Samples.Info.MoneyOnInfoTest","filtration"
"The test sets a value with the wrong data type in several fields for different widgets. After approval, it checks the text under the field, which informs about the correctness of the type of data entered","7681","Required Message validation test for multiple fields","","Fri Nov 28 14:10:29 UTC 2025","passed","Fri Nov 28 14:10:37 UTC 2025","","Form. Checking the basic functions for the MultiValue in the widget Form","application.Samples.Form.MultiValueOnFormTest","fieldLevelValidation"
"The test gets the value from the placeholder attribute and returns it in String format","6985","Test for getting the Placeholder value","","Fri Nov 28 14:07:43 UTC 2025","passed","Fri Nov 28 14:07:50 UTC 2025","","Form. Checking the basic functions for the PickList in the widget Form","application.Samples.Form.PickListOnFormTest","placeholder"
"The test sets the value in the field. After approval, the popup window, the title, the text in it, and the buttons are validated.","18825","Business Exception Validation Test","","Fri Nov 28 13:53:30 UTC 2025","passed","Fri Nov 28 13:53:49 UTC 2025","","List. Checking the basic functions for the DateTime in the widget List","application.Samples.List.DateTimeOnListTest","businessException"
"The test sets the value in the field. After approval, the popup window, the title, the text in it, and the buttons are validated.","11316","Run-time exception validation test","","Fri Nov 28 13:38:33 UTC 2025","passed","Fri Nov 28 13:38:44 UTC 2025","","List. Checking the basic functions for the Percent in the widget List","application.Samples.List.PercentOnListTest","runtimeException"
"The test sets the value in the field. After approval, by clicking on the save button, the popup window, the title, the text in it, and the buttons are validated.","19882","Confirmation Popup Validation Test","","Fri Nov 28 13:50:51 UTC 2025","passed","Fri Nov 28 13:51:11 UTC 2025","","List. Checking the basic functions for the Date in the widget List","application.Samples.List.DateOnListTest","confirm"
"The test sets the value in the field, and then checks the value in the field with what should be set.","29452","A test for setting a value in a field","","Fri Nov 28 13:53:49 UTC 2025","passed","Fri Nov 28 13:54:18 UTC 2025","","List. Checking the basic functions for the DateTime in the widget List","application.Samples.List.DateTimeOnListTest","edit"
"The test sets the value in the field, and then checks the value in the field with what should be set","7228","A test for setting a value in a field","","Fri Nov 28 14:03:02 UTC 2025","passed","Fri Nov 28 14:03:09 UTC 2025","","Form. Checking the basic functions for the Date in the widget Form","application.Samples.Form.DateOnFormTest","edit"
"Checking the url before the transition and after the transition/click on a special element","6568","The DrillDown test","","Fri Nov 28 14:01:14 UTC 2025","passed","Fri Nov 28 14:01:21 UTC 2025","","Form. Checking the basic functions for the Money in the widget Form","application.Samples.Form.MoneyOnFormTest","drillDown"
"Sorting is not available for the Form widget","11938","Sorting test","","Fri Nov 28 14:01:15 UTC 2025","passed","Fri Nov 28 14:01:27 UTC 2025","","Form. Checking the basic functions for the Suggestion PickList in the widget Form","application.Samples.Form.SuggestionPickListOnFormTest","sorting"
"The test sets a value with the wrong data type in several fields for different widgets. After approval, it checks the text under the field, which informs about the correctness of the type of data entered","33747","Required Message validation test for multiple fields","","Fri Nov 28 13:43:18 UTC 2025","passed","Fri Nov 28 13:43:52 UTC 2025","","List. Checking the basic functions for the MultiValue in the widget List","application.Samples.List.MultiValueOnListTest","fieldLevelValidation"
"Filtering by the specified column.","7485","Filtering test","","Fri Nov 28 13:48:28 UTC 2025","passed","Fri Nov 28 13:48:36 UTC 2025","","List. Checking the basic functions for the PickList in the widget List","application.Samples.List.PickListOnListTest","filtration"
"The test gets the value from the placeholder attribute and returns it in String format","6163","Test for getting the Placeholder value","","Fri Nov 28 14:00:45 UTC 2025","passed","Fri Nov 28 14:00:51 UTC 2025","","Form. Checking the basic functions for the Number in the widget Form","application.Samples.Form.NumberOnFormTest","placeholder"
"Sorting is not available for InfoWidget.","4565","Sorting test","","Fri Nov 28 13:55:00 UTC 2025","passed","Fri Nov 28 13:55:04 UTC 2025","","Info. Checking the basic functions for the Hint","application.Samples.Info.HintOnInfoTest","sorting"
"The test gets the value from the style attribute in RGB format, and then converts it to Hex format","7017","A test to get the field color value in Hex format","","Fri Nov 28 13:58:23 UTC 2025","passed","Fri Nov 28 13:58:30 UTC 2025","","Info. Checking the basic functions for the MultiValue","application.Samples.Info.MultiValueOnInfoTest","color"
"","9377","The test for getting the value from the field","","Fri Nov 28 13:56:05 UTC 2025","passed","Fri Nov 28 13:56:15 UTC 2025","","Info. Checking the basic functions for the Dictionary","application.Samples.Info.DictionaryOnInfoTest","read"
"The test checks for the disabled attribute.","7286","A test to check the field for ""Read-only""","","Fri Nov 28 13:49:13 UTC 2025","passed","Fri Nov 28 13:49:21 UTC 2025","","List. Checking the basic functions for the PickList in the widget List","application.Samples.List.PickListOnListTest","readonly"
"The test sets the value in the field. After approval, the popup window, the title, the text in it, and the buttons are validated","7783","Business Exception Validation Test","","Fri Nov 28 14:04:21 UTC 2025","passed","Fri Nov 28 14:04:28 UTC 2025","","Form. Checking the basic functions for the DateTimeWithSeconds in the widget Form","application.Samples.Form.DateTimeWithSecondsOnFormTest","businessException"
"The test clears the field and clicks the Save button. Then validates the message that the field is required.","19556","Required Message text Verification field test","","Fri Nov 28 13:36:36 UTC 2025","passed","Fri Nov 28 13:36:56 UTC 2025","","List. Checking the basic functions for the Number in the widget List","application.Samples.List.NumberOnListTest","required"
"The test sets the value in the field. After approval, by clicking on the save button, the popup window, the title, the text in it, and the buttons are validated.","22519","Confirmation Popup Validation Test","","Fri Nov 28 13:50:18 UTC 2025","passed","Fri Nov 28 13:50:41 UTC 2025","","List. Checking the basic functions for the InlinePickList in the widget List","application.Samples.List.InlinePickListOnListTest","confirm"
"The test sets the value in the field, and then checks the value in the field with what should be set.","27877","A test for setting a value in a field","","Fri Nov 28 13:50:09 UTC 2025","passed","Fri Nov 28 13:50:37 UTC 2025","","List. Checking the basic functions for the Date in the widget List","application.Samples.List.DateOnListTest","edit"
"DrillDown is not available for InfoWidget.","5867","The DrillDown test","","Fri Nov 28 13:53:16 UTC 2025","passed","Fri Nov 28 13:53:22 UTC 2025","","Info. Checking the basic functions for the FileUp","application.Samples.Info.FileUploadOnInfoTest","drillDown"
"The test sets a value with the wrong data type in several fields for different widgets. After approval, it checks the text under the field, which informs about the correctness of the type of data entered","82339","Required Message validation test for multiple fields","","Fri Nov 28 13:40:28 UTC 2025","passed","Fri Nov 28 13:41:51 UTC 2025","","List. Checking the basic functions for the Money in the widget List","application.Samples.List.MoneyOnListTest","fieldLevelValidation"
"The test sets the value in the field. After approval, by clicking on the save button, the popup window, the title, the text in it, and the buttons are validated.","7118","Confirmation Popup Validation Test","","Fri Nov 28 13:37:38 UTC 2025","passed","Fri Nov 28 13:37:45 UTC 2025","","List. Checking the basic functions for the Number in the widget List","application.Samples.List.NumberOnListTest","confirm"
"Sorting is not available for the Form widget","6723","Sorting test","","Fri Nov 28 14:06:59 UTC 2025","passed","Fri Nov 28 14:07:06 UTC 2025","","Form. Checking the basic functions for the PickList in the widget Form","application.Samples.Form.PickListOnFormTest","sorting"
"","9240","A test to get a value for a multifield","","Fri Nov 28 14:08:47 UTC 2025","passed","Fri Nov 28 14:08:56 UTC 2025","","Form. Checking the basic functions for the MultiField in the widget Form","application.Samples.Form.MultiFieldOnFormTest","getValues2"
"The test checks for the disabled attribute","9274","A test to check the field for ""Read-only""","","Fri Nov 28 14:06:10 UTC 2025","passed","Fri Nov 28 14:06:20 UTC 2025","","Form. Checking the basic functions for the Dictionary in the widget Form","application.Samples.Form.DictionaryOnFormTest","readonly"
"","6804","The test for getting the value from the field","","Fri Nov 28 13:54:39 UTC 2025","passed","Fri Nov 28 13:54:46 UTC 2025","","Info. Checking the basic functions for the MultiValueHover","application.Samples.Info.MultiValueHoverOnInfoTest","read"
"Filtering by the specified column.","6912","Filtering test","","Fri Nov 28 13:42:28 UTC 2025","passed","Fri Nov 28 13:42:35 UTC 2025","","List. Checking the basic functions for the Hint in the widget List","application.Samples.List.HintOnListTest","filtration"
"The test sets the value in the field. After approval, the popup window, the title, the text in it, and the buttons are validated.","20460","Business Exception Validation Test","","Fri Nov 28 13:49:09 UTC 2025","passed","Fri Nov 28 13:49:29 UTC 2025","","List. Checking the basic functions for the InlinePickList in the widget List","application.Samples.List.InlinePickListOnListTest","businessException"
"Getting the field color is not available","7218","A test to get the field color value in Hex format","","Fri Nov 28 14:11:00 UTC 2025","passed","Fri Nov 28 14:11:07 UTC 2025","","Form. Checking the basic functions for the MultiValueHover in the widget Form","application.Samples.Form.MultiValueHoverOnFormTest","color"
"The test sets the value in the field. After approval, the popup window, the title, the text in it, and the buttons are validated","9959","Run-time exception validation test","","Fri Nov 28 14:00:51 UTC 2025","passed","Fri Nov 28 14:01:01 UTC 2025","","Form. Checking the basic functions for the Text in the widget Form","application.Samples.Form.TextOnFormTest","runtimeException"
"Sorting by the specified column.","21216","Sorting test","","Fri Nov 28 14:13:00 UTC 2025","passed","Fri Nov 28 14:13:21 UTC 2025","","List. Checking the basic functions for the SuggestionPickList in the widget List","application.Samples.List.SuggestionPickListOnListTest","sorting"
"The test checks the list of options that the method returns, with the expected result","9302","Test to get a list of options","","Fri Nov 28 14:09:11 UTC 2025","passed","Fri Nov 28 14:09:20 UTC 2025","","Form. Checking the basic functions for the MultipleSelect in the widget Form","application.Samples.Form.MultipleSelectOnFormTest","getListOptions"
"The test clears the field and clicks the Save button. Then validates the message that the field is required","7306","Required Message text Verification field test","","Fri Nov 28 14:11:16 UTC 2025","passed","Fri Nov 28 14:11:23 UTC 2025","","Form. Checking the basic functions for the FileUpload in the widget Form","application.Samples.Form.FileUploadOnFormTest","required"
"","9045","setValueGetValue()","","Fri Nov 28 13:45:47 UTC 2025","passed","Fri Nov 28 13:45:56 UTC 2025","","List. Checking the basic functions for the FileUpload in the widget List","application.Samples.List.FileUploadOnListTest","setValueGetValue"
"The InfoWidget doesn't have a Placeholder.","6121","Test for getting the Placeholder value","","Fri Nov 28 13:56:49 UTC 2025","passed","Fri Nov 28 13:56:56 UTC 2025","","Info. Checking the basic functions for the Money","application.Samples.Info.MoneyOnInfoTest","placeholder"
"The test gets the value from the placeholder attribute and returns it in String format","8472","Test for getting the Placeholder value","","Fri Nov 28 14:10:03 UTC 2025","passed","Fri Nov 28 14:10:12 UTC 2025","","Form. Checking the basic functions for the Percent in the widget Form","application.Samples.Form.PercentOnFormTest","placeholder"
"The test gets the value from the style attribute in RGB format, and then converts it to Hex format","7774","A test to get the field color value in Hex format","","Fri Nov 28 13:40:01 UTC 2025","passed","Fri Nov 28 13:40:09 UTC 2025","","List. Checking the basic functions for the MultipleSelect in the widget List","application.Samples.List.MultipleSelectOnListTest","color"
"The Hint field type is always read-only","7152","A test to check the field for ""Read-only""","","Fri Nov 28 14:10:45 UTC 2025","passed","Fri Nov 28 14:10:53 UTC 2025","","Form. Checking the basic functions for the MultiValueHover in the widget Form","application.Samples.Form.MultiValueHoverOnFormTest","readonly"
"The test gets the value from the style attribute in RGB format, and then converts it to Hex format","9165","A test to get the field color value in Hex format","","Fri Nov 28 14:04:06 UTC 2025","passed","Fri Nov 28 14:04:15 UTC 2025","","Form. Checking the basic functions for the InlinePickList in the widget Form","application.Samples.Form.InlinePickListOnFormTest","color"
"The test gets the value in the field, and then checks the value in the field with what should be.","5992","A test for checking a value in a field","","Fri Nov 28 13:42:47 UTC 2025","passed","Fri Nov 28 13:42:53 UTC 2025","","List. Checking the basic functions for the Hint in the widget List","application.Samples.List.HintOnListTest","read"
"The test gets the value from the style attribute in RGB format, and then converts it to Hex format","10375","A test to get the field color value in Hex format","","Fri Nov 28 13:36:41 UTC 2025","passed","Fri Nov 28 13:36:51 UTC 2025","","List. Checking the basic functions for the Percent in the widget List","application.Samples.List.PercentOnListTest","color"
"The test sets a value with the wrong data type in several fields for different widgets. After approval, it checks the text under the field, which informs about the correctness of the type of data entered","12904","Required Message validation test for multiple fields","","Fri Nov 28 13:43:44 UTC 2025","passed","Fri Nov 28 13:43:56 UTC 2025","","List. Checking the basic functions for the CheckBox","application.Samples.List.CheckBoxOnListTest","fieldLevelValidation"
"The test gets the value from the style attribute in RGB format, and then converts it to Hex format","9130","A test to get the field color value in Hex format","","Fri Nov 28 13:53:00 UTC 2025","passed","Fri Nov 28 13:53:09 UTC 2025","","List. Checking the basic functions for the Dictionary in the widget List","application.Samples.List.DictionaryOnListTest","color"
"The test gets the value from the style attribute in RGB format, and then converts it to Hex format","8776","A test to get the field color value in Hex format","","Fri Nov 28 13:34:56 UTC 2025","passed","Fri Nov 28 13:35:05 UTC 2025","","List. Checking the basic functions for the Radio in the widget List","application.Samples.List.RadioOnListTest","color"
"A test to get the value from the field. MultiValueHover is always read-only, so it is impossible to set the value.","8950","A test for setting a value in a field","","Fri Nov 28 13:44:23 UTC 2025","passed","Fri Nov 28 13:44:32 UTC 2025","","List. Checking the basic functions for the MultiValueHover in the widget List","application.Samples.List.MultiValueHoverOnListTest","edit"
"The test sets the value with the wrong data type in the field. After approval, it checks the text under the field, which informs about the correctness of the type of data entered.","40849","Required Message validation test for one field","","Fri Nov 28 13:37:29 UTC 2025","passed","Fri Nov 28 13:38:10 UTC 2025","","List. Checking the basic functions for the Money in the widget List","application.Samples.List.MoneyOnListTest","fieldLevelValidationAnnotation"
"The test checks for the disabled attribute","4557","A test to check the field for ""Read-only""","","Fri Nov 28 14:05:51 UTC 2025","passed","Fri Nov 28 14:05:56 UTC 2025","","Form. Checking the basic functions for the Input in the widget Form","application.Samples.Form.InputOnFormTest","readonly"
"Sorting is not available for InfoWidget.","5382","Sorting test","","Fri Nov 28 13:56:32 UTC 2025","passed","Fri Nov 28 13:56:37 UTC 2025","","Info. Checking the basic functions for the Date","application.Samples.Info.DateOnInfoTest","sorting"
"The test sets the value in the field. After approval, the popup window, the title, the text in it, and the buttons are validated.","9902","Business Exception Validation Test","","Fri Nov 28 13:42:44 UTC 2025","passed","Fri Nov 28 13:42:54 UTC 2025","","List. Checking the basic functions for the CheckBox","application.Samples.List.CheckBoxOnListTest","businessException"
"","8087","The test for getting the value from the field","","Fri Nov 28 13:57:06 UTC 2025","passed","Fri Nov 28 13:57:14 UTC 2025","","Info. Checking the basic functions for the Radio","application.Samples.Info.RadioOnInfoTest","read"
"Filtering is not available for InfoWidget.","6942","Filtering test","","Fri Nov 28 13:52:38 UTC 2025","passed","Fri Nov 28 13:52:45 UTC 2025","","Info. Checking the basic functions for the PickList","application.Samples.Info.PickListOnInfoTest","filtration"
"Checking the url before the transition and after the transition/click on a special element","6979","The DrillDown test","","Fri Nov 28 14:07:12 UTC 2025","passed","Fri Nov 28 14:07:19 UTC 2025","","Form. Checking the basic functions for the MultiValue in the widget Form","application.Samples.Form.MultiValueOnFormTest","drillDown"
"The test gets the value in the field, and then checks the value in the field with what should be.","0","A test for checking a value in a field","","Fri Nov 28 13:44:32 UTC 2025","skipped","Fri Nov 28 13:44:32 UTC 2025","","List. Checking the basic functions for the MultiValueHover in the widget List","application.Samples.List.MultiValueHoverOnListTest","read"
"The test gets the value from the placeholder attribute and returns it in String format","7719","Test for getting the Placeholder value","","Fri Nov 28 14:10:17 UTC 2025","passed","Fri Nov 28 14:10:25 UTC 2025","","Form. Checking the basic functions for the MultipleSelect in the widget Form","application.Samples.Form.MultipleSelectOnFormTest","placeholder"
"The test sets the value with the wrong data type in the field. After approval, it checks the text under the field, which informs about the correctness of the type of data entered","9927","Required Message validation test for one field","","Fri Nov 28 14:04:09 UTC 2025","passed","Fri Nov 28 14:04:19 UTC 2025","","Form. Checking the basic functions for the CheckBox","application.Samples.Form.CheckBoxOnFormTest","fieldLevelValidationAnnotation"
"The test sets a value with the wrong data type in several fields for different widgets. After approval, it checks the text under the field, which informs about the correctness of the type of data entered","8777","Required Message validation test for multiple fields","","Fri Nov 28 14:00:59 UTC 2025","passed","Fri Nov 28 14:01:08 UTC 2025","","Form. Checking the basic functions for the Number in the widget Form","application.Samples.Form.NumberOnFormTest","fieldLevelValidation"
"Filtering is not available for the Form widget","9134","Filtering test","","Fri Nov 28 14:06:01 UTC 2025","passed","Fri Nov 28 14:06:10 UTC 2025","","Form. Checking the basic functions for the Dictionary in the widget Form","application.Samples.Form.DictionaryOnFormTest","filtration"
"DrillDown is not available for InfoWidget.","8179","The DrillDown test","","Fri Nov 28 13:58:44 UTC 2025","passed","Fri Nov 28 13:58:53 UTC 2025","","Info. Checking the basic functions for the Text","application.Samples.Info.TextOnInfoTest","drillDown"
"The test sets the value with the wrong data type in the field. After approval, it checks the text under the field, which informs about the correctness of the type of data entered","7679","Required Message validation test for one field","","Fri Nov 28 14:11:37 UTC 2025","passed","Fri Nov 28 14:11:45 UTC 2025","","Form. Checking the basic functions for the DateTime in the widget Form","application.Samples.Form.DateTimeOnFormTest","fieldLevelValidationAnnotation"
"The test sets the value in the field. After approval, by clicking on the save button, the popup window, the title, the text in it, and the buttons are validated","10240","Confirmation Popup Validation Test","","Fri Nov 28 14:05:03 UTC 2025","passed","Fri Nov 28 14:05:13 UTC 2025","","Form. Checking the basic functions for the CheckBox","application.Samples.Form.CheckBoxOnFormTest","confirm"
"The test sets the value in the field. After approval, by clicking on the save button, the popup window, the title, the text in it, and the buttons are validated.","19916","Confirmation Popup Validation Test","","Fri Nov 28 13:46:53 UTC 2025","passed","Fri Nov 28 13:47:13 UTC 2025","","List. Checking the basic functions for the DateTimeWithSeconds in the widget List","application.Samples.List.DateTimeWithSecondsOnListTest","confirm"
"The test sets the value in the field, and then checks the value in the field with what should be set","23299","A test for setting a value in a field","","Fri Nov 28 13:44:39 UTC 2025","passed","Fri Nov 28 13:45:02 UTC 2025","","List. Checking the basic functions for the Time","application.Samples.List.TimeOnListTest","edit2"
"The test sets the value in the field, and then checks the value in the field with what should be set","6968","A test for setting a value in a field","","Fri Nov 28 14:11:58 UTC 2025","passed","Fri Nov 28 14:12:05 UTC 2025","","Form. Checking the basic functions for the DateTime in the widget Form","application.Samples.Form.DateTimeOnFormTest","edit"
"The test sets the value in the field. After approval, by clicking on the save button, the popup window, the title, the text in it, and the buttons are validated","7605","Confirmation Popup Validation Test","","Fri Nov 28 14:12:05 UTC 2025","passed","Fri Nov 28 14:12:13 UTC 2025","","Form. Checking the basic functions for the FileUpload in the widget Form","application.Samples.Form.FileUploadOnFormTest","confirm"
"The InfoWidget doesn't have a Placeholder.","6070","Test for getting the Placeholder value","","Fri Nov 28 13:53:52 UTC 2025","passed","Fri Nov 28 13:53:58 UTC 2025","","Info. Checking the basic functions for the FileUp","application.Samples.Info.FileUploadOnInfoTest","placeholder"
"Filtering is not available for the Form widget","6549","Filtering test","","Fri Nov 28 14:07:13 UTC 2025","passed","Fri Nov 28 14:07:19 UTC 2025","","Form. Checking the basic functions for the PickList in the widget Form","application.Samples.Form.PickListOnFormTest","filtration"
"The test gets the value from the placeholder attribute and returns it in String format","6969","Test for getting the Placeholder value","","Fri Nov 28 13:50:44 UTC 2025","passed","Fri Nov 28 13:50:51 UTC 2025","","List. Checking the basic functions for the Date in the widget List","application.Samples.List.DateOnListTest","placeholder"
"The test gets the value from the style attribute in RGB format, and then converts it to Hex format","8001","A test to get the field color value in Hex format","","Fri Nov 28 13:50:46 UTC 2025","passed","Fri Nov 28 13:50:54 UTC 2025","","List. Checking the basic functions for the PickList in the widget List","application.Samples.List.PickListOnListTest","color"
"The test clears the field and clicks the Save button. Then validates the message that the field is required","5788","Required Message text Verification field test","","Fri Nov 28 14:11:45 UTC 2025","passed","Fri Nov 28 14:11:51 UTC 2025","","Form. Checking the basic functions for the DateTime in the widget Form","application.Samples.Form.DateTimeOnFormTest","required"
"The test checks the creation and deletion in the dictionary and the result of this work on another screen.","28427","Test region at Form","","Fri Nov 28 13:59:27 UTC 2025","passed","Fri Nov 28 13:59:56 UTC 2025","","Checking the basic functions for the Dictionary administration panel","application.Samples.DictionaryAdministrationTest","regionsForm"
"The test sets the value in the field, and then checks the value in the field with what should be set","7437","A test for setting a value in a field","","Fri Nov 28 14:04:28 UTC 2025","passed","Fri Nov 28 14:04:36 UTC 2025","","Form. Checking the basic functions for the DateTimeWithSeconds in the widget Form","application.Samples.Form.DateTimeWithSecondsOnFormTest","edit"
"Checking the url before the transition and after the transition/click on a special element","10049","The DrillDown test","","Fri Nov 28 14:11:15 UTC 2025","passed","Fri Nov 28 14:11:25 UTC 2025","","Form. Checking the basic functions for the Time","application.Samples.Form.TimeOnFormTest","drillDown"
"The test sets the value in the field, and then checks the value in the field with what should be set","11742","A test for setting a value in a field","","Fri Nov 28 14:11:52 UTC 2025","passed","Fri Nov 28 14:12:03 UTC 2025","","Form. Checking the basic functions for the Time","application.Samples.Form.TimeOnFormTest","edit"
"The test gets the value from the style attribute in RGB format, and then converts it to Hex format","5182","A test to get the field color value in Hex format","","Fri Nov 28 13:56:59 UTC 2025","passed","Fri Nov 28 13:57:04 UTC 2025","","Info. Checking the basic functions for the Date","application.Samples.Info.DateOnInfoTest","color"
"The test gets the value from the placeholder attribute and returns it in String format","7948","Test for getting the Placeholder value","","Fri Nov 28 14:06:19 UTC 2025","passed","Fri Nov 28 14:06:27 UTC 2025","","Form. Checking the basic functions for the Radio in the widget Form","application.Samples.Form.RadioOnFormTest","placeholder"
"The test gets the value from the placeholder attribute and returns it in String format","5096","Test for getting the Placeholder value","","Fri Nov 28 14:12:10 UTC 2025","passed","Fri Nov 28 14:12:15 UTC 2025","","Form. Checking the basic functions for the DateTime in the widget Form","application.Samples.Form.DateTimeOnFormTest","placeholder"
"Filtering is not available for the Form widget","5709","Filtering test","","Fri Nov 28 14:08:07 UTC 2025","passed","Fri Nov 28 14:08:13 UTC 2025","","Form. Checking the basic functions for the NumberDigits in the widget Form","application.Samples.Form.NumberDigitsOnFormTest","filtration"
"The test checks the list of options that the method returns, with the expected result.","11882","Test to get a list of options","","Fri Nov 28 13:38:52 UTC 2025","passed","Fri Nov 28 13:39:04 UTC 2025","","List. Checking the basic functions for the MultipleSelect in the widget List","application.Samples.List.MultipleSelectOnListTest","getListOptions"
"The test sets the value in the field. After approval, by clicking on the save button, the popup window, the title, the text in it, and the buttons are validated.","19202","Confirmation Popup Validation Test","","Fri Nov 28 13:51:01 UTC 2025","passed","Fri Nov 28 13:51:20 UTC 2025","","List. Checking the basic functions for the PickList in the widget List","application.Samples.List.PickListOnListTest","confirm"
"Filtering is not available for InfoWidget.","8010","Filtering test","","Fri Nov 28 13:55:40 UTC 2025","passed","Fri Nov 28 13:55:48 UTC 2025","","Info. Checking the basic functions for the Dictionary","application.Samples.Info.DictionaryOnInfoTest","filtration"
"The test sets the value with the wrong data type in the field. After approval, it checks the text under the field, which informs about the correctness of the type of data entered.","9230","Required Message validation test for one field","","Fri Nov 28 13:39:20 UTC 2025","passed","Fri Nov 28 13:39:29 UTC 2025","","List. Checking the basic functions for the MultipleSelect in the widget List","application.Samples.List.MultipleSelectOnListTest","fieldLevelValidationAnnotation"
"The test sets the value with the wrong data type in the field. After approval, it checks the text under the field, which informs about the correctness of the type of data entered.","12438","Required Message validation test for one field","","Fri Nov 28 13:42:32 UTC 2025","passed","Fri Nov 28 13:42:44 UTC 2025","","List. Checking the basic functions for the CheckBox","application.Samples.List.CheckBoxOnListTest","fieldLevelValidationAnnotation"
"Checking the url before the transition and after the transition/click on a special element","9552","The DrillDown test","","Fri Nov 28 14:05:42 UTC 2025","passed","Fri Nov 28 14:05:52 UTC 2025","","Form. Checking the basic functions for the Dictionary in the widget Form","application.Samples.Form.DictionaryOnFormTest","drillDown"
"Checking the url before the transition and after the transition/click on a special element","8384","The DrillDown test","","Fri Nov 28 14:03:44 UTC 2025","passed","Fri Nov 28 14:03:52 UTC 2025","","Form. Checking the basic functions for the CheckBox","application.Samples.Form.CheckBoxOnFormTest","drillDown"
"The test gets the value from the style attribute in RGB format, and then converts it to Hex format","9428","A test to get the field color value in Hex format","","Fri Nov 28 13:56:15 UTC 2025","passed","Fri Nov 28 13:56:24 UTC 2025","","Info. Checking the basic functions for the Dictionary","application.Samples.Info.DictionaryOnInfoTest","color"
"The test sets the value in the field. After approval, the popup window, the title, the text in it, and the buttons are validated.","30091","Run-time exception validation test","","Fri Nov 28 13:41:51 UTC 2025","passed","Fri Nov 28 13:42:21 UTC 2025","","List. Checking the basic functions for the Money in the widget List","application.Samples.List.MoneyOnListTest","runtimeException"
"Sorting by the specified column.","16857","Sorting test","","Fri Nov 28 13:52:01 UTC 2025","passed","Fri Nov 28 13:52:18 UTC 2025","","List. Checking the basic functions for the DateTime in the widget List","application.Samples.List.DateTimeOnListTest","sorting"
"The Hint field type is always read-only","6363","A test to check the field for ""Read-only""","","Fri Nov 28 13:42:35 UTC 2025","passed","Fri Nov 28 13:42:41 UTC 2025","","List. Checking the basic functions for the Hint in the widget List","application.Samples.List.HintOnListTest","readonly"
"The test sets a value with the wrong data type in several fields for different widgets. After approval, it checks the text under the field, which informs about the correctness of the type of data entered","65377","Required Message validation test for multiple fields","","Fri Nov 28 13:54:52 UTC 2025","passed","Fri Nov 28 13:55:58 UTC 2025","","List. Checking the basic functions for the DateTime in the widget List","application.Samples.List.DateTimeOnListTest","fieldLevelValidation"
"The test sets the value in the field via Popup using a unique id, and then checks the value in the field with what needs to be set","13133","A test for setting a value in a field","","Fri Nov 28 14:02:29 UTC 2025","passed","Fri Nov 28 14:02:42 UTC 2025","","Form. Checking the basic functions for the Suggestion PickList in the widget Form","application.Samples.Form.SuggestionPickListOnFormTest","edit"
"Тест устанавливает значение в поле, а после проверяет значение в поле с тем, что должно быть установлено. Предварительной очистки поля нет","10975","A test for setting a value in a field","","Fri Nov 28 13:39:50 UTC 2025","passed","Fri Nov 28 13:40:01 UTC 2025","","List. Checking the basic functions for the MultipleSelect in the widget List","application.Samples.List.MultipleSelectOnListTest","edit"
"The test sets the value with the wrong data type in the field. After approval, it checks the text under the field, which informs about the correctness of the type of data entered.","19703","Required Message validation test for one field","","Fri Nov 28 13:49:21 UTC 2025","passed","Fri Nov 28 13:49:40 UTC 2025","","List. Checking the basic functions for the PickList in the widget List","application.Samples.List.PickListOnListTest","fieldLevelValidationAnnotation"
"The test sets the value to false in the field, and then checks the value in the field with what should be set.","9668","A test for setting a value in a field","","Fri Nov 28 13:42:54 UTC 2025","passed","Fri Nov 28 13:43:04 UTC 2025","","List. Checking the basic functions for the CheckBox","application.Samples.List.CheckBoxOnListTest","edit"
"","6180","Test to get the name of the downloaded file","","Fri Nov 28 13:54:05 UTC 2025","passed","Fri Nov 28 13:54:11 UTC 2025","","Info. Checking the basic functions for the FileUp","application.Samples.Info.FileUploadOnInfoTest","getFileName"
"The test sets the value in the field, and then checks the value in the field with what should be set","9440","A test for setting a value in a field","","Fri Nov 28 14:09:45 UTC 2025","passed","Fri Nov 28 14:09:55 UTC 2025","","Form. Checking the basic functions for the Percent in the widget Form","application.Samples.Form.PercentOnFormTest","edit"
"The Hint field type is always read-only","4980","A test to check the field for ""Read-only""","","Fri Nov 28 14:05:22 UTC 2025","passed","Fri Nov 28 14:05:27 UTC 2025","","Form. Checking the basic functions for the Hint in the widget Form","application.Samples.Form.HintOnFormTest","readonly"
"The test sets the value in the field, and then checks the value in the field with what should be set","10677","A test for setting a value in a field","","Fri Nov 28 14:06:50 UTC 2025","passed","Fri Nov 28 14:07:01 UTC 2025","","Form. Checking the basic functions for the Dictionary in the widget Form","application.Samples.Form.DictionaryOnFormTest","edit"
"Filtering is not available for the Form widget","4890","Filtering test","","Fri Nov 28 14:05:17 UTC 2025","passed","Fri Nov 28 14:05:22 UTC 2025","","Form. Checking the basic functions for the Hint in the widget Form","application.Samples.Form.HintOnFormTest","filtration"
"Sorting is not available for the Form widget","8881","Sorting test","","Fri Nov 28 14:02:47 UTC 2025","passed","Fri Nov 28 14:02:56 UTC 2025","","Form. Checking the basic functions for the InlinePickList in the widget Form","application.Samples.Form.InlinePickListOnFormTest","sorting"
"","8999","A test to get a value for a multifield hint","","Fri Nov 28 14:08:38 UTC 2025","passed","Fri Nov 28 14:08:47 UTC 2025","","Form. Checking the basic functions for the MultiField in the widget Form","application.Samples.Form.MultiFieldOnFormTest","getValues"
"Sorting is not available for the Form widget","7208","Sorting test","","Fri Nov 28 14:08:56 UTC 2025","passed","Fri Nov 28 14:09:04 UTC 2025","","Form. Checking the basic functions for the MultipleSelect in the widget Form","application.Samples.Form.MultipleSelectOnFormTest","sorting"
"Filtering is not available for the Form widget","5382","Filtering test","","Fri Nov 28 14:03:56 UTC 2025","passed","Fri Nov 28 14:04:01 UTC 2025","","Form. Checking the basic functions for the DateTimeWithSeconds in the widget Form","application.Samples.Form.DateTimeWithSecondsOnFormTest","filtration"
"Test check max input at the field","26824","Max input test","","Fri Nov 28 13:40:20 UTC 2025","passed","Fri Nov 28 13:40:47 UTC 2025","","List. Checking the basic functions for the Input in the widget List","application.Samples.List.InputOnListTest","maxInput"
"Info Widget is always read-only","8203","A test to check the field for ""Read-only""","","Fri Nov 28 13:56:58 UTC 2025","passed","Fri Nov 28 13:57:06 UTC 2025","","Info. Checking the basic functions for the Radio","application.Samples.Info.RadioOnInfoTest","readonly"
"","8786","The test for getting the value from the field","","Fri Nov 28 13:56:06 UTC 2025","passed","Fri Nov 28 13:56:15 UTC 2025","","Info. Checking the basic functions for the Percent","application.Samples.Info.PercentOnInfoTest","read"
"The test sets the value in the field. After approval, the popup window, the title, the text in it, and the buttons are validated.","11967","Business Exception Validation Test","","Fri Nov 28 13:52:27 UTC 2025","passed","Fri Nov 28 13:52:39 UTC 2025","","List. Checking the basic functions for the Dictionary in the widget List","application.Samples.List.DictionaryOnListTest","businessException"
"Getting a Placeholder is not available","7163","Test for getting the Placeholder value","","Fri Nov 28 14:11:07 UTC 2025","passed","Fri Nov 28 14:11:15 UTC 2025","","Form. Checking the basic functions for the MultiValueHover in the widget Form","application.Samples.Form.MultiValueHoverOnFormTest","placeholder"
"The test sets the value in the field. After approval, by clicking on the save button, the popup window, the title, the text in it, and the buttons are validated.","11454","Confirmation Popup Validation Test","","Fri Nov 28 13:43:07 UTC 2025","passed","Fri Nov 28 13:43:18 UTC 2025","","List. Checking the basic functions for the MultiValue in the widget List","application.Samples.List.MultiValueOnListTest","confirm"
"The test checks for the disabled attribute.","7543","A test to check the field for ""Read-only""","","Fri Nov 28 13:46:09 UTC 2025","passed","Fri Nov 28 13:46:17 UTC 2025","","List. Checking the basic functions for the FileUpload in the widget List","application.Samples.List.FileUploadOnListTest","readonly"
"Checking the url before the transition and after the transition/click on a special element","4761","The DrillDown test","","Fri Nov 28 14:14:55 UTC 2025","failed","Fri Nov 28 14:15:00 UTC 2025","","List. Checking the basic functions for the Input in the widget List","application.Samples.List.InputOnListTest","drillDown"
"The test sets the value in the field. After approval, the popup window, the title, the text in it, and the buttons are validated.","9816","Run-time exception validation test","","Fri Nov 28 13:52:15 UTC 2025","passed","Fri Nov 28 13:52:25 UTC 2025","","List. Checking the basic functions for the Date in the widget List","application.Samples.List.DateOnListTest","runtimeException"
"The test gets the value from the style attribute in RGB format, and then converts it to Hex format","5030","A test to get the field color value in Hex format","","Fri Nov 28 13:57:35 UTC 2025","passed","Fri Nov 28 13:57:40 UTC 2025","","Info. Checking the basic functions for the DateTime","application.Samples.Info.DateTimeOnInfoTest","color"
"Info Widget is always read-only","5864","A test to check the field for ""Read-only""","","Fri Nov 28 13:53:34 UTC 2025","passed","Fri Nov 28 13:53:40 UTC 2025","","Info. Checking the basic functions for the FileUp","application.Samples.Info.FileUploadOnInfoTest","readonly"
"","19382","test_2()","","Fri Nov 28 13:48:54 UTC 2025","passed","Fri Nov 28 13:49:13 UTC 2025","","List. Checking the basic functions for the PickList in the widget List","application.Samples.List.PickListOnListTest","test_2"
"Sorting is not available for InfoWidget.","7392","Sorting test","","Fri Nov 28 13:55:27 UTC 2025","passed","Fri Nov 28 13:55:34 UTC 2025","","Info. Checking the basic functions for the Percent","application.Samples.Info.PercentOnInfoTest","sorting"
"The test sets the value in the field. After approval, the popup window, the title, the text in it, and the buttons are validated","8201","Run-time exception validation test","","Fri Nov 28 14:08:06 UTC 2025","passed","Fri Nov 28 14:08:14 UTC 2025","","Form. Checking the basic functions for the PickList in the widget Form","application.Samples.Form.PickListOnFormTest","runtimeException"
"The test gets the value from the placeholder attribute and returns it in String format","8943","Test for getting the Placeholder value","","Fri Nov 28 13:42:58 UTC 2025","passed","Fri Nov 28 13:43:07 UTC 2025","","List. Checking the basic functions for the MultiValue in the widget List","application.Samples.List.MultiValueOnListTest","placeholder"
"The test gets the value from the placeholder attribute and returns it in String format","13364","Test for getting the Placeholder value","","Fri Nov 28 13:35:18 UTC 2025","passed","Fri Nov 28 13:35:31 UTC 2025","","List. Checking the basic functions for the SuggestionPickList in the widget List","application.Samples.List.SuggestionPickListOnListTest","placeholder"
"The test gets the value from the style attribute in RGB format, and then converts it to Hex format","12022","A test to get the field color value in Hex format","","Fri Nov 28 13:44:27 UTC 2025","passed","Fri Nov 28 13:44:39 UTC 2025","","List. Checking the basic functions for the Time","application.Samples.List.TimeOnListTest","color"
"The test sets the value in the field. After approval, the popup window, the title, the text in it, and the buttons are validated","7883","Business Exception Validation Test","","Fri Nov 28 14:00:24 UTC 2025","passed","Fri Nov 28 14:00:31 UTC 2025","","Form. Checking the basic functions for the Number in the widget Form","application.Samples.Form.NumberOnFormTest","businessException"
"The test gets the value from the style attribute in RGB format, and then converts it to Hex format","6212","A test to get the field color value in Hex format","","Fri Nov 28 14:02:03 UTC 2025","passed","Fri Nov 28 14:02:10 UTC 2025","","Form. Checking the basic functions for the Money in the widget Form","application.Samples.Form.MoneyOnFormTest","color"
"Getting the field color is not available","8570","A test to get the field color value in Hex format","","Fri Nov 28 13:44:32 UTC 2025","passed","Fri Nov 28 13:44:40 UTC 2025","","List. Checking the basic functions for the MultiValueHover in the widget List","application.Samples.List.MultiValueHoverOnListTest","color"
"The test sets a value with the wrong data type in several fields for different widgets. After approval, it checks the text under the field, which informs about the correctness of the type of data entered","24932","Required Message validation test for multiple fields","","Fri Nov 28 13:50:41 UTC 2025","passed","Fri Nov 28 13:51:06 UTC 2025","","List. Checking the basic functions for the InlinePickList in the widget List","application.Samples.List.InlinePickListOnListTest","fieldLevelValidation"
"The test sets a value with the wrong data type in several fields for different widgets. After approval, it checks the text under the field, which informs about the correctness of the type of data entered","15217","Required Message validation test for multiple fields","","Fri Nov 28 14:03:07 UTC 2025","passed","Fri Nov 28 14:03:22 UTC 2025","","Form. Checking the basic functions for the Suggestion PickList in the widget Form","application.Samples.Form.SuggestionPickListOnFormTest","fieldLevelValidation"
"The test sets the value in the field via Popup using a unique id, and then checks the value in the field with what needs to be set.","18867","A test for setting a value in a field","","Fri Nov 28 13:50:18 UTC 2025","passed","Fri Nov 28 13:50:37 UTC 2025","","List. Checking the basic functions for the PickList in the widget List","application.Samples.List.PickListOnListTest","edit"
"The test sets a value with the wrong data type in several fields for different widgets. After approval, it checks the text under the field, which informs about the correctness of the type of data entered","10655","Required Message validation test for multiple fields","","Fri Nov 28 14:00:40 UTC 2025","passed","Fri Nov 28 14:00:51 UTC 2025","","Form. Checking the basic functions for the Text in the widget Form","application.Samples.Form.TextOnFormTest","fieldLevelValidation"
"The test checks for the disabled attribute.","6481","A test to check the field for ""Read-only""","","Fri Nov 28 13:52:32 UTC 2025","passed","Fri Nov 28 13:52:39 UTC 2025","","List. Checking the basic functions for the DateTime in the widget List","application.Samples.List.DateTimeOnListTest","readonly"
"The test gets the value in the field, and then checks the value in the field with what should be.","0","A test for checking a value in a field","","Fri Nov 28 13:36:41 UTC 2025","skipped","Fri Nov 28 13:36:41 UTC 2025","","List. Checking the basic functions for the Percent in the widget List","application.Samples.List.PercentOnListTest","read"
"The test clears the field and clicks the Save button. Then validates the message that the field is required.","23150","Required Message text Verification field test","","Fri Nov 28 13:48:46 UTC 2025","passed","Fri Nov 28 13:49:09 UTC 2025","","List. Checking the basic functions for the InlinePickList in the widget List","application.Samples.List.InlinePickListOnListTest","required"
"The test sets the value in the field. After approval, the popup window, the title, the text in it, and the buttons are validated.","7538","Run-time exception validation test","","Fri Nov 28 13:55:58 UTC 2025","passed","Fri Nov 28 13:56:05 UTC 2025","","List. Checking the basic functions for the DateTime in the widget List","application.Samples.List.DateTimeOnListTest","runtimeException"
"The test gets the value from the style attribute in RGB format, and then converts it to Hex format","5282","A test to get the field color value in Hex format","","Fri Nov 28 14:12:05 UTC 2025","passed","Fri Nov 28 14:12:10 UTC 2025","","Form. Checking the basic functions for the DateTime in the widget Form","application.Samples.Form.DateTimeOnFormTest","color"
"The test sets the value in the field. After approval, the popup window, the title, the text in it, and the buttons are validated.","12709","Run-time exception validation test","","Fri Nov 28 13:47:58 UTC 2025","passed","Fri Nov 28 13:48:11 UTC 2025","","List. Checking the basic functions for the FileUpload in the widget List","application.Samples.List.FileUploadOnListTest","runtimeException"
"The test checks the creation and deletion in the dictionary and the result of this work on another screen.","27112","Test filtering at List","","Fri Nov 28 13:59:00 UTC 2025","passed","Fri Nov 28 13:59:27 UTC 2025","","Checking the basic functions for the Dictionary administration panel","application.Samples.DictionaryAdministrationTest","filterList"
"","10587","Filtering test","","Fri Nov 28 13:44:01 UTC 2025","passed","Fri Nov 28 13:44:11 UTC 2025","","List. Checking the basic functions for the MultiField in the widget List","application.Samples.List.MultiFieldOnListTest","filtration"
"The test sets the value in the field, and then checks the value in the field with what should be set","23961","A test for setting a value in a field","","Fri Nov 28 13:44:03 UTC 2025","passed","Fri Nov 28 13:44:27 UTC 2025","","List. Checking the basic functions for the Time","application.Samples.List.TimeOnListTest","edit"
"","5355","The test for getting the value from the field","","Fri Nov 28 13:56:54 UTC 2025","passed","Fri Nov 28 13:56:59 UTC 2025","","Info. Checking the basic functions for the Date","application.Samples.Info.DateOnInfoTest","read"
"The test sets a value with the wrong data type in several fields for different widgets. After approval, it checks the text under the field, which informs about the correctness of the type of data entered","16561","Required Message validation test for multiple fields","","Fri Nov 28 13:47:42 UTC 2025","passed","Fri Nov 28 13:47:58 UTC 2025","","List. Checking the basic functions for the FileUpload in the widget List","application.Samples.List.FileUploadOnListTest","fieldLevelValidation"
"Checking the url before the transition and after the transition/click on a special element","6616","The DrillDown test","","Fri Nov 28 14:07:06 UTC 2025","passed","Fri Nov 28 14:07:13 UTC 2025","","Form. Checking the basic functions for the PickList in the widget Form","application.Samples.Form.PickListOnFormTest","drillDown"
"The test sets the value in the field, and then checks the value in the field with what should be set. The Number Digits class is used for numbers with a fractional part.","10682","A test for entering numbers with a fractional part using the PercentDigits class","","Fri Nov 28 14:08:48 UTC 2025","passed","Fri Nov 28 14:08:59 UTC 2025","","Form. Checking the basic functions for the Percent in the widget Form","application.Samples.Form.PercentOnFormTest","digits"
"The test gets the value from the style attribute in RGB format, and then converts it to Hex format","5776","A test to get the field color value in Hex format","","Fri Nov 28 14:08:26 UTC 2025","passed","Fri Nov 28 14:08:32 UTC 2025","","Form. Checking the basic functions for the NumberDigits in the widget Form","application.Samples.Form.NumberDigitsOnFormTest","color"
"Filtering by the specified column.","7895","Filtering test","","Fri Nov 28 13:48:48 UTC 2025","passed","Fri Nov 28 13:48:56 UTC 2025","","List. Checking the basic functions for the Date in the widget List","application.Samples.List.DateOnListTest","filtration"
"The test clears the field and clicks the Save button. Then validates the message that the field is required.","14431","Required Message text Verification field test","","Fri Nov 28 13:52:13 UTC 2025","passed","Fri Nov 28 13:52:27 UTC 2025","","List. Checking the basic functions for the Dictionary in the widget List","application.Samples.List.DictionaryOnListTest","required"
"The test gets the value from the style attribute in RGB format, and then converts it to Hex format","6343","A test to get the field color value in Hex format","","Fri Nov 28 14:00:38 UTC 2025","passed","Fri Nov 28 14:00:45 UTC 2025","","Form. Checking the basic functions for the Number in the widget Form","application.Samples.Form.NumberOnFormTest","color"
"The InfoWidget doesn't have a Placeholder.","5660","Test for getting the Placeholder value","","Fri Nov 28 13:58:57 UTC 2025","passed","Fri Nov 28 13:59:02 UTC 2025","","Info. Checking the basic functions for the DateTimeWithSeconds","application.Samples.Info.DateTimeWithSecondsOnInfoTest","placeholder"
"The test checks for the disabled attribute.","8054","A test to check the field for ""Read-only""","","Fri Nov 28 13:39:12 UTC 2025","passed","Fri Nov 28 13:39:20 UTC 2025","","List. Checking the basic functions for the MultipleSelect in the widget List","application.Samples.List.MultipleSelectOnListTest","readonly"
"Sorting is not available for InfoWidget.","8088","Sorting test","","Fri Nov 28 13:55:23 UTC 2025","passed","Fri Nov 28 13:55:31 UTC 2025","","Info. Checking the basic functions for the Dictionary","application.Samples.Info.DictionaryOnInfoTest","sorting"
"The test sets the value in the field, and then checks the value in the field with what should be set","7827","A test for setting a value in a field","","Fri Nov 28 14:08:19 UTC 2025","passed","Fri Nov 28 14:08:26 UTC 2025","","Form. Checking the basic functions for the NumberDigits in the widget Form","application.Samples.Form.NumberDigitsOnFormTest","edit"
"The test sets the value to true in the field, and then checks the value in the field with what should be set.","10686","A test for setting a value in a field","","Fri Nov 28 13:43:13 UTC 2025","passed","Fri Nov 28 13:43:24 UTC 2025","","List. Checking the basic functions for the CheckBox","application.Samples.List.CheckBoxOnListTest","edit2"
"Info Widget is always read-only","5360","A test to check the field for ""Read-only""","","Fri Nov 28 13:56:48 UTC 2025","passed","Fri Nov 28 13:56:54 UTC 2025","","Info. Checking the basic functions for the Date","application.Samples.Info.DateOnInfoTest","readonly"
"The test gets the value from the style attribute in RGB format, and then converts it to Hex format","7067","A test to get the field color value in Hex format","","Fri Nov 28 14:09:39 UTC 2025","passed","Fri Nov 28 14:09:47 UTC 2025","","Form. Checking the basic functions for the MultiValue in the widget Form","application.Samples.Form.MultiValueOnFormTest","color"
"Checking the url before the transition and after the transition/click on a special element","5206","The DrillDown test","","Fri Nov 28 14:15:00 UTC 2025","failed","Fri Nov 28 14:15:05 UTC 2025","","List. Checking the basic functions for the Date in the widget List","application.Samples.List.DateOnListTest","drillDown"
"","5659","The test for getting the value from the field","","Fri Nov 28 13:53:40 UTC 2025","passed","Fri Nov 28 13:53:46 UTC 2025","","Info. Checking the basic functions for the FileUp","application.Samples.Info.FileUploadOnInfoTest","read"
"The test gets the value in the field, and then checks the value in the field with what should be.","0","A test for checking a value in a field","","Fri Nov 28 13:34:56 UTC 2025","skipped","Fri Nov 28 13:34:56 UTC 2025","","List. Checking the basic functions for the Radio in the widget List","application.Samples.List.RadioOnListTest","read"
"The test sets the value in the field. After approval, the popup window, the title, the text in it, and the buttons are validated","9554","Run-time exception validation test","","Fri Nov 28 14:06:55 UTC 2025","passed","Fri Nov 28 14:07:05 UTC 2025","","Form. Checking the basic functions for the Radio in the widget Form","application.Samples.Form.RadioOnFormTest","runtimeException"
"Sorting is not available for InfoWidget.","8392","Sorting test","","Fri Nov 28 13:54:29 UTC 2025","passed","Fri Nov 28 13:54:37 UTC 2025","","Info. Checking the basic functions for the CheckBox","application.Samples.Info.CheckboxOnInfoTest","sorting"
"The test checks the list of buttons","4683","Test getting all widget buttons","","Fri Nov 28 14:06:42 UTC 2025","passed","Fri Nov 28 14:06:46 UTC 2025","","Form. Checking the basic functions for the Input in the widget Form","application.Samples.Form.InputOnFormTest","getButtons"
"The test sets the value, after which the method returns the full list of value-status","9513","Test to get all values with the status","","Fri Nov 28 14:06:27 UTC 2025","passed","Fri Nov 28 14:06:36 UTC 2025","","Form. Checking the basic functions for the Radio in the widget Form","application.Samples.Form.RadioOnFormTest","getValues"
"The test sets the value in the field. After approval, by clicking on the save button, the popup window, the title, the text in it, and the buttons are validated","13646","Confirmation Popup Validation Test","","Fri Nov 28 14:02:54 UTC 2025","passed","Fri Nov 28 14:03:07 UTC 2025","","Form. Checking the basic functions for the Suggestion PickList in the widget Form","application.Samples.Form.SuggestionPickListOnFormTest","confirm"
"Info Widget is always read-only","8105","A test to check the field for ""Read-only""","","Fri Nov 28 13:55:48 UTC 2025","passed","Fri Nov 28 13:55:56 UTC 2025","","Info. Checking the basic functions for the Dictionary","application.Samples.Info.DictionaryOnInfoTest","readonly"
"The test sets the value in the field. After approval, by clicking on the save button, the popup window, the title, the text in it, and the buttons are validated.","10473","Confirmation Popup Validation Test","","Fri Nov 28 13:43:33 UTC 2025","passed","Fri Nov 28 13:43:44 UTC 2025","","List. Checking the basic functions for the CheckBox","application.Samples.List.CheckBoxOnListTest","confirm"
"The test clears the field and clicks the Save button. Then validates the message that the field is required","10800","Required Message text Verification field test","","Fri Nov 28 14:11:41 UTC 2025","passed","Fri Nov 28 14:11:52 UTC 2025","","Form. Checking the basic functions for the Time","application.Samples.Form.TimeOnFormTest","required"
"Sorting by the specified column.","9278","Sorting test","","Fri Nov 28 13:48:11 UTC 2025","passed","Fri Nov 28 13:48:21 UTC 2025","","List. Checking the basic functions for the PickList in the widget List","application.Samples.List.PickListOnListTest","sorting"
"The test sets a value with the wrong data type in several fields for different widgets. After approval, it checks the text under the field, which informs about the correctness of the type of data entered","8476","Required Message validation test for multiple fields","","Fri Nov 28 14:10:51 UTC 2025","passed","Fri Nov 28 14:11:00 UTC 2025","","Form. Checking the basic functions for the MultipleSelect in the widget Form","application.Samples.Form.MultipleSelectOnFormTest","fieldLevelValidation"
"Filtering is not available for the Form widget","5301","Filtering test","","Fri Nov 28 14:11:25 UTC 2025","passed","Fri Nov 28 14:11:30 UTC 2025","","Form. Checking the basic functions for the Time","application.Samples.Form.TimeOnFormTest","filtration"
"The test sets the value with the wrong data type in the field. After approval, it checks the text under the field, which informs about the correctness of the type of data entered.","21933","Required Message validation test for one field","","Fri Nov 28 13:44:59 UTC 2025","passed","Fri Nov 28 13:45:21 UTC 2025","","List. Checking the basic functions for the Text in the widget List","application.Samples.List.TextOnListTest","fieldLevelValidationAnnotation"
"The InfoWidget doesn't have a Placeholder.","4897","Test for getting the Placeholder value","","Fri Nov 28 13:57:40 UTC 2025","passed","Fri Nov 28 13:57:45 UTC 2025","","Info. Checking the basic functions for the DateTime","application.Samples.Info.DateTimeOnInfoTest","placeholder"
"The test checks the value in the field with what should be set","10208","A test to read value","","Fri Nov 28 13:57:27 UTC 2025","passed","Fri Nov 28 13:57:37 UTC 2025","","Info. Checking the basic functions for the Time","application.Samples.Info.TimeOnInfoTest","read2"
"The test sets a value with the wrong data type in several fields for different widgets. After approval, it checks the text under the field, which informs about the correctness of the type of data entered","63324","Required Message validation test for multiple fields","","Fri Nov 28 13:47:13 UTC 2025","passed","Fri Nov 28 13:48:16 UTC 2025","","List. Checking the basic functions for the DateTimeWithSeconds in the widget List","application.Samples.List.DateTimeWithSecondsOnListTest","fieldLevelValidation"
"The test clears the field and clicks the Save button. Then validates the message that the field is required.","9549","Required Message text Verification field test","","Fri Nov 28 13:46:26 UTC 2025","passed","Fri Nov 28 13:46:35 UTC 2025","","List. Checking the basic functions for the FileUpload in the widget List","application.Samples.List.FileUploadOnListTest","required"
"The InfoWidget doesn't have a Placeholder.","8619","Test for getting the Placeholder value","","Fri Nov 28 13:56:23 UTC 2025","passed","Fri Nov 28 13:56:32 UTC 2025","","Info. Checking the basic functions for the Percent","application.Samples.Info.PercentOnInfoTest","placeholder"
"The test gets the value in the field, and then checks the value in the field with what should be.","1","A test for checking a value in a field","","Fri Nov 28 13:40:01 UTC 2025","skipped","Fri Nov 28 13:40:01 UTC 2025","","List. Checking the basic functions for the MultipleSelect in the widget List","application.Samples.List.MultipleSelectOnListTest","read"
"The test checks for the disabled attribute.","14567","A test to check the field for ""Read-only""","","Fri Nov 28 13:33:47 UTC 2025","passed","Fri Nov 28 13:34:02 UTC 2025","","List. Checking the basic functions for the SuggestionPickList in the widget List","application.Samples.List.SuggestionPickListOnListTest","readonly"
"The test gets the value from the placeholder attribute and returns it in String format","7985","Test for getting the Placeholder value","","Fri Nov 28 13:39:50 UTC 2025","passed","Fri Nov 28 13:39:58 UTC 2025","","List. Checking the basic functions for the Money in the widget List","application.Samples.List.MoneyOnListTest","placeholder"
"The test sets a value with the wrong data type in several fields for different widgets. After approval, it checks the text under the field, which informs about the correctness of the type of data entered","9451","Required Message validation test for multiple fields","","Fri Nov 28 14:04:55 UTC 2025","passed","Fri Nov 28 14:05:05 UTC 2025","","Form. Checking the basic functions for the DateTimeWithSeconds in the widget Form","application.Samples.Form.DateTimeWithSecondsOnFormTest","fieldLevelValidation"
"The test sets the value in the field. After approval, the popup window, the title, the text in it, and the buttons are validated","8078","Business Exception Validation Test","","Fri Nov 28 14:07:27 UTC 2025","passed","Fri Nov 28 14:07:35 UTC 2025","","Form. Checking the basic functions for the PickList in the widget Form","application.Samples.Form.PickListOnFormTest","businessException"
"Sorting is not available for InfoWidget.","6620","Sorting test","","Fri Nov 28 13:53:10 UTC 2025","passed","Fri Nov 28 13:53:16 UTC 2025","","Info. Checking the basic functions for the FileUp","application.Samples.Info.FileUploadOnInfoTest","sorting"
"The test sets the value with the wrong data type in the field. After approval, it checks the text under the field, which informs about the correctness of the type of data entered.","30928","Required Message validation test for one field","","Fri Nov 28 13:52:39 UTC 2025","passed","Fri Nov 28 13:53:09 UTC 2025","","List. Checking the basic functions for the DateTime in the widget List","application.Samples.List.DateTimeOnListTest","fieldLevelValidationAnnotation"
"The test sets the value in the field. After approval, the popup window, the title, the text in it, and the buttons are validated.","11127","Run-time exception validation test","","Fri Nov 28 13:36:35 UTC 2025","passed","Fri Nov 28 13:36:46 UTC 2025","","List. Checking the basic functions for the Radio in the widget List","application.Samples.List.RadioOnListTest","runtimeException"
"The test sets the value in the field. After approval, by clicking on the save button, the popup window, the title, the text in it, and the buttons are validated","8660","Confirmation Popup Validation Test","","Fri Nov 28 14:07:50 UTC 2025","passed","Fri Nov 28 14:07:58 UTC 2025","","Form. Checking the basic functions for the PickList in the widget Form","application.Samples.Form.PickListOnFormTest","confirm"
"Checking the url before the transition and after the transition/click on a special element","6467","The DrillDown test","","Fri Nov 28 14:10:49 UTC 2025","passed","Fri Nov 28 14:10:56 UTC 2025","","Form. Checking the basic functions for the FileUpload in the widget Form","application.Samples.Form.FileUploadOnFormTest","drillDown"
"Checking the url before the transition and after the transition/click on a special element","9051","The DrillDown test","","Fri Nov 28 14:02:56 UTC 2025","passed","Fri Nov 28 14:03:05 UTC 2025","","Form. Checking the basic functions for the InlinePickList in the widget Form","application.Samples.Form.InlinePickListOnFormTest","drillDown"
"Sorting is not available for the Form widget","8020","Sorting test","","Fri Nov 28 14:05:11 UTC 2025","passed","Fri Nov 28 14:05:19 UTC 2025","","Form. Checking the basic functions for the Radio in the widget Form","application.Samples.Form.RadioOnFormTest","sorting"
"The test clears the field and clicks the Save button. Then validates the message that the field is required.","17979","Required Message text Verification field test","","Fri Nov 28 13:39:31 UTC 2025","passed","Fri Nov 28 13:39:49 UTC 2025","","List. Checking the basic functions for the Input in the widget List","application.Samples.List.InputOnListTest","required"
"Checking the url before the transition and after the transition/click on a special element","8475","The DrillDown test","","Fri Nov 28 14:08:40 UTC 2025","passed","Fri Nov 28 14:08:48 UTC 2025","","Form. Checking the basic functions for the Percent in the widget Form","application.Samples.Form.PercentOnFormTest","drillDown"
"","8225","A test to check the options of the drop-down list","","Fri Nov 28 13:51:35 UTC 2025","passed","Fri Nov 28 13:51:43 UTC 2025","","List. Checking the basic functions for the Dictionary in the widget List","application.Samples.List.DictionaryOnListTest","options"
"The test sets the value in the field. After approval, by clicking on the save button, the popup window, the title, the text in it, and the buttons are validated.","30545","Confirmation Popup Validation Test","","Fri Nov 28 13:39:58 UTC 2025","passed","Fri Nov 28 13:40:28 UTC 2025","","List. Checking the basic functions for the Money in the widget List","application.Samples.List.MoneyOnListTest","confirm"
"The test sets the value in the field. After approval, the popup window, the title, the text in it, and the buttons are validated","7627","Run-time exception validation test","","Fri Nov 28 14:02:40 UTC 2025","passed","Fri Nov 28 14:02:47 UTC 2025","","Form. Checking the basic functions for the Money in the widget Form","application.Samples.Form.MoneyOnFormTest","runtimeException"
"Info Widget is always read-only","4871","A test to check the field for ""Read-only""","","Fri Nov 28 13:57:25 UTC 2025","passed","Fri Nov 28 13:57:30 UTC 2025","","Info. Checking the basic functions for the DateTime","application.Samples.Info.DateTimeOnInfoTest","readonly"
"The test sets the value in the field. After approval, the popup window, the title, the text in it, and the buttons are validated","8991","Business Exception Validation Test","","Fri Nov 28 14:05:53 UTC 2025","passed","Fri Nov 28 14:06:01 UTC 2025","","Form. Checking the basic functions for the Radio in the widget Form","application.Samples.Form.RadioOnFormTest","businessException"
"Filtering by the specified column.","13521","Filtering test","","Fri Nov 28 13:33:34 UTC 2025","passed","Fri Nov 28 13:33:47 UTC 2025","","List. Checking the basic functions for the SuggestionPickList in the widget List","application.Samples.List.SuggestionPickListOnListTest","filtration"
"Filtering is not available for the Form widget","6316","Filtering test","","Fri Nov 28 14:10:56 UTC 2025","passed","Fri Nov 28 14:11:02 UTC 2025","","Form. Checking the basic functions for the FileUpload in the widget Form","application.Samples.Form.FileUploadOnFormTest","filtration"
"The test sets the value in the field. After approval, the popup window, the title, the text in it, and the buttons are validated.","9070","Run-time exception validation test","","Fri Nov 28 13:40:48 UTC 2025","passed","Fri Nov 28 13:40:57 UTC 2025","","List. Checking the basic functions for the MultipleSelect in the widget List","application.Samples.List.MultipleSelectOnListTest","runtimeException"
"Info Widget is always read-only","7689","A test to check the field for ""Read-only""","","Fri Nov 28 13:59:01 UTC 2025","passed","Fri Nov 28 13:59:08 UTC 2025","","Info. Checking the basic functions for the Text","application.Samples.Info.TextOnInfoTest","readonly"
"The test checks for the disabled attribute.","9683","A test to check the field for ""Read-only""","","Fri Nov 28 13:42:22 UTC 2025","passed","Fri Nov 28 13:42:32 UTC 2025","","List. Checking the basic functions for the CheckBox","application.Samples.List.CheckBoxOnListTest","readonly"
"The test clears the field and clicks the Save button. Then validates the message that the field is required.","0","Required Message text Verification field test","","Fri Nov 28 13:42:44 UTC 2025","skipped","Fri Nov 28 13:42:44 UTC 2025","","List. Checking the basic functions for the CheckBox","application.Samples.List.CheckBoxOnListTest","required"
"The test sets a value with the wrong data type in several fields for different widgets. After approval, it checks the text under the field, which informs about the correctness of the type of data entered","10235","Required Message validation test for multiple fields","","Fri Nov 28 14:07:40 UTC 2025","passed","Fri Nov 28 14:07:51 UTC 2025","","Form. Checking the basic functions for the Dictionary in the widget Form","application.Samples.Form.DictionaryOnFormTest","fieldLevelValidation"
"The test clears the field and clicks the Save button. Then validates the message that the field is required","8827","Required Message text Verification field test","","Fri Nov 28 14:05:44 UTC 2025","passed","Fri Nov 28 14:05:53 UTC 2025","","Form. Checking the basic functions for the Radio in the widget Form","application.Samples.Form.RadioOnFormTest","required"
"Info Widget is always read-only","7660","A test to check the field for ""Read-only""","","Fri Nov 28 13:57:53 UTC 2025","passed","Fri Nov 28 13:58:00 UTC 2025","","Info. Checking the basic functions for the MultiplySelect","application.Samples.Info.MultipleSelectOnInfoTest","readonly"
"Filtering is not available for InfoWidget.","7591","Filtering test","","Fri Nov 28 13:55:50 UTC 2025","passed","Fri Nov 28 13:55:57 UTC 2025","","Info. Checking the basic functions for the Percent","application.Samples.Info.PercentOnInfoTest","filtration"
"The test sets the value in the field, and then checks the value in the field with what should be set","22809","A test for setting a value in a field","","Fri Nov 28 13:45:02 UTC 2025","passed","Fri Nov 28 13:45:25 UTC 2025","","List. Checking the basic functions for the Time","application.Samples.List.TimeOnListTest","edit3"
"The test sets the value with the wrong data type in the field. After approval, it checks the text under the field, which informs about the correctness of the type of data entered","7803","Required Message validation test for one field","","Fri Nov 28 14:02:27 UTC 2025","passed","Fri Nov 28 14:02:35 UTC 2025","","Form. Checking the basic functions for the Date in the widget Form","application.Samples.Form.DateOnFormTest","fieldLevelValidationAnnotationAlternative"
"The test gets the value from the placeholder attribute and returns it in String format","8266","Test for getting the Placeholder value","","Fri Nov 28 14:00:22 UTC 2025","passed","Fri Nov 28 14:00:30 UTC 2025","","Form. Checking the basic functions for the Text in the widget Form","application.Samples.Form.TextOnFormTest","placeholder"
"The test sets the value with the wrong data type in the field. After approval, it checks the text under the field, which informs about the correctness of the type of data entered.","29245","Required Message validation test for one field","","Fri Nov 28 13:49:02 UTC 2025","passed","Fri Nov 28 13:49:32 UTC 2025","","List. Checking the basic functions for the Date in the widget List","application.Samples.List.DateOnListTest","fieldLevelValidationAnnotation"
"Sorting is not available for the Form widget","8329","Sorting test","","Fri Nov 28 14:08:21 UTC 2025","passed","Fri Nov 28 14:08:30 UTC 2025","","Form. Checking the basic functions for the Percent in the widget Form","application.Samples.Form.PercentOnFormTest","sorting"
"The test adds a value after removing all previous values.","9316","Value setting test with field clearing","","Fri Nov 28 14:10:42 UTC 2025","passed","Fri Nov 28 14:10:51 UTC 2025","","Form. Checking the basic functions for the MultipleSelect in the widget Form","application.Samples.Form.MultipleSelectOnFormTest","setValue"
"The test sets the value in the field. After approval, the popup window, the title, the text in it, and the buttons are validated","7526","Run-time exception validation test","","Fri Nov 28 14:03:37 UTC 2025","passed","Fri Nov 28 14:03:45 UTC 2025","","Form. Checking the basic functions for the Date in the widget Form","application.Samples.Form.DateOnFormTest","runtimeException"
"The test clears the field and clicks the Save button. Then validates the message that the field is required.","18939","Required Message text Verification field test","","Fri Nov 28 13:49:40 UTC 2025","passed","Fri Nov 28 13:49:59 UTC 2025","","List. Checking the basic functions for the PickList in the widget List","application.Samples.List.PickListOnListTest","required"
"The test sets the value with the wrong data type in the field. After approval, it checks the text under the field, which informs about the correctness of the type of data entered.","24728","Required Message validation test for one field","","Fri Nov 28 13:33:59 UTC 2025","passed","Fri Nov 28 13:34:23 UTC 2025","","List. Checking the basic functions for the Radio in the widget List","application.Samples.List.RadioOnListTest","fieldLevelValidationAnnotation"
"The test gets the value in the field, and then checks the value in the field with what should be.","0","A test for checking a value in a field","","Fri Nov 28 13:53:00 UTC 2025","skipped","Fri Nov 28 13:53:00 UTC 2025","","List. Checking the basic functions for the Dictionary in the widget List","application.Samples.List.DictionaryOnListTest","read"
"The test clears the field and clicks the Save button. Then validates the message that the field is required.","19874","Required Message text Verification field test","","Fri Nov 28 13:49:32 UTC 2025","passed","Fri Nov 28 13:49:52 UTC 2025","","List. Checking the basic functions for the Date in the widget List","application.Samples.List.DateOnListTest","required"
"Sorting by the specified column.","8488","Sorting test","","Fri Nov 28 13:35:31 UTC 2025","passed","Fri Nov 28 13:35:40 UTC 2025","","List. Checking the basic functions for the Number in the widget List","application.Samples.List.NumberOnListTest","sorting"
"The test sets the value in the field. After approval, by clicking on the save button, the popup window, the title, the text in it, and the buttons are validated","7987","Confirmation Popup Validation Test","","Fri Nov 28 14:04:47 UTC 2025","passed","Fri Nov 28 14:04:55 UTC 2025","","Form. Checking the basic functions for the DateTimeWithSeconds in the widget Form","application.Samples.Form.DateTimeWithSecondsOnFormTest","confirm"
"The test checks for the disabled attribute","8494","A test to check the field for ""Read-only""","","Fri Nov 28 14:09:07 UTC 2025","passed","Fri Nov 28 14:09:15 UTC 2025","","Form. Checking the basic functions for the Percent in the widget Form","application.Samples.Form.PercentOnFormTest","readonly"
"The test gets the value from the style attribute in RGB format, and then converts it to Hex format","7285","A test to get the field color value in Hex format","","Fri Nov 28 13:50:37 UTC 2025","passed","Fri Nov 28 13:50:44 UTC 2025","","List. Checking the basic functions for the Date in the widget List","application.Samples.List.DateOnListTest","color"
"The test gets the value from the placeholder attribute and returns it in String format","8346","Test for getting the Placeholder value","","Fri Nov 28 13:46:21 UTC 2025","passed","Fri Nov 28 13:46:29 UTC 2025","","List. Checking the basic functions for the Text in the widget List","application.Samples.List.TextOnListTest","placeholder"
"The test gets the value from the placeholder attribute and returns it in String format","7434","Test for getting the Placeholder value","","Fri Nov 28 13:40:09 UTC 2025","passed","Fri Nov 28 13:40:17 UTC 2025","","List. Checking the basic functions for the MultipleSelect in the widget List","application.Samples.List.MultipleSelectOnListTest","placeholder"
"Тест удаляет значение, проверяя автозаполнение в чистом поле","40472","Тест на автозаполнение после очистки","","Fri Nov 28 13:33:12 UTC 2025","passed","Fri Nov 28 13:33:52 UTC 2025","","List. Checking the basic functions for the Percent in the widget List","application.Samples.List.PercentOnListTest","nullable"
"Getting the field color is not available","5818","A test to get the field color value in Hex format","","Fri Nov 28 13:42:53 UTC 2025","passed","Fri Nov 28 13:42:59 UTC 2025","","List. Checking the basic functions for the Hint in the widget List","application.Samples.List.HintOnListTest","color"
"","9282","A test to check the options of the drop-down list","","Fri Nov 28 14:05:52 UTC 2025","passed","Fri Nov 28 14:06:01 UTC 2025","","Form. Checking the basic functions for the Dictionary in the widget Form","application.Samples.Form.DictionaryOnFormTest","options"
"The test opens a modal window, clears the field, closes the window, and then checks the message under the field.","22457","Required Message text Verification field test","","Fri Nov 28 13:42:35 UTC 2025","passed","Fri Nov 28 13:42:58 UTC 2025","","List. Checking the basic functions for the MultiValue in the widget List","application.Samples.List.MultiValueOnListTest","required_2"
"The test checks for the disabled attribute","10797","A test to check the field for ""Read-only""","","Fri Nov 28 14:11:30 UTC 2025","passed","Fri Nov 28 14:11:41 UTC 2025","","Form. Checking the basic functions for the Time","application.Samples.Form.TimeOnFormTest","readonly"
"The test sets the value in the field. After approval, by clicking on the save button, the popup window, the title, the text in it, and the buttons are validated","10411","Confirmation Popup Validation Test","","Fri Nov 28 14:00:30 UTC 2025","passed","Fri Nov 28 14:00:40 UTC 2025","","Form. Checking the basic functions for the Text in the widget Form","application.Samples.Form.TextOnFormTest","confirm"
"Checking the url before the transition and after the transition/click on a special element","5357","The DrillDown test","","Fri Nov 28 14:02:17 UTC 2025","passed","Fri Nov 28 14:02:22 UTC 2025","","Form. Checking the basic functions for the Date in the widget Form","application.Samples.Form.DateOnFormTest","drillDown"
"Sorting is not available for the Form widget","4622","Sorting test","","Fri Nov 28 14:05:37 UTC 2025","passed","Fri Nov 28 14:05:42 UTC 2025","","Form. Checking the basic functions for the Input in the widget Form","application.Samples.Form.InputOnFormTest","sorting"
"The test sets the value with the wrong data type in the field. After approval, it checks the text under the field, which informs about the correctness of the type of data entered.","18934","Required Message validation test for one field","","Fri Nov 28 13:41:19 UTC 2025","passed","Fri Nov 28 13:41:38 UTC 2025","","List. Checking the basic functions for the MultiValue in the widget List","application.Samples.List.MultiValueOnListTest","fieldLevelValidationAnnotation"
"The test sets the value in the field, and then checks the value in the field with what should be set.","19269","A test for setting a value in a field","","Fri Nov 28 13:42:08 UTC 2025","passed","Fri Nov 28 13:42:27 UTC 2025","","List. Checking the basic functions for the MultiValue in the widget List","application.Samples.List.MultiValueOnListTest","edit"
"Sorting is not available for InfoWidget.","7092","Sorting test","","Fri Nov 28 13:57:48 UTC 2025","passed","Fri Nov 28 13:57:55 UTC 2025","","Info. Checking the basic functions for the MultiValue","application.Samples.Info.MultiValueOnInfoTest","sorting"
"The test sets the value in the field. After approval, the popup window, the title, the text in it, and the buttons are validated","9821","Business Exception Validation Test","","Fri Nov 28 14:09:35 UTC 2025","passed","Fri Nov 28 14:09:45 UTC 2025","","Form. Checking the basic functions for the Percent in the widget Form","application.Samples.Form.PercentOnFormTest","businessException"
"","21514","fieldLevelValidation()","","Fri Nov 28 13:51:20 UTC 2025","passed","Fri Nov 28 13:51:42 UTC 2025","","List. Checking the basic functions for the PickList in the widget List","application.Samples.List.PickListOnListTest","fieldLevelValidation"
"The test checks for the disabled attribute","5734","A test to check the field for ""Read-only""","","Fri Nov 28 14:08:13 UTC 2025","passed","Fri Nov 28 14:08:19 UTC 2025","","Form. Checking the basic functions for the NumberDigits in the widget Form","application.Samples.Form.NumberDigitsOnFormTest","readonly"
"The test creates and delete a new field in the admin panel","13570","Test for creating admin value","","Fri Nov 28 14:00:27 UTC 2025","passed","Fri Nov 28 14:00:40 UTC 2025","","Checking the basic functions for the Dictionary administration panel","application.Samples.DictionaryAdministrationTest","create"
"The test sets the value with the wrong data type in the field. After approval, it checks the text under the field, which informs about the correctness of the type of data entered","9931","Required Message validation test for one field","","Fri Nov 28 14:06:20 UTC 2025","passed","Fri Nov 28 14:06:30 UTC 2025","","Form. Checking the basic functions for the Dictionary in the widget Form","application.Samples.Form.DictionaryOnFormTest","fieldLevelValidationAnnotation"
"Filtering is not available for InfoWidget.","4161","Filtering test","","Fri Nov 28 13:54:07 UTC 2025","passed","Fri Nov 28 13:54:11 UTC 2025","","Info. Checking the basic functions for the Input","application.Samples.Info.InputOnInfoTest","filtration"
"","9288","The test for getting the icon value from the field","","Fri Nov 28 13:55:56 UTC 2025","passed","Fri Nov 28 13:56:05 UTC 2025","","Info. Checking the basic functions for the Dictionary","application.Samples.Info.DictionaryOnInfoTest","icon"
"The test checks for the disabled attribute","8033","A test to check the field for ""Read-only""","","Fri Nov 28 13:59:26 UTC 2025","passed","Fri Nov 28 13:59:35 UTC 2025","","Form. Checking the basic functions for the Text in the widget Form","application.Samples.Form.TextOnFormTest","readonly"
"The test checks for the disabled attribute.","7629","A test to check the field for ""Read-only""","","Fri Nov 28 13:36:09 UTC 2025","passed","Fri Nov 28 13:36:17 UTC 2025","","List. Checking the basic functions for the Number in the widget List","application.Samples.List.NumberOnListTest","readonly"
"The test gets the value from the style attribute in RGB format, and then converts it to Hex format","7938","A test to get the field color value in Hex format","","Fri Nov 28 14:06:11 UTC 2025","passed","Fri Nov 28 14:06:19 UTC 2025","","Form. Checking the basic functions for the Radio in the widget Form","application.Samples.Form.RadioOnFormTest","color"
"The test clears the field and clicks the Save button. Then validates the message that the field is required","5926","Required Message text Verification field test","","Fri Nov 28 14:02:48 UTC 2025","passed","Fri Nov 28 14:02:54 UTC 2025","","Form. Checking the basic functions for the Date in the widget Form","application.Samples.Form.DateOnFormTest","required"
"The test sets the value with the wrong data type in the field. After approval, it checks the text under the field, which informs about the correctness of the type of data entered","7632","Required Message validation test for one field","","Fri Nov 28 14:01:34 UTC 2025","passed","Fri Nov 28 14:01:41 UTC 2025","","Form. Checking the basic functions for the Money in the widget Form","application.Samples.Form.MoneyOnFormTest","fieldLevelValidationAnnotation"
"Filtering is not available for the Form widget","4992","Filtering test","","Fri Nov 28 14:11:27 UTC 2025","passed","Fri Nov 28 14:11:32 UTC 2025","","Form. Checking the basic functions for the DateTime in the widget Form","application.Samples.Form.DateTimeOnFormTest","filtration"
"Checking the url before the transition and after the transition/click on a special element","7322","The DrillDown test","","Fri Nov 28 14:09:04 UTC 2025","passed","Fri Nov 28 14:09:11 UTC 2025","","Form. Checking the basic functions for the MultipleSelect in the widget Form","application.Samples.Form.MultipleSelectOnFormTest","drillDown"
"Filtering is not available for InfoWidget.","9094","Filtering test","","Fri Nov 28 13:57:54 UTC 2025","passed","Fri Nov 28 13:58:03 UTC 2025","","Info. Checking the basic functions for the MultiField","application.Samples.Info.MultiFieldOnInfoTest","filtration"
"The test gets the value from the style attribute in RGB format, and then converts it to Hex format","8601","A test to get the field color value in Hex format","","Fri Nov 28 14:09:55 UTC 2025","passed","Fri Nov 28 14:10:03 UTC 2025","","Form. Checking the basic functions for the Percent in the widget Form","application.Samples.Form.PercentOnFormTest","color"
"The test sets the value in the field. After approval, the popup window, the title, the text in it, and the buttons are validated","11132","Business Exception Validation Test","","Fri Nov 28 14:03:44 UTC 2025","passed","Fri Nov 28 14:03:55 UTC 2025","","Form. Checking the basic functions for the InlinePickList in the widget Form","application.Samples.Form.InlinePickListOnFormTest","businessException"
"The test sets the value in the field. After approval, the popup window, the title, the text in it, and the buttons are validated","9410","Run-time exception validation test","","Fri Nov 28 14:05:24 UTC 2025","passed","Fri Nov 28 14:05:33 UTC 2025","","Form. Checking the basic functions for the CheckBox","application.Samples.Form.CheckBoxOnFormTest","runtimeException"
"The test clears the field and clicks the Save button. Then validates the message that the field is required.","20175","Required Message text Verification field test","","Fri Nov 28 13:41:38 UTC 2025","passed","Fri Nov 28 13:41:58 UTC 2025","","List. Checking the basic functions for the MultiValue in the widget List","application.Samples.List.MultiValueOnListTest","required"
"The test gets the value from the style attribute in RGB format, and then converts it to  Hex format","7966","A test to get the field color value in Hex format","","Fri Nov 28 13:37:24 UTC 2025","passed","Fri Nov 28 13:37:32 UTC 2025","","List. Checking the basic functions for the Number in the widget List","application.Samples.List.NumberOnListTest","color"
"The test gets the value from the placeholder attribute and returns it in String format","9901","Test for getting the Placeholder value","","Fri Nov 28 13:36:51 UTC 2025","passed","Fri Nov 28 13:37:01 UTC 2025","","List. Checking the basic functions for the Percent in the widget List","application.Samples.List.PercentOnListTest","placeholder"
"The test sets the value in the field, and then checks the value in the field with what should be set.","39782","A test for setting a value in a field","","Fri Nov 28 13:38:57 UTC 2025","passed","Fri Nov 28 13:39:37 UTC 2025","","List. Checking the basic functions for the Money in the widget List","application.Samples.List.MoneyOnListTest","edit"
"The test gets the value in the field, and then checks the value in the field with what should be.","0","A test for checking a value in a field","","Fri Nov 28 13:39:37 UTC 2025","skipped","Fri Nov 28 13:39:37 UTC 2025","","List. Checking the basic functions for the Money in the widget List","application.Samples.List.MoneyOnListTest","read"
"Currency check at the field","6212","Currency test","","Fri Nov 28 13:56:43 UTC 2025","passed","Fri Nov 28 13:56:49 UTC 2025","","Info. Checking the basic functions for the Money","application.Samples.Info.MoneyOnInfoTest","currency"
"The test sets the value in the field via Popup using a unique id, and then checks the value in the field with what needs to be set","7488","A test for setting a value in a field","","Fri Nov 28 14:07:35 UTC 2025","passed","Fri Nov 28 14:07:43 UTC 2025","","Form. Checking the basic functions for the PickList in the widget Form","application.Samples.Form.PickListOnFormTest","edit"
"Filtering by the specified column.","9672","Filtering test","","Fri Nov 28 13:44:06 UTC 2025","passed","Fri Nov 28 13:44:16 UTC 2025","","List. Checking the basic functions for the MultiValueHover in the widget List","application.Samples.List.MultiValueHoverOnListTest","filtration"
"The test checks for the disabled attribute","5568","A test to check the field for ""Read-only""","","Fri Nov 28 14:04:01 UTC 2025","passed","Fri Nov 28 14:04:07 UTC 2025","","Form. Checking the basic functions for the DateTimeWithSeconds in the widget Form","application.Samples.Form.DateTimeWithSecondsOnFormTest","readonly"
"","6239","digits()","","Fri Nov 28 13:59:51 UTC 2025","passed","Fri Nov 28 13:59:57 UTC 2025","","Form. Checking the basic functions for the Number in the widget Form","application.Samples.Form.NumberOnFormTest","digits"
"A test to get the value from the field. Hint is always read-only, so it is impossible to set the value.","5042","A test to check the value in a field","","Fri Nov 28 14:05:27 UTC 2025","passed","Fri Nov 28 14:05:32 UTC 2025","","Form. Checking the basic functions for the Hint in the widget Form","application.Samples.Form.HintOnFormTest","edit"
"The test sets the value, after which the method returns the full list of value-status","21876","Test to get all values with the status","","Fri Nov 28 13:35:15 UTC 2025","passed","Fri Nov 28 13:35:37 UTC 2025","","List. Checking the basic functions for the Radio in the widget List","application.Samples.List.RadioOnListTest","getValues"
"The test gets the value from the placeholder attribute and returns it in String format","6445","Test for getting the Placeholder value","","Fri Nov 28 14:11:52 UTC 2025","passed","Fri Nov 28 14:11:58 UTC 2025","","Form. Checking the basic functions for the FileUpload in the widget Form","application.Samples.Form.FileUploadOnFormTest","placeholder"
"The test sets the value in the field. After approval, by clicking on the save button, the popup window, the title, the text in it, and the buttons are validated.","10569","Confirmation Popup Validation Test","","Fri Nov 28 13:40:17 UTC 2025","passed","Fri Nov 28 13:40:27 UTC 2025","","List. Checking the basic functions for the MultipleSelect in the widget List","application.Samples.List.MultipleSelectOnListTest","confirm"
"The test sets the value in the field. After approval, the popup window, the title, the text in it, and the buttons are validated","9721","Run-time exception validation test","","Fri Nov 28 14:05:02 UTC 2025","passed","Fri Nov 28 14:05:12 UTC 2025","","Form. Checking the basic functions for the InlinePickList in the widget Form","application.Samples.Form.InlinePickListOnFormTest","runtimeException"
"The test sets the value in the field, and then checks the value in the field with what should be set","11899","A test for setting a value in a field","","Fri Nov 28 14:12:14 UTC 2025","passed","Fri Nov 28 14:12:26 UTC 2025","","Form. Checking the basic functions for the Time","application.Samples.Form.TimeOnFormTest","edit2"
"Checking the url before the transition and after the transition/click on a special element","10426","The DrillDown test","","Fri Nov 28 13:56:56 UTC 2025","passed","Fri Nov 28 13:57:06 UTC 2025","","Info. Checking the basic functions for the Time","application.Samples.Info.TimeOnInfoTest","drillDown"
"Filtering by the specified column.","9725","Filtering test","","Fri Nov 28 13:51:43 UTC 2025","passed","Fri Nov 28 13:51:53 UTC 2025","","List. Checking the basic functions for the Dictionary in the widget List","application.Samples.List.DictionaryOnListTest","filtration"
"The test gets the value from the style attribute in RGB format, and then converts it to Hex format","6931","A test to get the field color value in Hex format","","Fri Nov 28 13:54:18 UTC 2025","passed","Fri Nov 28 13:54:25 UTC 2025","","List. Checking the basic functions for the DateTime in the widget List","application.Samples.List.DateTimeOnListTest","color"
"The test sets the value with the wrong data type in the field. After approval, it checks the text under the field, which informs about the correctness of the type of data entered","11039","Required Message validation test for one field","","Fri Nov 28 14:03:23 UTC 2025","passed","Fri Nov 28 14:03:34 UTC 2025","","Form. Checking the basic functions for the InlinePickList in the widget Form","application.Samples.Form.InlinePickListOnFormTest","fieldLevelValidationAnnotation"
"DrillDown is not available for InfoWidget.","6930","The DrillDown test","","Fri Nov 28 13:52:31 UTC 2025","passed","Fri Nov 28 13:52:38 UTC 2025","","Info. Checking the basic functions for the PickList","application.Samples.Info.PickListOnInfoTest","drillDown"
"The test clear the value in the field , and then checks the value in the field, it must be null.","6744","A test for checking the possibility of an empty field","","Fri Nov 28 14:01:08 UTC 2025","passed","Fri Nov 28 14:01:14 UTC 2025","","Form. Checking the basic functions for the Money in the widget Form","application.Samples.Form.MoneyOnFormTest","nullable"
"The test sets the value with the wrong data type in the field. After approval, it checks the text under the field, which informs about the correctness of the type of data entered.","19343","Required Message validation test for one field","","Fri Nov 28 13:36:17 UTC 2025","passed","Fri Nov 28 13:36:36 UTC 2025","","List. Checking the basic functions for the Number in the widget List","application.Samples.List.NumberOnListTest","fieldLevelValidationAnnotation"
"Filtering is not available for InfoWidget.","5029","Filtering test","","Fri Nov 28 13:57:20 UTC 2025","passed","Fri Nov 28 13:57:25 UTC 2025","","Info. Checking the basic functions for the DateTime","application.Samples.Info.DateTimeOnInfoTest","filtration"
"The test gets the value from the style attribute in RGB format, and then converts it to Hex format","12906","A test to get the field color value in Hex format","","Fri Nov 28 13:35:05 UTC 2025","passed","Fri Nov 28 13:35:18 UTC 2025","","List. Checking the basic functions for the SuggestionPickList in the widget List","application.Samples.List.SuggestionPickListOnListTest","color"
"The test gets the value from the style attribute in RGB format, and then converts it to Hex format","9321","A test to get the field color value in Hex format","","Fri Nov 28 14:07:11 UTC 2025","passed","Fri Nov 28 14:07:20 UTC 2025","","Form. Checking the basic functions for the Dictionary in the widget Form","application.Samples.Form.DictionaryOnFormTest","color"
"The test sets the value in the field, and then checks the value in the field with what should be set.","18435","A test for setting a value in a field","","Fri Nov 28 13:37:05 UTC 2025","passed","Fri Nov 28 13:37:24 UTC 2025","","List. Checking the basic functions for the Number in the widget List","application.Samples.List.NumberOnListTest","edit"
"Sorting is not available for the Form widget","6668","Sorting test","","Fri Nov 28 14:01:01 UTC 2025","passed","Fri Nov 28 14:01:08 UTC 2025","","Form. Checking the basic functions for the Money in the widget Form","application.Samples.Form.MoneyOnFormTest","sorting"
"The test checks for the disabled attribute","11613","A test to check the field for ""Read-only""","","Fri Nov 28 14:01:50 UTC 2025","passed","Fri Nov 28 14:02:02 UTC 2025","","Form. Checking the basic functions for the Suggestion PickList in the widget Form","application.Samples.Form.SuggestionPickListOnFormTest","readonly"
"The test checks for the disabled attribute.","9727","A test to check the field for ""Read-only""","","Fri Nov 28 13:34:40 UTC 2025","passed","Fri Nov 28 13:34:50 UTC 2025","","List. Checking the basic functions for the Percent in the widget List","application.Samples.List.PercentOnListTest","readonly"
"The test clears the field and clicks the Save button. Then validates the message that the field is required.","21859","Required Message text Verification field test","","Fri Nov 28 13:45:21 UTC 2025","passed","Fri Nov 28 13:45:43 UTC 2025","","List. Checking the basic functions for the Text in the widget List","application.Samples.List.TextOnListTest","required"
"The test calls a modal window, after which the method returns Status-Value pairs depending on the column header.","27627","A test for checking values by column heading in a modal window","","Fri Nov 28 14:08:50 UTC 2025","passed","Fri Nov 28 14:09:17 UTC 2025","","Form. Checking the basic functions for the MultiValue in the widget Form","application.Samples.Form.MultiValueOnFormTest","test_status"
"Filtering by the specified column.","6511","Filtering test","","Fri Nov 28 13:38:55 UTC 2025","passed","Fri Nov 28 13:39:01 UTC 2025","","List. Checking the basic functions for the Input in the widget List","application.Samples.List.InputOnListTest","filtration"
"The test sets the value in the field, and then checks the value in the field with what should be set.","19591","A test for setting a value in a field","","Fri Nov 28 13:45:53 UTC 2025","passed","Fri Nov 28 13:46:13 UTC 2025","","List. Checking the basic functions for the Text in the widget List","application.Samples.List.TextOnListTest","edit"
"The test gets the value from the style attribute in RGB format, and then converts it to Hex format","8389","A test to get the field color value in Hex format","","Fri Nov 28 14:04:46 UTC 2025","passed","Fri Nov 28 14:04:55 UTC 2025","","Form. Checking the basic functions for the CheckBox","application.Samples.Form.CheckBoxOnFormTest","color"
"Sorting by the specified column.","10921","Sorting test","","Fri Nov 28 13:47:35 UTC 2025","passed","Fri Nov 28 13:47:46 UTC 2025","","List. Checking the basic functions for the InlinePickList in the widget List","application.Samples.List.InlinePickListOnListTest","sorting"
"The test sets a value with the wrong data type in several fields for different widgets. After approval, it checks the text under the field, which informs about the correctness of the type of data entered","10424","Required Message validation test for multiple fields","","Fri Nov 28 14:05:13 UTC 2025","passed","Fri Nov 28 14:05:24 UTC 2025","","Form. Checking the basic functions for the CheckBox","application.Samples.Form.CheckBoxOnFormTest","fieldLevelValidation"
"The test gets the value from the placeholder attribute and returns it in String format","6898","Test for getting the Placeholder value","","Fri Nov 28 14:09:55 UTC 2025","passed","Fri Nov 28 14:10:02 UTC 2025","","Form. Checking the basic functions for the MultiValue in the widget Form","application.Samples.Form.MultiValueOnFormTest","placeholder"
"The test sets the value in the field. After approval, the popup window, the title, the text in it, and the buttons are validated.","8487","Run-time exception validation test","","Fri Nov 28 13:48:16 UTC 2025","passed","Fri Nov 28 13:48:24 UTC 2025","","List. Checking the basic functions for the DateTimeWithSeconds in the widget List","application.Samples.List.DateTimeWithSecondsOnListTest","runtimeException"
"The test sets the value in the field. After approval, the popup window, the title, the text in it, and the buttons are validated.","9612","Business Exception Validation Test","","Fri Nov 28 13:36:56 UTC 2025","passed","Fri Nov 28 13:37:05 UTC 2025","","List. Checking the basic functions for the Number in the widget List","application.Samples.List.NumberOnListTest","businessException"
"DrillDown is not available for InfoWidget.","5256","The DrillDown test","","Fri Nov 28 13:57:15 UTC 2025","passed","Fri Nov 28 13:57:20 UTC 2025","","Info. Checking the basic functions for the DateTime","application.Samples.Info.DateTimeOnInfoTest","drillDown"
"The test clears the field and clicks the Save button. Then validates the message that the field is required.","8755","Required Message text Verification field test","","Fri Nov 28 14:08:32 UTC 2025","passed","Fri Nov 28 14:08:41 UTC 2025","","Form. Checking the basic functions for the MultiValue in the widget Form","application.Samples.Form.MultiValueOnFormTest","required"
"The test sets the value in the field. After approval, the popup window, the title, the text in it, and the buttons are validated","6526","Run-time exception validation test","","Fri Nov 28 14:05:05 UTC 2025","passed","Fri Nov 28 14:05:11 UTC 2025","","Form. Checking the basic functions for the DateTimeWithSeconds in the widget Form","application.Samples.Form.DateTimeWithSecondsOnFormTest","runtimeException"
"Sorting by the specified column.","10212","Sorting test","","Fri Nov 28 13:45:36 UTC 2025","passed","Fri Nov 28 13:45:47 UTC 2025","","List. Checking the basic functions for the FileUpload in the widget List","application.Samples.List.FileUploadOnListTest","sorting"
"Checking the url before the transition and after the transition/click on a special element","8055","The DrillDown test","","Fri Nov 28 13:59:11 UTC 2025","passed","Fri Nov 28 13:59:19 UTC 2025","","Form. Checking the basic functions for the Text in the widget Form","application.Samples.Form.TextOnFormTest","drillDown"
"Sorting is not available for InfoWidget.","4152","Sorting test","","Fri Nov 28 13:53:59 UTC 2025","passed","Fri Nov 28 13:54:03 UTC 2025","","Info. Checking the basic functions for the Input","application.Samples.Info.InputOnInfoTest","sorting"
"The test sets a value with the wrong data type in several fields for different widgets. After approval, it checks the text under the field, which informs about the correctness of the type of data entered","41490","Required Message validation test for multiple fields","","Fri Nov 28 13:41:01 UTC 2025","passed","Fri Nov 28 13:41:42 UTC 2025","","List. Checking the basic functions for the Input in the widget List","application.Samples.List.InputOnListTest","fieldLevelValidation"
"Checking the url before the transition and after the transition/click on a special element","5951","The DrillDown test","","Fri Nov 28 14:14:43 UTC 2025","failed","Fri Nov 28 14:14:49 UTC 2025","","List. Checking the basic functions for the Number in the widget List","application.Samples.List.NumberOnListTest","drillDown"
"The test sets the value in the field. After approval, the popup window, the title, the text in it, and the buttons are validated.","9966","Run-time exception validation test","","Fri Nov 28 13:47:25 UTC 2025","passed","Fri Nov 28 13:47:35 UTC 2025","","List. Checking the basic functions for the Text in the widget List","application.Samples.List.TextOnListTest","runtimeException"
"The test sets the value in the field, and then checks the value in the field with what should be set","8811","A test for setting a value in a field","","Fri Nov 28 14:04:38 UTC 2025","passed","Fri Nov 28 14:04:46 UTC 2025","","Form. Checking the basic functions for the CheckBox","application.Samples.Form.CheckBoxOnFormTest","edit"
"Sorting is not available for the Form widget","6121","Sorting test","","Fri Nov 28 13:59:32 UTC 2025","passed","Fri Nov 28 13:59:38 UTC 2025","","Form. Checking the basic functions for the Number in the widget Form","application.Samples.Form.NumberOnFormTest","sorting"
"Currency by the specified column.","6040","Currency test","","Fri Nov 28 13:39:44 UTC 2025","passed","Fri Nov 28 13:39:50 UTC 2025","","List. Checking the basic functions for the Money in the widget List","application.Samples.List.MoneyOnListTest","currency"
"The test gets the value in the field, and then checks the value in the field with what should be.","9023","A test for checking a value in a field","","Fri Nov 28 13:50:37 UTC 2025","passed","Fri Nov 28 13:50:46 UTC 2025","","List. Checking the basic functions for the PickList in the widget List","application.Samples.List.PickListOnListTest","read"
"The test sets the value in the field. After approval, the popup window, the title, the text in it, and the buttons are validated","9778","Run-time exception validation test","","Fri Nov 28 14:10:33 UTC 2025","passed","Fri Nov 28 14:10:42 UTC 2025","","Form. Checking the basic functions for the Percent in the widget Form","application.Samples.Form.PercentOnFormTest","runtimeException"
"The test sets the value in the field. After approval, the popup window, the title, the text in it, and the buttons are validated.","8592","Run-time exception validation test","","Fri Nov 28 13:43:52 UTC 2025","passed","Fri Nov 28 13:44:01 UTC 2025","","List. Checking the basic functions for the MultiValue in the widget List","application.Samples.List.MultiValueOnListTest","runtimeException"
"The test gets the value in the field, and then checks the value in the field with what should be.","1","A test for checking a value in a field","","Fri Nov 28 13:42:27 UTC 2025","skipped","Fri Nov 28 13:42:27 UTC 2025","","List. Checking the basic functions for the MultiValue in the widget List","application.Samples.List.MultiValueOnListTest","read"
"The test checks for the disabled attribute","5207","A test to check the field for ""Read-only""","","Fri Nov 28 14:11:32 UTC 2025","passed","Fri Nov 28 14:11:37 UTC 2025","","Form. Checking the basic functions for the DateTime in the widget Form","application.Samples.Form.DateTimeOnFormTest","readonly"
"The test sets all the values in the field, then checks the list with the expected value.","18167","Test to set all values in the field","","Fri Nov 28 14:10:02 UTC 2025","passed","Fri Nov 28 14:10:20 UTC 2025","","Form. Checking the basic functions for the MultiValue in the widget Form","application.Samples.Form.MultiValueOnFormTest","test_set_all"
"The test gets the value from the style attribute in RGB format, and then converts it to Hex format","5865","A test to get the field color value in Hex format","","Fri Nov 28 13:58:48 UTC 2025","passed","Fri Nov 28 13:58:54 UTC 2025","","Info. Checking the basic functions for the Number","application.Samples.Info.NumberOnInfoTest","color"
"The test gets the value from the style attribute in RGB format, and then converts it to Hex format","10341","A test to get the field color value in Hex format","","Fri Nov 28 14:12:03 UTC 2025","passed","Fri Nov 28 14:12:14 UTC 2025","","Form. Checking the basic functions for the Time","application.Samples.Form.TimeOnFormTest","color"
"The test checks the creation and deletion in the dictionary and the result of this work on another screen.","31058","Test region at List","","Fri Nov 28 13:59:56 UTC 2025","passed","Fri Nov 28 14:00:27 UTC 2025","","Checking the basic functions for the Dictionary administration panel","application.Samples.DictionaryAdministrationTest","regionsList"
"The test checks the creation and deletion in the dictionary and the result of this work on another screen.","27743","Test sorting at List","","Fri Nov 28 14:01:33 UTC 2025","passed","Fri Nov 28 14:02:01 UTC 2025","","Checking the basic functions for the Dictionary administration panel","application.Samples.DictionaryAdministrationTest","sortingList"
"The test gets the value in the field, and then checks the value in the field with what should be.","0","A test for checking a value in a field","","Fri Nov 28 13:40:14 UTC 2025","skipped","Fri Nov 28 13:40:14 UTC 2025","","List. Checking the basic functions for the Input in the widget List","application.Samples.List.InputOnListTest","read"
"The test gets the value from the placeholder attribute and returns it in String format","10096","Test for getting the Placeholder value","","Fri Nov 28 14:12:37 UTC 2025","passed","Fri Nov 28 14:12:47 UTC 2025","","Form. Checking the basic functions for the Time","application.Samples.Form.TimeOnFormTest","placeholder"
"The test sets the value with the wrong data type in the field. After approval, it checks the text under the field, which informs about the correctness of the type of data entered.","9150","Required Message validation test for one field","","Fri Nov 28 13:46:17 UTC 2025","passed","Fri Nov 28 13:46:26 UTC 2025","","List. Checking the basic functions for the FileUpload in the widget List","application.Samples.List.FileUploadOnListTest","fieldLevelValidationAnnotation"
"The test checks for the disabled attribute","7043","A test to check the field for ""Read-only""","","Fri Nov 28 14:09:27 UTC 2025","passed","Fri Nov 28 14:09:34 UTC 2025","","Form. Checking the basic functions for the MultipleSelect in the widget Form","application.Samples.Form.MultipleSelectOnFormTest","readonly"
"Checking the url before the transition and after the transition/click on a special element","5592","The DrillDown test","","Fri Nov 28 14:14:49 UTC 2025","failed","Fri Nov 28 14:14:55 UTC 2025","","List. Checking the basic functions for the DateTimeWithSeconds in the widget List","application.Samples.List.DateTimeWithSecondsOnListTest","drillDown"
"The test sets one value in the field, then checks the list with the expected value.","28869","A test for setting a single value in a field","","Fri Nov 28 14:07:26 UTC 2025","passed","Fri Nov 28 14:07:55 UTC 2025","","Form. Checking the basic functions for the MultiValue in the widget Form","application.Samples.Form.MultiValueOnFormTest","test_once"
"The test sets the value in the field. After approval, by clicking on the save button, the popup window, the title, the text in it, and the buttons are validated.","10203","Confirmation Popup Validation Test","","Fri Nov 28 13:46:29 UTC 2025","passed","Fri Nov 28 13:46:39 UTC 2025","","List. Checking the basic functions for the Text in the widget List","application.Samples.List.TextOnListTest","confirm"
"The test sets the value in the field. After approval, the popup window, the title, the text in it, and the buttons are validated.","20828","Business Exception Validation Test","","Fri Nov 28 13:45:48 UTC 2025","passed","Fri Nov 28 13:46:09 UTC 2025","","List. Checking the basic functions for the DateTimeWithSeconds in the widget List","application.Samples.List.DateTimeWithSecondsOnListTest","businessException"
"Filtering is not available for InfoWidget.","5384","Filtering test","","Fri Nov 28 13:56:43 UTC 2025","passed","Fri Nov 28 13:56:48 UTC 2025","","Info. Checking the basic functions for the Date","application.Samples.Info.DateOnInfoTest","filtration"
"","6349","The test for getting the value from the field","","Fri Nov 28 13:52:51 UTC 2025","passed","Fri Nov 28 13:52:57 UTC 2025","","Info. Checking the basic functions for the PickList","application.Samples.Info.PickListOnInfoTest","read"
"Sorting by the specified column.","44062","Sorting test","","Fri Nov 28 13:32:41 UTC 2025","passed","Fri Nov 28 13:33:25 UTC 2025","","List. Checking the basic functions for the Radio in the widget List","application.Samples.List.RadioOnListTest","sorting"
"The test gets the value in the field, and then checks the value in the field with what should be.","0","A test for checking a value in a field","","Fri Nov 28 13:43:04 UTC 2025","skipped","Fri Nov 28 13:43:04 UTC 2025","","List. Checking the basic functions for the CheckBox","application.Samples.List.CheckBoxOnListTest","read"
"Sorting by the specified column.","18338","Sorting test","","Fri Nov 28 13:42:59 UTC 2025","passed","Fri Nov 28 13:43:18 UTC 2025","","List. Checking the basic functions for the Time","application.Samples.List.TimeOnListTest","sorting"
"The test gets the value from the placeholder attribute and returns it in String format","6212","Test for getting the Placeholder value","","Fri Nov 28 13:47:19 UTC 2025","passed","Fri Nov 28 13:47:25 UTC 2025","","List. Checking the basic functions for the FileUpload in the widget List","application.Samples.List.FileUploadOnListTest","placeholder"
"Sorting is not available for InfoWidget.","4808","Sorting test","","Fri Nov 28 13:57:10 UTC 2025","passed","Fri Nov 28 13:57:15 UTC 2025","","Info. Checking the basic functions for the DateTime","application.Samples.Info.DateTimeOnInfoTest","sorting"
"The test gets the value from the placeholder attribute and returns it in String format","10432","Test for getting the Placeholder value","","Fri Nov 28 13:35:05 UTC 2025","passed","Fri Nov 28 13:35:15 UTC 2025","","List. Checking the basic functions for the Radio in the widget List","application.Samples.List.RadioOnListTest","placeholder"
"","7247","The test for getting the value from the field","","Fri Nov 28 13:58:15 UTC 2025","passed","Fri Nov 28 13:58:23 UTC 2025","","Info. Checking the basic functions for the MultiValue","application.Samples.Info.MultiValueOnInfoTest","read"
"The test checks for the disabled attribute","8741","A test to check the field for ""Read-only""","","Fri Nov 28 14:03:14 UTC 2025","passed","Fri Nov 28 14:03:23 UTC 2025","","Form. Checking the basic functions for the InlinePickList in the widget Form","application.Samples.Form.InlinePickListOnFormTest","readonly"
"The test sets the value in the field. After approval, the popup window, the title, the text in it, and the buttons are validated.","18864","Business Exception Validation Test","","Fri Nov 28 13:49:59 UTC 2025","passed","Fri Nov 28 13:50:18 UTC 2025","","List. Checking the basic functions for the PickList in the widget List","application.Samples.List.PickListOnListTest","businessException"
"Checking the url before the transition and after the transition/click on a special element","8248","The DrillDown test","","Fri Nov 28 13:51:27 UTC 2025","passed","Fri Nov 28 13:51:35 UTC 2025","","List. Checking the basic functions for the Dictionary in the widget List","application.Samples.List.DictionaryOnListTest","drillDown"
"Filtering is not available for InfoWidget.","7324","Filtering test","","Fri Nov 28 13:57:45 UTC 2025","passed","Fri Nov 28 13:57:53 UTC 2025","","Info. Checking the basic functions for the MultiplySelect","application.Samples.Info.MultipleSelectOnInfoTest","filtration"
"The test calls Popup, the method returns a list with column headings","7410","The test for getting column headings","","Fri Nov 28 14:08:14 UTC 2025","passed","Fri Nov 28 14:08:21 UTC 2025","","Form. Checking the basic functions for the PickList in the widget Form","application.Samples.Form.PickListOnFormTest","getColumnName"
"The test gets the value from the style attribute in RGB format, and then converts it to Hex format","5953","A test to get the field color value in Hex format","","Fri Nov 28 13:52:57 UTC 2025","passed","Fri Nov 28 13:53:03 UTC 2025","","Info. Checking the basic functions for the PickList","application.Samples.Info.PickListOnInfoTest","color"
"Filtering is not available for InfoWidget.","7888","Filtering test","","Fri Nov 28 13:58:53 UTC 2025","passed","Fri Nov 28 13:59:01 UTC 2025","","Info. Checking the basic functions for the Text","application.Samples.Info.TextOnInfoTest","filtration"
"","4533","checkFilterOrSort()","","Fri Nov 28 13:39:08 UTC 2025","passed","Fri Nov 28 13:39:12 UTC 2025","","List. Checking the basic functions for the Input in the widget List","application.Samples.List.InputOnListTest","checkFilterOrSort"
"The test sets the value in the field, and then checks the value in the field with what should be set","6900","A test for setting a value in a field","","Fri Nov 28 14:00:31 UTC 2025","passed","Fri Nov 28 14:00:38 UTC 2025","","Form. Checking the basic functions for the Number in the widget Form","application.Samples.Form.NumberOnFormTest","edit"
"","6147","digits()","","Fri Nov 28 13:58:24 UTC 2025","passed","Fri Nov 28 13:58:31 UTC 2025","","Info. Checking the basic functions for the Number","application.Samples.Info.NumberOnInfoTest","digits"
"The test sets the value in the field. After approval, the popup window, the title, the text in it, and the buttons are validated","6085","Run-time exception validation test","","Fri Nov 28 14:12:31 UTC 2025","passed","Fri Nov 28 14:12:38 UTC 2025","","Form. Checking the basic functions for the DateTime in the widget Form","application.Samples.Form.DateTimeOnFormTest","runtimeException"
"The test sets the value with the wrong data type in the field. After approval, it checks the text under the field, which informs about the correctness of the type of data entered.","33117","Required Message validation test for one field","","Fri Nov 28 13:34:50 UTC 2025","passed","Fri Nov 28 13:35:23 UTC 2025","","List. Checking the basic functions for the Percent in the widget List","application.Samples.List.PercentOnListTest","fieldLevelValidationAnnotation"
"The test sets the value in the field. After approval, by clicking on the save button, the popup window, the title, the text in it, and the buttons are validated.","8134","Confirmation Popup Validation Test","","Fri Nov 28 13:40:53 UTC 2025","passed","Fri Nov 28 13:41:01 UTC 2025","","List. Checking the basic functions for the Input in the widget List","application.Samples.List.InputOnListTest","confirm"
"The test sets a value with the wrong data type in several fields for different widgets. After approval, it checks the text under the field, which informs about the correctness of the type of data entered","8546","Required Message validation test for multiple fields","","Fri Nov 28 14:12:23 UTC 2025","passed","Fri Nov 28 14:12:31 UTC 2025","","Form. Checking the basic functions for the DateTime in the widget Form","application.Samples.Form.DateTimeOnFormTest","fieldLevelValidation"
"The InfoWidget doesn't have a Placeholder.","7707","Test for getting the Placeholder value","","Fri Nov 28 13:58:15 UTC 2025","passed","Fri Nov 28 13:58:23 UTC 2025","","Info. Checking the basic functions for the MultiplySelect","application.Samples.Info.MultipleSelectOnInfoTest","placeholder"
"The test gets the value from the placeholder attribute and returns it in String format","11347","Test for getting the Placeholder value","","Fri Nov 28 13:45:25 UTC 2025","passed","Fri Nov 28 13:45:36 UTC 2025","","List. Checking the basic functions for the Time","application.Samples.List.TimeOnListTest","placeholder"
"The test gets the value from the placeholder attribute and returns it in String format","5908","Test for getting the Placeholder value","","Fri Nov 28 14:08:32 UTC 2025","passed","Fri Nov 28 14:08:38 UTC 2025","","Form. Checking the basic functions for the NumberDigits in the widget Form","application.Samples.Form.NumberDigitsOnFormTest","placeholder"
"The test gets the value from the placeholder attribute and returns it in String format","9048","Test for getting the Placeholder value","","Fri Nov 28 14:04:28 UTC 2025","passed","Fri Nov 28 14:04:37 UTC 2025","","Form. Checking the basic functions for the InlinePickList in the widget Form","application.Samples.Form.InlinePickListOnFormTest","placeholder"
"The test sets a value with the wrong data type in several fields for different widgets. After approval, it checks the text under the field, which informs about the correctness of the type of data entered","9888","Required Message validation test for multiple fields","","Fri Nov 28 14:06:45 UTC 2025","passed","Fri Nov 28 14:06:55 UTC 2025","","Form. Checking the basic functions for the Radio in the widget Form","application.Samples.Form.RadioOnFormTest","fieldLevelValidation"
"The test sets the value with the wrong data type in the field. After approval, it checks the text under the field, which informs about the correctness of the type of data entered.","7846","Required Message validation test for one field","","Fri Nov 28 14:08:24 UTC 2025","passed","Fri Nov 28 14:08:32 UTC 2025","","Form. Checking the basic functions for the MultiValue in the widget Form","application.Samples.Form.MultiValueOnFormTest","fieldLevelValidationAnnotation"
"The test sets a value with the wrong data type in several fields for different widgets. After approval, it checks the text under the field, which informs about the correctness of the type of data entered","10975","Required Message validation test for multiple fields","","Fri Nov 28 14:10:22 UTC 2025","passed","Fri Nov 28 14:10:33 UTC 2025","","Form. Checking the basic functions for the Percent in the widget Form","application.Samples.Form.PercentOnFormTest","fieldLevelValidation"
"Getting the field color is not available","4912","A test to get the field color value in Hex format","","Fri Nov 28 14:05:32 UTC 2025","passed","Fri Nov 28 14:05:37 UTC 2025","","Form. Checking the basic functions for the Hint in the widget Form","application.Samples.Form.HintOnFormTest","color"
"The test sets the value in the field. After approval, by clicking on the save button, the popup window, the title, the text in it, and the buttons are validated","7474","Confirmation Popup Validation Test","","Fri Nov 28 14:12:15 UTC 2025","passed","Fri Nov 28 14:12:23 UTC 2025","","Form. Checking the basic functions for the DateTime in the widget Form","application.Samples.Form.DateTimeOnFormTest","confirm"
"The test sets a value with the wrong data type in several fields for different widgets. After approval, it checks the text under the field, which informs about the correctness of the type of data entered","45251","Required Message validation test for multiple fields","","Fri Nov 28 13:46:39 UTC 2025","passed","Fri Nov 28 13:47:25 UTC 2025","","List. Checking the basic functions for the Text in the widget List","application.Samples.List.TextOnListTest","fieldLevelValidation"
"The test gets the value from the style attribute in RGB format, and then converts it to Hex format","9195","A test to get the field color value in Hex format","","Fri Nov 28 13:50:00 UTC 2025","passed","Fri Nov 28 13:50:09 UTC 2025","","List. Checking the basic functions for the InlinePickList in the widget List","application.Samples.List.InlinePickListOnListTest","color"
"The test sets the value in the field. After approval, the popup window, the title, the text in it, and the buttons are validated","8553","Business Exception Validation Test","","Fri Nov 28 14:09:52 UTC 2025","passed","Fri Nov 28 14:10:01 UTC 2025","","Form. Checking the basic functions for the MultipleSelect in the widget Form","application.Samples.Form.MultipleSelectOnFormTest","businessException"
"Filtering by the specified column.","6506","Filtering test","","Fri Nov 28 13:46:03 UTC 2025","passed","Fri Nov 28 13:46:09 UTC 2025","","List. Checking the basic functions for the FileUpload in the widget List","application.Samples.List.FileUploadOnListTest","filtration"
"Checking the url before the transition and after the transition/click on a special element","6471","The DrillDown test","","Fri Nov 28 14:14:20 UTC 2025","failed","Fri Nov 28 14:14:26 UTC 2025","","List. Checking the basic functions for the DateTime in the widget List","application.Samples.List.DateTimeOnListTest","drillDown"
"The test checks for the disabled attribute.","8638","A test to check the field for ""Read-only""","","Fri Nov 28 13:48:03 UTC 2025","passed","Fri Nov 28 13:48:12 UTC 2025","","List. Checking the basic functions for the InlinePickList in the widget List","application.Samples.List.InlinePickListOnListTest","readonly"
"The test gets the value from the style attribute in RGB format, and then converts it to Hex format","6844","A test to get the field color value in Hex format","","Fri Nov 28 13:54:46 UTC 2025","passed","Fri Nov 28 13:54:52 UTC 2025","","Info. Checking the basic functions for the MultiValueHover","application.Samples.Info.MultiValueHoverOnInfoTest","color"
"The test gets the value from the placeholder attribute and returns it in String format","11847","Test for getting the Placeholder value","","Fri Nov 28 14:02:42 UTC 2025","passed","Fri Nov 28 14:02:54 UTC 2025","","Form. Checking the basic functions for the Suggestion PickList in the widget Form","application.Samples.Form.SuggestionPickListOnFormTest","placeholder"
"The test gets the value from the placeholder attribute and returns it in String format","6755","Test for getting the Placeholder value","","Fri Nov 28 13:54:25 UTC 2025","passed","Fri Nov 28 13:54:32 UTC 2025","","List. Checking the basic functions for the DateTime in the widget List","application.Samples.List.DateTimeOnListTest","placeholder"
"Filtering is not available for the Form widget","8162","Filtering test","","Fri Nov 28 14:08:59 UTC 2025","passed","Fri Nov 28 14:09:07 UTC 2025","","Form. Checking the basic functions for the Percent in the widget Form","application.Samples.Form.PercentOnFormTest","filtration"
"The test sets a value with the wrong data type in several fields for different widgets. After approval, it checks the text under the field, which informs about the correctness of the type of data entered","7277","Required Message validation test for multiple fields","","Fri Nov 28 14:07:58 UTC 2025","passed","Fri Nov 28 14:08:06 UTC 2025","","Form. Checking the basic functions for the PickList in the widget Form","application.Samples.Form.PickListOnFormTest","fieldLevelValidation"
"The method returns Option-Status pairs, for all. The test checks each pair.","9721","Test to check the status of all options","","Fri Nov 28 13:40:27 UTC 2025","passed","Fri Nov 28 13:40:37 UTC 2025","","List. Checking the basic functions for the MultipleSelect in the widget List","application.Samples.List.MultipleSelectOnListTest","statusOptions"
"Sorting is not available for InfoWidget.","7636","Sorting test","","Fri Nov 28 13:58:37 UTC 2025","passed","Fri Nov 28 13:58:44 UTC 2025","","Info. Checking the basic functions for the Text","application.Samples.Info.TextOnInfoTest","sorting"
"The test gets the value from the style attribute in RGB format, and then converts it to Hex format","5212","A test to get the field color value in Hex format","","Fri Nov 28 14:03:09 UTC 2025","passed","Fri Nov 28 14:03:14 UTC 2025","","Form. Checking the basic functions for the Date in the widget Form","application.Samples.Form.DateOnFormTest","color"
"Filtering by the specified column.","0","Filtering test","","Fri Nov 28 13:43:30 UTC 2025","skipped","Fri Nov 28 13:43:30 UTC 2025","","List. Checking the basic functions for the Time","application.Samples.List.TimeOnListTest","filtration"
"The test checks for the disabled attribute.","6459","A test to check the field for ""Read-only""","","Fri Nov 28 13:39:01 UTC 2025","passed","Fri Nov 28 13:39:08 UTC 2025","","List. Checking the basic functions for the Input in the widget List","application.Samples.List.InputOnListTest","readonly"
"The test gets the value from the style attribute in RGB format, and then converts it to Hex format","10337","A test to get the field color value in Hex format","","Fri Nov 28 13:57:17 UTC 2025","passed","Fri Nov 28 13:57:27 UTC 2025","","Info. Checking the basic functions for the Time","application.Samples.Info.TimeOnInfoTest","color"
"The test sets the value in the field. After approval, the popup window, the title, the text in it, and the buttons are validated.","19301","Run-time exception validation test","","Fri Nov 28 13:51:42 UTC 2025","passed","Fri Nov 28 13:52:01 UTC 2025","","List. Checking the basic functions for the PickList in the widget List","application.Samples.List.PickListOnListTest","runtimeException"
"The Hint field type is always read-only","7301","A test to check the field for ""Read-only""","","Fri Nov 28 13:44:16 UTC 2025","passed","Fri Nov 28 13:44:23 UTC 2025","","List. Checking the basic functions for the MultiValueHover in the widget List","application.Samples.List.MultiValueHoverOnListTest","readonly"
"The test gets the value from the placeholder attribute and returns it in String format","8291","Test for getting the Placeholder value","","Fri Nov 28 14:04:55 UTC 2025","passed","Fri Nov 28 14:05:03 UTC 2025","","Form. Checking the basic functions for the CheckBox","application.Samples.Form.CheckBoxOnFormTest","placeholder"
"The test sets the value with the wrong data type in the field. After approval, it checks the text under the field, which informs about the correctness of the type of data entered.","18676","Required Message validation test for one field","","Fri Nov 28 13:39:12 UTC 2025","passed","Fri Nov 28 13:39:31 UTC 2025","","List. Checking the basic functions for the Input in the widget List","application.Samples.List.InputOnListTest","fieldLevelValidationAnnotation"
"The test sets the value in the field. After approval, the popup window, the title, the text in it, and the buttons are validated","7273","Run-time exception validation test","","Fri Nov 28 14:01:08 UTC 2025","passed","Fri Nov 28 14:01:15 UTC 2025","","Form. Checking the basic functions for the Number in the widget Form","application.Samples.Form.NumberOnFormTest","runtimeException"
"The test sets the value in the field. After approval, the popup window, the title, the text in it, and the buttons are validated.","7942","Business Exception Validation Test","","Fri Nov 28 13:39:49 UTC 2025","passed","Fri Nov 28 13:39:57 UTC 2025","","List. Checking the basic functions for the Input in the widget List","application.Samples.List.InputOnListTest","businessException"
"The test clears the field and clicks the Save button. Then validates the message that the field is required.","21695","Required Message text Verification field test","","Fri Nov 28 13:43:41 UTC 2025","passed","Fri Nov 28 13:44:03 UTC 2025","","List. Checking the basic functions for the Time","application.Samples.List.TimeOnListTest","required"
"","6161","The test for getting the value from the field","","Fri Nov 28 13:56:31 UTC 2025","passed","Fri Nov 28 13:56:37 UTC 2025","","Info. Checking the basic functions for the Money","application.Samples.Info.MoneyOnInfoTest","read"
"The test sets the value in the field. After approval, the popup window, the title, the text in it, and the buttons are validated","10745","Business Exception Validation Test","","Fri Nov 28 14:06:40 UTC 2025","passed","Fri Nov 28 14:06:50 UTC 2025","","Form. Checking the basic functions for the Dictionary in the widget Form","application.Samples.Form.DictionaryOnFormTest","businessException"
"Checking the url before the transition and after the transition/click on a special element","13082","The DrillDown test","","Fri Nov 28 14:14:30 UTC 2025","failed","Fri Nov 28 14:14:43 UTC 2025","","List. Checking the basic functions for the SuggestionPickList in the widget List","application.Samples.List.SuggestionPickListOnListTest","drillDown"
"Filtering is not available for the Form widget","8872","Filtering test","","Fri Nov 28 14:03:05 UTC 2025","passed","Fri Nov 28 14:03:14 UTC 2025","","Form. Checking the basic functions for the InlinePickList in the widget Form","application.Samples.Form.InlinePickListOnFormTest","filtration"
"The test deletes the value by checking the autocomplete in a blank field","9989","Auto-completion test after cleaning","","Fri Nov 28 14:08:30 UTC 2025","passed","Fri Nov 28 14:08:40 UTC 2025","","Form. Checking the basic functions for the Percent in the widget Form","application.Samples.Form.PercentOnFormTest","nullable"
"Sorting is not available for the Form widget","7024","Sorting test","","Fri Nov 28 14:07:05 UTC 2025","passed","Fri Nov 28 14:07:12 UTC 2025","","Form. Checking the basic functions for the MultiValue in the widget Form","application.Samples.Form.MultiValueOnFormTest","sorting"
"The test sets the value in the field. After approval, the popup window, the title, the text in it, and the buttons are validated","6000","Business Exception Validation Test","","Fri Nov 28 14:06:08 UTC 2025","passed","Fri Nov 28 14:06:14 UTC 2025","","Form. Checking the basic functions for the Input in the widget Form","application.Samples.Form.InputOnFormTest","businessException"
"The test checks for the disabled attribute.","8261","A test to check the field for ""Read-only""","","Fri Nov 28 13:51:53 UTC 2025","passed","Fri Nov 28 13:52:01 UTC 2025","","List. Checking the basic functions for the Dictionary in the widget List","application.Samples.List.DictionaryOnListTest","readonly"
"The test sets a value with the wrong data type in several fields for different widgets. After approval, it checks the text under the field, which informs about the correctness of the type of data entered","9646","Required Message validation test for multiple fields","","Fri Nov 28 14:03:28 UTC 2025","passed","Fri Nov 28 14:03:37 UTC 2025","","Form. Checking the basic functions for the Date in the widget Form","application.Samples.Form.DateOnFormTest","fieldLevelValidation"
"The test sets the value in the field, and then checks the value in the field with what should be set","9471","A test for setting a value in a field","","Fri Nov 28 14:00:04 UTC 2025","passed","Fri Nov 28 14:00:13 UTC 2025","","Form. Checking the basic functions for the Text in the widget Form","application.Samples.Form.TextOnFormTest","edit"
"Sorting is not available for InfoWidget.","9046","Sorting test","","Fri Nov 28 13:57:45 UTC 2025","passed","Fri Nov 28 13:57:54 UTC 2025","","Info. Checking the basic functions for the MultiField","application.Samples.Info.MultiFieldOnInfoTest","sorting"
"Filtering is not available for the Form widget","7896","Filtering test","","Fri Nov 28 13:59:19 UTC 2025","passed","Fri Nov 28 13:59:26 UTC 2025","","Form. Checking the basic functions for the Text in the widget Form","application.Samples.Form.TextOnFormTest","filtration"
"The test clear the value in the field , and then checks the value in the field, it must be null.","10264","A test for checking the possibility of an empty field","","Fri Nov 28 13:36:56 UTC 2025","passed","Fri Nov 28 13:37:06 UTC 2025","","List. Checking the basic functions for the Money in the widget List","application.Samples.List.MoneyOnListTest","nullable"
"Test click ""Export"" and check the file for standards.","10088","Test export button","","Fri Nov 28 14:02:01 UTC 2025","passed","Fri Nov 28 14:02:11 UTC 2025","","Checking the basic functions for the Dictionary administration panel","application.Samples.DictionaryAdministrationTest","testExprotFile"
"The test checks the value in the field with what should be set","10429","A test to read value","","Fri Nov 28 13:57:37 UTC 2025","passed","Fri Nov 28 13:57:48 UTC 2025","","Info. Checking the basic functions for the Time","application.Samples.Info.TimeOnInfoTest","read3"
"DrillDown is not available for InfoWidget.","7914","The DrillDown test","","Fri Nov 28 13:55:34 UTC 2025","passed","Fri Nov 28 13:55:42 UTC 2025","","Info. Checking the basic functions for the Percent","application.Samples.Info.PercentOnInfoTest","drillDown"
"The test sets the value with the wrong data type in the field. After approval, it checks the text under the field, which informs about the correctness of the type of data entered","7505","Required Message validation test for one field","","Fri Nov 28 14:04:07 UTC 2025","passed","Fri Nov 28 14:04:14 UTC 2025","","Form. Checking the basic functions for the DateTimeWithSeconds in the widget Form","application.Samples.Form.DateTimeWithSecondsOnFormTest","fieldLevelValidationAnnotation"
"The test sets the value in the field. After approval, by clicking on the save button, the popup window, the title, the text in it, and the buttons are validated","12180","Confirmation Popup Validation Test","","Fri Nov 28 14:04:37 UTC 2025","passed","Fri Nov 28 14:04:50 UTC 2025","","Form. Checking the basic functions for the InlinePickList in the widget Form","application.Samples.Form.InlinePickListOnFormTest","confirm"
"Getting a Placeholder is not available","9211","Test for getting the Placeholder value","","Fri Nov 28 13:44:40 UTC 2025","passed","Fri Nov 28 13:44:50 UTC 2025","","List. Checking the basic functions for the MultiValueHover in the widget List","application.Samples.List.MultiValueHoverOnListTest","placeholder"
"DrillDown is not available for InfoWidget.","8864","The DrillDown test","","Fri Nov 28 13:55:31 UTC 2025","passed","Fri Nov 28 13:55:40 UTC 2025","","Info. Checking the basic functions for the Dictionary","application.Samples.Info.DictionaryOnInfoTest","drillDown"
"","4214","The test for getting the value from the field","","Fri Nov 28 13:54:15 UTC 2025","passed","Fri Nov 28 13:54:20 UTC 2025","","Info. Checking the basic functions for the Input","application.Samples.Info.InputOnInfoTest","read"
"The test gets the value from the style attribute in RGB format, and then converts it to Hex format","4704","A test to get the field color value in Hex format","","Fri Nov 28 13:54:20 UTC 2025","passed","Fri Nov 28 13:54:24 UTC 2025","","Info. Checking the basic functions for the Input","application.Samples.Info.InputOnInfoTest","color"
"Sorting is not available for the Form widget","6550","Sorting test","","Fri Nov 28 14:10:42 UTC 2025","passed","Fri Nov 28 14:10:49 UTC 2025","","Form. Checking the basic functions for the FileUpload in the widget Form","application.Samples.Form.FileUploadOnFormTest","sorting"
"","9359","The test for getting the value from the field","","Fri Nov 28 13:58:03 UTC 2025","passed","Fri Nov 28 13:58:12 UTC 2025","","Info. Checking the basic functions for the MultiField","application.Samples.Info.MultiFieldOnInfoTest","read"
"The test gets the value from the placeholder attribute and returns it in String format","6933","Test for getting the Placeholder value","","Fri Nov 28 13:50:54 UTC 2025","passed","Fri Nov 28 13:51:01 UTC 2025","","List. Checking the basic functions for the PickList in the widget List","application.Samples.List.PickListOnListTest","placeholder"
"Info Widget is always read-only","3989","A test to check the field for ""Read-only""","","Fri Nov 28 13:54:11 UTC 2025","passed","Fri Nov 28 13:54:15 UTC 2025","","Info. Checking the basic functions for the Input","application.Samples.Info.InputOnInfoTest","readonly"
"The test sets a value with the wrong data type in several fields for different widgets. After approval, it checks the text under the field, which informs about the correctness of the type of data entered","14934","Required Message validation test for multiple fields","","Fri Nov 28 13:53:32 UTC 2025","passed","Fri Nov 28 13:53:47 UTC 2025","","List. Checking the basic functions for the Dictionary in the widget List","application.Samples.List.DictionaryOnListTest","fieldLevelValidation"
"Sorting by the specified column.","16198","Sorting test","","Fri Nov 28 14:12:43 UTC 2025","passed","Fri Nov 28 14:13:00 UTC 2025","","List. Checking the basic functions for the Percent in the widget List","application.Samples.List.PercentOnListTest","sorting"
"The test sets the value in the field. After approval, by clicking on the save button, the popup window, the title, the text in it, and the buttons are validated","6355","Confirmation Popup Validation Test","","Fri Nov 28 14:06:35 UTC 2025","passed","Fri Nov 28 14:06:42 UTC 2025","","Form. Checking the basic functions for the Input in the widget Form","application.Samples.Form.InputOnFormTest","confirm"
"The test clears the field and clicks the Save button. Then validates the message that the field is required.","20574","Required Message text Verification field test","","Fri Nov 28 13:45:28 UTC 2025","passed","Fri Nov 28 13:45:48 UTC 2025","","List. Checking the basic functions for the DateTimeWithSeconds in the widget List","application.Samples.List.DateTimeWithSecondsOnListTest","required"
"The test checks for the disabled attribute","8172","A test to check the field for ""Read-only""","","Fri Nov 28 14:05:36 UTC 2025","passed","Fri Nov 28 14:05:44 UTC 2025","","Form. Checking the basic functions for the Radio in the widget Form","application.Samples.Form.RadioOnFormTest","readonly"
"The test sets a value with the wrong data type in several fields for different widgets. After approval, it checks the text under the field, which informs about the correctness of the type of data entered","10764","Required Message validation test for multiple fields","","Fri Nov 28 13:40:37 UTC 2025","passed","Fri Nov 28 13:40:48 UTC 2025","","List. Checking the basic functions for the MultipleSelect in the widget List","application.Samples.List.MultipleSelectOnListTest","fieldLevelValidation"
"Info Widget is always read-only","5973","A test to check the field for ""Read-only""","","Fri Nov 28 13:52:45 UTC 2025","passed","Fri Nov 28 13:52:51 UTC 2025","","Info. Checking the basic functions for the PickList","application.Samples.Info.PickListOnInfoTest","readonly"
"Currency check at the field","6732","Currency test","","Fri Nov 28 14:02:10 UTC 2025","passed","Fri Nov 28 14:02:16 UTC 2025","","Form. Checking the basic functions for the Money in the widget Form","application.Samples.Form.MoneyOnFormTest","currency"
"The test sets the value in the field. After approval, by clicking on the save button, the popup window, the title, the text in it, and the buttons are validated","9172","Confirmation Popup Validation Test","","Fri Nov 28 14:06:36 UTC 2025","passed","Fri Nov 28 14:06:45 UTC 2025","","Form. Checking the basic functions for the Radio in the widget Form","application.Samples.Form.RadioOnFormTest","confirm"
"The test checks the creation and deletion in the dictionary and the result of this work on another screen.","26785","Test sorting at Form","","Fri Nov 28 14:01:06 UTC 2025","passed","Fri Nov 28 14:01:33 UTC 2025","","Checking the basic functions for the Dictionary administration panel","application.Samples.DictionaryAdministrationTest","sortingForm"
"The test gets the value from the style attribute in RGB format, and then converts it to Hex format","5791","A test to get the field color value in Hex format","","Fri Nov 28 14:04:36 UTC 2025","passed","Fri Nov 28 14:04:42 UTC 2025","","Form. Checking the basic functions for the DateTimeWithSeconds in the widget Form","application.Samples.Form.DateTimeWithSecondsOnFormTest","color"
"The test gets the value from the style attribute in RGB format, and then converts it to Hex format","7430","A test to get the field color value in Hex format","","Fri Nov 28 13:46:38 UTC 2025","passed","Fri Nov 28 13:46:45 UTC 2025","","List. Checking the basic functions for the DateTimeWithSeconds in the widget List","application.Samples.List.DateTimeWithSecondsOnListTest","color"
"The test sets the value in the field. After approval, by clicking on the save button, the popup window, the title, the text in it, and the buttons are validated.","20128","Confirmation Popup Validation Test","","Fri Nov 28 13:54:32 UTC 2025","passed","Fri Nov 28 13:54:52 UTC 2025","","List. Checking the basic functions for the DateTime in the widget List","application.Samples.List.DateTimeOnListTest","confirm"
"The test sets the value in the field. After approval, the popup window, the title, the text in it, and the buttons are validated","7320","Business Exception Validation Test","","Fri Nov 28 14:01:49 UTC 2025","passed","Fri Nov 28 14:01:56 UTC 2025","","Form. Checking the basic functions for the Money in the widget Form","application.Samples.Form.MoneyOnFormTest","businessException"
"Filtering by the specified column.","9074","Filtering test","","Fri Nov 28 13:44:42 UTC 2025","passed","Fri Nov 28 13:44:51 UTC 2025","","List. Checking the basic functions for the Text in the widget List","application.Samples.List.TextOnListTest","filtration"
"The test gets the value from the style attribute in RGB format, and then converts it to Hex format","4692","A test to get the field color value in Hex format","","Fri Nov 28 14:06:20 UTC 2025","passed","Fri Nov 28 14:06:24 UTC 2025","","Form. Checking the basic functions for the Input in the widget Form","application.Samples.Form.InputOnFormTest","color"
"The test sets a value with the wrong data type in several fields for different widgets. After approval, it checks the text under the field, which informs about the correctness of the type of data entered","67888","Required Message validation test for multiple fields","","Fri Nov 28 13:37:25 UTC 2025","passed","Fri Nov 28 13:38:33 UTC 2025","","List. Checking the basic functions for the Percent in the widget List","application.Samples.List.PercentOnListTest","fieldLevelValidation"
"InfoWidget does not have a Hex field color for this type.","7493","A test to get the field color value in Hex format","","Fri Nov 28 13:58:08 UTC 2025","passed","Fri Nov 28 13:58:15 UTC 2025","","Info. Checking the basic functions for the MultiplySelect","application.Samples.Info.MultipleSelectOnInfoTest","color"
"The test sets the value in the field, and then checks the value in the field with what should be set.","17461","A test for setting a value in a field","","Fri Nov 28 13:39:57 UTC 2025","passed","Fri Nov 28 13:40:14 UTC 2025","","List. Checking the basic functions for the Input in the widget List","application.Samples.List.InputOnListTest","edit"
"The test gets the value from the placeholder attribute and returns it in String format","9003","Test for getting the Placeholder value","","Fri Nov 28 13:50:09 UTC 2025","passed","Fri Nov 28 13:50:18 UTC 2025","","List. Checking the basic functions for the InlinePickList in the widget List","application.Samples.List.InlinePickListOnListTest","placeholder"
"The test sets the value in the field, and then checks the value in the field with what should be set.","21846","A test for setting a value in a field","","Fri Nov 28 13:34:34 UTC 2025","passed","Fri Nov 28 13:34:56 UTC 2025","","List. Checking the basic functions for the Radio in the widget List","application.Samples.List.RadioOnListTest","edit"
"The test gets the value from the placeholder attribute and returns it in String format","11083","Test for getting the Placeholder value","","Fri Nov 28 13:53:09 UTC 2025","passed","Fri Nov 28 13:53:20 UTC 2025","","List. Checking the basic functions for the Dictionary in the widget List","application.Samples.List.DictionaryOnListTest","placeholder"
"Filtering is not available for InfoWidget.","6315","Filtering test","","Fri Nov 28 13:53:28 UTC 2025","passed","Fri Nov 28 13:53:34 UTC 2025","","Info. Checking the basic functions for the FileUp","application.Samples.Info.FileUploadOnInfoTest","filtration"
"Sorting is not available for the Form widget","5059","Sorting test","","Fri Nov 28 14:11:17 UTC 2025","passed","Fri Nov 28 14:11:22 UTC 2025","","Form. Checking the basic functions for the DateTime in the widget Form","application.Samples.Form.DateTimeOnFormTest","sorting"
"Info Widget is always read-only","6098","A test to check the field for ""Read-only""","","Fri Nov 28 13:56:25 UTC 2025","passed","Fri Nov 28 13:56:31 UTC 2025","","Info. Checking the basic functions for the Money","application.Samples.Info.MoneyOnInfoTest","readonly"
"The test sets the value in the field. After approval, the popup window, the title, the text in it, and the buttons are validated.","8654","Business Exception Validation Test","","Fri Nov 28 14:08:41 UTC 2025","passed","Fri Nov 28 14:08:50 UTC 2025","","Form. Checking the basic functions for the MultiValue in the widget Form","application.Samples.Form.MultiValueOnFormTest","businessException"
"The test gets the value from the style attribute in RGB format, and then converts it to Hex format","7006","A test to get the field color value in Hex format","","Fri Nov 28 14:10:10 UTC 2025","passed","Fri Nov 28 14:10:17 UTC 2025","","Form. Checking the basic functions for the MultipleSelect in the widget Form","application.Samples.Form.MultipleSelectOnFormTest","color"
"The test sets the value in the field, and then checks the value in the field with what should be set. Предварительной очистки поля нет","9520","A test for setting a value in a field","","Fri Nov 28 14:10:01 UTC 2025","passed","Fri Nov 28 14:10:10 UTC 2025","","Form. Checking the basic functions for the MultipleSelect in the widget Form","application.Samples.Form.MultipleSelectOnFormTest","edit"
"The test sets the value in the field. After approval, the popup window, the title, the text in it, and the buttons are validated","9912","Business Exception Validation Test","","Fri Nov 28 13:59:54 UTC 2025","passed","Fri Nov 28 14:00:04 UTC 2025","","Form. Checking the basic functions for the Text in the widget Form","application.Samples.Form.TextOnFormTest","businessException"
"Checking the url before the transition and after the transition/click on a special element","8127","The DrillDown test","","Fri Nov 28 14:05:19 UTC 2025","passed","Fri Nov 28 14:05:28 UTC 2025","","Form. Checking the basic functions for the Radio in the widget Form","application.Samples.Form.RadioOnFormTest","drillDown"
"Info Widget is always read-only","8506","A test to check the field for ""Read-only""","","Fri Nov 28 13:55:57 UTC 2025","passed","Fri Nov 28 13:56:06 UTC 2025","","Info. Checking the basic functions for the Percent","application.Samples.Info.PercentOnInfoTest","readonly"
"The test sets a value with the wrong data type in several fields for different widgets. After approval, it checks the text under the field, which informs about the correctness of the type of data entered","63804","Required Message validation test for multiple fields","","Fri Nov 28 13:51:11 UTC 2025","passed","Fri Nov 28 13:52:15 UTC 2025","","List. Checking the basic functions for the Date in the widget List","application.Samples.List.DateOnListTest","fieldLevelValidation"
"The test sets a value with the wrong data type in several fields for different widgets. After approval, it checks the text under the field, which informs about the correctness of the type of data entered","12695","Required Message validation test for multiple fields","","Fri Nov 28 14:04:50 UTC 2025","passed","Fri Nov 28 14:05:02 UTC 2025","","Form. Checking the basic functions for the InlinePickList in the widget Form","application.Samples.Form.InlinePickListOnFormTest","fieldLevelValidation"
"Info Widget is always read-only","7055","A test to check the field for ""Read-only""","","Fri Nov 28 13:54:32 UTC 2025","passed","Fri Nov 28 13:54:39 UTC 2025","","Info. Checking the basic functions for the MultiValueHover","application.Samples.Info.MultiValueHoverOnInfoTest","readonly"
"Filtering is not available for the Form widget","5850","Filtering test","","Fri Nov 28 13:59:57 UTC 2025","passed","Fri Nov 28 14:00:03 UTC 2025","","Form. Checking the basic functions for the Number in the widget Form","application.Samples.Form.NumberOnFormTest","filtration"
"The test clears the field and clicks the Save button. Then validates the message that the field is required.","22741","Required Message text Verification field test","","Fri Nov 28 13:35:23 UTC 2025","passed","Fri Nov 28 13:35:45 UTC 2025","","List. Checking the basic functions for the Percent in the widget List","application.Samples.List.PercentOnListTest","required"
"The test sets the value in the field. After approval, the popup window, the title, the text in it, and the buttons are validated","7433","Business Exception Validation Test","","Fri Nov 28 14:11:51 UTC 2025","passed","Fri Nov 28 14:11:58 UTC 2025","","Form. Checking the basic functions for the DateTime in the widget Form","application.Samples.Form.DateTimeOnFormTest","businessException"
"The test sets the value in the field. After approval, the popup window, the title, the text in it, and the buttons are validated","7193","Business Exception Validation Test","","Fri Nov 28 14:11:23 UTC 2025","passed","Fri Nov 28 14:11:30 UTC 2025","","Form. Checking the basic functions for the FileUpload in the widget Form","application.Samples.Form.FileUploadOnFormTest","businessException"
"The test clears the field and clicks the Save button. Then validates the message that the field is required","5879","Required Message text Verification field test","","Fri Nov 28 14:06:02 UTC 2025","passed","Fri Nov 28 14:06:08 UTC 2025","","Form. Checking the basic functions for the Input in the widget Form","application.Samples.Form.InputOnFormTest","required"
"Checking the url before the transition and after the transition/click on a special element","10579","The DrillDown test","","Fri Nov 28 14:14:32 UTC 2025","failed","Fri Nov 28 14:14:42 UTC 2025","","List. Checking the basic functions for the InlinePickList in the widget List","application.Samples.List.InlinePickListOnListTest","drillDown"
"Sorting is not available for InfoWidget.","5510","Sorting test","","Fri Nov 28 13:58:23 UTC 2025","passed","Fri Nov 28 13:58:29 UTC 2025","","Info. Checking the basic functions for the DateTimeWithSeconds","application.Samples.Info.DateTimeWithSecondsOnInfoTest","sorting"
"The test sets the value in the field, and then checks the value in the field with what should be set.","30745","A test for setting a value in a field","","Fri Nov 28 13:49:29 UTC 2025","passed","Fri Nov 28 13:50:00 UTC 2025","","List. Checking the basic functions for the InlinePickList in the widget List","application.Samples.List.InlinePickListOnListTest","edit"
"InfoWidget does not have a Hex field color for this type.","6663","A test to get the field color value in Hex format","","Fri Nov 28 13:53:46 UTC 2025","passed","Fri Nov 28 13:53:52 UTC 2025","","Info. Checking the basic functions for the FileUp","application.Samples.Info.FileUploadOnInfoTest","color"
"The test check icon's name from the drop-down list ","9692","A test for checking the icon","","Fri Nov 28 14:07:01 UTC 2025","passed","Fri Nov 28 14:07:11 UTC 2025","","Form. Checking the basic functions for the Dictionary in the widget Form","application.Samples.Form.DictionaryOnFormTest","icon"
"Filtering is not available for the Form widget","7130","Filtering test","","Fri Nov 28 14:07:19 UTC 2025","passed","Fri Nov 28 14:07:26 UTC 2025","","Form. Checking the basic functions for the MultiValue in the widget Form","application.Samples.Form.MultiValueOnFormTest","filtration"
"The test sets the value with the wrong data type in the field. After approval, it checks the text under the field, which informs about the correctness of the type of data entered","6148","Required Message validation test for one field","","Fri Nov 28 14:05:56 UTC 2025","passed","Fri Nov 28 14:06:02 UTC 2025","","Form. Checking the basic functions for the Input in the widget Form","application.Samples.Form.InputOnFormTest","fieldLevelValidationAnnotation"
"The test clears the field and clicks the Save button. Then validates the message that the field is required","9431","Required Message text Verification field test","","Fri Nov 28 13:59:45 UTC 2025","passed","Fri Nov 28 13:59:54 UTC 2025","","Form. Checking the basic functions for the Text in the widget Form","application.Samples.Form.TextOnFormTest","required"
"","7264","The test for getting the value from the field","","Fri Nov 28 13:55:01 UTC 2025","passed","Fri Nov 28 13:55:08 UTC 2025","","Info. Checking the basic functions for the CheckBox","application.Samples.Info.CheckboxOnInfoTest","read"
"The test gets the value from the style attribute in RGB format, and then converts it to Hex format","7993","A test to get the field color value in Hex format","","Fri Nov 28 13:59:16 UTC 2025","passed","Fri Nov 28 13:59:24 UTC 2025","","Info. Checking the basic functions for the Text","application.Samples.Info.TextOnInfoTest","color"
"","7837","Digits test","","Fri Nov 28 13:55:42 UTC 2025","passed","Fri Nov 28 13:55:50 UTC 2025","","Info. Checking the basic functions for the Percent","application.Samples.Info.PercentOnInfoTest","digits"
"Filtering is not available for the Form widget","6266","Filtering test","","Fri Nov 28 14:01:21 UTC 2025","passed","Fri Nov 28 14:01:27 UTC 2025","","Form. Checking the basic functions for the Money in the widget Form","application.Samples.Form.MoneyOnFormTest","filtration"
"The test sets the value in the field, and then checks the value in the field with what should be set","9154","A test for setting a value in a field","","Fri Nov 28 14:06:02 UTC 2025","passed","Fri Nov 28 14:06:11 UTC 2025","","Form. Checking the basic functions for the Radio in the widget Form","application.Samples.Form.RadioOnFormTest","edit"
"The test gets the value in the field, and then checks the value in the field with what should be.","0","A test for checking a value in a field","","Fri Nov 28 13:50:00 UTC 2025","skipped","Fri Nov 28 13:50:00 UTC 2025","","List. Checking the basic functions for the InlinePickList in the widget List","application.Samples.List.InlinePickListOnListTest","read"
"The InfoWidget doesn't have a Placeholder.","8110","Test for getting the Placeholder value","","Fri Nov 28 13:57:22 UTC 2025","passed","Fri Nov 28 13:57:30 UTC 2025","","Info. Checking the basic functions for the Radio","application.Samples.Info.RadioOnInfoTest","placeholder"
"Checking the url before the transition and after the transition/click on a special element","11671","The DrillDown test","","Fri Nov 28 14:01:27 UTC 2025","passed","Fri Nov 28 14:01:39 UTC 2025","","Form. Checking the basic functions for the Suggestion PickList in the widget Form","application.Samples.Form.SuggestionPickListOnFormTest","drillDown"
"","18029","test_1()","","Fri Nov 28 13:48:36 UTC 2025","passed","Fri Nov 28 13:48:54 UTC 2025","","List. Checking the basic functions for the PickList in the widget List","application.Samples.List.PickListOnListTest","test_1"
"The test sets the value in the field. After approval, the popup window, the title, the text in it, and the buttons are validated.","9439","Business Exception Validation Test","","Fri Nov 28 13:39:41 UTC 2025","passed","Fri Nov 28 13:39:50 UTC 2025","","List. Checking the basic functions for the MultipleSelect in the widget List","application.Samples.List.MultipleSelectOnListTest","businessException"
"The InfoWidget doesn't have a Placeholder.","9310","Test for getting the Placeholder value","","Fri Nov 28 13:56:24 UTC 2025","passed","Fri Nov 28 13:56:33 UTC 2025","","Info. Checking the basic functions for the Dictionary","application.Samples.Info.DictionaryOnInfoTest","placeholder"
"","5772","The test for getting the file name in the field","","Fri Nov 28 13:53:22 UTC 2025","passed","Fri Nov 28 13:53:28 UTC 2025","","Info. Checking the basic functions for the FileUp","application.Samples.Info.FileUploadOnInfoTest","readNameFileInField"
"Filtering is not available for the Form widget","7084","Filtering test","","Fri Nov 28 14:09:20 UTC 2025","passed","Fri Nov 28 14:09:27 UTC 2025","","Form. Checking the basic functions for the MultipleSelect in the widget Form","application.Samples.Form.MultipleSelectOnFormTest","filtration"
"The test checks for the disabled attribute","6618","A test to check the field for ""Read-only""","","Fri Nov 28 14:01:27 UTC 2025","passed","Fri Nov 28 14:01:34 UTC 2025","","Form. Checking the basic functions for the Money in the widget Form","application.Samples.Form.MoneyOnFormTest","readonly"
"The test clears the field and clicks the Save button. Then validates the message that the field is required","8898","Required Message text Verification field test","","Fri Nov 28 14:04:19 UTC 2025","passed","Fri Nov 28 14:04:28 UTC 2025","","Form. Checking the basic functions for the CheckBox","application.Samples.Form.CheckBoxOnFormTest","required"
"The test checks for the disabled attribute","5289","A test to check the field for ""Read-only""","","Fri Nov 28 14:02:35 UTC 2025","passed","Fri Nov 28 14:02:40 UTC 2025","","Form. Checking the basic functions for the Date in the widget Form","application.Samples.Form.DateOnFormTest","readonly"
"The test clears the field and clicks the Save button. Then validates the message that the field is required","9615","Required Message text Verification field test","","Fri Nov 28 14:03:34 UTC 2025","passed","Fri Nov 28 14:03:44 UTC 2025","","Form. Checking the basic functions for the InlinePickList in the widget Form","application.Samples.Form.InlinePickListOnFormTest","required"
"Checking the url before the transition and after the transition/click on a special element","7110","The DrillDown test","","Fri Nov 28 14:14:44 UTC 2025","failed","Fri Nov 28 14:14:51 UTC 2025","","List. Checking the basic functions for the PickList in the widget List","application.Samples.List.PickListOnListTest","drillDown"
"The test checks for the disabled attribute.","7170","A test to check the field for ""Read-only""","","Fri Nov 28 14:08:17 UTC 2025","passed","Fri Nov 28 14:08:24 UTC 2025","","Form. Checking the basic functions for the MultiValue in the widget Form","application.Samples.Form.MultiValueOnFormTest","readonly"
"The test gets the value in the field, and then checks the value in the field with what should be.","0","A test for checking a value in a field","","Fri Nov 28 13:46:13 UTC 2025","skipped","Fri Nov 28 13:46:13 UTC 2025","","List. Checking the basic functions for the Text in the widget List","application.Samples.List.TextOnListTest","read"
"DrillDown is not available for InfoWidget.","6205","The DrillDown test","","Fri Nov 28 13:58:18 UTC 2025","passed","Fri Nov 28 13:58:24 UTC 2025","","Info. Checking the basic functions for the Number","application.Samples.Info.NumberOnInfoTest","drillDown"
"The test sets the value in the field, and then checks the value in the field with what should be set","7390","A test for setting a value in a field","","Fri Nov 28 14:11:30 UTC 2025","passed","Fri Nov 28 14:11:38 UTC 2025","","Form. Checking the basic functions for the FileUpload in the widget Form","application.Samples.Form.FileUploadOnFormTest","edit"
"Filtering is not available for InfoWidget.","5805","Filtering test","","Fri Nov 28 13:58:31 UTC 2025","passed","Fri Nov 28 13:58:36 UTC 2025","","Info. Checking the basic functions for the Number","application.Samples.Info.NumberOnInfoTest","filtration"
"The test sets a value with the wrong data type in several fields for different widgets. After approval, it checks the text under the field, which informs about the correctness of the type of data entered","6972","Required Message validation test for multiple fields","","Fri Nov 28 14:06:46 UTC 2025","passed","Fri Nov 28 14:06:53 UTC 2025","","Form. Checking the basic functions for the Input in the widget Form","application.Samples.Form.InputOnFormTest","fieldLevelValidation"
"The test sets the value in the field, and then checks the value in the field with what should be set.","22224","A test for setting a value in a field","","Fri Nov 28 14:09:17 UTC 2025","passed","Fri Nov 28 14:09:39 UTC 2025","","Form. Checking the basic functions for the MultiValue in the widget Form","application.Samples.Form.MultiValueOnFormTest","edit"
"The test sets the value in the field. After approval, the popup window, the title, the text in it, and the buttons are validated.","8315","Run-time exception validation test","","Fri Nov 28 13:38:26 UTC 2025","passed","Fri Nov 28 13:38:34 UTC 2025","","List. Checking the basic functions for the Number in the widget List","application.Samples.List.NumberOnListTest","runtimeException"
"DrillDown is not available for InfoWidget.","7440","The DrillDown test","","Fri Nov 28 13:57:38 UTC 2025","passed","Fri Nov 28 13:57:45 UTC 2025","","Info. Checking the basic functions for the MultiplySelect","application.Samples.Info.MultipleSelectOnInfoTest","drillDown"
"The test gets the value from the style attribute in RGB format, and then converts it to Hex format","8337","A test to get the field color value in Hex format","","Fri Nov 28 13:42:27 UTC 2025","passed","Fri Nov 28 13:42:35 UTC 2025","","List. Checking the basic functions for the MultiValue in the widget List","application.Samples.List.MultiValueOnListTest","color"
"Filtering is not available for InfoWidget.","5478","Filtering test","","Fri Nov 28 13:58:35 UTC 2025","passed","Fri Nov 28 13:58:40 UTC 2025","","Info. Checking the basic functions for the DateTimeWithSeconds","application.Samples.Info.DateTimeWithSecondsOnInfoTest","filtration"
"The test sets the value in the field. After approval, the popup window, the title, the text in it, and the buttons are validated.","10141","Run-time exception validation test","","Fri Nov 28 13:51:06 UTC 2025","passed","Fri Nov 28 13:51:16 UTC 2025","","List. Checking the basic functions for the InlinePickList in the widget List","application.Samples.List.InlinePickListOnListTest","runtimeException"
"The test checks the status of one option, whether it is selected or not.","8596","A test to check the status of one option","","Fri Nov 28 13:40:57 UTC 2025","passed","Fri Nov 28 13:41:05 UTC 2025","","List. Checking the basic functions for the MultipleSelect in the widget List","application.Samples.List.MultipleSelectOnListTest","statusOption"
"The test clears the field and clicks the Save button. Then validates the message that the field is required.","18558","Required Message text Verification field test","","Fri Nov 28 13:38:10 UTC 2025","passed","Fri Nov 28 13:38:28 UTC 2025","","List. Checking the basic functions for the Money in the widget List","application.Samples.List.MoneyOnListTest","required"
"The test checks the value of the digits attributes","6211","Required Message text Verification field test","","Fri Nov 28 14:06:24 UTC 2025","passed","Fri Nov 28 14:06:31 UTC 2025","","Form. Checking the basic functions for the Input in the widget Form","application.Samples.Form.InputOnFormTest","maxInput"
"Filtering is not available for InfoWidget.","7570","Filtering test","","Fri Nov 28 13:54:45 UTC 2025","passed","Fri Nov 28 13:54:52 UTC 2025","","Info. Checking the basic functions for the CheckBox","application.Samples.Info.CheckboxOnInfoTest","filtration"
"The test checks for the disabled attribute.","5620","A test to check the field for ""Read-only""","","Fri Nov 28 13:45:22 UTC 2025","passed","Fri Nov 28 13:45:28 UTC 2025","","List. Checking the basic functions for the DateTimeWithSeconds in the widget List","application.Samples.List.DateTimeWithSecondsOnListTest","readonly"
"Checking the url before the transition and after the transition/click on a special element","5095","The DrillDown test","","Fri Nov 28 14:11:22 UTC 2025","passed","Fri Nov 28 14:11:27 UTC 2025","","Form. Checking the basic functions for the DateTime in the widget Form","application.Samples.Form.DateTimeOnFormTest","drillDown"
"","8031","The test for getting the value from the field","","Fri Nov 28 13:59:08 UTC 2025","passed","Fri Nov 28 13:59:16 UTC 2025","","Info. Checking the basic functions for the Text","application.Samples.Info.TextOnInfoTest","read"
"The test sets the value in the field. After approval, the popup window, the title, the text in it, and the buttons are validated.","8196","Run-time exception validation test","","Fri Nov 28 14:10:37 UTC 2025","passed","Fri Nov 28 14:10:45 UTC 2025","","Form. Checking the basic functions for the MultiValue in the widget Form","application.Samples.Form.MultiValueOnFormTest","runtimeException"
"Checking the url before the transition and after the transition/click on a special element","12000","The DrillDown test","","Fri Nov 28 14:14:08 UTC 2025","failed","Fri Nov 28 14:14:20 UTC 2025","","List. Checking the basic functions for the Time","application.Samples.List.TimeOnListTest","drillDown"
"Filtering is not available for the Form widget","7915","Filtering test","","Fri Nov 28 14:05:28 UTC 2025","passed","Fri Nov 28 14:05:35 UTC 2025","","Form. Checking the basic functions for the Radio in the widget Form","application.Samples.Form.RadioOnFormTest","filtration"
"The test checks the downloaded file with the template file that is contained in the resources","7022","A test to compare the downloaded file with the template","","Fri Nov 28 14:11:58 UTC 2025","passed","Fri Nov 28 14:12:05 UTC 2025","","Form. Checking the basic functions for the FileUpload in the widget Form","application.Samples.Form.FileUploadOnFormTest","compare"
"The test sets the value in the field. After approval, the popup window, the title, the text in it, and the buttons are validated.","10631","Business Exception Validation Test","","Fri Nov 28 13:34:24 UTC 2025","passed","Fri Nov 28 13:34:34 UTC 2025","","List. Checking the basic functions for the Radio in the widget List","application.Samples.List.RadioOnListTest","businessException"
"The test clears the field and clicks the Save button. Then validates the message that the field is required","7122","Required Message text Verification field test","","Fri Nov 28 14:00:16 UTC 2025","passed","Fri Nov 28 14:00:24 UTC 2025","","Form. Checking the basic functions for the Number in the widget Form","application.Samples.Form.NumberOnFormTest","required"
"The test sets the value in the field, and then checks the value in the field with what should be set","11048","A test for setting a value in a field","","Fri Nov 28 14:12:26 UTC 2025","passed","Fri Nov 28 14:12:37 UTC 2025","","Form. Checking the basic functions for the Time","application.Samples.Form.TimeOnFormTest","edit3"
"The test gets the value from the placeholder attribute and returns it in String format","7261","Test for getting the Placeholder value","","Fri Nov 28 13:46:45 UTC 2025","passed","Fri Nov 28 13:46:53 UTC 2025","","List. Checking the basic functions for the DateTimeWithSeconds in the widget List","application.Samples.List.DateTimeWithSecondsOnListTest","placeholder"
"The test sets the value with the wrong data type in the field. After approval, it checks the text under the field, which informs about the correctness of the type of data entered","7554","Required Message validation test for one field","","Fri Nov 28 14:00:09 UTC 2025","passed","Fri Nov 28 14:00:16 UTC 2025","","Form. Checking the basic functions for the Number in the widget Form","application.Samples.Form.NumberOnFormTest","fieldLevelValidationAnnotation"
"The test sets the value in the field, and then checks the value in the field with what should be set.","28843","A test for setting a value in a field","","Fri Nov 28 13:46:09 UTC 2025","passed","Fri Nov 28 13:46:38 UTC 2025","","List. Checking the basic functions for the DateTimeWithSeconds in the widget List","application.Samples.List.DateTimeWithSecondsOnListTest","edit"
"Sorting by the specified column.","11736","Sorting test","","Fri Nov 28 13:41:54 UTC 2025","passed","Fri Nov 28 13:42:05 UTC 2025","","List. Checking the basic functions for the CheckBox","application.Samples.List.CheckBoxOnListTest","sorting"
"","5863","The test for getting the value from the field","","Fri Nov 28 13:58:45 UTC 2025","passed","Fri Nov 28 13:58:51 UTC 2025","","Info. Checking the basic functions for the DateTimeWithSeconds","application.Samples.Info.DateTimeWithSecondsOnInfoTest","read"
"The test sets the value in the field. After approval, the popup window, the title, the text in it, and the buttons are validated","13609","Business Exception Validation Test","","Fri Nov 28 14:02:15 UTC 2025","passed","Fri Nov 28 14:02:29 UTC 2025","","Form. Checking the basic functions for the Suggestion PickList in the widget Form","application.Samples.Form.SuggestionPickListOnFormTest","businessException"
"Filtering is not available for InfoWidget.","6732","Filtering test","","Fri Nov 28 13:58:02 UTC 2025","passed","Fri Nov 28 13:58:08 UTC 2025","","Info. Checking the basic functions for the MultiValue","application.Samples.Info.MultiValueOnInfoTest","filtration"
"The method returns Option-Status pairs, for all. The test checks each pair.","8079","Test to check the status of all options","","Fri Nov 28 14:10:34 UTC 2025","passed","Fri Nov 28 14:10:42 UTC 2025","","Form. Checking the basic functions for the MultipleSelect in the widget Form","application.Samples.Form.MultipleSelectOnFormTest","statusOptions"
"The test sets the value in the field. After approval, the popup window, the title, the text in it, and the buttons are validated.","9673","Business Exception Validation Test","","Fri Nov 28 13:41:58 UTC 2025","passed","Fri Nov 28 13:42:08 UTC 2025","","List. Checking the basic functions for the MultiValue in the widget List","application.Samples.List.MultiValueOnListTest","businessException"
"Info Widget is always read-only","7007","A test to check the field for ""Read-only""","","Fri Nov 28 13:58:08 UTC 2025","passed","Fri Nov 28 13:58:15 UTC 2025","","Info. Checking the basic functions for the MultiValue","application.Samples.Info.MultiValueOnInfoTest","readonly"
"The test sets the value in the field, and then checks the value in the field with what should be set.","30985","A test for setting a value in a field","","Fri Nov 28 13:36:10 UTC 2025","passed","Fri Nov 28 13:36:41 UTC 2025","","List. Checking the basic functions for the Percent in the widget List","application.Samples.List.PercentOnListTest","edit"
"The InfoWidget doesn't have a Placeholder.","5483","Test for getting the Placeholder value","","Fri Nov 28 13:57:04 UTC 2025","passed","Fri Nov 28 13:57:10 UTC 2025","","Info. Checking the basic functions for the Date","application.Samples.Info.DateOnInfoTest","placeholder"
"The test sets the value in the field. After approval, the popup window, the title, the text in it, and the buttons are validated","6106","Run-time exception validation test","","Fri Nov 28 14:06:53 UTC 2025","passed","Fri Nov 28 14:06:59 UTC 2025","","Form. Checking the basic functions for the Input in the widget Form","application.Samples.Form.InputOnFormTest","runtimeException"
"The test checks the value in the field with what should be set","10645","A test to read value","","Fri Nov 28 13:57:06 UTC 2025","passed","Fri Nov 28 13:57:17 UTC 2025","","Info. Checking the basic functions for the Time","application.Samples.Info.TimeOnInfoTest","read"
"DrillDown is not available for InfoWidget.","4436","The DrillDown test","","Fri Nov 28 13:54:03 UTC 2025","passed","Fri Nov 28 13:54:07 UTC 2025","","Info. Checking the basic functions for the Input","application.Samples.Info.InputOnInfoTest","drillDown"
"The test sets the value in the field, and then checks the value in the field with what should be set.","10966","A test for setting a value in a field","","Fri Nov 28 13:52:39 UTC 2025","passed","Fri Nov 28 13:52:50 UTC 2025","","List. Checking the basic functions for the Dictionary in the widget List","application.Samples.List.DictionaryOnListTest","edit"
"The test sets a value with the wrong data type in several fields for different widgets. After approval, it checks the text under the field, which informs about the correctness of the type of data entered","40564","Required Message validation test for multiple fields","","Fri Nov 28 13:37:45 UTC 2025","passed","Fri Nov 28 13:38:26 UTC 2025","","List. Checking the basic functions for the Number in the widget List","application.Samples.List.NumberOnListTest","fieldLevelValidation"
"The test sets the value in the field. After approval, the popup window, the title, the text in it, and the buttons are validated","10638","Run-time exception validation test","","Fri Nov 28 14:07:51 UTC 2025","passed","Fri Nov 28 14:08:01 UTC 2025","","Form. Checking the basic functions for the Dictionary in the widget Form","application.Samples.Form.DictionaryOnFormTest","runtimeException"
"The test clears the field and clicks the Save button. Then validates the message that the field is required","7322","Required Message text Verification field test","","Fri Nov 28 14:01:41 UTC 2025","passed","Fri Nov 28 14:01:49 UTC 2025","","Form. Checking the basic functions for the Money in the widget Form","application.Samples.Form.MoneyOnFormTest","required"
"The test gets the value from the style attribute in RGB format, and then converts it to Hex format","6604","A test to get the field color value in Hex format","","Fri Nov 28 14:11:45 UTC 2025","passed","Fri Nov 28 14:11:52 UTC 2025","","Form. Checking the basic functions for the FileUpload in the widget Form","application.Samples.Form.FileUploadOnFormTest","color"
"Filtering is not available for the Form widget","5399","Filtering test","","Fri Nov 28 14:02:22 UTC 2025","passed","Fri Nov 28 14:02:27 UTC 2025","","Form. Checking the basic functions for the Date in the widget Form","application.Samples.Form.DateOnFormTest","filtration"
"Filtering is not available for InfoWidget.","7055","Filtering test","","Fri Nov 28 13:54:25 UTC 2025","passed","Fri Nov 28 13:54:32 UTC 2025","","Info. Checking the basic functions for the MultiValueHover","application.Samples.Info.MultiValueHoverOnInfoTest","filtration"
"Filtering is not available for InfoWidget.","4639","Filtering test","","Fri Nov 28 13:55:09 UTC 2025","passed","Fri Nov 28 13:55:13 UTC 2025","","Info. Checking the basic functions for the Hint","application.Samples.Info.HintOnInfoTest","filtration"
"The test sets the value in the field. After approval, by clicking on the save button, the popup window, the title, the text in it, and the buttons are validated","8739","Confirmation Popup Validation Test","","Fri Nov 28 14:10:25 UTC 2025","passed","Fri Nov 28 14:10:34 UTC 2025","","Form. Checking the basic functions for the MultipleSelect in the widget Form","application.Samples.Form.MultipleSelectOnFormTest","confirm"
"The test checks for the disabled attribute.","11053","A test to check the field for ""Read-only""","","Fri Nov 28 13:43:30 UTC 2025","passed","Fri Nov 28 13:43:41 UTC 2025","","List. Checking the basic functions for the Time","application.Samples.List.TimeOnListTest","readonly"
"The test clears the field and clicks the Save button. Then validates the message that the field is required","12963","Required Message text Verification field test","","Fri Nov 28 14:02:02 UTC 2025","passed","Fri Nov 28 14:02:15 UTC 2025","","Form. Checking the basic functions for the Suggestion PickList in the widget Form","application.Samples.Form.SuggestionPickListOnFormTest","required"
"Checking the url before the transition and after the transition/click on a special element","8069","The DrillDown test","","Fri Nov 28 13:42:05 UTC 2025","passed","Fri Nov 28 13:42:13 UTC 2025","","List. Checking the basic functions for the CheckBox","application.Samples.List.CheckBoxOnListTest","drillDown"
"Filtering by the specified column.","7389","Filtering test","","Fri Nov 28 13:45:15 UTC 2025","passed","Fri Nov 28 13:45:22 UTC 2025","","List. Checking the basic functions for the DateTimeWithSeconds in the widget List","application.Samples.List.DateTimeWithSecondsOnListTest","filtration"
"InfoWidget does not have a Hex field color for this type.","4427","A test to get the field color value in Hex format","","Fri Nov 28 13:55:22 UTC 2025","passed","Fri Nov 28 13:55:27 UTC 2025","","Info. Checking the basic functions for the Hint","application.Samples.Info.HintOnInfoTest","color"
"The InfoWidget doesn't have a Placeholder..","7146","Test for getting the Placeholder value","","Fri Nov 28 13:58:30 UTC 2025","passed","Fri Nov 28 13:58:37 UTC 2025","","Info. Checking the basic functions for the MultiValue","application.Samples.Info.MultiValueOnInfoTest","placeholder"
"The test sets a value with the wrong data type in several fields for different widgets. After approval, it checks the text under the field, which informs about the correctness of the type of data entered","7943","Required Message validation test for multiple fields","","Fri Nov 28 14:12:13 UTC 2025","passed","Fri Nov 28 14:12:21 UTC 2025","","Form. Checking the basic functions for the FileUpload in the widget Form","application.Samples.Form.FileUploadOnFormTest","fieldLevelValidation"
"Checking the url before the transition and after the transition/click on a special element","7918","The DrillDown test","","Fri Nov 28 13:38:44 UTC 2025","passed","Fri Nov 28 13:38:52 UTC 2025","","List. Checking the basic functions for the MultipleSelect in the widget List","application.Samples.List.MultipleSelectOnListTest","drillDown"
"The test checks the downloaded file with the template file that is contained in the resources","8027","A test to compare the downloaded file with the template","","Fri Nov 28 13:47:25 UTC 2025","passed","Fri Nov 28 13:47:33 UTC 2025","","List. Checking the basic functions for the FileUpload in the widget List","application.Samples.List.FileUploadOnListTest","compare"
"Sorting by the specified column.","10811","Sorting test","","Fri Nov 28 13:51:16 UTC 2025","passed","Fri Nov 28 13:51:27 UTC 2025","","List. Checking the basic functions for the Dictionary in the widget List","application.Samples.List.DictionaryOnListTest","sorting"
"Checking the url before the transition and after the transition/click on a special element","5744","The DrillDown test","","Fri Nov 28 14:08:01 UTC 2025","passed","Fri Nov 28 14:08:07 UTC 2025","","Form. Checking the basic functions for the NumberDigits in the widget Form","application.Samples.Form.NumberDigitsOnFormTest","drillDown"
"Checking the url before the transition and after the transition/click on a special element","4972","The DrillDown test","","Fri Nov 28 14:14:17 UTC 2025","failed","Fri Nov 28 14:14:22 UTC 2025","","Form. Checking the basic functions for the Input in the widget Form","application.Samples.Form.InputOnFormTest","drillDown"
"Sorting is not available for the Form widget","8063","Sorting test","","Fri Nov 28 13:59:02 UTC 2025","passed","Fri Nov 28 13:59:11 UTC 2025","","Form. Checking the basic functions for the Text in the widget Form","application.Samples.Form.TextOnFormTest","sorting"
"","6486","nullable()","","Fri Nov 28 13:59:38 UTC 2025","passed","Fri Nov 28 13:59:45 UTC 2025","","Form. Checking the basic functions for the Number in the widget Form","application.Samples.Form.NumberOnFormTest","nullable"
"Sorting is not available for InfoWidget.","8224","Sorting test","","Fri Nov 28 13:56:33 UTC 2025","passed","Fri Nov 28 13:56:42 UTC 2025","","Info. Checking the basic functions for the Radio","application.Samples.Info.RadioOnInfoTest","sorting"
"DrillDown is not available for InfoWidget.","7360","The DrillDown test","","Fri Nov 28 13:54:37 UTC 2025","passed","Fri Nov 28 13:54:45 UTC 2025","","Info. Checking the basic functions for the CheckBox","application.Samples.Info.CheckboxOnInfoTest","drillDown"
"The test gets the value from the style attribute in RGB format, and then converts it to Hex format","6813","A test to get the field color value in Hex format","","Fri Nov 28 13:39:37 UTC 2025","passed","Fri Nov 28 13:39:44 UTC 2025","","List. Checking the basic functions for the Money in the widget List","application.Samples.List.MoneyOnListTest","color"
"The test sets the value in the field. After approval, by clicking on the save button, the popup window, the title, the text in it, and the buttons are validated.","9077","Confirmation Popup Validation Test","","Fri Nov 28 14:10:20 UTC 2025","passed","Fri Nov 28 14:10:29 UTC 2025","","Form. Checking the basic functions for the MultiValue in the widget Form","application.Samples.Form.MultiValueOnFormTest","confirm"
"The test sets the value in the field. After approval, by clicking on the save button, the popup window, the title, the text in it, and the buttons are validated.","12295","Confirmation Popup Validation Test","","Fri Nov 28 13:35:37 UTC 2025","passed","Fri Nov 28 13:35:49 UTC 2025","","List. Checking the basic functions for the Radio in the widget List","application.Samples.List.RadioOnListTest","confirm"
"The test clears the field and clicks the Save button. Then validates the message that the field is required.","0","Required Message text Verification field test","","Fri Nov 28 13:34:23 UTC 2025","skipped","Fri Nov 28 13:34:23 UTC 2025","","List. Checking the basic functions for the Radio in the widget List","application.Samples.List.RadioOnListTest","required"
"DrillDown is not available for InfoWidget.","6782","The DrillDown test","","Fri Nov 28 13:56:12 UTC 2025","passed","Fri Nov 28 13:56:19 UTC 2025","","Info. Checking the basic functions for the Money","application.Samples.Info.MoneyOnInfoTest","drillDown"
"The test clears the field and clicks the Save button. Then validates the message that the field is required","6395","Required Message text Verification field test","","Fri Nov 28 14:04:14 UTC 2025","passed","Fri Nov 28 14:04:21 UTC 2025","","Form. Checking the basic functions for the DateTimeWithSeconds in the widget Form","application.Samples.Form.DateTimeWithSecondsOnFormTest","required"
"The test sets the value in the field. After approval, the popup window, the title, the text in it, and the buttons are validated.","11903","Run-time exception validation test","","Fri Nov 28 13:53:47 UTC 2025","passed","Fri Nov 28 13:53:58 UTC 2025","","List. Checking the basic functions for the Dictionary in the widget List","application.Samples.List.DictionaryOnListTest","runtimeException"
"The test sets the value in the field. After approval, the popup window, the title, the text in it, and the buttons are validated","7578","Business Exception Validation Test","","Fri Nov 28 14:02:54 UTC 2025","passed","Fri Nov 28 14:03:02 UTC 2025","","Form. Checking the basic functions for the Date in the widget Form","application.Samples.Form.DateOnFormTest","businessException"
"The test clears the field and clicks the Save button. Then validates the message that the field is required.","11783","Required Message text Verification field test","","Fri Nov 28 13:39:29 UTC 2025","passed","Fri Nov 28 13:39:41 UTC 2025","","List. Checking the basic functions for the MultipleSelect in the widget List","application.Samples.List.MultipleSelectOnListTest","required"
"The test checks for the disabled attribute.","6432","A test to check the field for ""Read-only""","","Fri Nov 28 13:48:56 UTC 2025","passed","Fri Nov 28 13:49:02 UTC 2025","","List. Checking the basic functions for the Date in the widget List","application.Samples.List.DateOnListTest","readonly"
"The test gets the value in the field, and then checks the value in the field with what should be.","0","A test for checking a value in a field","","Fri Nov 28 13:37:24 UTC 2025","skipped","Fri Nov 28 13:37:24 UTC 2025","","List. Checking the basic functions for the Number in the widget List","application.Samples.List.NumberOnListTest","read"
"The test sets the value in the field. After approval, the popup window, the title, the text in it, and the buttons are validated.","9506","Run-time exception validation test","","Fri Nov 28 13:43:56 UTC 2025","passed","Fri Nov 28 13:44:06 UTC 2025","","List. Checking the basic functions for the CheckBox","application.Samples.List.CheckBoxOnListTest","runtimeException"
"The test gets the value from the style attribute in RGB format, and then converts it to Hex format","0","A test to get the field color value in Hex format","","Fri Nov 28 14:07:43 UTC 2025","skipped","Fri Nov 28 14:07:43 UTC 2025","","Form. Checking the basic functions for the PickList in the widget Form","application.Samples.Form.PickListOnFormTest","color"
"The test sets the value in the field. After approval, by clicking on the save button, the popup window, the title, the text in it, and the buttons are validated.","23413","Confirmation Popup Validation Test","","Fri Nov 28 13:37:01 UTC 2025","passed","Fri Nov 28 13:37:25 UTC 2025","","List. Checking the basic functions for the Percent in the widget List","application.Samples.List.PercentOnListTest","confirm"
"The test gets the value from the style attribute in RGB format, and then converts it to Hex format","6942","A test to get the field color value in Hex format","","Fri Nov 28 13:47:12 UTC 2025","passed","Fri Nov 28 13:47:19 UTC 2025","","List. Checking the basic functions for the FileUpload in the widget List","application.Samples.List.FileUploadOnListTest","color"
"Filtering by the specified column.","7063","Filtering test","","Fri Nov 28 13:41:05 UTC 2025","passed","Fri Nov 28 13:41:12 UTC 2025","","List. Checking the basic functions for the MultiValue in the widget List","application.Samples.List.MultiValueOnListTest","filtration"
"Filtering by the specified column.","6707","Filtering test","","Fri Nov 28 13:37:14 UTC 2025","passed","Fri Nov 28 13:37:21 UTC 2025","","List. Checking the basic functions for the Money in the widget List","application.Samples.List.MoneyOnListTest","filtration"
"The test sets the value with the wrong data type in the field. After approval, it checks the text under the field, which informs about the correctness of the type of data entered","7821","Required Message validation test for one field","","Fri Nov 28 14:02:40 UTC 2025","passed","Fri Nov 28 14:02:48 UTC 2025","","Form. Checking the basic functions for the Date in the widget Form","application.Samples.Form.DateOnFormTest","fieldLevelValidationAnnotation"
"Filtering by the specified column.","9909","Filtering test","","Fri Nov 28 13:33:38 UTC 2025","passed","Fri Nov 28 13:33:48 UTC 2025","","List. Checking the basic functions for the Radio in the widget List","application.Samples.List.RadioOnListTest","filtration"
"The InfoWidget doesn't have a Placeholder.","6126","Test for getting the Placeholder value","","Fri Nov 28 13:53:03 UTC 2025","passed","Fri Nov 28 13:53:10 UTC 2025","","Info. Checking the basic functions for the PickList","application.Samples.Info.PickListOnInfoTest","placeholder"
"The test gets the value from the placeholder attribute and returns it in String format","6535","Test for getting the Placeholder value","","Fri Nov 28 14:02:16 UTC 2025","passed","Fri Nov 28 14:02:23 UTC 2025","","Form. Checking the basic functions for the Money in the widget Form","application.Samples.Form.MoneyOnFormTest","placeholder"
"Filtering by the specified column.","8075","Filtering test","","Fri Nov 28 13:39:04 UTC 2025","passed","Fri Nov 28 13:39:12 UTC 2025","","List. Checking the basic functions for the MultipleSelect in the widget List","application.Samples.List.MultipleSelectOnListTest","filtration"
"","4442","The test for getting the value from the field","","Fri Nov 28 13:55:18 UTC 2025","passed","Fri Nov 28 13:55:22 UTC 2025","","Info. Checking the basic functions for the Hint","application.Samples.Info.HintOnInfoTest","read"
"Checking the url before the transition and after the transition/click on a special element","9764","The DrillDown test","","Fri Nov 28 14:14:26 UTC 2025","failed","Fri Nov 28 14:14:36 UTC 2025","","List. Checking the basic functions for the Radio in the widget List","application.Samples.List.RadioOnListTest","drillDown"
"Filtering by the specified column.","8888","Filtering test","","Fri Nov 28 13:42:13 UTC 2025","passed","Fri Nov 28 13:42:22 UTC 2025","","List. Checking the basic functions for the CheckBox","application.Samples.List.CheckBoxOnListTest","filtration"
"DrillDown is not available for InfoWidget.","7617","The DrillDown test","","Fri Nov 28 13:54:17 UTC 2025","passed","Fri Nov 28 13:54:25 UTC 2025","","Info. Checking the basic functions for the MultiValueHover","application.Samples.Info.MultiValueHoverOnInfoTest","drillDown"
"Sorting is not available for InfoWidget.","6517","Sorting test","","Fri Nov 28 13:52:25 UTC 2025","passed","Fri Nov 28 13:52:31 UTC 2025","","Info. Checking the basic functions for the PickList","application.Samples.Info.PickListOnInfoTest","sorting"
"Sorting is not available for the Form widget","9225","Sorting test","","Fri Nov 28 14:05:33 UTC 2025","passed","Fri Nov 28 14:05:42 UTC 2025","","Form. Checking the basic functions for the Dictionary in the widget Form","application.Samples.Form.DictionaryOnFormTest","sorting"
"The test checks for the disabled attribute.","8098","A test to check the field for ""Read-only""","","Fri Nov 28 13:44:51 UTC 2025","passed","Fri Nov 28 13:44:59 UTC 2025","","List. Checking the basic functions for the Text in the widget List","application.Samples.List.TextOnListTest","readonly"
"The test opens a modal window, clears the field, closes the window, and then checks the message under the field.","8779","Required Message text Verification field test","","Fri Nov 28 14:09:47 UTC 2025","passed","Fri Nov 28 14:09:55 UTC 2025","","Form. Checking the basic functions for the MultiValue in the widget Form","application.Samples.Form.MultiValueOnFormTest","required_2"
"Sorting is not available for InfoWidget.","6498","Sorting test","","Fri Nov 28 13:56:05 UTC 2025","passed","Fri Nov 28 13:56:12 UTC 2025","","Info. Checking the basic functions for the Money","application.Samples.Info.MoneyOnInfoTest","sorting"
"","10384","A test to get a value for a multifield hint","","Fri Nov 28 13:44:11 UTC 2025","passed","Fri Nov 28 13:44:22 UTC 2025","","List. Checking the basic functions for the MultiField in the widget List","application.Samples.List.MultiFieldOnListTest","getValues"
"The test verifies that after clearing the field, it is empty.","18086","The test for deleting a file from a field","","Fri Nov 28 13:46:54 UTC 2025","passed","Fri Nov 28 13:47:12 UTC 2025","","List. Checking the basic functions for the FileUpload in the widget List","application.Samples.List.FileUploadOnListTest","clear"
"The test gets the value from the placeholder attribute and returns it in String format","4793","Test for getting the Placeholder value","","Fri Nov 28 14:06:31 UTC 2025","passed","Fri Nov 28 14:06:35 UTC 2025","","Form. Checking the basic functions for the Input in the widget Form","application.Samples.Form.InputOnFormTest","placeholder"
"The test edit a new field in the admin panel","13855","Test for edit admin value","","Fri Nov 28 14:00:53 UTC 2025","passed","Fri Nov 28 14:01:06 UTC 2025","","Checking the basic functions for the Dictionary administration panel","application.Samples.DictionaryAdministrationTest","edit"
"Filtering by the specified column.","6564","Filtering test","","Fri Nov 28 13:36:03 UTC 2025","passed","Fri Nov 28 13:36:09 UTC 2025","","List. Checking the basic functions for the Number in the widget List","application.Samples.List.NumberOnListTest","filtration"
"The test verifies that after clearing the field, it is empty","7590","The test for deleting a file from a field","","Fri Nov 28 14:11:38 UTC 2025","passed","Fri Nov 28 14:11:45 UTC 2025","","Form. Checking the basic functions for the FileUpload in the widget Form","application.Samples.Form.FileUploadOnFormTest","clear"
"Info Widget is always read-only","5945","A test to check the field for ""Read-only""","","Fri Nov 28 13:58:36 UTC 2025","passed","Fri Nov 28 13:58:42 UTC 2025","","Info. Checking the basic functions for the Number","application.Samples.Info.NumberOnInfoTest","readonly"
"Checking the url before the transition and after the transition/click on a special element","5545","The DrillDown test","","Fri Nov 28 14:03:50 UTC 2025","passed","Fri Nov 28 14:03:56 UTC 2025","","Form. Checking the basic functions for the DateTimeWithSeconds in the widget Form","application.Samples.Form.DateTimeWithSecondsOnFormTest","drillDown"
"Sorting by the specified column.","11106","Sorting test","","Fri Nov 28 13:44:22 UTC 2025","passed","Fri Nov 28 13:44:33 UTC 2025","","List. Checking the basic functions for the Text in the widget List","application.Samples.List.TextOnListTest","sorting"
"A test to get the value from the field. MultiValueHover is always read-only, so it is impossible to set the value","7670","A test for setting a value in a field","","Fri Nov 28 14:10:53 UTC 2025","passed","Fri Nov 28 14:11:00 UTC 2025","","Form. Checking the basic functions for the MultiValueHover in the widget Form","application.Samples.Form.MultiValueHoverOnFormTest","edit"
"The test gets the value from the style attribute in RGB format, and then converts it to Hex format","5510","A test to get the field color value in Hex format","","Fri Nov 28 13:58:51 UTC 2025","passed","Fri Nov 28 13:58:57 UTC 2025","","Info. Checking the basic functions for the DateTimeWithSeconds","application.Samples.Info.DateTimeWithSecondsOnInfoTest","color"
"","6417","A test to compare the source file with the downloaded one","","Fri Nov 28 13:53:58 UTC 2025","passed","Fri Nov 28 13:54:05 UTC 2025","","Info. Checking the basic functions for the FileUp","application.Samples.Info.FileUploadOnInfoTest","compare"
"The test sets the value in the field. After approval, the popup window, the title, the text in it, and the buttons are validated.","28911","Business Exception Validation Test","","Fri Nov 28 13:38:28 UTC 2025","passed","Fri Nov 28 13:38:57 UTC 2025","","List. Checking the basic functions for the Money in the widget List","application.Samples.List.MoneyOnListTest","businessException"
"The test gets the value from the style attribute in RGB format, and then converts it to Hex format","8306","A test to get the field color value in Hex format","","Fri Nov 28 13:46:13 UTC 2025","passed","Fri Nov 28 13:46:21 UTC 2025","","List. Checking the basic functions for the Text in the widget List","application.Samples.List.TextOnListTest","color"
"The test sets the value in the field. After approval, by clicking on the save button, the popup window, the title, the text in it, and the buttons are validated","8277","Confirmation Popup Validation Test","","Fri Nov 28 14:00:51 UTC 2025","passed","Fri Nov 28 14:00:59 UTC 2025","","Form. Checking the basic functions for the Number in the widget Form","application.Samples.Form.NumberOnFormTest","confirm"
"The test sets the value with the wrong data type in the field. After approval, it checks the text under the field, which informs about the correctness of the type of data entered","10655","Required Message validation test for one field","","Fri Nov 28 14:09:15 UTC 2025","passed","Fri Nov 28 14:09:26 UTC 2025","","Form. Checking the basic functions for the Percent in the widget Form","application.Samples.Form.PercentOnFormTest","fieldLevelValidationAnnotation"
"The InfoWidget doesn't have a Placeholder.","5752","Test for getting the Placeholder value","","Fri Nov 28 13:58:54 UTC 2025","passed","Fri Nov 28 13:59:00 UTC 2025","","Info. Checking the basic functions for the Number","application.Samples.Info.NumberOnInfoTest","placeholder"
"The test gets the value from the placeholder attribute and returns it in String format","5400","Test for getting the Placeholder value","","Fri Nov 28 14:03:14 UTC 2025","passed","Fri Nov 28 14:03:20 UTC 2025","","Form. Checking the basic functions for the Date in the widget Form","application.Samples.Form.DateOnFormTest","placeholder"
"The InfoWidget doesn't have a Placeholder.","7154","Test for getting the Placeholder value","","Fri Nov 28 13:55:16 UTC 2025","passed","Fri Nov 28 13:55:23 UTC 2025","","Info. Checking the basic functions for the CheckBox","application.Samples.Info.CheckboxOnInfoTest","placeholder"
"The test sets the value in the field. After approval, the popup window, the title, the text in it, and the buttons are validated","12997","Run-time exception validation test","","Fri Nov 28 14:03:22 UTC 2025","passed","Fri Nov 28 14:03:35 UTC 2025","","Form. Checking the basic functions for the Suggestion PickList in the widget Form","application.Samples.Form.SuggestionPickListOnFormTest","runtimeException"
"The test clears the field and clicks the Save button. Then validates the message that the field is required.","20762","Required Message text Verification field test","","Fri Nov 28 13:53:09 UTC 2025","passed","Fri Nov 28 13:53:30 UTC 2025","","List. Checking the basic functions for the DateTime in the widget List","application.Samples.List.DateTimeOnListTest","required"
"The test sets the value in the field, and then checks the value in the field with what should be set","7376","A test for setting a value in a field","","Fri Nov 28 14:01:56 UTC 2025","passed","Fri Nov 28 14:02:03 UTC 2025","","Form. Checking the basic functions for the Money in the widget Form","application.Samples.Form.MoneyOnFormTest","edit"
"The test checks for the disabled attribute","6222","A test to check the field for ""Read-only""","","Fri Nov 28 14:00:03 UTC 2025","passed","Fri Nov 28 14:00:09 UTC 2025","","Form. Checking the basic functions for the Number in the widget Form","application.Samples.Form.NumberOnFormTest","readonly"
"Sorting by the specified column.","18239","Sorting test","","Fri Nov 28 13:44:50 UTC 2025","passed","Fri Nov 28 13:45:08 UTC 2025","","List. Checking the basic functions for the DateTimeWithSeconds in the widget List","application.Samples.List.DateTimeWithSecondsOnListTest","sorting"
"Sorting is not available for the Form widget","8466","Sorting test","","Fri Nov 28 14:03:35 UTC 2025","passed","Fri Nov 28 14:03:44 UTC 2025","","Form. Checking the basic functions for the CheckBox","application.Samples.Form.CheckBoxOnFormTest","sorting"
"The test checks the status of one option, whether it is selected or not","8573","A test to check the status of one option","","Fri Nov 28 14:11:08 UTC 2025","passed","Fri Nov 28 14:11:17 UTC 2025","","Form. Checking the basic functions for the MultipleSelect in the widget Form","application.Samples.Form.MultipleSelectOnFormTest","statusOption"
"The test clears the field and clicks the Save button. Then validates the message that the field is required","9801","Required Message text Verification field test","","Fri Nov 28 14:09:42 UTC 2025","passed","Fri Nov 28 14:09:52 UTC 2025","","Form. Checking the basic functions for the MultipleSelect in the widget Form","application.Samples.Form.MultipleSelectOnFormTest","required"
