"DESCRIPTION","DURATION IN MS","NAME","PARENT SUITE","START TIME","STATUS","STOP TIME","SUB SUITE","SUITE","TEST CLASS","TEST METHOD"
"The InfoWidget doesn't have a Placeholder.","8640","Test for getting the Placeholder value","","Tue Apr 22 10:20:45 GMT 2025","passed","Tue Apr 22 10:20:54 GMT 2025","","Info. Checking the basic functions for the Percent","application.Samples.Info.PercentOnInfoTest","placeholder"
"The test sets the value, after which the method returns the full list of value-status","10166","Test to get all values with the status","","Tue Apr 22 10:10:07 GMT 2025","passed","Tue Apr 22 10:10:17 GMT 2025","","Form. Checking the basic functions for the Radio in the widget Form","application.Samples.Form.RadioOnFormTest","getValues"
"The test sets the value in the field, and then checks the value in the field with what should be set","8734","A test for setting a value in a field","","Tue Apr 22 10:04:57 GMT 2025","passed","Tue Apr 22 10:05:06 GMT 2025","","Form. Checking the basic functions for the DateTime in the widget Form","application.Samples.Form.DateTimeOnFormTest","edit"
"The test sets the value in the field, and then checks the value in the field with what should be set","12812","A test for setting a value in a field","","Tue Apr 22 10:10:15 GMT 2025","passed","Tue Apr 22 10:10:28 GMT 2025","","Form. Checking the basic functions for the InlinePickList in the widget Form","application.Samples.Form.InlinePickListOnFormTest","edit"
"The test sets the value in the field. After approval, the popup window, the title, the text in it, and the buttons are validated","9833","Run-time exception validation test","","Tue Apr 22 10:10:38 GMT 2025","passed","Tue Apr 22 10:10:48 GMT 2025","","Form. Checking the basic functions for the Radio in the widget Form","application.Samples.Form.RadioOnFormTest","runtimeException"
"","6889","The test for getting the value from the field","","Tue Apr 22 10:21:08 GMT 2025","passed","Tue Apr 22 10:21:15 GMT 2025","","Info. Checking the basic functions for the MultiValue","application.Samples.Info.MultiValueOnInfoTest","read"
"Checking the url before the transition and after the transition/click on a special element","69998","The DrillDown test","","Tue Apr 22 10:03:01 GMT 2025","passed","Tue Apr 22 10:04:11 GMT 2025","","Form. Checking the basic functions for the DateTimeWithSeconds in the widget Form","application.Samples.Form.DateTimeWithSecondsOnFormTest","drillDown"
"Filtering is not available for the Form widget","8782","Filtering test","","Tue Apr 22 10:13:41 GMT 2025","passed","Tue Apr 22 10:13:50 GMT 2025","","Form. Checking the basic functions for the CheckBox","application.Samples.Form.CheckBoxOnFormTest","filtration"
"DrillDown is not available for InfoWidget.","6680","The DrillDown test","","Tue Apr 22 10:20:52 GMT 2025","passed","Tue Apr 22 10:20:58 GMT 2025","","Info. Checking the basic functions for the Number","application.Samples.Info.NumberOnInfoTest","drillDown"
"","7252","The test for getting the value from the field","","Tue Apr 22 10:17:09 GMT 2025","passed","Tue Apr 22 10:17:16 GMT 2025","","Info. Checking the basic functions for the PickList","application.Samples.Info.PickListOnInfoTest","read"
"The InfoWidget doesn't have a Placeholder.","5200","Test for getting the Placeholder value","","Tue Apr 22 10:16:01 GMT 2025","passed","Tue Apr 22 10:16:06 GMT 2025","","Info. Checking the basic functions for the Input","application.Samples.Info.InputOnInfoTest","placeholder"
"The test sets a value with the wrong data type in several fields for different widgets. After approval, it checks the text under the field, which informs about the correctness of the type of data entered","12310","Required Message validation test for multiple fields","","Tue Apr 22 10:08:41 GMT 2025","passed","Tue Apr 22 10:08:54 GMT 2025","","Form. Checking the basic functions for the Percent in the widget Form","application.Samples.Form.PercentOnFormTest","fieldLevelValidation"
"Getting the field color is not available","5527","A test to get the field color value in Hex format","","Tue Apr 22 10:11:50 GMT 2025","passed","Tue Apr 22 10:11:56 GMT 2025","","Form. Checking the basic functions for the Hint in the widget Form","application.Samples.Form.HintOnFormTest","color"
"The test sets the value in the field. After approval, the popup window, the title, the text in it, and the buttons are validated","9321","Business Exception Validation Test","","Tue Apr 22 10:12:17 GMT 2025","passed","Tue Apr 22 10:12:27 GMT 2025","","Form. Checking the basic functions for the PickList in the widget Form","application.Samples.Form.PickListOnFormTest","businessException"
"The test clears the field and clicks the Save button. Then validates the message that the field is required","8963","Required Message text Verification field test","","Tue Apr 22 10:04:37 GMT 2025","passed","Tue Apr 22 10:04:46 GMT 2025","","Form. Checking the basic functions for the DateTimeWithSeconds in the widget Form","application.Samples.Form.DateTimeWithSecondsOnFormTest","required"
"The test sets the value in the field. After approval, the popup window, the title, the text in it, and the buttons are validated","9055","Business Exception Validation Test","","Tue Apr 22 10:04:48 GMT 2025","passed","Tue Apr 22 10:04:57 GMT 2025","","Form. Checking the basic functions for the DateTime in the widget Form","application.Samples.Form.DateTimeOnFormTest","businessException"
"","5685","The test for getting the value from the field","","Tue Apr 22 10:19:34 GMT 2025","passed","Tue Apr 22 10:19:40 GMT 2025","","Info. Checking the basic functions for the Date","application.Samples.Info.DateOnInfoTest","read"
"Sorting is not available for the Form widget","6418","Sorting test","","Tue Apr 22 10:08:04 GMT 2025","passed","Tue Apr 22 10:08:11 GMT 2025","","Form. Checking the basic functions for the Date in the widget Form","application.Samples.Form.DateOnFormTest","sorting"
"The InfoWidget doesn't have a Placeholder.","9449","Test for getting the Placeholder value","","Tue Apr 22 10:19:19 GMT 2025","passed","Tue Apr 22 10:19:29 GMT 2025","","Info. Checking the basic functions for the Dictionary","application.Samples.Info.DictionaryOnInfoTest","placeholder"
"The test sets the value in the field. After approval, by clicking on the save button, the popup window, the title, the text in it, and the buttons are validated","9301","Confirmation Popup Validation Test","","Tue Apr 22 10:07:36 GMT 2025","passed","Tue Apr 22 10:07:45 GMT 2025","","Form. Checking the basic functions for the Money in the widget Form","application.Samples.Form.MoneyOnFormTest","confirm"
"The test clears the field and clicks the Save button. Then validates the message that the field is required","9395","Required Message text Verification field test","","Tue Apr 22 10:09:20 GMT 2025","passed","Tue Apr 22 10:09:29 GMT 2025","","Form. Checking the basic functions for the Radio in the widget Form","application.Samples.Form.RadioOnFormTest","required"
"The test gets the value from the style attribute in RGB format, and then converts it to Hex format","6466","A test to get the field color value in Hex format","","Tue Apr 22 10:05:06 GMT 2025","passed","Tue Apr 22 10:05:12 GMT 2025","","Form. Checking the basic functions for the DateTime in the widget Form","application.Samples.Form.DateTimeOnFormTest","color"
"The test gets the value from the placeholder attribute and returns it in String format","8083","Test for getting the Placeholder value","","Tue Apr 22 10:14:20 GMT 2025","passed","Tue Apr 22 10:14:28 GMT 2025","","Form. Checking the basic functions for the MultipleSelect in the widget Form","application.Samples.Form.MultipleSelectOnFormTest","placeholder"
"The test gets the value from the style attribute in RGB format, and then converts it to Hex format","5582","A test to get the field color value in Hex format","","Tue Apr 22 10:19:40 GMT 2025","passed","Tue Apr 22 10:19:46 GMT 2025","","Info. Checking the basic functions for the Date","application.Samples.Info.DateOnInfoTest","color"
"The test gets the value from the style attribute in RGB format, and then converts it to Hex format","5435","A test to get the field color value in Hex format","","Tue Apr 22 10:21:16 GMT 2025","passed","Tue Apr 22 10:21:22 GMT 2025","","Info. Checking the basic functions for the Number","application.Samples.Info.NumberOnInfoTest","color"
"The test gets the value from the placeholder attribute and returns it in String format","10130","Test for getting the Placeholder value","","Tue Apr 22 10:10:51 GMT 2025","passed","Tue Apr 22 10:11:02 GMT 2025","","Form. Checking the basic functions for the InlinePickList in the widget Form","application.Samples.Form.InlinePickListOnFormTest","placeholder"
"Sorting is not available for the Form widget","5391","Sorting test","","Tue Apr 22 10:09:52 GMT 2025","passed","Tue Apr 22 10:09:57 GMT 2025","","Form. Checking the basic functions for the Input in the widget Form","application.Samples.Form.InputOnFormTest","sorting"
"Filtering is not available for InfoWidget.","5779","Filtering test","","Tue Apr 22 10:16:17 GMT 2025","passed","Tue Apr 22 10:16:23 GMT 2025","","Info. Checking the basic functions for the Hint","application.Samples.Info.HintOnInfoTest","filtration"
"The test sets the value in the field. After approval, the popup window, the title, the text in it, and the buttons are validated","7414","Run-time exception validation test","","Tue Apr 22 10:05:39 GMT 2025","passed","Tue Apr 22 10:05:46 GMT 2025","","Form. Checking the basic functions for the DateTime in the widget Form","application.Samples.Form.DateTimeOnFormTest","runtimeException"
"Checking the url before the transition and after the transition/click on a special element","6172","The DrillDown test","","Tue Apr 22 10:15:32 GMT 2025","passed","Tue Apr 22 10:15:38 GMT 2025","","Form. Checking the basic functions for the Number in the widget Form","application.Samples.Form.NumberOnFormTest","drillDown"
"The test checks the status of one option, whether it is selected or not","8820","A test to check the status of one option","","Tue Apr 22 10:15:16 GMT 2025","passed","Tue Apr 22 10:15:25 GMT 2025","","Form. Checking the basic functions for the MultipleSelect in the widget Form","application.Samples.Form.MultipleSelectOnFormTest","statusOption"
"Checking the url before the transition and after the transition/click on a special element","7911","The DrillDown test","","Tue Apr 22 10:12:58 GMT 2025","passed","Tue Apr 22 10:13:06 GMT 2025","","Form. Checking the basic functions for the MultipleSelect in the widget Form","application.Samples.Form.MultipleSelectOnFormTest","drillDown"
"The test sets the value in the field. After approval, the popup window, the title, the text in it, and the buttons are validated.","9991","Business Exception Validation Test","","Tue Apr 22 10:14:10 GMT 2025","passed","Tue Apr 22 10:14:20 GMT 2025","","Form. Checking the basic functions for the MultiValue in the widget Form","application.Samples.Form.MultiValueOnFormTest","businessException"
"Filtering is not available for the Form widget","10260","Filtering test","","Tue Apr 22 10:06:18 GMT 2025","passed","Tue Apr 22 10:06:28 GMT 2025","","Form. Checking the basic functions for the Dictionary in the widget Form","application.Samples.Form.DictionaryOnFormTest","filtration"
"The test sets a value with the wrong data type in several fields for different widgets. After approval, it checks the text under the field, which informs about the correctness of the type of data entered","8344","Required Message validation test for multiple fields","","Tue Apr 22 10:12:28 GMT 2025","passed","Tue Apr 22 10:12:37 GMT 2025","","Form. Checking the basic functions for the FileUpload in the widget Form","application.Samples.Form.FileUploadOnFormTest","fieldLevelValidation"
"Filtering is not available for the Form widget","6496","Filtering test","","Tue Apr 22 10:12:02 GMT 2025","passed","Tue Apr 22 10:12:09 GMT 2025","","Form. Checking the basic functions for the NumberDigits in the widget Form","application.Samples.Form.NumberDigitsOnFormTest","filtration"
"Filtering is not available for the Form widget","7248","Filtering test","","Tue Apr 22 10:06:32 GMT 2025","passed","Tue Apr 22 10:06:39 GMT 2025","","Form. Checking the basic functions for the Money in the widget Form","application.Samples.Form.MoneyOnFormTest","filtration"
"The test clears the field and clicks the Save button. Then validates the message that the field is required.","10078","Required Message text Verification field test","","Tue Apr 22 10:14:00 GMT 2025","passed","Tue Apr 22 10:14:10 GMT 2025","","Form. Checking the basic functions for the MultiValue in the widget Form","application.Samples.Form.MultiValueOnFormTest","required"
"The test sets the value with the wrong data type in the field. After approval, it checks the text under the field, which informs about the correctness of the type of data entered","8282","Required Message validation test for one field","","Tue Apr 22 10:11:17 GMT 2025","passed","Tue Apr 22 10:11:25 GMT 2025","","Form. Checking the basic functions for the FileUpload in the widget Form","application.Samples.Form.FileUploadOnFormTest","fieldLevelValidationAnnotation"
"Info Widget is always read-only","8385","A test to check the field for ""Read-only""","","Tue Apr 22 10:20:04 GMT 2025","passed","Tue Apr 22 10:20:13 GMT 2025","","Info. Checking the basic functions for the CheckBox","application.Samples.Info.CheckboxOnInfoTest","readonly"
"DrillDown is not available for InfoWidget.","10363","The DrillDown test","","Tue Apr 22 10:18:31 GMT 2025","passed","Tue Apr 22 10:18:41 GMT 2025","","Info. Checking the basic functions for the Dictionary","application.Samples.Info.DictionaryOnInfoTest","drillDown"
"Sorting is not available for the Form widget","7578","Sorting test","","Tue Apr 22 10:11:37 GMT 2025","passed","Tue Apr 22 10:11:45 GMT 2025","","Form. Checking the basic functions for the PickList in the widget Form","application.Samples.Form.PickListOnFormTest","sorting"
"The test sets the value with the wrong data type in the field. After approval, it checks the text under the field, which informs about the correctness of the type of data entered","8331","Required Message validation test for one field","","Tue Apr 22 10:08:38 GMT 2025","passed","Tue Apr 22 10:08:46 GMT 2025","","Form. Checking the basic functions for the Date in the widget Form","application.Samples.Form.DateOnFormTest","fieldLevelValidationAnnotation"
"The test checks the list of options that the method returns, with the expected result","9791","Test to get a list of options","","Tue Apr 22 10:13:06 GMT 2025","passed","Tue Apr 22 10:13:16 GMT 2025","","Form. Checking the basic functions for the MultipleSelect in the widget Form","application.Samples.Form.MultipleSelectOnFormTest","getListOptions"
"The test gets the value from the style attribute in RGB format, and then converts it to Hex format","9571","A test to get the field color value in Hex format","","Tue Apr 22 10:08:10 GMT 2025","passed","Tue Apr 22 10:08:20 GMT 2025","","Form. Checking the basic functions for the Percent in the widget Form","application.Samples.Form.PercentOnFormTest","color"
"The InfoWidget doesn't have a Placeholder.","8420","Test for getting the Placeholder value","","Tue Apr 22 10:20:30 GMT 2025","passed","Tue Apr 22 10:20:38 GMT 2025","","Info. Checking the basic functions for the CheckBox","application.Samples.Info.CheckboxOnInfoTest","placeholder"
"The test sets the value in the field. After approval, the popup window, the title, the text in it, and the buttons are validated","10671","Run-time exception validation test","","Tue Apr 22 10:11:27 GMT 2025","passed","Tue Apr 22 10:11:37 GMT 2025","","Form. Checking the basic functions for the InlinePickList in the widget Form","application.Samples.Form.InlinePickListOnFormTest","runtimeException"
"The test checks for the disabled attribute","10726","A test to check the field for ""Read-only""","","Tue Apr 22 10:06:28 GMT 2025","passed","Tue Apr 22 10:06:39 GMT 2025","","Form. Checking the basic functions for the Dictionary in the widget Form","application.Samples.Form.DictionaryOnFormTest","readonly"
"A test to get the value from the field. Hint is always read-only, so it is impossible to set the value.","6045","A test to check the value in a field","","Tue Apr 22 10:11:44 GMT 2025","passed","Tue Apr 22 10:11:50 GMT 2025","","Form. Checking the basic functions for the Hint in the widget Form","application.Samples.Form.HintOnFormTest","edit"
"The test gets the value from the placeholder attribute and returns it in String format","6708","Test for getting the Placeholder value","","Tue Apr 22 10:12:31 GMT 2025","passed","Tue Apr 22 10:12:38 GMT 2025","","Form. Checking the basic functions for the NumberDigits in the widget Form","application.Samples.Form.NumberDigitsOnFormTest","placeholder"
"The test gets the value from the style attribute in RGB format, and then converts it to Hex format","6570","A test to get the field color value in Hex format","","Tue Apr 22 10:20:03 GMT 2025","passed","Tue Apr 22 10:20:10 GMT 2025","","Info. Checking the basic functions for the Money","application.Samples.Info.MoneyOnInfoTest","color"
"DrillDown is not available for InfoWidget.","6445","The DrillDown test","","Tue Apr 22 10:19:16 GMT 2025","passed","Tue Apr 22 10:19:23 GMT 2025","","Info. Checking the basic functions for the Date","application.Samples.Info.DateOnInfoTest","drillDown"
"Filtering is not available for the Form widget","6959","Filtering test","","Tue Apr 22 10:11:02 GMT 2025","passed","Tue Apr 22 10:11:09 GMT 2025","","Form. Checking the basic functions for the FileUpload in the widget Form","application.Samples.Form.FileUploadOnFormTest","filtration"
"DrillDown is not available for InfoWidget.","7422","The DrillDown test","","Tue Apr 22 10:16:47 GMT 2025","passed","Tue Apr 22 10:16:54 GMT 2025","","Info. Checking the basic functions for the PickList","application.Samples.Info.PickListOnInfoTest","drillDown"
"Getting a Placeholder is not available","8772","Test for getting the Placeholder value","","Tue Apr 22 10:06:14 GMT 2025","passed","Tue Apr 22 10:06:23 GMT 2025","","Form. Checking the basic functions for the MultiValueHover in the widget Form","application.Samples.Form.MultiValueHoverOnFormTest","placeholder"
"Sorting is not available for the Form widget","9393","Sorting test","","Tue Apr 22 10:09:04 GMT 2025","passed","Tue Apr 22 10:09:13 GMT 2025","","Form. Checking the basic functions for the InlinePickList in the widget Form","application.Samples.Form.InlinePickListOnFormTest","sorting"
"The test sets a value with the wrong data type in several fields for different widgets. After approval, it checks the text under the field, which informs about the correctness of the type of data entered","8751","Required Message validation test for multiple fields","","Tue Apr 22 10:16:43 GMT 2025","passed","Tue Apr 22 10:16:52 GMT 2025","","Form. Checking the basic functions for the Number in the widget Form","application.Samples.Form.NumberOnFormTest","fieldLevelValidation"
"The test verifies that after clearing the field, it is empty","8089","The test for deleting a file from a field","","Tue Apr 22 10:11:49 GMT 2025","passed","Tue Apr 22 10:11:57 GMT 2025","","Form. Checking the basic functions for the FileUpload in the widget Form","application.Samples.Form.FileUploadOnFormTest","clear"
"","6734","The test for getting the file name in the field","","Tue Apr 22 10:17:44 GMT 2025","passed","Tue Apr 22 10:17:51 GMT 2025","","Info. Checking the basic functions for the FileUp","application.Samples.Info.FileUploadOnInfoTest","readNameFileInField"
"The test sets the value in the field, and then checks the value in the field with what should be set. Предварительной очистки поля нет","10397","A test for setting a value in a field","","Tue Apr 22 10:14:01 GMT 2025","passed","Tue Apr 22 10:14:12 GMT 2025","","Form. Checking the basic functions for the MultipleSelect in the widget Form","application.Samples.Form.MultipleSelectOnFormTest","edit"
"The InfoWidget doesn't have a Placeholder.","5987","Test for getting the Placeholder value","","Tue Apr 22 10:17:36 GMT 2025","passed","Tue Apr 22 10:17:42 GMT 2025","","Info. Checking the basic functions for the DateTimeWithSeconds","application.Samples.Info.DateTimeWithSecondsOnInfoTest","placeholder"
"The test sets the value in the field, and then checks the value in the field with what should be set","9105","A test for setting a value in a field","","Tue Apr 22 10:04:56 GMT 2025","passed","Tue Apr 22 10:05:05 GMT 2025","","Form. Checking the basic functions for the DateTimeWithSeconds in the widget Form","application.Samples.Form.DateTimeWithSecondsOnFormTest","edit"
"Info Widget is always read-only","6420","A test to check the field for ""Read-only""","","Tue Apr 22 10:21:04 GMT 2025","passed","Tue Apr 22 10:21:11 GMT 2025","","Info. Checking the basic functions for the Number","application.Samples.Info.NumberOnInfoTest","readonly"
"The test gets the value from the placeholder attribute and returns it in String format","6487","Test for getting the Placeholder value","","Tue Apr 22 10:05:12 GMT 2025","passed","Tue Apr 22 10:05:19 GMT 2025","","Form. Checking the basic functions for the DateTime in the widget Form","application.Samples.Form.DateTimeOnFormTest","placeholder"
"The test checks for the disabled attribute","6159","A test to check the field for ""Read-only""","","Tue Apr 22 10:08:32 GMT 2025","passed","Tue Apr 22 10:08:38 GMT 2025","","Form. Checking the basic functions for the Date in the widget Form","application.Samples.Form.DateOnFormTest","readonly"
"The InfoWidget doesn't have a Placeholder.","6611","Test for getting the Placeholder value","","Tue Apr 22 10:20:10 GMT 2025","passed","Tue Apr 22 10:20:16 GMT 2025","","Info. Checking the basic functions for the Money","application.Samples.Info.MoneyOnInfoTest","placeholder"
"The test gets the value from the style attribute in RGB format, and then converts it to Hex format","8186","A test to get the field color value in Hex format","","Tue Apr 22 10:14:12 GMT 2025","passed","Tue Apr 22 10:14:20 GMT 2025","","Form. Checking the basic functions for the MultipleSelect in the widget Form","application.Samples.Form.MultipleSelectOnFormTest","color"
"The test sets a value with the wrong data type in several fields for different widgets. After approval, it checks the text under the field, which informs about the correctness of the type of data entered","11661","Required Message validation test for multiple fields","","Tue Apr 22 10:07:59 GMT 2025","passed","Tue Apr 22 10:08:11 GMT 2025","","Form. Checking the basic functions for the Dictionary in the widget Form","application.Samples.Form.DictionaryOnFormTest","fieldLevelValidation"
"The test checks for the disabled attribute","7516","A test to check the field for ""Read-only""","","Tue Apr 22 10:06:39 GMT 2025","passed","Tue Apr 22 10:06:46 GMT 2025","","Form. Checking the basic functions for the Money in the widget Form","application.Samples.Form.MoneyOnFormTest","readonly"
"The test sets the value in the field via Popup using the name, and then checks the value in the field with what should be set","8650","A test for setting a value in a field","","Tue Apr 22 10:11:52 GMT 2025","passed","Tue Apr 22 10:12:01 GMT 2025","","Form. Checking the basic functions for the PickList in the widget Form","application.Samples.Form.PickListOnFormTest","edit_2"
"The test sets the value in the field. After approval, the popup window, the title, the text in it, and the buttons are validated","10025","Run-time exception validation test","","Tue Apr 22 10:15:20 GMT 2025","passed","Tue Apr 22 10:15:30 GMT 2025","","Form. Checking the basic functions for the CheckBox","application.Samples.Form.CheckBoxOnFormTest","runtimeException"
"The test checks for the disabled attribute","7212","A test to check the field for ""Read-only""","","Tue Apr 22 10:11:09 GMT 2025","passed","Tue Apr 22 10:11:17 GMT 2025","","Form. Checking the basic functions for the FileUpload in the widget Form","application.Samples.Form.FileUploadOnFormTest","readonly"
"The test gets the value from the style attribute in RGB format, and then converts it to Hex format","8749","A test to get the field color value in Hex format","","Tue Apr 22 10:09:49 GMT 2025","passed","Tue Apr 22 10:09:58 GMT 2025","","Form. Checking the basic functions for the Radio in the widget Form","application.Samples.Form.RadioOnFormTest","color"
"","5417","The test for getting the value from the field","","Tue Apr 22 10:16:28 GMT 2025","passed","Tue Apr 22 10:16:34 GMT 2025","","Info. Checking the basic functions for the Hint","application.Samples.Info.HintOnInfoTest","read"
"The test sets a value with the wrong data type in several fields for different widgets. After approval, it checks the text under the field, which informs about the correctness of the type of data entered","10754","Required Message validation test for multiple fields","","Tue Apr 22 10:05:28 GMT 2025","passed","Tue Apr 22 10:05:39 GMT 2025","","Form. Checking the basic functions for the DateTime in the widget Form","application.Samples.Form.DateTimeOnFormTest","fieldLevelValidation"
"The test clears the field and clicks the Save button. Then validates the message that the field is required","8609","Required Message text Verification field test","","Tue Apr 22 10:12:09 GMT 2025","passed","Tue Apr 22 10:12:17 GMT 2025","","Form. Checking the basic functions for the PickList in the widget Form","application.Samples.Form.PickListOnFormTest","required"
"Checking the url before the transition and after the transition/click on a special element","7055","The DrillDown test","","Tue Apr 22 10:12:45 GMT 2025","passed","Tue Apr 22 10:12:52 GMT 2025","","Form. Checking the basic functions for the MultiValue in the widget Form","application.Samples.Form.MultiValueOnFormTest","drillDown"
"The test sets the value in the field, and then checks the value in the field with what should be set","8871","A test for setting a value in a field","","Tue Apr 22 10:12:16 GMT 2025","passed","Tue Apr 22 10:12:24 GMT 2025","","Form. Checking the basic functions for the NumberDigits in the widget Form","application.Samples.Form.NumberDigitsOnFormTest","edit"
"The test sets the value in the field. After approval, the popup window, the title, the text in it, and the buttons are validated","9341","Run-time exception validation test","","Tue Apr 22 10:07:55 GMT 2025","passed","Tue Apr 22 10:08:04 GMT 2025","","Form. Checking the basic functions for the Money in the widget Form","application.Samples.Form.MoneyOnFormTest","runtimeException"
"The test sets the value with the wrong data type in the field. After approval, it checks the text under the field, which informs about the correctness of the type of data entered","8653","Required Message validation test for one field","","Tue Apr 22 10:13:32 GMT 2025","passed","Tue Apr 22 10:13:41 GMT 2025","","Form. Checking the basic functions for the MultipleSelect in the widget Form","application.Samples.Form.MultipleSelectOnFormTest","fieldLevelValidationAnnotation"
"The test clears the field and clicks the Save button. Then validates the message that the field is required","8441","Required Message text Verification field test","","Tue Apr 22 10:11:25 GMT 2025","passed","Tue Apr 22 10:11:33 GMT 2025","","Form. Checking the basic functions for the FileUpload in the widget Form","application.Samples.Form.FileUploadOnFormTest","required"
"The test sets the value in the field. After approval, the popup window, the title, the text in it, and the buttons are validated","10463","Business Exception Validation Test","","Tue Apr 22 10:14:19 GMT 2025","passed","Tue Apr 22 10:14:30 GMT 2025","","Form. Checking the basic functions for the CheckBox","application.Samples.Form.CheckBoxOnFormTest","businessException"
"The test gets the value from the placeholder attribute and returns it in String format","6895","Test for getting the Placeholder value","","Tue Apr 22 10:12:05 GMT 2025","passed","Tue Apr 22 10:12:12 GMT 2025","","Form. Checking the basic functions for the FileUpload in the widget Form","application.Samples.Form.FileUploadOnFormTest","placeholder"
"The test gets the value from the style attribute in RGB format, and then converts it to Hex format","7554","A test to get the field color value in Hex format","","Tue Apr 22 10:18:56 GMT 2025","passed","Tue Apr 22 10:19:03 GMT 2025","","Info. Checking the basic functions for the MultiValueHover","application.Samples.Info.MultiValueHoverOnInfoTest","color"
"The InfoWidget doesn't have a Placeholder.","8309","Test for getting the Placeholder value","","Tue Apr 22 10:17:13 GMT 2025","passed","Tue Apr 22 10:17:22 GMT 2025","","Info. Checking the basic functions for the Radio","application.Samples.Info.RadioOnInfoTest","placeholder"
"The test sets the value in the field. After approval, the popup window, the title, the text in it, and the buttons are validated","11472","Business Exception Validation Test","","Tue Apr 22 10:05:02 GMT 2025","passed","Tue Apr 22 10:05:13 GMT 2025","","Form. Checking the basic functions for the Text in the widget Form","application.Samples.Form.TextOnFormTest","businessException"
"Filtering is not available for the Form widget","9700","Filtering test","","Tue Apr 22 10:09:23 GMT 2025","passed","Tue Apr 22 10:09:32 GMT 2025","","Form. Checking the basic functions for the InlinePickList in the widget Form","application.Samples.Form.InlinePickListOnFormTest","filtration"
"Filtering is not available for the Form widget","6305","Filtering test","","Tue Apr 22 10:15:38 GMT 2025","passed","Tue Apr 22 10:15:44 GMT 2025","","Form. Checking the basic functions for the Number in the widget Form","application.Samples.Form.NumberOnFormTest","filtration"
"","8281","The test for getting the value from the field","","Tue Apr 22 10:19:14 GMT 2025","passed","Tue Apr 22 10:19:22 GMT 2025","","Info. Checking the basic functions for the Text","application.Samples.Info.TextOnInfoTest","read"
"Sorting is not available for the Form widget","4775","Sorting test","","Tue Apr 22 10:21:32 GMT 2025","passed","Tue Apr 22 10:21:37 GMT 2025","","Form. Checking the basic functions for the DateTime in the widget Form","application.Samples.Form.DateTimeOnFormTest","sorting"
"The test checks the value of the digits attributes","7272","Required Message text Verification field test","","Tue Apr 22 10:10:46 GMT 2025","passed","Tue Apr 22 10:10:53 GMT 2025","","Form. Checking the basic functions for the Input in the widget Form","application.Samples.Form.InputOnFormTest","maxInput"
"The test sets a value with the wrong data type in several fields for different widgets. After approval, it checks the text under the field, which informs about the correctness of the type of data entered","9696","Required Message validation test for multiple fields","","Tue Apr 22 10:07:45 GMT 2025","passed","Tue Apr 22 10:07:55 GMT 2025","","Form. Checking the basic functions for the Money in the widget Form","application.Samples.Form.MoneyOnFormTest","fieldLevelValidation"
"The test calls a modal window, after which the method returns Status-Value pairs depending on the column header.","28062","A test for checking values by column heading in a modal window","","Tue Apr 22 10:14:20 GMT 2025","passed","Tue Apr 22 10:14:48 GMT 2025","","Form. Checking the basic functions for the MultiValue in the widget Form","application.Samples.Form.MultiValueOnFormTest","test_status"
"The test sets the value in the field, and then checks the value in the field with what should be set","6962","A test for setting a value in a field","","Tue Apr 22 10:16:14 GMT 2025","passed","Tue Apr 22 10:16:21 GMT 2025","","Form. Checking the basic functions for the Number in the widget Form","application.Samples.Form.NumberOnFormTest","edit"
"Sorting is not available for the Form widget","6659","Sorting test","","Tue Apr 22 10:15:25 GMT 2025","passed","Tue Apr 22 10:15:32 GMT 2025","","Form. Checking the basic functions for the Number in the widget Form","application.Samples.Form.NumberOnFormTest","sorting"
"Sorting is not available for InfoWidget.","8111","Sorting test","","Tue Apr 22 10:17:22 GMT 2025","passed","Tue Apr 22 10:17:30 GMT 2025","","Info. Checking the basic functions for the MultiplySelect","application.Samples.Info.MultipleSelectOnInfoTest","sorting"
"The test sets the value in the field. After approval, the popup window, the title, the text in it, and the buttons are validated","9621","Business Exception Validation Test","","Tue Apr 22 10:13:52 GMT 2025","passed","Tue Apr 22 10:14:01 GMT 2025","","Form. Checking the basic functions for the MultipleSelect in the widget Form","application.Samples.Form.MultipleSelectOnFormTest","businessException"
"The test sets the value with the wrong data type in the field. After approval, it checks the text under the field, which informs about the correctness of the type of data entered","9269","Required Message validation test for one field","","Tue Apr 22 10:06:46 GMT 2025","passed","Tue Apr 22 10:06:56 GMT 2025","","Form. Checking the basic functions for the Money in the widget Form","application.Samples.Form.MoneyOnFormTest","fieldLevelValidationAnnotation"
"The test gets the value from the placeholder attribute and returns it in String format","9573","Test for getting the Placeholder value","","Tue Apr 22 10:08:20 GMT 2025","passed","Tue Apr 22 10:08:30 GMT 2025","","Form. Checking the basic functions for the Percent in the widget Form","application.Samples.Form.PercentOnFormTest","placeholder"
"The test gets the value from the style attribute in RGB format, and then converts it to Hex format","5883","A test to get the field color value in Hex format","","Tue Apr 22 10:09:10 GMT 2025","passed","Tue Apr 22 10:09:16 GMT 2025","","Form. Checking the basic functions for the Date in the widget Form","application.Samples.Form.DateOnFormTest","color"
"The InfoWidget doesn't have a Placeholder.","5705","Test for getting the Placeholder value","","Tue Apr 22 10:19:46 GMT 2025","passed","Tue Apr 22 10:19:51 GMT 2025","","Info. Checking the basic functions for the Date","application.Samples.Info.DateOnInfoTest","placeholder"
"The test gets the value from the style attribute in RGB format, and then converts it to Hex format","6332","A test to get the field color value in Hex format","","Tue Apr 22 10:21:15 GMT 2025","passed","Tue Apr 22 10:21:21 GMT 2025","","Info. Checking the basic functions for the MultiValue","application.Samples.Info.MultiValueOnInfoTest","color"
"The test sets a value with the wrong data type in several fields for different widgets. After approval, it checks the text under the field, which informs about the correctness of the type of data entered","10699","Required Message validation test for multiple fields","","Tue Apr 22 10:15:09 GMT 2025","passed","Tue Apr 22 10:15:20 GMT 2025","","Form. Checking the basic functions for the CheckBox","application.Samples.Form.CheckBoxOnFormTest","fieldLevelValidation"
"The test gets the value from the style attribute in RGB format, and then converts it to Hex format","8857","A test to get the field color value in Hex format","","Tue Apr 22 10:20:37 GMT 2025","passed","Tue Apr 22 10:20:45 GMT 2025","","Info. Checking the basic functions for the Percent","application.Samples.Info.PercentOnInfoTest","color"
"Filtering is not available for the Form widget","8412","Filtering test","","Tue Apr 22 10:13:16 GMT 2025","passed","Tue Apr 22 10:13:24 GMT 2025","","Form. Checking the basic functions for the MultipleSelect in the widget Form","application.Samples.Form.MultipleSelectOnFormTest","filtration"
"Info Widget is always read-only","6811","A test to check the field for ""Read-only""","","Tue Apr 22 10:17:02 GMT 2025","passed","Tue Apr 22 10:17:09 GMT 2025","","Info. Checking the basic functions for the PickList","application.Samples.Info.PickListOnInfoTest","readonly"
"Info Widget is always read-only","8145","A test to check the field for ""Read-only""","","Tue Apr 22 10:19:06 GMT 2025","passed","Tue Apr 22 10:19:14 GMT 2025","","Info. Checking the basic functions for the Text","application.Samples.Info.TextOnInfoTest","readonly"
"Drill Down is not available for InfoWidget.","7326","The DrillDown test","","Tue Apr 22 10:20:46 GMT 2025","passed","Tue Apr 22 10:20:53 GMT 2025","","Info. Checking the basic functions for the MultiValue","application.Samples.Info.MultiValueOnInfoTest","drillDown"
"The test gets the value from the placeholder attribute and returns it in String format","6315","Test for getting the Placeholder value","","Tue Apr 22 10:16:28 GMT 2025","passed","Tue Apr 22 10:16:34 GMT 2025","","Form. Checking the basic functions for the Number in the widget Form","application.Samples.Form.NumberOnFormTest","placeholder"
"The test sets the value in the field, and then checks the value in the field with what should be set","8394","A test for setting a value in a field","","Tue Apr 22 10:09:02 GMT 2025","passed","Tue Apr 22 10:09:10 GMT 2025","","Form. Checking the basic functions for the Date in the widget Form","application.Samples.Form.DateOnFormTest","edit"
"","7538","Test to get the name of the downloaded file","","Tue Apr 22 10:18:33 GMT 2025","passed","Tue Apr 22 10:18:40 GMT 2025","","Info. Checking the basic functions for the FileUp","application.Samples.Info.FileUploadOnInfoTest","getFileName"
"The test clears the field and clicks the Save button. Then validates the message that the field is required","7673","Required Message text Verification field test","","Tue Apr 22 10:15:59 GMT 2025","passed","Tue Apr 22 10:16:06 GMT 2025","","Form. Checking the basic functions for the Number in the widget Form","application.Samples.Form.NumberOnFormTest","required"
"Filtering is not available for the Form widget","9103","Filtering test","","Tue Apr 22 10:09:02 GMT 2025","passed","Tue Apr 22 10:09:11 GMT 2025","","Form. Checking the basic functions for the Radio in the widget Form","application.Samples.Form.RadioOnFormTest","filtration"
"Checking the url before the transition and after the transition/click on a special element","6840","The DrillDown test","","Tue Apr 22 10:06:25 GMT 2025","passed","Tue Apr 22 10:06:32 GMT 2025","","Form. Checking the basic functions for the Money in the widget Form","application.Samples.Form.MoneyOnFormTest","drillDown"
"The test gets the value from the style attribute in RGB format, and then converts it to Hex format","9713","A test to get the field color value in Hex format","","Tue Apr 22 10:10:28 GMT 2025","passed","Tue Apr 22 10:10:38 GMT 2025","","Form. Checking the basic functions for the InlinePickList in the widget Form","application.Samples.Form.InlinePickListOnFormTest","color"
"Sorting is not available for InfoWidget.","7195","Sorting test","","Tue Apr 22 10:16:40 GMT 2025","passed","Tue Apr 22 10:16:47 GMT 2025","","Info. Checking the basic functions for the PickList","application.Samples.Info.PickListOnInfoTest","sorting"
"The test gets the value from the placeholder attribute and returns it in String format","9344","Test for getting the Placeholder value","","Tue Apr 22 10:09:58 GMT 2025","passed","Tue Apr 22 10:10:07 GMT 2025","","Form. Checking the basic functions for the Radio in the widget Form","application.Samples.Form.RadioOnFormTest","placeholder"
"The test sets the value in the field. After approval, by clicking on the save button, the popup window, the title, the text in it, and the buttons are validated","10408","Confirmation Popup Validation Test","","Tue Apr 22 10:10:17 GMT 2025","passed","Tue Apr 22 10:10:27 GMT 2025","","Form. Checking the basic functions for the Radio in the widget Form","application.Samples.Form.RadioOnFormTest","confirm"
"The Hint field type is always read-only","8612","A test to check the field for ""Read-only""","","Tue Apr 22 10:05:48 GMT 2025","passed","Tue Apr 22 10:05:57 GMT 2025","","Form. Checking the basic functions for the MultiValueHover in the widget Form","application.Samples.Form.MultiValueHoverOnFormTest","readonly"
"DrillDown is not available for InfoWidget.","5969","The DrillDown test","","Tue Apr 22 10:17:48 GMT 2025","passed","Tue Apr 22 10:17:54 GMT 2025","","Info. Checking the basic functions for the DateTime","application.Samples.Info.DateTimeOnInfoTest","drillDown"
"The test adds a value after removing all previous values.","9849","Value setting test with field clearing","","Tue Apr 22 10:14:47 GMT 2025","passed","Tue Apr 22 10:14:57 GMT 2025","","Form. Checking the basic functions for the MultipleSelect in the widget Form","application.Samples.Form.MultipleSelectOnFormTest","setValue"
"The test sets the value in the field. After approval, by clicking on the save button, the popup window, the title, the text in it, and the buttons are validated","11051","Confirmation Popup Validation Test","","Tue Apr 22 10:14:58 GMT 2025","passed","Tue Apr 22 10:15:09 GMT 2025","","Form. Checking the basic functions for the CheckBox","application.Samples.Form.CheckBoxOnFormTest","confirm"
"The test sets the value with the wrong data type in the field. After approval, it checks the text under the field, which informs about the correctness of the type of data entered","10209","Required Message validation test for one field","","Tue Apr 22 10:04:30 GMT 2025","passed","Tue Apr 22 10:04:40 GMT 2025","","Form. Checking the basic functions for the DateTime in the widget Form","application.Samples.Form.DateTimeOnFormTest","fieldLevelValidationAnnotation"
"The test clears the field and clicks the Save button. Then validates the message that the field is required","10955","Required Message text Verification field test","","Tue Apr 22 10:13:41 GMT 2025","passed","Tue Apr 22 10:13:52 GMT 2025","","Form. Checking the basic functions for the MultipleSelect in the widget Form","application.Samples.Form.MultipleSelectOnFormTest","required"
"The test sets the value in the field. After approval, by clicking on the save button, the popup window, the title, the text in it, and the buttons are validated","11814","Confirmation Popup Validation Test","","Tue Apr 22 10:08:30 GMT 2025","passed","Tue Apr 22 10:08:41 GMT 2025","","Form. Checking the basic functions for the Percent in the widget Form","application.Samples.Form.PercentOnFormTest","confirm"
"The test sets the value in the field, and then checks the value in the field with what should be set","8122","A test for setting a value in a field","","Tue Apr 22 10:07:13 GMT 2025","passed","Tue Apr 22 10:07:22 GMT 2025","","Form. Checking the basic functions for the Money in the widget Form","application.Samples.Form.MoneyOnFormTest","edit"
"The test sets the value in the field. After approval, by clicking on the save button, the popup window, the title, the text in it, and the buttons are validated","9436","Confirmation Popup Validation Test","","Tue Apr 22 10:05:20 GMT 2025","passed","Tue Apr 22 10:05:29 GMT 2025","","Form. Checking the basic functions for the DateTimeWithSeconds in the widget Form","application.Samples.Form.DateTimeWithSecondsOnFormTest","confirm"
"The test clears the field and clicks the Save button. Then validates the message that the field is required","11652","Required Message text Verification field test","","Tue Apr 22 10:04:50 GMT 2025","passed","Tue Apr 22 10:05:02 GMT 2025","","Form. Checking the basic functions for the Text in the widget Form","application.Samples.Form.TextOnFormTest","required"
"Sorting is not available for the Form widget","10074","Sorting test","","Tue Apr 22 10:06:23 GMT 2025","passed","Tue Apr 22 10:06:33 GMT 2025","","Form. Checking the basic functions for the Percent in the widget Form","application.Samples.Form.PercentOnFormTest","sorting"
"Checking the url before the transition and after the transition/click on a special element","8447","The DrillDown test","","Tue Apr 22 10:13:33 GMT 2025","passed","Tue Apr 22 10:13:41 GMT 2025","","Form. Checking the basic functions for the CheckBox","application.Samples.Form.CheckBoxOnFormTest","drillDown"
"","8775","The test for getting the value from the field","","Tue Apr 22 10:20:13 GMT 2025","passed","Tue Apr 22 10:20:21 GMT 2025","","Info. Checking the basic functions for the CheckBox","application.Samples.Info.CheckboxOnInfoTest","read"
"The test sets the value in the field. After approval, by clicking on the save button, the popup window, the title, the text in it, and the buttons are validated","12630","Confirmation Popup Validation Test","","Tue Apr 22 10:07:47 GMT 2025","passed","Tue Apr 22 10:07:59 GMT 2025","","Form. Checking the basic functions for the Dictionary in the widget Form","application.Samples.Form.DictionaryOnFormTest","confirm"
"Filtering is not available for the Form widget","5444","Filtering test","","Tue Apr 22 10:10:03 GMT 2025","passed","Tue Apr 22 10:10:09 GMT 2025","","Form. Checking the basic functions for the Input in the widget Form","application.Samples.Form.InputOnFormTest","filtration"
"Filtering is not available for the Form widget","7774","Filtering test","","Tue Apr 22 10:12:01 GMT 2025","passed","Tue Apr 22 10:12:09 GMT 2025","","Form. Checking the basic functions for the PickList in the widget Form","application.Samples.Form.PickListOnFormTest","filtration"
"The test gets the value from the placeholder attribute and returns it in String format","6810","Test for getting the Placeholder value","","Tue Apr 22 10:12:42 GMT 2025","passed","Tue Apr 22 10:12:49 GMT 2025","","Form. Checking the basic functions for the PickList in the widget Form","application.Samples.Form.PickListOnFormTest","placeholder"
"The test checks for the disabled attribute","8092","A test to check the field for ""Read-only""","","Tue Apr 22 10:04:18 GMT 2025","passed","Tue Apr 22 10:04:26 GMT 2025","","Form. Checking the basic functions for the DateTimeWithSeconds in the widget Form","application.Samples.Form.DateTimeWithSecondsOnFormTest","readonly"
"The test calls Popup, the method returns a list with column headings","8003","The test for getting column headings","","Tue Apr 22 10:13:16 GMT 2025","passed","Tue Apr 22 10:13:24 GMT 2025","","Form. Checking the basic functions for the PickList in the widget Form","application.Samples.Form.PickListOnFormTest","getColumnName"
"The test sets the value in the field, and then checks the value in the field with what should be set","10741","A test for setting a value in a field","","Tue Apr 22 10:08:00 GMT 2025","passed","Tue Apr 22 10:08:10 GMT 2025","","Form. Checking the basic functions for the Percent in the widget Form","application.Samples.Form.PercentOnFormTest","edit"
"","5564","The test for getting the value from the field","","Tue Apr 22 10:18:04 GMT 2025","passed","Tue Apr 22 10:18:10 GMT 2025","","Info. Checking the basic functions for the DateTime","application.Samples.Info.DateTimeOnInfoTest","read"
"The transition/Redirect is not available","5808","The DrillDown test","","Tue Apr 22 10:11:27 GMT 2025","passed","Tue Apr 22 10:11:33 GMT 2025","","Form. Checking the basic functions for the Hint in the widget Form","application.Samples.Form.HintOnFormTest","drillDown"
"The test sets the value in the field via Popup using a unique id, and then checks the value in the field with what needs to be set","8040","A test for setting a value in a field","","Tue Apr 22 10:12:27 GMT 2025","passed","Tue Apr 22 10:12:35 GMT 2025","","Form. Checking the basic functions for the PickList in the widget Form","application.Samples.Form.PickListOnFormTest","edit"
"The test checks for the disabled attribute","9177","A test to check the field for ""Read-only""","","Tue Apr 22 10:13:50 GMT 2025","passed","Tue Apr 22 10:13:59 GMT 2025","","Form. Checking the basic functions for the CheckBox","application.Samples.Form.CheckBoxOnFormTest","readonly"
"Drill Down is not available for InfoWidget.","5271","The DrillDown test","","Tue Apr 22 10:16:12 GMT 2025","passed","Tue Apr 22 10:16:17 GMT 2025","","Info. Checking the basic functions for the Hint","application.Samples.Info.HintOnInfoTest","drillDown"
"Filtering is not available for InfoWidget.","7666","Filtering test","","Tue Apr 22 10:17:38 GMT 2025","passed","Tue Apr 22 10:17:45 GMT 2025","","Info. Checking the basic functions for the MultiplySelect","application.Samples.Info.MultipleSelectOnInfoTest","filtration"
"The test sets the value in the field. After approval, the popup window, the title, the text in it, and the buttons are validated","10790","Business Exception Validation Test","","Tue Apr 22 10:04:46 GMT 2025","passed","Tue Apr 22 10:04:56 GMT 2025","","Form. Checking the basic functions for the DateTimeWithSeconds in the widget Form","application.Samples.Form.DateTimeWithSecondsOnFormTest","businessException"
"The test sets the value in the field. After approval, the popup window, the title, the text in it, and the buttons are validated","9914","Business Exception Validation Test","","Tue Apr 22 10:09:29 GMT 2025","passed","Tue Apr 22 10:09:39 GMT 2025","","Form. Checking the basic functions for the Radio in the widget Form","application.Samples.Form.RadioOnFormTest","businessException"
"The test sets the value in the field. After approval, the popup window, the title, the text in it, and the buttons are validated","8238","Business Exception Validation Test","","Tue Apr 22 10:08:54 GMT 2025","passed","Tue Apr 22 10:09:02 GMT 2025","","Form. Checking the basic functions for the Date in the widget Form","application.Samples.Form.DateOnFormTest","businessException"
"Checking the url before the transition and after the transition/click on a special element","10105","The DrillDown test","","Tue Apr 22 10:05:57 GMT 2025","passed","Tue Apr 22 10:06:07 GMT 2025","","Form. Checking the basic functions for the Dictionary in the widget Form","application.Samples.Form.DictionaryOnFormTest","drillDown"
"The test sets the value with the wrong data type in the field. After approval, it checks the text under the field, which informs about the correctness of the type of data entered","12574","Required Message validation test for one field","","Tue Apr 22 10:04:37 GMT 2025","passed","Tue Apr 22 10:04:50 GMT 2025","","Form. Checking the basic functions for the Text in the widget Form","application.Samples.Form.TextOnFormTest","fieldLevelValidationAnnotation"
"Info Widget is always read-only","5300","A test to check the field for ""Read-only""","","Tue Apr 22 10:17:59 GMT 2025","passed","Tue Apr 22 10:18:04 GMT 2025","","Info. Checking the basic functions for the DateTime","application.Samples.Info.DateTimeOnInfoTest","readonly"
"DrillDown is not available for InfoWidget.","6482","The DrillDown test","","Tue Apr 22 10:17:06 GMT 2025","passed","Tue Apr 22 10:17:12 GMT 2025","","Info. Checking the basic functions for the DateTimeWithSeconds","application.Samples.Info.DateTimeWithSecondsOnInfoTest","drillDown"
"The test clears the field and clicks the Save button. Then validates the message that the field is required","6611","Required Message text Verification field test","","Tue Apr 22 10:10:21 GMT 2025","passed","Tue Apr 22 10:10:27 GMT 2025","","Form. Checking the basic functions for the Input in the widget Form","application.Samples.Form.InputOnFormTest","required"
"The test sets the value with the wrong data type in the field. After approval, it checks the text under the field, which informs about the correctness of the type of data entered","8284","Required Message validation test for one field","","Tue Apr 22 10:15:50 GMT 2025","passed","Tue Apr 22 10:15:59 GMT 2025","","Form. Checking the basic functions for the Number in the widget Form","application.Samples.Form.NumberOnFormTest","fieldLevelValidationAnnotation"
"The InfoWidget doesn't have a Placeholder..","6594","Test for getting the Placeholder value","","Tue Apr 22 10:21:21 GMT 2025","passed","Tue Apr 22 10:21:28 GMT 2025","","Info. Checking the basic functions for the MultiValue","application.Samples.Info.MultiValueOnInfoTest","placeholder"
"Sorting is not available for InfoWidget.","6504","Sorting test","","Tue Apr 22 10:20:45 GMT 2025","passed","Tue Apr 22 10:20:52 GMT 2025","","Info. Checking the basic functions for the Number","application.Samples.Info.NumberOnInfoTest","sorting"
"The test sets the value in the field. After approval, the popup window, the title, the text in it, and the buttons are validated","12493","Business Exception Validation Test","","Tue Apr 22 10:07:02 GMT 2025","passed","Tue Apr 22 10:07:14 GMT 2025","","Form. Checking the basic functions for the Dictionary in the widget Form","application.Samples.Form.DictionaryOnFormTest","businessException"
"The test sets the value in the field. After approval, by clicking on the save button, the popup window, the title, the text in it, and the buttons are validated","10084","Confirmation Popup Validation Test","","Tue Apr 22 10:14:28 GMT 2025","passed","Tue Apr 22 10:14:38 GMT 2025","","Form. Checking the basic functions for the MultipleSelect in the widget Form","application.Samples.Form.MultipleSelectOnFormTest","confirm"
"InfoWidget does not have a Hex field color for this type.","7560","A test to get the field color value in Hex format","","Tue Apr 22 10:18:01 GMT 2025","passed","Tue Apr 22 10:18:09 GMT 2025","","Info. Checking the basic functions for the MultiplySelect","application.Samples.Info.MultipleSelectOnInfoTest","color"
"The test gets the value from the style attribute in RGB format, and then converts it to Hex format","7605","A test to get the field color value in Hex format","","Tue Apr 22 10:12:35 GMT 2025","passed","Tue Apr 22 10:12:42 GMT 2025","","Form. Checking the basic functions for the PickList in the widget Form","application.Samples.Form.PickListOnFormTest","color"
"Sorting is not available for the Form widget","5476","Sorting test","","Tue Apr 22 10:21:28 GMT 2025","passed","Tue Apr 22 10:21:34 GMT 2025","","Form. Checking the basic functions for the DateTimeWithSeconds in the widget Form","application.Samples.Form.DateTimeWithSecondsOnFormTest","sorting"
"The test gets the value from the style attribute in RGB format, and then converts it to Hex format","7321","A test to get the field color value in Hex format","","Tue Apr 22 10:17:16 GMT 2025","passed","Tue Apr 22 10:17:23 GMT 2025","","Info. Checking the basic functions for the PickList","application.Samples.Info.PickListOnInfoTest","color"
"DrillDown is not available for InfoWidget.","8984","The DrillDown test","","Tue Apr 22 10:18:49 GMT 2025","passed","Tue Apr 22 10:18:58 GMT 2025","","Info. Checking the basic functions for the Text","application.Samples.Info.TextOnInfoTest","drillDown"
"The test clears the field and clicks the Save button. Then validates the message that the field is required","7272","Required Message text Verification field test","","Tue Apr 22 10:08:46 GMT 2025","passed","Tue Apr 22 10:08:54 GMT 2025","","Form. Checking the basic functions for the Date in the widget Form","application.Samples.Form.DateOnFormTest","required"
"Sorting is not available for InfoWidget.","9096","Sorting test","","Tue Apr 22 10:19:51 GMT 2025","passed","Tue Apr 22 10:20:01 GMT 2025","","Info. Checking the basic functions for the Percent","application.Samples.Info.PercentOnInfoTest","sorting"
"Sorting is not available for InfoWidget.","8306","Sorting test","","Tue Apr 22 10:18:40 GMT 2025","passed","Tue Apr 22 10:18:49 GMT 2025","","Info. Checking the basic functions for the Text","application.Samples.Info.TextOnInfoTest","sorting"
"The test sets a value with the wrong data type in several fields for different widgets. After approval, it checks the text under the field, which informs about the correctness of the type of data entered","7970","Required Message validation test for multiple fields","","Tue Apr 22 10:11:12 GMT 2025","passed","Tue Apr 22 10:11:20 GMT 2025","","Form. Checking the basic functions for the Input in the widget Form","application.Samples.Form.InputOnFormTest","fieldLevelValidation"
"Info Widget is always read-only","5468","A test to check the field for ""Read-only""","","Tue Apr 22 10:16:23 GMT 2025","passed","Tue Apr 22 10:16:28 GMT 2025","","Info. Checking the basic functions for the Hint","application.Samples.Info.HintOnInfoTest","readonly"
"The test checks for the disabled attribute","5931","A test to check the field for ""Read-only""","","Tue Apr 22 10:15:44 GMT 2025","passed","Tue Apr 22 10:15:50 GMT 2025","","Form. Checking the basic functions for the Number in the widget Form","application.Samples.Form.NumberOnFormTest","readonly"
"The test checks for the disabled attribute","9431","A test to check the field for ""Read-only""","","Tue Apr 22 10:09:32 GMT 2025","passed","Tue Apr 22 10:09:42 GMT 2025","","Form. Checking the basic functions for the InlinePickList in the widget Form","application.Samples.Form.InlinePickListOnFormTest","readonly"
"Info Widget is always read-only","8827","A test to check the field for ""Read-only""","","Tue Apr 22 10:20:19 GMT 2025","passed","Tue Apr 22 10:20:28 GMT 2025","","Info. Checking the basic functions for the Percent","application.Samples.Info.PercentOnInfoTest","readonly"
"The test sets the value in the field. After approval, by clicking on the save button, the popup window, the title, the text in it, and the buttons are validated","12009","Confirmation Popup Validation Test","","Tue Apr 22 10:05:42 GMT 2025","passed","Tue Apr 22 10:05:54 GMT 2025","","Form. Checking the basic functions for the Text in the widget Form","application.Samples.Form.TextOnFormTest","confirm"
"The test gets the value from the style attribute in RGB format, and then converts it to Hex format","5636","A test to get the field color value in Hex format","","Tue Apr 22 10:10:41 GMT 2025","passed","Tue Apr 22 10:10:46 GMT 2025","","Form. Checking the basic functions for the Input in the widget Form","application.Samples.Form.InputOnFormTest","color"
"The test gets the value from the style attribute in RGB format, and then converts it to Hex format","8092","A test to get the field color value in Hex format","","Tue Apr 22 10:19:22 GMT 2025","passed","Tue Apr 22 10:19:30 GMT 2025","","Info. Checking the basic functions for the Text","application.Samples.Info.TextOnInfoTest","color"
"Checking the url before the transition and after the transition/click on a special element","4776","The DrillDown test","","Tue Apr 22 10:21:27 GMT 2025","passed","Tue Apr 22 10:21:32 GMT 2025","","Form. Checking the basic functions for the DateTime in the widget Form","application.Samples.Form.DateTimeOnFormTest","drillDown"
"The test opens a modal window, clears the field, closes the window, and then checks the message under the field.","9700","Required Message text Verification field test","","Tue Apr 22 10:15:19 GMT 2025","passed","Tue Apr 22 10:15:29 GMT 2025","","Form. Checking the basic functions for the MultiValue in the widget Form","application.Samples.Form.MultiValueOnFormTest","required_2"
"Checking the url before the transition and after the transition/click on a special element","6472","The DrillDown test","","Tue Apr 22 10:11:56 GMT 2025","passed","Tue Apr 22 10:12:02 GMT 2025","","Form. Checking the basic functions for the NumberDigits in the widget Form","application.Samples.Form.NumberDigitsOnFormTest","drillDown"
"The test checks the downloaded file with the template file that is contained in the resources","7825","A test to compare the downloaded file with the template","","Tue Apr 22 10:12:12 GMT 2025","passed","Tue Apr 22 10:12:20 GMT 2025","","Form. Checking the basic functions for the FileUpload in the widget Form","application.Samples.Form.FileUploadOnFormTest","compare"
"Filtering is not available for InfoWidget.","6055","Filtering test","","Tue Apr 22 10:20:58 GMT 2025","passed","Tue Apr 22 10:21:04 GMT 2025","","Info. Checking the basic functions for the Number","application.Samples.Info.NumberOnInfoTest","filtration"
"Checking the url before the transition and after the transition/click on a special element","7418","The DrillDown test","","Tue Apr 22 10:11:45 GMT 2025","passed","Tue Apr 22 10:11:52 GMT 2025","","Form. Checking the basic functions for the PickList in the widget Form","application.Samples.Form.PickListOnFormTest","drillDown"
"The InfoWidget doesn't have a Placeholder.","5550","Test for getting the Placeholder value","","Tue Apr 22 10:18:16 GMT 2025","passed","Tue Apr 22 10:18:21 GMT 2025","","Info. Checking the basic functions for the DateTime","application.Samples.Info.DateTimeOnInfoTest","placeholder"
"Filtering is not available for InfoWidget.","9351","Filtering test","","Tue Apr 22 10:20:26 GMT 2025","passed","Tue Apr 22 10:20:35 GMT 2025","","Info. Checking the basic functions for the MultiField","application.Samples.Info.MultiFieldOnInfoTest","filtration"
"DrillDown is not available for InfoWidget.","9463","The DrillDown test","","Tue Apr 22 10:20:01 GMT 2025","passed","Tue Apr 22 10:20:10 GMT 2025","","Info. Checking the basic functions for the Percent","application.Samples.Info.PercentOnInfoTest","drillDown"
"The test sets the value in the field. After approval, the popup window, the title, the text in it, and the buttons are validated","11818","Business Exception Validation Test","","Tue Apr 22 10:10:03 GMT 2025","passed","Tue Apr 22 10:10:15 GMT 2025","","Form. Checking the basic functions for the InlinePickList in the widget Form","application.Samples.Form.InlinePickListOnFormTest","businessException"
"The test sets the value in the field. After approval, the popup window, the title, the text in it, and the buttons are validated","9975","Run-time exception validation test","","Tue Apr 22 10:08:54 GMT 2025","passed","Tue Apr 22 10:09:04 GMT 2025","","Form. Checking the basic functions for the Percent in the widget Form","application.Samples.Form.PercentOnFormTest","runtimeException"
"The test sets the value with the wrong data type in the field. After approval, it checks the text under the field, which informs about the correctness of the type of data entered","11608","Required Message validation test for one field","","Tue Apr 22 10:06:39 GMT 2025","passed","Tue Apr 22 10:06:50 GMT 2025","","Form. Checking the basic functions for the Dictionary in the widget Form","application.Samples.Form.DictionaryOnFormTest","fieldLevelValidationAnnotation"
"InfoWidget does not have a Hex field color for this type.","5891","A test to get the field color value in Hex format","","Tue Apr 22 10:16:34 GMT 2025","passed","Tue Apr 22 10:16:40 GMT 2025","","Info. Checking the basic functions for the Hint","application.Samples.Info.HintOnInfoTest","color"
"The test sets the value in the field, and then checks the value in the field with what should be set","10599","A test for setting a value in a field","","Tue Apr 22 10:05:13 GMT 2025","passed","Tue Apr 22 10:05:24 GMT 2025","","Form. Checking the basic functions for the Text in the widget Form","application.Samples.Form.TextOnFormTest","edit"
"DrillDown is not available for InfoWidget.","5400","The DrillDown test","","Tue Apr 22 10:15:35 GMT 2025","passed","Tue Apr 22 10:15:41 GMT 2025","","Info. Checking the basic functions for the Input","application.Samples.Info.InputOnInfoTest","drillDown"
"The test gets the value from the placeholder attribute and returns it in String format","7155","Test for getting the Placeholder value","","Tue Apr 22 10:07:29 GMT 2025","passed","Tue Apr 22 10:07:36 GMT 2025","","Form. Checking the basic functions for the Money in the widget Form","application.Samples.Form.MoneyOnFormTest","placeholder"
"Info Widget is always read-only","9598","A test to check the field for ""Read-only""","","Tue Apr 22 10:18:50 GMT 2025","passed","Tue Apr 22 10:19:00 GMT 2025","","Info. Checking the basic functions for the Dictionary","application.Samples.Info.DictionaryOnInfoTest","readonly"
"DrillDown is not available for InfoWidget.","8498","The DrillDown test","","Tue Apr 22 10:19:47 GMT 2025","passed","Tue Apr 22 10:19:56 GMT 2025","","Info. Checking the basic functions for the CheckBox","application.Samples.Info.CheckboxOnInfoTest","drillDown"
"Checking the url before the transition and after the transition/click on a special element","6092","The DrillDown test","","Tue Apr 22 10:09:57 GMT 2025","passed","Tue Apr 22 10:10:03 GMT 2025","","Form. Checking the basic functions for the Input in the widget Form","application.Samples.Form.InputOnFormTest","drillDown"
"The test sets the value in the field. After approval, by clicking on the save button, the popup window, the title, the text in it, and the buttons are validated","7594","Confirmation Popup Validation Test","","Tue Apr 22 10:10:59 GMT 2025","passed","Tue Apr 22 10:11:07 GMT 2025","","Form. Checking the basic functions for the Input in the widget Form","application.Samples.Form.InputOnFormTest","confirm"
"","9018","The test for getting the value from the field","","Tue Apr 22 10:20:28 GMT 2025","passed","Tue Apr 22 10:20:37 GMT 2025","","Info. Checking the basic functions for the Percent","application.Samples.Info.PercentOnInfoTest","read"
"The test sets the value in the field. After approval, the popup window, the title, the text in it, and the buttons are validated","12049","Business Exception Validation Test","","Tue Apr 22 10:07:48 GMT 2025","passed","Tue Apr 22 10:08:00 GMT 2025","","Form. Checking the basic functions for the Percent in the widget Form","application.Samples.Form.PercentOnFormTest","businessException"
"Sorting is not available for InfoWidget.","5151","Sorting test","","Tue Apr 22 10:15:30 GMT 2025","passed","Tue Apr 22 10:15:35 GMT 2025","","Info. Checking the basic functions for the Input","application.Samples.Info.InputOnInfoTest","sorting"
"","10177","A test to get a value for a multifield","","Tue Apr 22 10:08:33 GMT 2025","passed","Tue Apr 22 10:08:44 GMT 2025","","Form. Checking the basic functions for the MultiField in the widget Form","application.Samples.Form.MultiFieldOnFormTest","getValues2"
"Sorting is not available for the Form widget","9014","Sorting test","","Tue Apr 22 10:13:24 GMT 2025","passed","Tue Apr 22 10:13:33 GMT 2025","","Form. Checking the basic functions for the CheckBox","application.Samples.Form.CheckBoxOnFormTest","sorting"
"","8186","The test for getting the value from the field","","Tue Apr 22 10:17:53 GMT 2025","passed","Tue Apr 22 10:18:01 GMT 2025","","Info. Checking the basic functions for the MultiplySelect","application.Samples.Info.MultipleSelectOnInfoTest","read"
"The test sets the value in the field. After approval, the popup window, the title, the text in it, and the buttons are validated","11984","Run-time exception validation test","","Tue Apr 22 10:08:11 GMT 2025","passed","Tue Apr 22 10:08:23 GMT 2025","","Form. Checking the basic functions for the Dictionary in the widget Form","application.Samples.Form.DictionaryOnFormTest","runtimeException"
"The test sets the value in the field. After approval, the popup window, the title, the text in it, and the buttons are validated","9112","Run-time exception validation test","","Tue Apr 22 10:15:07 GMT 2025","passed","Tue Apr 22 10:15:16 GMT 2025","","Form. Checking the basic functions for the MultipleSelect in the widget Form","application.Samples.Form.MultipleSelectOnFormTest","runtimeException"
"The test clears the field and clicks the Save button. Then validates the message that the field is required","10178","Required Message text Verification field test","","Tue Apr 22 10:14:09 GMT 2025","passed","Tue Apr 22 10:14:19 GMT 2025","","Form. Checking the basic functions for the CheckBox","application.Samples.Form.CheckBoxOnFormTest","required"
"The InfoWidget doesn't have a Placeholder.","7850","Test for getting the Placeholder value","","Tue Apr 22 10:19:30 GMT 2025","passed","Tue Apr 22 10:19:38 GMT 2025","","Info. Checking the basic functions for the Text","application.Samples.Info.TextOnInfoTest","placeholder"
"The test checks for the disabled attribute","8002","A test to check the field for ""Read-only""","","Tue Apr 22 10:13:24 GMT 2025","passed","Tue Apr 22 10:13:32 GMT 2025","","Form. Checking the basic functions for the MultipleSelect in the widget Form","application.Samples.Form.MultipleSelectOnFormTest","readonly"
"Sorting is not available for the Form widget","7471","Sorting test","","Tue Apr 22 10:12:38 GMT 2025","passed","Tue Apr 22 10:12:45 GMT 2025","","Form. Checking the basic functions for the MultiValue in the widget Form","application.Samples.Form.MultiValueOnFormTest","sorting"
"The test clears the field and clicks the Save button. Then validates the message that the field is required","10255","Required Message text Verification field test","","Tue Apr 22 10:09:53 GMT 2025","passed","Tue Apr 22 10:10:03 GMT 2025","","Form. Checking the basic functions for the InlinePickList in the widget Form","application.Samples.Form.InlinePickListOnFormTest","required"
"The test sets one value in the field, then checks the list with the expected value.","29146","A test for setting a single value in a field","","Tue Apr 22 10:13:00 GMT 2025","passed","Tue Apr 22 10:13:29 GMT 2025","","Form. Checking the basic functions for the MultiValue in the widget Form","application.Samples.Form.MultiValueOnFormTest","test_once"
"The test sets the value in the field. After approval, by clicking on the save button, the popup window, the title, the text in it, and the buttons are validated","9460","Confirmation Popup Validation Test","","Tue Apr 22 10:12:49 GMT 2025","passed","Tue Apr 22 10:12:59 GMT 2025","","Form. Checking the basic functions for the PickList in the widget Form","application.Samples.Form.PickListOnFormTest","confirm"
"","8475","The test for getting the value from the field","","Tue Apr 22 10:16:56 GMT 2025","passed","Tue Apr 22 10:17:05 GMT 2025","","Info. Checking the basic functions for the Radio","application.Samples.Info.RadioOnInfoTest","read"
"Filtering is not available for InfoWidget.","7347","Filtering test","","Tue Apr 22 10:20:53 GMT 2025","passed","Tue Apr 22 10:21:01 GMT 2025","","Info. Checking the basic functions for the MultiValue","application.Samples.Info.MultiValueOnInfoTest","filtration"
"DrillDown is not available for InfoWidget.","6820","The DrillDown test","","Tue Apr 22 10:17:37 GMT 2025","passed","Tue Apr 22 10:17:44 GMT 2025","","Info. Checking the basic functions for the FileUp","application.Samples.Info.FileUploadOnInfoTest","drillDown"
"The test checks for the disabled attribute","8857","A test to check the field for ""Read-only""","","Tue Apr 22 10:09:11 GMT 2025","passed","Tue Apr 22 10:09:20 GMT 2025","","Form. Checking the basic functions for the Radio in the widget Form","application.Samples.Form.RadioOnFormTest","readonly"
"The test gets the value from the style attribute in RGB format, and then converts it to Hex format","7627","A test to get the field color value in Hex format","","Tue Apr 22 10:15:11 GMT 2025","passed","Tue Apr 22 10:15:19 GMT 2025","","Form. Checking the basic functions for the MultiValue in the widget Form","application.Samples.Form.MultiValueOnFormTest","color"
"Filtering is not available for the Form widget","12150","Filtering test","","Tue Apr 22 10:04:15 GMT 2025","passed","Tue Apr 22 10:04:27 GMT 2025","","Form. Checking the basic functions for the Text in the widget Form","application.Samples.Form.TextOnFormTest","filtration"
"The test gets the value from the placeholder attribute and returns it in String format","6328","Test for getting the Placeholder value","","Tue Apr 22 10:09:16 GMT 2025","passed","Tue Apr 22 10:09:22 GMT 2025","","Form. Checking the basic functions for the Date in the widget Form","application.Samples.Form.DateOnFormTest","placeholder"
"The test sets the value in the field. After approval, by clicking on the save button, the popup window, the title, the text in it, and the buttons are validated","8673","Confirmation Popup Validation Test","","Tue Apr 22 10:16:34 GMT 2025","passed","Tue Apr 22 10:16:43 GMT 2025","","Form. Checking the basic functions for the Number in the widget Form","application.Samples.Form.NumberOnFormTest","confirm"
"Info Widget is always read-only","7590","A test to check the field for ""Read-only""","","Tue Apr 22 10:21:01 GMT 2025","passed","Tue Apr 22 10:21:08 GMT 2025","","Info. Checking the basic functions for the MultiValue","application.Samples.Info.MultiValueOnInfoTest","readonly"
"The test gets the value from the placeholder attribute and returns it in String format","5576","Test for getting the Placeholder value","","Tue Apr 22 10:10:53 GMT 2025","passed","Tue Apr 22 10:10:59 GMT 2025","","Form. Checking the basic functions for the Input in the widget Form","application.Samples.Form.InputOnFormTest","placeholder"
"Sorting is not available for InfoWidget.","7344","Sorting test","","Tue Apr 22 10:18:17 GMT 2025","passed","Tue Apr 22 10:18:24 GMT 2025","","Info. Checking the basic functions for the MultiValueHover","application.Samples.Info.MultiValueHoverOnInfoTest","sorting"
"","7693","The test for getting the value from the field","","Tue Apr 22 10:18:48 GMT 2025","passed","Tue Apr 22 10:18:56 GMT 2025","","Info. Checking the basic functions for the MultiValueHover","application.Samples.Info.MultiValueHoverOnInfoTest","read"
"The test gets the value from the style attribute in RGB format, and then converts it to Hex format","5886","A test to get the field color value in Hex format","","Tue Apr 22 10:17:30 GMT 2025","passed","Tue Apr 22 10:17:36 GMT 2025","","Info. Checking the basic functions for the DateTimeWithSeconds","application.Samples.Info.DateTimeWithSecondsOnInfoTest","color"
"Filtering is not available for InfoWidget.","8256","Filtering test","","Tue Apr 22 10:18:58 GMT 2025","passed","Tue Apr 22 10:19:06 GMT 2025","","Info. Checking the basic functions for the Text","application.Samples.Info.TextOnInfoTest","filtration"
"The test gets the value from the style attribute in RGB format, and then converts it to Hex format","6410","A test to get the field color value in Hex format","","Tue Apr 22 10:16:21 GMT 2025","passed","Tue Apr 22 10:16:28 GMT 2025","","Form. Checking the basic functions for the Number in the widget Form","application.Samples.Form.NumberOnFormTest","color"
"","10445","A test to check the options of the drop-down list","","Tue Apr 22 10:06:07 GMT 2025","passed","Tue Apr 22 10:06:18 GMT 2025","","Form. Checking the basic functions for the Dictionary in the widget Form","application.Samples.Form.DictionaryOnFormTest","options"
"DrillDown is not available for InfoWidget.","7943","The DrillDown test","","Tue Apr 22 10:17:30 GMT 2025","passed","Tue Apr 22 10:17:38 GMT 2025","","Info. Checking the basic functions for the MultiplySelect","application.Samples.Info.MultipleSelectOnInfoTest","drillDown"
"Filtering is not available for InfoWidget.","5725","Filtering test","","Tue Apr 22 10:19:23 GMT 2025","passed","Tue Apr 22 10:19:29 GMT 2025","","Info. Checking the basic functions for the Date","application.Samples.Info.DateOnInfoTest","filtration"
"The Hint field type is always read-only","5490","A test to check the field for ""Read-only""","","Tue Apr 22 10:11:39 GMT 2025","passed","Tue Apr 22 10:11:44 GMT 2025","","Form. Checking the basic functions for the Hint in the widget Form","application.Samples.Form.HintOnFormTest","readonly"
"","9639","The test for getting the value from the field","","Tue Apr 22 10:20:35 GMT 2025","passed","Tue Apr 22 10:20:45 GMT 2025","","Info. Checking the basic functions for the MultiField","application.Samples.Info.MultiFieldOnInfoTest","read"
"The test sets several values in the field, then checks the list with the expected value.","22255","A test for setting multiple values in a field","","Tue Apr 22 10:13:29 GMT 2025","passed","Tue Apr 22 10:13:52 GMT 2025","","Form. Checking the basic functions for the MultiValue in the widget Form","application.Samples.Form.MultiValueOnFormTest","test_set"
"The test checks for the disabled attribute","9758","A test to check the field for ""Read-only""","","Tue Apr 22 10:07:16 GMT 2025","passed","Tue Apr 22 10:07:26 GMT 2025","","Form. Checking the basic functions for the Percent in the widget Form","application.Samples.Form.PercentOnFormTest","readonly"
"The test clears the field and clicks the Save button. Then validates the message that the field is required","8279","Required Message text Verification field test","","Tue Apr 22 10:04:40 GMT 2025","passed","Tue Apr 22 10:04:48 GMT 2025","","Form. Checking the basic functions for the DateTime in the widget Form","application.Samples.Form.DateTimeOnFormTest","required"
"Sorting is not available for InfoWidget.","6706","Sorting test","","Tue Apr 22 10:19:29 GMT 2025","passed","Tue Apr 22 10:19:36 GMT 2025","","Info. Checking the basic functions for the Money","application.Samples.Info.MoneyOnInfoTest","sorting"
"The test sets a value with the wrong data type in several fields for different widgets. After approval, it checks the text under the field, which informs about the correctness of the type of data entered","12801","Required Message validation test for multiple fields","","Tue Apr 22 10:11:14 GMT 2025","passed","Tue Apr 22 10:11:27 GMT 2025","","Form. Checking the basic functions for the InlinePickList in the widget Form","application.Samples.Form.InlinePickListOnFormTest","fieldLevelValidation"
"The test sets the value in the field. After approval, the popup window, the title, the text in it, and the buttons are validated","8161","Business Exception Validation Test","","Tue Apr 22 10:16:06 GMT 2025","passed","Tue Apr 22 10:16:14 GMT 2025","","Form. Checking the basic functions for the Number in the widget Form","application.Samples.Form.NumberOnFormTest","businessException"
"The test gets the value from the style attribute in RGB format, and then converts it to Hex format","9154","A test to get the field color value in Hex format","","Tue Apr 22 10:05:24 GMT 2025","passed","Tue Apr 22 10:05:33 GMT 2025","","Form. Checking the basic functions for the Text in the widget Form","application.Samples.Form.TextOnFormTest","color"
"The test checks for the disabled attribute","10696","A test to check the field for ""Read-only""","","Tue Apr 22 10:04:27 GMT 2025","passed","Tue Apr 22 10:04:37 GMT 2025","","Form. Checking the basic functions for the Text in the widget Form","application.Samples.Form.TextOnFormTest","readonly"
"Sorting is not available for InfoWidget.","9777","Sorting test","","Tue Apr 22 10:20:16 GMT 2025","passed","Tue Apr 22 10:20:26 GMT 2025","","Info. Checking the basic functions for the MultiField","application.Samples.Info.MultiFieldOnInfoTest","sorting"
"The test gets the value from the style attribute in RGB format, and then converts it to Hex format","7539","A test to get the field color value in Hex format","","Tue Apr 22 10:11:57 GMT 2025","passed","Tue Apr 22 10:12:05 GMT 2025","","Form. Checking the basic functions for the FileUpload in the widget Form","application.Samples.Form.FileUploadOnFormTest","color"
"The test sets a value with the wrong data type in several fields for different widgets. After approval, it checks the text under the field, which informs about the correctness of the type of data entered","10486","Required Message validation test for multiple fields","","Tue Apr 22 10:05:29 GMT 2025","passed","Tue Apr 22 10:05:40 GMT 2025","","Form. Checking the basic functions for the DateTimeWithSeconds in the widget Form","application.Samples.Form.DateTimeWithSecondsOnFormTest","fieldLevelValidation"
"A test to get the value from the field. MultiValueHover is always read-only, so it is impossible to set the value","8800","A test for setting a value in a field","","Tue Apr 22 10:05:57 GMT 2025","passed","Tue Apr 22 10:06:05 GMT 2025","","Form. Checking the basic functions for the MultiValueHover in the widget Form","application.Samples.Form.MultiValueHoverOnFormTest","edit"
"","9822","The test for getting the value from the field","","Tue Apr 22 10:19:00 GMT 2025","passed","Tue Apr 22 10:19:10 GMT 2025","","Info. Checking the basic functions for the Dictionary","application.Samples.Info.DictionaryOnInfoTest","read"
"Checking the url before the transition and after the transition/click on a special element","6478","The DrillDown test","","Tue Apr 22 10:08:11 GMT 2025","passed","Tue Apr 22 10:08:17 GMT 2025","","Form. Checking the basic functions for the Date in the widget Form","application.Samples.Form.DateOnFormTest","drillDown"
"The test sets the value in the field. After approval, the popup window, the title, the text in it, and the buttons are validated","11324","Run-time exception validation test","","Tue Apr 22 10:06:06 GMT 2025","passed","Tue Apr 22 10:06:17 GMT 2025","","Form. Checking the basic functions for the Text in the widget Form","application.Samples.Form.TextOnFormTest","runtimeException"
"The test sets a value with the wrong data type in several fields for different widgets. After approval, it checks the text under the field, which informs about the correctness of the type of data entered","10984","Required Message validation test for multiple fields","","Tue Apr 22 10:10:28 GMT 2025","passed","Tue Apr 22 10:10:38 GMT 2025","","Form. Checking the basic functions for the Radio in the widget Form","application.Samples.Form.RadioOnFormTest","fieldLevelValidation"
"Checking the url before the transition and after the transition/click on a special element","8981","The DrillDown test","","Tue Apr 22 10:08:53 GMT 2025","passed","Tue Apr 22 10:09:02 GMT 2025","","Form. Checking the basic functions for the Radio in the widget Form","application.Samples.Form.RadioOnFormTest","drillDown"
"The test sets the value with the wrong data type in the field. After approval, it checks the text under the field, which informs about the correctness of the type of data entered","6788","Required Message validation test for one field","","Tue Apr 22 10:10:14 GMT 2025","passed","Tue Apr 22 10:10:21 GMT 2025","","Form. Checking the basic functions for the Input in the widget Form","application.Samples.Form.InputOnFormTest","fieldLevelValidationAnnotation"
"The test sets a value with the wrong data type in several fields for different widgets. After approval, it checks the text under the field, which informs about the correctness of the type of data entered","10540","Required Message validation test for multiple fields","","Tue Apr 22 10:09:32 GMT 2025","passed","Tue Apr 22 10:09:43 GMT 2025","","Form. Checking the basic functions for the Date in the widget Form","application.Samples.Form.DateOnFormTest","fieldLevelValidation"
"The test gets the value from the placeholder attribute and returns it in String format","7460","Test for getting the Placeholder value","","Tue Apr 22 10:05:12 GMT 2025","passed","Tue Apr 22 10:05:20 GMT 2025","","Form. Checking the basic functions for the DateTimeWithSeconds in the widget Form","application.Samples.Form.DateTimeWithSecondsOnFormTest","placeholder"
"The test sets the value in the field. After approval, the popup window, the title, the text in it, and the buttons are validated","6587","Run-time exception validation test","","Tue Apr 22 10:11:20 GMT 2025","passed","Tue Apr 22 10:11:27 GMT 2025","","Form. Checking the basic functions for the Input in the widget Form","application.Samples.Form.InputOnFormTest","runtimeException"
"The test gets the value from the placeholder attribute and returns it in String format","10424","Test for getting the Placeholder value","","Tue Apr 22 10:07:36 GMT 2025","passed","Tue Apr 22 10:07:47 GMT 2025","","Form. Checking the basic functions for the Dictionary in the widget Form","application.Samples.Form.DictionaryOnFormTest","placeholder"
"The test sets the value with the wrong data type in the field. After approval, it checks the text under the field, which informs about the correctness of the type of data entered","10443","Required Message validation test for one field","","Tue Apr 22 10:04:26 GMT 2025","passed","Tue Apr 22 10:04:37 GMT 2025","","Form. Checking the basic functions for the DateTimeWithSeconds in the widget Form","application.Samples.Form.DateTimeWithSecondsOnFormTest","fieldLevelValidationAnnotation"
"Sorting is not available for the Form widget","8519","Sorting test","","Tue Apr 22 10:21:03 GMT 2025","passed","Tue Apr 22 10:21:11 GMT 2025","","Form. Checking the basic functions for the Text in the widget Form","application.Samples.Form.TextOnFormTest","sorting"
"The test sets the value with the wrong data type in the field. After approval, it checks the text under the field, which informs about the correctness of the type of data entered","8651","Required Message validation test for one field","","Tue Apr 22 10:08:23 GMT 2025","passed","Tue Apr 22 10:08:32 GMT 2025","","Form. Checking the basic functions for the Date in the widget Form","application.Samples.Form.DateOnFormTest","fieldLevelValidationAnnotationAlternative"
"Filtering is not available for InfoWidget.","7845","Filtering test","","Tue Apr 22 10:18:32 GMT 2025","passed","Tue Apr 22 10:18:40 GMT 2025","","Info. Checking the basic functions for the MultiValueHover","application.Samples.Info.MultiValueHoverOnInfoTest","filtration"
"Info Widget is always read-only","6681","A test to check the field for ""Read-only""","","Tue Apr 22 10:17:58 GMT 2025","passed","Tue Apr 22 10:18:04 GMT 2025","","Info. Checking the basic functions for the FileUp","application.Samples.Info.FileUploadOnInfoTest","readonly"
"Filtering is not available for InfoWidget.","8705","Filtering test","","Tue Apr 22 10:20:10 GMT 2025","passed","Tue Apr 22 10:20:19 GMT 2025","","Info. Checking the basic functions for the Percent","application.Samples.Info.PercentOnInfoTest","filtration"
"Filtering is not available for the Form widget","6235","Filtering test","","Tue Apr 22 10:11:33 GMT 2025","passed","Tue Apr 22 10:11:39 GMT 2025","","Form. Checking the basic functions for the Hint in the widget Form","application.Samples.Form.HintOnFormTest","filtration"
"The test clears the field and clicks the Save button. Then validates the message that the field is required","11257","Required Message text Verification field test","","Tue Apr 22 10:06:50 GMT 2025","passed","Tue Apr 22 10:07:02 GMT 2025","","Form. Checking the basic functions for the Dictionary in the widget Form","application.Samples.Form.DictionaryOnFormTest","required"
"The test checks for the disabled attribute","6771","A test to check the field for ""Read-only""","","Tue Apr 22 10:04:23 GMT 2025","passed","Tue Apr 22 10:04:30 GMT 2025","","Form. Checking the basic functions for the DateTime in the widget Form","application.Samples.Form.DateTimeOnFormTest","readonly"
"Checking the url before the transition and after the transition/click on a special element","9556","The DrillDown test","","Tue Apr 22 10:06:45 GMT 2025","passed","Tue Apr 22 10:06:54 GMT 2025","","Form. Checking the basic functions for the Percent in the widget Form","application.Samples.Form.PercentOnFormTest","drillDown"
"Info Widget is always read-only","4876","A test to check the field for ""Read-only""","","Tue Apr 22 10:15:46 GMT 2025","passed","Tue Apr 22 10:15:51 GMT 2025","","Info. Checking the basic functions for the Input","application.Samples.Info.InputOnInfoTest","readonly"
"The test gets the value from the style attribute in RGB format, and then converts it to Hex format","9563","A test to get the field color value in Hex format","","Tue Apr 22 10:14:40 GMT 2025","passed","Tue Apr 22 10:14:49 GMT 2025","","Form. Checking the basic functions for the CheckBox","application.Samples.Form.CheckBoxOnFormTest","color"
"The test gets the value from the style attribute in RGB format, and then converts it to Hex format","7152","A test to get the field color value in Hex format","","Tue Apr 22 10:07:22 GMT 2025","passed","Tue Apr 22 10:07:29 GMT 2025","","Form. Checking the basic functions for the Money in the widget Form","application.Samples.Form.MoneyOnFormTest","color"
"DrillDown is not available for InfoWidget.","8398","The DrillDown test","","Tue Apr 22 10:16:31 GMT 2025","passed","Tue Apr 22 10:16:39 GMT 2025","","Info. Checking the basic functions for the Radio","application.Samples.Info.RadioOnInfoTest","drillDown"
"Info Widget is always read-only","6871","A test to check the field for ""Read-only""","","Tue Apr 22 10:19:49 GMT 2025","passed","Tue Apr 22 10:19:56 GMT 2025","","Info. Checking the basic functions for the Money","application.Samples.Info.MoneyOnInfoTest","readonly"
"Sorting is not available for InfoWidget.","5806","Sorting test","","Tue Apr 22 10:19:11 GMT 2025","passed","Tue Apr 22 10:19:16 GMT 2025","","Info. Checking the basic functions for the Date","application.Samples.Info.DateOnInfoTest","sorting"
"Sorting is not available for InfoWidget.","5571","Sorting test","","Tue Apr 22 10:17:42 GMT 2025","passed","Tue Apr 22 10:17:48 GMT 2025","","Info. Checking the basic functions for the DateTime","application.Samples.Info.DateTimeOnInfoTest","sorting"
"The test checks the list of buttons","5491","Test getting all widget buttons","","Tue Apr 22 10:11:07 GMT 2025","passed","Tue Apr 22 10:11:12 GMT 2025","","Form. Checking the basic functions for the Input in the widget Form","application.Samples.Form.InputOnFormTest","getButtons"
"Filtering is not available for InfoWidget.","8424","Filtering test","","Tue Apr 22 10:16:39 GMT 2025","passed","Tue Apr 22 10:16:48 GMT 2025","","Info. Checking the basic functions for the Radio","application.Samples.Info.RadioOnInfoTest","filtration"
"Filtering is not available for InfoWidget.","9330","Filtering test","","Tue Apr 22 10:18:41 GMT 2025","passed","Tue Apr 22 10:18:50 GMT 2025","","Info. Checking the basic functions for the Dictionary","application.Samples.Info.DictionaryOnInfoTest","filtration"
"Sorting is not available for InfoWidget.","8408","Sorting test","","Tue Apr 22 10:16:22 GMT 2025","passed","Tue Apr 22 10:16:31 GMT 2025","","Info. Checking the basic functions for the Radio","application.Samples.Info.RadioOnInfoTest","sorting"
"Info Widget is always read-only","7877","A test to check the field for ""Read-only""","","Tue Apr 22 10:17:45 GMT 2025","passed","Tue Apr 22 10:17:53 GMT 2025","","Info. Checking the basic functions for the MultiplySelect","application.Samples.Info.MultipleSelectOnInfoTest","readonly"
"Filtering is not available for InfoWidget.","8596","Filtering test","","Tue Apr 22 10:19:56 GMT 2025","passed","Tue Apr 22 10:20:04 GMT 2025","","Info. Checking the basic functions for the CheckBox","application.Samples.Info.CheckboxOnInfoTest","filtration"
"The test sets the value in the field. After approval, the popup window, the title, the text in it, and the buttons are validated","6927","Business Exception Validation Test","","Tue Apr 22 10:10:27 GMT 2025","passed","Tue Apr 22 10:10:34 GMT 2025","","Form. Checking the basic functions for the Input in the widget Form","application.Samples.Form.InputOnFormTest","businessException"
"The test sets the characters in the field, and then returns a list of values that match or contain characters","13645","Character Matching test","","Tue Apr 22 10:10:38 GMT 2025","passed","Tue Apr 22 10:10:51 GMT 2025","","Form. Checking the basic functions for the InlinePickList in the widget Form","application.Samples.Form.InlinePickListOnFormTest","valuesInList"
"The test sets the value with the wrong data type in the field. After approval, it checks the text under the field, which informs about the correctness of the type of data entered.","8333","Required Message validation test for one field","","Tue Apr 22 10:13:52 GMT 2025","passed","Tue Apr 22 10:14:00 GMT 2025","","Form. Checking the basic functions for the MultiValue in the widget Form","application.Samples.Form.MultiValueOnFormTest","fieldLevelValidationAnnotation"
"Sorting is not available for InfoWidget.","6024","Sorting test","","Tue Apr 22 10:16:59 GMT 2025","passed","Tue Apr 22 10:17:06 GMT 2025","","Info. Checking the basic functions for the DateTimeWithSeconds","application.Samples.Info.DateTimeWithSecondsOnInfoTest","sorting"
"DrillDown is not available for InfoWidget.","8130","The DrillDown test","","Tue Apr 22 10:18:24 GMT 2025","passed","Tue Apr 22 10:18:32 GMT 2025","","Info. Checking the basic functions for the MultiValueHover","application.Samples.Info.MultiValueHoverOnInfoTest","drillDown"
"Filtering is not available for the Form widget","6031","Filtering test","","Tue Apr 22 10:08:17 GMT 2025","passed","Tue Apr 22 10:08:23 GMT 2025","","Form. Checking the basic functions for the Date in the widget Form","application.Samples.Form.DateOnFormTest","filtration"
"The test sets the value in the field, and then checks the value in the field with what should be set","9704","A test for setting a value in a field","","Tue Apr 22 10:09:39 GMT 2025","passed","Tue Apr 22 10:09:49 GMT 2025","","Form. Checking the basic functions for the Radio in the widget Form","application.Samples.Form.RadioOnFormTest","edit"
"The test sets the value in the field. After approval, the popup window, the title, the text in it, and the buttons are validated","8672","Run-time exception validation test","","Tue Apr 22 10:13:07 GMT 2025","passed","Tue Apr 22 10:13:16 GMT 2025","","Form. Checking the basic functions for the PickList in the widget Form","application.Samples.Form.PickListOnFormTest","runtimeException"
"The test sets the value in the field, and then checks the value in the field with what should be set","8233","A test for setting a value in a field","","Tue Apr 22 10:11:41 GMT 2025","passed","Tue Apr 22 10:11:49 GMT 2025","","Form. Checking the basic functions for the FileUpload in the widget Form","application.Samples.Form.FileUploadOnFormTest","edit"
"Filtering is not available for InfoWidget.","6675","Filtering test","","Tue Apr 22 10:19:43 GMT 2025","passed","Tue Apr 22 10:19:49 GMT 2025","","Info. Checking the basic functions for the Money","application.Samples.Info.MoneyOnInfoTest","filtration"
"The test sets the value in the field. After approval, the popup window, the title, the text in it, and the buttons are validated","12792","Run-time exception validation test","","Tue Apr 22 10:12:37 GMT 2025","passed","Tue Apr 22 10:12:50 GMT 2025","","Form. Checking the basic functions for the FileUpload in the widget Form","application.Samples.Form.FileUploadOnFormTest","runtimeException"
"The test sets a value with the wrong data type in several fields for different widgets. After approval, it checks the text under the field, which informs about the correctness of the type of data entered","11581","Required Message validation test for multiple fields","","Tue Apr 22 10:05:54 GMT 2025","passed","Tue Apr 22 10:06:06 GMT 2025","","Form. Checking the basic functions for the Text in the widget Form","application.Samples.Form.TextOnFormTest","fieldLevelValidation"
"Sorting is not available for InfoWidget.","7673","Sorting test","","Tue Apr 22 10:20:38 GMT 2025","passed","Tue Apr 22 10:20:46 GMT 2025","","Info. Checking the basic functions for the MultiValue","application.Samples.Info.MultiValueOnInfoTest","sorting"
"The test sets the value in the field. After approval, by clicking on the save button, the popup window, the title, the text in it, and the buttons are validated.","9759","Confirmation Popup Validation Test","","Tue Apr 22 10:15:55 GMT 2025","passed","Tue Apr 22 10:16:04 GMT 2025","","Form. Checking the basic functions for the MultiValue in the widget Form","application.Samples.Form.MultiValueOnFormTest","confirm"
"The test clears the field and clicks the Save button. Then validates the message that the field is required","8615","Required Message text Verification field test","","Tue Apr 22 10:06:56 GMT 2025","passed","Tue Apr 22 10:07:04 GMT 2025","","Form. Checking the basic functions for the Money in the widget Form","application.Samples.Form.MoneyOnFormTest","required"
"The test sets the value in the field. After approval, the popup window, the title, the text in it, and the buttons are validated","8191","Run-time exception validation test","","Tue Apr 22 10:05:40 GMT 2025","passed","Tue Apr 22 10:05:48 GMT 2025","","Form. Checking the basic functions for the DateTimeWithSeconds in the widget Form","application.Samples.Form.DateTimeWithSecondsOnFormTest","runtimeException"
"Sorting is not available for the Form widget","9188","Sorting test","","Tue Apr 22 10:08:44 GMT 2025","passed","Tue Apr 22 10:08:53 GMT 2025","","Form. Checking the basic functions for the Radio in the widget Form","application.Samples.Form.RadioOnFormTest","sorting"
"","6641","The test for getting the value from the field","","Tue Apr 22 10:19:56 GMT 2025","passed","Tue Apr 22 10:20:03 GMT 2025","","Info. Checking the basic functions for the Money","application.Samples.Info.MoneyOnInfoTest","read"
"The InfoWidget doesn't have a Placeholder.","5482","Test for getting the Placeholder value","","Tue Apr 22 10:21:22 GMT 2025","passed","Tue Apr 22 10:21:27 GMT 2025","","Info. Checking the basic functions for the Number","application.Samples.Info.NumberOnInfoTest","placeholder"
"Sorting is not available for InfoWidget.","5421","Sorting test","","Tue Apr 22 10:16:06 GMT 2025","passed","Tue Apr 22 10:16:12 GMT 2025","","Info. Checking the basic functions for the Hint","application.Samples.Info.HintOnInfoTest","sorting"
"Getting the field color is not available","8847","A test to get the field color value in Hex format","","Tue Apr 22 10:06:05 GMT 2025","passed","Tue Apr 22 10:06:14 GMT 2025","","Form. Checking the basic functions for the MultiValueHover in the widget Form","application.Samples.Form.MultiValueHoverOnFormTest","color"
"The test sets a value with the wrong data type in several fields for different widgets. After approval, it checks the text under the field, which informs about the correctness of the type of data entered","8605","Required Message validation test for multiple fields","","Tue Apr 22 10:16:04 GMT 2025","passed","Tue Apr 22 10:16:13 GMT 2025","","Form. Checking the basic functions for the MultiValue in the widget Form","application.Samples.Form.MultiValueOnFormTest","fieldLevelValidation"
"InfoWidget does not have a Hex field color for this type.","8448","A test to get the field color value in Hex format","","Tue Apr 22 10:20:21 GMT 2025","passed","Tue Apr 22 10:20:30 GMT 2025","","Info. Checking the basic functions for the CheckBox","application.Samples.Info.CheckboxOnInfoTest","color"
"The test deletes the value by checking the autocomplete in a blank field","11426","Auto-completion test after cleaning","","Tue Apr 22 10:06:33 GMT 2025","passed","Tue Apr 22 10:06:45 GMT 2025","","Form. Checking the basic functions for the Percent in the widget Form","application.Samples.Form.PercentOnFormTest","nullable"
"The test sets the value in the field, and then checks the value in the field with what should be set","12446","A test for setting a value in a field","","Tue Apr 22 10:07:14 GMT 2025","passed","Tue Apr 22 10:07:26 GMT 2025","","Form. Checking the basic functions for the Dictionary in the widget Form","application.Samples.Form.DictionaryOnFormTest","edit"
"Filtering is not available for the Form widget","7922","Filtering test","","Tue Apr 22 10:12:52 GMT 2025","passed","Tue Apr 22 10:13:00 GMT 2025","","Form. Checking the basic functions for the MultiValue in the widget Form","application.Samples.Form.MultiValueOnFormTest","filtration"
"Sorting is not available for InfoWidget.","8806","Sorting test","","Tue Apr 22 10:19:38 GMT 2025","passed","Tue Apr 22 10:19:47 GMT 2025","","Info. Checking the basic functions for the CheckBox","application.Samples.Info.CheckboxOnInfoTest","sorting"
"The test gets the value from the style attribute in RGB format, and then converts it to Hex format","9852","A test to get the field color value in Hex format","","Tue Apr 22 10:07:26 GMT 2025","passed","Tue Apr 22 10:07:36 GMT 2025","","Form. Checking the basic functions for the Dictionary in the widget Form","application.Samples.Form.DictionaryOnFormTest","color"
"The test clears the field and clicks the Save button. Then validates the message that the field is required","10582","Required Message text Verification field test","","Tue Apr 22 10:07:37 GMT 2025","passed","Tue Apr 22 10:07:48 GMT 2025","","Form. Checking the basic functions for the Percent in the widget Form","application.Samples.Form.PercentOnFormTest","required"
"","6125","The test for getting the value from the field","","Tue Apr 22 10:17:24 GMT 2025","passed","Tue Apr 22 10:17:30 GMT 2025","","Info. Checking the basic functions for the DateTimeWithSeconds","application.Samples.Info.DateTimeWithSecondsOnInfoTest","read"
"The test sets the value in the field. After approval, by clicking on the save button, the popup window, the title, the text in it, and the buttons are validated","12248","Confirmation Popup Validation Test","","Tue Apr 22 10:11:02 GMT 2025","passed","Tue Apr 22 10:11:14 GMT 2025","","Form. Checking the basic functions for the InlinePickList in the widget Form","application.Samples.Form.InlinePickListOnFormTest","confirm"
"","5533","The test for getting the value from the field","","Tue Apr 22 10:21:11 GMT 2025","passed","Tue Apr 22 10:21:16 GMT 2025","","Info. Checking the basic functions for the Number","application.Samples.Info.NumberOnInfoTest","read"
"The test sets the value in the field. After approval, by clicking on the save button, the popup window, the title, the text in it, and the buttons are validated","8698","Confirmation Popup Validation Test","","Tue Apr 22 10:12:20 GMT 2025","passed","Tue Apr 22 10:12:28 GMT 2025","","Form. Checking the basic functions for the FileUpload in the widget Form","application.Samples.Form.FileUploadOnFormTest","confirm"
"The test gets the value from the style attribute in RGB format, and then converts it to Hex format","5069","A test to get the field color value in Hex format","","Tue Apr 22 10:15:56 GMT 2025","passed","Tue Apr 22 10:16:01 GMT 2025","","Info. Checking the basic functions for the Input","application.Samples.Info.InputOnInfoTest","color"
"The test gets the value from the style attribute in RGB format, and then converts it to Hex format","5546","A test to get the field color value in Hex format","","Tue Apr 22 10:18:10 GMT 2025","passed","Tue Apr 22 10:18:16 GMT 2025","","Info. Checking the basic functions for the DateTime","application.Samples.Info.DateTimeOnInfoTest","color"
"Sorting is not available for the Form widget","7748","Sorting test","","Tue Apr 22 10:06:17 GMT 2025","passed","Tue Apr 22 10:06:25 GMT 2025","","Form. Checking the basic functions for the Money in the widget Form","application.Samples.Form.MoneyOnFormTest","sorting"
"The InfoWidget doesn't have a Placeholder.","7620","Test for getting the Placeholder value","","Tue Apr 22 10:18:09 GMT 2025","passed","Tue Apr 22 10:18:17 GMT 2025","","Info. Checking the basic functions for the MultiplySelect","application.Samples.Info.MultipleSelectOnInfoTest","placeholder"
"Filtering is not available for InfoWidget.","6118","Filtering test","","Tue Apr 22 10:17:12 GMT 2025","passed","Tue Apr 22 10:17:18 GMT 2025","","Info. Checking the basic functions for the DateTimeWithSeconds","application.Samples.Info.DateTimeWithSecondsOnInfoTest","filtration"
"The test gets the value from the placeholder attribute and returns it in String format","9116","Test for getting the Placeholder value","","Tue Apr 22 10:05:33 GMT 2025","passed","Tue Apr 22 10:05:42 GMT 2025","","Form. Checking the basic functions for the Text in the widget Form","application.Samples.Form.TextOnFormTest","placeholder"
"The test gets the value from the style attribute in RGB format, and then converts it to Hex format","6804","A test to get the field color value in Hex format","","Tue Apr 22 10:05:05 GMT 2025","passed","Tue Apr 22 10:05:12 GMT 2025","","Form. Checking the basic functions for the DateTimeWithSeconds in the widget Form","application.Samples.Form.DateTimeWithSecondsOnFormTest","color"
"Sorting is not available for InfoWidget.","9569","Sorting test","","Tue Apr 22 10:18:21 GMT 2025","passed","Tue Apr 22 10:18:31 GMT 2025","","Info. Checking the basic functions for the Dictionary","application.Samples.Info.DictionaryOnInfoTest","sorting"
"The test sets the value with the wrong data type in the field. After approval, it checks the text under the field, which informs about the correctness of the type of data entered","11535","Required Message validation test for one field","","Tue Apr 22 10:07:26 GMT 2025","passed","Tue Apr 22 10:07:37 GMT 2025","","Form. Checking the basic functions for the Percent in the widget Form","application.Samples.Form.PercentOnFormTest","fieldLevelValidationAnnotation"
"The test sets the value with the wrong data type in the field. After approval, it checks the text under the field, which informs about the correctness of the type of data entered","10271","Required Message validation test for one field","","Tue Apr 22 10:13:59 GMT 2025","passed","Tue Apr 22 10:14:09 GMT 2025","","Form. Checking the basic functions for the CheckBox","application.Samples.Form.CheckBoxOnFormTest","fieldLevelValidationAnnotation"
"The test sets the value in the field, and then checks the value in the field with what should be set. The Number Digits class is used for numbers with a fractional part.","12359","A test for entering numbers with a fractional part using the PercentDigits class","","Tue Apr 22 10:06:54 GMT 2025","passed","Tue Apr 22 10:07:07 GMT 2025","","Form. Checking the basic functions for the Percent in the widget Form","application.Samples.Form.PercentOnFormTest","digits"
"The InfoWidget doesn't have a Placeholder.","7330","Test for getting the Placeholder value","","Tue Apr 22 10:19:03 GMT 2025","passed","Tue Apr 22 10:19:11 GMT 2025","","Info. Checking the basic functions for the MultiValueHover","application.Samples.Info.MultiValueHoverOnInfoTest","placeholder"
"Info Widget is always read-only","8726","A test to check the field for ""Read-only""","","Tue Apr 22 10:16:48 GMT 2025","passed","Tue Apr 22 10:16:56 GMT 2025","","Info. Checking the basic functions for the Radio","application.Samples.Info.RadioOnInfoTest","readonly"
"The test sets the value in the field. After approval, by clicking on the save button, the popup window, the title, the text in it, and the buttons are validated","9667","Confirmation Popup Validation Test","","Tue Apr 22 10:09:22 GMT 2025","passed","Tue Apr 22 10:09:32 GMT 2025","","Form. Checking the basic functions for the Date in the widget Form","application.Samples.Form.DateOnFormTest","confirm"
"The test sets the value in the field. After approval, by clicking on the save button, the popup window, the title, the text in it, and the buttons are validated","9092","Confirmation Popup Validation Test","","Tue Apr 22 10:05:19 GMT 2025","passed","Tue Apr 22 10:05:28 GMT 2025","","Form. Checking the basic functions for the DateTime in the widget Form","application.Samples.Form.DateTimeOnFormTest","confirm"
"The test gets the value from the style attribute in RGB format, and then converts it to Hex format","6608","A test to get the field color value in Hex format","","Tue Apr 22 10:12:24 GMT 2025","passed","Tue Apr 22 10:12:31 GMT 2025","","Form. Checking the basic functions for the NumberDigits in the widget Form","application.Samples.Form.NumberDigitsOnFormTest","color"
"The test sets the value in the field. After approval, the popup window, the title, the text in it, and the buttons are validated","7833","Business Exception Validation Test","","Tue Apr 22 10:11:33 GMT 2025","passed","Tue Apr 22 10:11:41 GMT 2025","","Form. Checking the basic functions for the FileUpload in the widget Form","application.Samples.Form.FileUploadOnFormTest","businessException"
"The test gets the value from the style attribute in RGB format, and then converts it to Hex format","9437","A test to get the field color value in Hex format","","Tue Apr 22 10:19:10 GMT 2025","passed","Tue Apr 22 10:19:19 GMT 2025","","Info. Checking the basic functions for the Dictionary","application.Samples.Info.DictionaryOnInfoTest","color"
"DrillDown is not available for InfoWidget.","7228","The DrillDown test","","Tue Apr 22 10:19:36 GMT 2025","passed","Tue Apr 22 10:19:43 GMT 2025","","Info. Checking the basic functions for the Money","application.Samples.Info.MoneyOnInfoTest","drillDown"
"The InfoWidget doesn't have a Placeholder.","6782","Test for getting the Placeholder value","","Tue Apr 22 10:18:18 GMT 2025","passed","Tue Apr 22 10:18:25 GMT 2025","","Info. Checking the basic functions for the FileUp","application.Samples.Info.FileUploadOnInfoTest","placeholder"
"The test sets all the values in the field, then checks the list with the expected value.","18179","Test to set all values in the field","","Tue Apr 22 10:15:36 GMT 2025","passed","Tue Apr 22 10:15:55 GMT 2025","","Form. Checking the basic functions for the MultiValue in the widget Form","application.Samples.Form.MultiValueOnFormTest","test_set_all"
"The test checks for the disabled attribute","5527","A test to check the field for ""Read-only""","","Tue Apr 22 10:10:09 GMT 2025","passed","Tue Apr 22 10:10:14 GMT 2025","","Form. Checking the basic functions for the Input in the widget Form","application.Samples.Form.InputOnFormTest","readonly"
"Sorting is not available for the Form widget","10667","Sorting test","","Tue Apr 22 10:05:46 GMT 2025","passed","Tue Apr 22 10:05:57 GMT 2025","","Form. Checking the basic functions for the Dictionary in the widget Form","application.Samples.Form.DictionaryOnFormTest","sorting"
"Checking the url before the transition and after the transition/click on a special element","9391","The DrillDown test","","Tue Apr 22 10:09:13 GMT 2025","passed","Tue Apr 22 10:09:23 GMT 2025","","Form. Checking the basic functions for the InlinePickList in the widget Form","application.Samples.Form.InlinePickListOnFormTest","drillDown"
"The test sets the value in the field. After approval, the popup window, the title, the text in it, and the buttons are validated","7899","Run-time exception validation test","","Tue Apr 22 10:16:52 GMT 2025","passed","Tue Apr 22 10:16:59 GMT 2025","","Form. Checking the basic functions for the Number in the widget Form","application.Samples.Form.NumberOnFormTest","runtimeException"
"The test sets the value with the wrong data type in the field. After approval, it checks the text under the field, which informs about the correctness of the type of data entered","11390","Required Message validation test for one field","","Tue Apr 22 10:09:42 GMT 2025","passed","Tue Apr 22 10:09:53 GMT 2025","","Form. Checking the basic functions for the InlinePickList in the widget Form","application.Samples.Form.InlinePickListOnFormTest","fieldLevelValidationAnnotation"
"","7335","The test for getting the value from the field","","Tue Apr 22 10:18:04 GMT 2025","passed","Tue Apr 22 10:18:12 GMT 2025","","Info. Checking the basic functions for the FileUp","application.Samples.Info.FileUploadOnInfoTest","read"
"The test gets the value from the placeholder attribute and returns it in String format","9099","Test for getting the Placeholder value","","Tue Apr 22 10:14:49 GMT 2025","passed","Tue Apr 22 10:14:58 GMT 2025","","Form. Checking the basic functions for the CheckBox","application.Samples.Form.CheckBoxOnFormTest","placeholder"
"Filtering is not available for InfoWidget.","7420","Filtering test","","Tue Apr 22 10:16:54 GMT 2025","passed","Tue Apr 22 10:17:02 GMT 2025","","Info. Checking the basic functions for the PickList","application.Samples.Info.PickListOnInfoTest","filtration"
"The test sets the value in the field. After approval, the popup window, the title, the text in it, and the buttons are validated.","9189","Run-time exception validation test","","Tue Apr 22 10:16:13 GMT 2025","passed","Tue Apr 22 10:16:22 GMT 2025","","Form. Checking the basic functions for the MultiValue in the widget Form","application.Samples.Form.MultiValueOnFormTest","runtimeException"
"The InfoWidget doesn't have a Placeholder.","7057","Test for getting the Placeholder value","","Tue Apr 22 10:17:23 GMT 2025","passed","Tue Apr 22 10:17:30 GMT 2025","","Info. Checking the basic functions for the PickList","application.Samples.Info.PickListOnInfoTest","placeholder"
"Filtering is not available for the Form widget","7252","Filtering test","","Tue Apr 22 10:04:11 GMT 2025","passed","Tue Apr 22 10:04:18 GMT 2025","","Form. Checking the basic functions for the DateTimeWithSeconds in the widget Form","application.Samples.Form.DateTimeWithSecondsOnFormTest","filtration"
"Info Widget is always read-only","5829","A test to check the field for ""Read-only""","","Tue Apr 22 10:19:29 GMT 2025","passed","Tue Apr 22 10:19:34 GMT 2025","","Info. Checking the basic functions for the Date","application.Samples.Info.DateOnInfoTest","readonly"
"","7553","A test to compare the source file with the downloaded one","","Tue Apr 22 10:18:25 GMT 2025","passed","Tue Apr 22 10:18:33 GMT 2025","","Info. Checking the basic functions for the FileUp","application.Samples.Info.FileUploadOnInfoTest","compare"
"Sorting is not available for the Form widget","8272","Sorting test","","Tue Apr 22 10:12:50 GMT 2025","passed","Tue Apr 22 10:12:58 GMT 2025","","Form. Checking the basic functions for the MultipleSelect in the widget Form","application.Samples.Form.MultipleSelectOnFormTest","sorting"
"","10325","A test to get a value for a multifield hint","","Tue Apr 22 10:08:23 GMT 2025","passed","Tue Apr 22 10:08:33 GMT 2025","","Form. Checking the basic functions for the MultiField in the widget Form","application.Samples.Form.MultiFieldOnFormTest","getValues"
"The test sets the value in the field. After approval, the popup window, the title, the text in it, and the buttons are validated","8852","Run-time exception validation test","","Tue Apr 22 10:09:43 GMT 2025","passed","Tue Apr 22 10:09:52 GMT 2025","","Form. Checking the basic functions for the Date in the widget Form","application.Samples.Form.DateOnFormTest","runtimeException"
"The test checks for the disabled attribute","6649","A test to check the field for ""Read-only""","","Tue Apr 22 10:12:09 GMT 2025","passed","Tue Apr 22 10:12:16 GMT 2025","","Form. Checking the basic functions for the NumberDigits in the widget Form","application.Samples.Form.NumberDigitsOnFormTest","readonly"
"Filtering is not available for the Form widget","8269","Filtering test","","Tue Apr 22 10:04:15 GMT 2025","passed","Tue Apr 22 10:04:23 GMT 2025","","Form. Checking the basic functions for the DateTime in the widget Form","application.Samples.Form.DateTimeOnFormTest","filtration"
"InfoWidget does not have a Hex field color for this type.","6806","A test to get the field color value in Hex format","","Tue Apr 22 10:18:12 GMT 2025","passed","Tue Apr 22 10:18:18 GMT 2025","","Info. Checking the basic functions for the FileUp","application.Samples.Info.FileUploadOnInfoTest","color"
"The test sets a value with the wrong data type in several fields for different widgets. After approval, it checks the text under the field, which informs about the correctness of the type of data entered","9906","Required Message validation test for multiple fields","","Tue Apr 22 10:14:57 GMT 2025","passed","Tue Apr 22 10:15:07 GMT 2025","","Form. Checking the basic functions for the MultipleSelect in the widget Form","application.Samples.Form.MultipleSelectOnFormTest","fieldLevelValidation"
"Filtering is not available for InfoWidget.","5464","Filtering test","","Tue Apr 22 10:17:54 GMT 2025","passed","Tue Apr 22 10:17:59 GMT 2025","","Info. Checking the basic functions for the DateTime","application.Samples.Info.DateTimeOnInfoTest","filtration"
"Filtering is not available for InfoWidget.","5066","Filtering test","","Tue Apr 22 10:15:41 GMT 2025","passed","Tue Apr 22 10:15:46 GMT 2025","","Info. Checking the basic functions for the Input","application.Samples.Info.InputOnInfoTest","filtration"
"Checking the url before the transition and after the transition/click on a special element","8511","The DrillDown test","","Tue Apr 22 10:20:54 GMT 2025","passed","Tue Apr 22 10:21:03 GMT 2025","","Form. Checking the basic functions for the Text in the widget Form","application.Samples.Form.TextOnFormTest","drillDown"
"Info Widget is always read-only","5946","A test to check the field for ""Read-only""","","Tue Apr 22 10:17:18 GMT 2025","passed","Tue Apr 22 10:17:24 GMT 2025","","Info. Checking the basic functions for the DateTimeWithSeconds","application.Samples.Info.DateTimeWithSecondsOnInfoTest","readonly"
"Sorting is not available for the Form widget","7074","Sorting test","","Tue Apr 22 10:10:48 GMT 2025","passed","Tue Apr 22 10:10:55 GMT 2025","","Form. Checking the basic functions for the FileUpload in the widget Form","application.Samples.Form.FileUploadOnFormTest","sorting"
"The test gets the value from the placeholder attribute and returns it in String format","7752","Test for getting the Placeholder value","","Tue Apr 22 10:15:29 GMT 2025","passed","Tue Apr 22 10:15:36 GMT 2025","","Form. Checking the basic functions for the MultiValue in the widget Form","application.Samples.Form.MultiValueOnFormTest","placeholder"
"The test sets the value in the field, and then checks the value in the field with what should be set","9819","A test for setting a value in a field","","Tue Apr 22 10:14:30 GMT 2025","passed","Tue Apr 22 10:14:40 GMT 2025","","Form. Checking the basic functions for the CheckBox","application.Samples.Form.CheckBoxOnFormTest","edit"
"Checking the url before the transition and after the transition/click on a special element","6871","The DrillDown test","","Tue Apr 22 10:10:55 GMT 2025","passed","Tue Apr 22 10:11:02 GMT 2025","","Form. Checking the basic functions for the FileUpload in the widget Form","application.Samples.Form.FileUploadOnFormTest","drillDown"
"The test sets the value in the field, and then checks the value in the field with what should be set","6122","A test for setting a value in a field","","Tue Apr 22 10:10:34 GMT 2025","passed","Tue Apr 22 10:10:41 GMT 2025","","Form. Checking the basic functions for the Input in the widget Form","application.Samples.Form.InputOnFormTest","edit"
"The method returns Option-Status pairs, for all. The test checks each pair.","9469","Test to check the status of all options","","Tue Apr 22 10:14:38 GMT 2025","passed","Tue Apr 22 10:14:47 GMT 2025","","Form. Checking the basic functions for the MultipleSelect in the widget Form","application.Samples.Form.MultipleSelectOnFormTest","statusOptions"
"Filtering is not available for the Form widget","9252","Filtering test","","Tue Apr 22 10:07:07 GMT 2025","passed","Tue Apr 22 10:07:16 GMT 2025","","Form. Checking the basic functions for the Percent in the widget Form","application.Samples.Form.PercentOnFormTest","filtration"
"Filtering is not available for InfoWidget.","6943","Filtering test","","Tue Apr 22 10:17:51 GMT 2025","passed","Tue Apr 22 10:17:58 GMT 2025","","Info. Checking the basic functions for the FileUp","application.Samples.Info.FileUploadOnInfoTest","filtration"
"The test sets the value in the field, and then checks the value in the field with what should be set.","23245","A test for setting a value in a field","","Tue Apr 22 10:14:48 GMT 2025","passed","Tue Apr 22 10:15:11 GMT 2025","","Form. Checking the basic functions for the MultiValue in the widget Form","application.Samples.Form.MultiValueOnFormTest","edit"
"","5355","The test for getting the value from the field","","Tue Apr 22 10:15:51 GMT 2025","passed","Tue Apr 22 10:15:56 GMT 2025","","Info. Checking the basic functions for the Input","application.Samples.Info.InputOnInfoTest","read"
"The test gets the value from the style attribute in RGB format, and then converts it to Hex format","8545","A test to get the field color value in Hex format","","Tue Apr 22 10:17:05 GMT 2025","passed","Tue Apr 22 10:17:13 GMT 2025","","Info. Checking the basic functions for the Radio","application.Samples.Info.RadioOnInfoTest","color"
"The test sets the value in the field. After approval, the popup window, the title, the text in it, and the buttons are validated","9082","Business Exception Validation Test","","Tue Apr 22 10:07:04 GMT 2025","passed","Tue Apr 22 10:07:13 GMT 2025","","Form. Checking the basic functions for the Money in the widget Form","application.Samples.Form.MoneyOnFormTest","businessException"
"Sorting is not available for InfoWidget.","6699","Sorting test","","Tue Apr 22 10:17:30 GMT 2025","passed","Tue Apr 22 10:17:37 GMT 2025","","Info. Checking the basic functions for the FileUp","application.Samples.Info.FileUploadOnInfoTest","sorting"
"The test sets a value with the wrong data type in several fields for different widgets. After approval, it checks the text under the field, which informs about the correctness of the type of data entered","8160","Required Message validation test for multiple fields","","Tue Apr 22 10:12:59 GMT 2025","passed","Tue Apr 22 10:13:07 GMT 2025","","Form. Checking the basic functions for the PickList in the widget Form","application.Samples.Form.PickListOnFormTest","fieldLevelValidation"
"Info Widget is always read-only","7925","A test to check the field for ""Read-only""","","Tue Apr 22 10:18:40 GMT 2025","passed","Tue Apr 22 10:18:48 GMT 2025","","Info. Checking the basic functions for the MultiValueHover","application.Samples.Info.MultiValueHoverOnInfoTest","readonly"
